2026-10-08 22:35:11.570 INFO: MACE version: 0.3.16
2026-10-08 22:35:11.852 INFO: CUDA version: 12.8, CUDA device: 0
2026-10-08 22:35:11.853 INFO: Configuration: Namespace(config='config.yaml', name='fit_0', seed=7777, work_dir='.', log_dir='./logs', model_dir='.', checkpoints_dir='checkpoints_IrO2_finetune_noproto_v373', results_dir='./results', downloads_dir='./downloads', device='cuda', default_dtype='float64', distributed=False, launcher='slurm', log_level='INFO', plot=True, plot_frequency=0, plot_interaction_e=False, r_max=6.0, radial_type='bessel', num_radial_basis=8, num_cutoff_basis=5, pair_repulsion=False, distance_transform='None', apply_cutoff=True, use_last_readout_only=False, use_embedding_readout=False, interaction='RealAgnosticResidualInteractionBlock', interaction_first='RealAgnosticResidualInteractionBlock', max_ell=3, correlation=3, use_reduced_cg=False, use_so3=False, use_agnostic_product=False, num_interactions=2, MLP_irreps='64x0e', radial_MLP='[64, 64, 64]', hidden_irreps='64x0e + 64x1o', edge_irreps=None, use_edge_irreps_first=False, num_channels=None, max_L=None, gate='silu', num_recursion_steps=1, field_si=False, add_local_electron_energy=False, fixedpoint_update_config=None, scaling='rms_forces_scaling', avg_num_neighbors=1, compute_avg_num_neighbors=True, compute_stress=False, compute_forces=True, train_file='/fs/cephfs/data/qm_inorganics/shuang/electrocatalysis/IrO2_110/ml_training/data/IrO2OH_110_0_1735_vasp_sp_train.xyz', valid_file='/fs/cephfs/data/qm_inorganics/shuang/electrocatalysis/IrO2_110/ml_training/data/IrO2OH_110_0_1735_vasp_sp_valid.xyz', valid_fraction=0.1, test_file=None, test_dir=None, multi_processed_test=False, num_workers=0, pin_memory=True, atomic_numbers=None, mean=None, std=None, statistics_file=None, les_arguments=None, E0s='{1: -1.20639624, 8: -1.98686083, 77: -1.75921356}', pseudolabel_replay=False, pseudolabel_replay_compute_stress=False, foundation_filter_elements=True, multiheads_finetuning=True, foundation_head=None, weight_pt_head=1.0, real_pt_data_ratio_threshold=0.1, num_samples_pt=10000, force_mh_ft_lr=False, subselect_pt='random', filter_type_pt='none', allow_random_padding_pt=True, pt_train_file=None, pt_valid_file=None, foundation_model_elements=False, keep_isolated_atoms=False, lora=False, lora_rank=4, lora_alpha=1.0, energy_key=None, forces_key=None, virials_key=None, stress_key=None, dipole_key=None, polarizability_key=None, head_key=None, charges_key=None, elec_temp_key=None, total_spin_key=None, total_charge_key=None, embedding_specs=None, skip_evaluate_heads='pt_head', forces_weight=100.0, swa_forces_weight=100.0, energy_weight=1.0, swa_energy_weight=1000.0, virials_weight=1.0, swa_virials_weight=10.0, stress_weight=1.0, swa_stress_weight=10.0, dipole_weight=1.0, swa_dipole_weight=1.0, swa_polarizability_weight=1.0, polarizability_weight=1.0, config_type_weights={'slab': 1.0, 'bulk': 1.0}, huber_delta=0.01, beta=0.9, beta1_schedulefree=0.9, beta2_schedulefree=0.98, batch_size=4, valid_batch_size=4, lr=0.001, swa_lr=0.001, weight_decay=0.001, lr_params_factors='{"embedding_lr_factor": 1.0, "interactions_lr_factor": 1.0, "products_lr_factor": 1.0, "readouts_lr_factor": 1.0}', freeze=None, scheduler='none', lr_factor=0.8, scheduler_patience=50, lr_scheduler_gamma=0.9993, swa=False, start_swa=None, lbfgs=False, ema=True, ema_decay=0.99, max_num_epochs=500, patience=1000, foundation_model='/fs/cephfs/data/qm_inorganics/mace_models/MACE-POLAR-1-M.model', foundation_model_kwargs='{}', foundation_model_readout=True, eval_interval=5, keep_checkpoints=False, save_all_checkpoints=False, save_cpu=True, clip_grad=10.0, dry_run=False, enable_cueq=True, only_cueq=False, enable_oeq=False, wandb=False, wandb_dir=None, wandb_project='', wandb_entity='', wandb_name='', wandb_log_hypers=['num_channels', 'max_L', 'correlation', 'lr', 'swa_lr', 'weight_decay', 'batch_size', 'max_num_epochs', 'start_swa', 'energy_weight', 'forces_weight'], amsgrad=False, atomic_multipoles_key=None, electrostatic_potentials_key=None, external_field_key=None, fermi_level_key=None, include_local_electron_energy=False, atomic_multipoles_max_l=1, atomic_multipoles_smearing_width=1.5, kspace_cutoff_factor=1.0, atomic_formal_charges='{}', formal_charges_from_data=False, field_feature_max_l=1, field_feature_widths='[1.5, 3.0]', dont_include_pbc_corrections=False, include_electrostatic_self_interaction=True, valid_set_seed=7777, quadrupole_feature_corrections=False, electrostatic_pbc_method='mixed_periodic', static_bond_transfer_block='OxidationDependentSymmetricPredictionSourceBlock', oxidation_state_mixer='SumOxidationStateMixer', return_electrostatic_potentials=False, train_schedule=[{'name': 'stage1', 'start': 0, 'end': 49, 'lr': 0.001, 'loss': {'energy_per_atom': {'weight': 100}, 'forces': {'weight': 500}, 'dipole': {'weight': 10}, 'fourier_density': {'weight': 10, 'reference': 'farfield'}, 'fourier_potential': {'weight': 100}, 'vacuum_potential': {'weight': 100, 'relative': True}, 'fermi_level': {'weight': 100, 'relative': True}}, 'fixed_point_training_options': FixedPointTrainingOptions(mode='unroll_scf', scf=FixedPointSCFOptions(num_scf_steps=12, scf_tolerance=1e-06, mixing_parameter=0.5, constant_charge=True, use_autograd_forces=True, initial_density='local_guess', initial_fermi_level='zero'), linear_solve='inverse', fixedpoint_scf_stability=False, reference_conditioning='none')}, {'name': 'stage2', 'start': 50, 'end': 499, 'lr': 0.001, 'loss': {'energy_per_atom': {'weight': 100}, 'forces': {'weight': 500}, 'dipole': {'weight': 10}, 'fourier_density': {'weight': 10, 'reference': 'farfield'}, 'fourier_potential': {'weight': 100}, 'vacuum_potential': {'weight': 100, 'relative': True}, 'fermi_level': {'weight': 100, 'relative': True}}, 'fixed_point_training_options': FixedPointTrainingOptions(mode='unroll_scf', scf=FixedPointSCFOptions(num_scf_steps=24, scf_tolerance=1e-06, mixing_parameter=0.5, constant_charge=True, use_autograd_forces=True, initial_density='local_guess', initial_fermi_level='zero'), linear_solve='inverse', fixedpoint_scf_stability=False, reference_conditioning='none')}, {'name': 'stage3', 'start': 500, 'end': 550, 'lr': 0.001, 'loss': {'energy_per_atom': {'weight': 100}, 'forces': {'weight': 500}, 'dipole': {'weight': 10}, 'fourier_density': {'weight': 10, 'reference': 'farfield'}, 'fourier_potential': {'weight': 100}, 'vacuum_potential': {'weight': 100, 'relative': True}, 'fermi_level': {'weight': 100, 'relative': True}}, 'fixed_point_training_options': FixedPointTrainingOptions(mode='unroll_scf', scf=FixedPointSCFOptions(num_scf_steps=50, scf_tolerance=1e-06, mixing_parameter=0.5, constant_charge=True, use_autograd_forces=True, initial_density='local_guess', initial_fermi_level='zero'), linear_solve='inverse', fixedpoint_scf_stability=False, reference_conditioning='none')}], fixed_point_update_config={'type': <class 'mace_scf.electrostatics.coupled.CoupledResponse'>, 'potential_widths': [1.5, 3.0]}, field_readout_config={'type': <class 'mace_scf.electrostatics.field_blocks.StrictQuadraticFieldEnergyReadout'>}, field_block_weight_decay=0.01, local_charges_weight_decay=0.0, field_feature_norms='None', fermi_level_offset=None, field_norm_factor=1.0, oxidation_state_range='(-6.0, 6.0)', polarizable_charges=False, beta_two=0.999, log_on_test_sets=False, scf_convergence_summary=False, use_linear_final_readout=False, include_field_si=False, use_linear_local_charges=False, atom_density_scaling='None', allow_low_density_pbc=False, override_pbc_checks=False, low_density_pbc_max_volume_per_atom=100.0, wandb_watch='off', wandb_watch_log_freq=50, debug_log_grad_summary=False, fixedpoint_initial_charge_head_scale=0.01, heads={'default': {'arrays_keys': {'forces': 'vasp_forces'}, 'info_keys': {'dipole': 'vasp_dipole', 'dipole_correction_zfrac': 'dipole_correction_zfrac', 'dipole_weight': 'config_dipole_weight', 'energy': 'vasp_free_energy', 'external_field': 'external_field', 'fermi_level': 'vasp_efermi', 'fourier_density': 'vasp_rho_fftn_shifted_1.5', 'fourier_potential': 'vasp_phi_fftn_shifted_1.5', 'total_charge': 'total_charge', 'vacuum_zfrac': 'vacuum_zfrac', 'vacuum_potential': 'vacuum_potential', 'vacuum_xfrac': 'vacuum_xfrac', 'vacuum_yfrac': 'vacuum_yfrac', 'dipole_correction_xfrac': 'dipole_correction_xfrac', 'dipole_correction_yfrac': 'dipole_correction_yfrac', 'stress': 'none', 'head': 'head'}}}, error_table='ElectrostaticRMSE', compute_polarizability=True, restart_latest=False, model='FixedPoint', optimizer='adamw', qeq_charges='autograd', train_hardness=False, read_enegs=False, read_hardness=False, enegs_key=None, default_hardness=2.0)
2026-10-08 22:35:11.853 INFO: Using the key specifications to parse data:
2026-10-08 22:35:11.853 INFO: KeySpecification(info_keys={'dipole': 'vasp_dipole', 'dipole_correction_zfrac': 'dipole_correction_zfrac', 'dipole_weight': 'config_dipole_weight', 'energy': 'vasp_free_energy', 'external_field': 'external_field', 'fermi_level': 'vasp_efermi', 'fourier_density': 'vasp_rho_fftn_shifted_1.5', 'fourier_potential': 'vasp_phi_fftn_shifted_1.5', 'total_charge': 'total_charge', 'vacuum_zfrac': 'vacuum_zfrac', 'vacuum_potential': 'vacuum_potential', 'vacuum_xfrac': 'vacuum_xfrac', 'vacuum_yfrac': 'vacuum_yfrac', 'dipole_correction_xfrac': 'dipole_correction_xfrac', 'dipole_correction_yfrac': 'dipole_correction_yfrac', 'stress': 'none', 'head': 'head'}, arrays_keys={'forces': 'vasp_forces'})
2026-10-08 22:36:44.858 INFO: Training set 1/1 [dipole components: 1307, dipole_correction_zfrac: 1307, dipole_weight: 1384, energy: 1384, external_field: 1384, fermi_level: 1307, fourier_density: 1384, fourier_potential: 1384, total_charge: 1384, vacuum_zfrac: 1307, vacuum_potential: 1307, vacuum_xfrac: 0, vacuum_yfrac: 0, dipole_correction_xfrac: 0, dipole_correction_yfrac: 0, stress: 0, head: 1384, forces: 1384]
2026-10-08 22:36:44.877 INFO: Total Training set [dipole components: 1307, dipole_correction_zfrac: 1307, dipole_weight: 1384, energy: 1384, external_field: 1384, fermi_level: 1307, fourier_density: 1384, fourier_potential: 1384, total_charge: 1384, vacuum_zfrac: 1307, vacuum_potential: 1307, vacuum_xfrac: 0, vacuum_yfrac: 0, dipole_correction_xfrac: 0, dipole_correction_yfrac: 0, stress: 0, head: 1384, forces: 1384]
2026-10-08 22:36:51.454 INFO: Validation set 1/1 [dipole components: 330, dipole_correction_zfrac: 330, dipole_weight: 350, energy: 350, external_field: 350, fermi_level: 330, fourier_density: 350, fourier_potential: 350, total_charge: 350, vacuum_zfrac: 330, vacuum_potential: 330, vacuum_xfrac: 0, vacuum_yfrac: 0, dipole_correction_xfrac: 0, dipole_correction_yfrac: 0, stress: 0, head: 350, forces: 350]
2026-10-08 22:36:51.455 INFO: Total Validation set [dipole components: 330, dipole_correction_zfrac: 330, dipole_weight: 350, energy: 350, external_field: 350, fermi_level: 330, fourier_density: 350, fourier_potential: 350, total_charge: 350, vacuum_zfrac: 330, vacuum_potential: 330, vacuum_xfrac: 0, vacuum_yfrac: 0, dipole_correction_xfrac: 0, dipole_correction_yfrac: 0, stress: 0, head: 350, forces: 350]
2026-10-08 22:36:51.455 INFO: Total number of configurations: train=1384, valid=350, tests=[]
2026-10-08 22:36:51.478 INFO: AtomicNumberTable: (1, 8, 77)
2026-10-08 22:36:51.478 INFO: Isolated Atomic Energies (E0s) not in training file, using command line argument
2026-10-08 22:36:59.080 INFO: Atomic energies: [-1.20639624, -1.98686083, -1.75921356]
2026-10-08 22:37:00.834 INFO: Average number of neighbors: 64.24710614986132
2026-10-08 22:37:00.848 INFO: computed Fermi level offset -1.7218048201989287
2026-10-08 22:37:00.848 INFO: using Fermi level offset -1.7218048201989287
2026-10-08 22:37:00.848 INFO: using normalization for field features None
2026-10-08 22:37:00.849 INFO: using atom density scaling factors [1. 1. 1.]
2026-10-08 22:37:00.849 INFO: Building model
2026-10-08 22:37:00.849 INFO: Hidden irreps: 64x0e + 64x1o
2026-10-08 22:37:02.445 INFO: Rescaled initial FixedPoint charge heads by 0.01 to keep initial charge predictions small
2026-10-08 22:37:02.552 INFO: Foundation: exact module adoption, 83 species retained, native neighbour normalization preserved
2026-10-08 22:37:07.189 INFO: Training-only foundation force scale: 0.271896; local F RMSE 1.15143 -> 0.789273 eV/A; folded into readout weights
2026-10-08 22:37:07.189 INFO: Fixed training-geometry readout units by layer/irrep: [[1.0037590436400716, 1.0000443663542253], [2.15197387304937, 1.0752341621360868]]; initial energy function preserved by inverse weight transformation
2026-10-08 22:37:09.770 INFO: Electronic response CoupledResponse: 4 coarse + 8 regular coefficients per atom; deployment uses 50 steps
2026-10-08 22:37:13.353 INFO: Training-only atomic vacuum reference: relative=True, labels=1307, residual_RMSE=0.00276677 eV; shared EF/vacuum gauge, fitted independently of optional spatial proto data
2026-10-08 22:37:14.425 INFO: SCF CUDA linear algebra: cuSOLVER/cuBLAS selected (process-wide); exact cached matrix-solve derivatives; torch=2.9.1+cu128 CUDA=12.8
2026-10-08 22:38:00.220 INFO: Training-only cold reference fit: rank=8/9; scalar gauges follow the configured relative/absolute objectives; candidates=[{'fraction': 0.0, 'loss': 9085296.682199474}, {'fraction': 1.0, 'loss': 2415273619.7568088}, {'fraction': 0.5, 'loss': 1009823217.1321425}, {'fraction': 0.25, 'loss': 375881329.3400997}]
2026-10-08 22:38:02.037 INFO: Coupled response: neutral reference, screened moment seed, 2 local potential channels, Gaussian receiver widths [1.5, 0.0, 3.0]; fixed Q is enforced without measured EF
2026-10-08 22:38:10.802 INFO: Training-only EF reference initialization: offset correction -3.37654 eV
2026-10-08 22:38:10.803 INFO: Training-only total-energy reference: 62.3545 -> 59.1803 eV/atom on 64 graphs
2026-10-08 22:38:13.622 INFO: CuEquivariance ACTIVE: 2 interaction/product layers, O3_e3nn, ir_mul, fused CUDA convolution=True; electronic response/readouts retain their original coordinates
2026-10-08 22:38:13.638 INFO: No external LR schedule: the learning rate follows the explicit training stages.
2026-10-08 22:38:13.640 INFO: restart_latest is False; starting from initialized model and optimizer.
2026-10-08 22:38:13.640 INFO: FixedPointCore(
  (node_embedding): LinearNodeEmbeddingBlock(
    (linear): Linear(83x0e -> 512x0e | 42496 weights)
  )
  (radial_embedding): RadialEmbeddingBlock(
    (bessel_fn): BesselBasis(r_max=6.0, num_basis=8, trainable=False)
    (cutoff_fn): PolynomialCutoff(p=5, r_max=6.0)
  )
  (spherical_harmonics): SphericalHarmonics()
  (atomic_energies_fn): AtomicEnergiesBlock(energies=[[59.7923, -176.3402, 272.4114]])
  (interactions): ModuleList(
    (0): RealAgnosticResidualNonLinearInteractionBlock(
      (source_embedding): Linear(
        shared_weights=True, internal_weights=True, weight_numel=42496
        (transpose_in): TransposeIrrepsLayout((irrep,mul) -> (irrep,mul))
        (transpose_out): TransposeIrrepsLayout((irrep,mul) -> (irrep,mul))
        (f): ╭ a=[42496:1⨯(83,512)] b=[83:1⨯(1,83)] -> C=[512:1⨯(1,512)]
        ╰─ []·a[uv]·b[iu]➜C[iv] ─ num_paths=1 i=1 u=83 v=512
        SegmentedPolynomial(
          (m): SegmentedPolynomialNaive(
            (graphs): ModuleList(
              (0): uv,iu,iv operands=[(83, 512)],[(1, 83)],[(1, 512)] paths=[op0[0]*op1[0]*op2[0]*0.11]
            )
          )
          (fallback): SegmentedPolynomialNaive(
            (graphs): ModuleList(
              (0): uv,iu,iv operands=[(83, 512)],[(1, 83)],[(1, 512)] paths=[op0[0]*op1[0]*op2[0]*0.11]
            )
          )
        )
      )
      (target_embedding): Linear(
        shared_weights=True, internal_weights=True, weight_numel=42496
        (transpose_in): TransposeIrrepsLayout((irrep,mul) -> (irrep,mul))
        (transpose_out): TransposeIrrepsLayout((irrep,mul) -> (irrep,mul))
        (f): ╭ a=[42496:1⨯(83,512)] b=[83:1⨯(1,83)] -> C=[512:1⨯(1,512)]
        ╰─ []·a[uv]·b[iu]➜C[iv] ─ num_paths=1 i=1 u=83 v=512
        SegmentedPolynomial(
          (m): SegmentedPolynomialNaive(
            (graphs): ModuleList(
              (0): uv,iu,iv operands=[(83, 512)],[(1, 83)],[(1, 512)] paths=[op0[0]*op1[0]*op2[0]*0.11]
            )
          )
          (fallback): SegmentedPolynomialNaive(
            (graphs): ModuleList(
              (0): uv,iu,iv operands=[(83, 512)],[(1, 83)],[(1, 512)] paths=[op0[0]*op1[0]*op2[0]*0.11]
            )
          )
        )
      )
      (linear_up): Linear(
        shared_weights=True, internal_weights=True, weight_numel=262144
        (transpose_in): TransposeIrrepsLayout((irrep,mul) -> (irrep,mul))
        (transpose_out): TransposeIrrepsLayout((irrep,mul) -> (irrep,mul))
        (f): ╭ a=[262144:1⨯(512,512)] b=[512:1⨯(1,512)] -> C=[512:1⨯(1,512)]
        ╰─ []·a[uv]·b[iu]➜C[iv] ─ num_paths=1 i=1 u=512 v=512
        SegmentedPolynomial(
          (m): SegmentedPolynomialNaive(
            (graphs): ModuleList(
              (0): uv,iu,iv operands=[(512, 512)],[(1, 512)],[(1, 512)] paths=[op0[0]*op1[0]*op2[0]*0.04]
            )
          )
          (fallback): SegmentedPolynomialNaive(
            (graphs): ModuleList(
              (0): uv,iu,iv operands=[(512, 512)],[(1, 512)],[(1, 512)] paths=[op0[0]*op1[0]*op2[0]*0.04]
            )
          )
        )
      )
      (conv_tp): FusedConvolution(
        (fused): ╭ a=[2048:4⨯(512)] b=[512:1⨯(512)] c=[16:16⨯()] -> D=[8192:16⨯(512)]
        ╰─ []·a[u]·b[u]·c[]➜D[u] ─ num_paths=16 u=512
        SegmentedPolynomial(
          (m): SegmentedPolynomialFromUniform1dJit()
          (fallback): SegmentedPolynomialFromUniform1dJit()
        )
        (unfused): ChannelWiseTensorProduct(
          shared_weights=False, internal_weights=False, weight_numel=2048
          (transpose_in1): TransposeIrrepsLayout((irrep,mul) -> (irrep,mul))
          (transpose_in2): TransposeIrrepsLayout((irrep,mul) -> (irrep,mul))
          (transpose_out): TransposeIrrepsLayout((irrep,mul) -> (irrep,mul))
          (f): ╭ a=[2048:4⨯(512,1)] b=[512:1⨯(1,512)] c=[16:(1,1)+(3,1)+(5,1)+...] -> D=[8192:(1,512,1)+(3,512,1)+...]
          ╰─ [ijk]·a[uv]·b[iu]·c[jv]➜D[kuv] ─ num_paths=4 i=1 j={1, 3, 5, 7} k={1, 3, 5, 7} u=512 v=1
          SegmentedPolynomial(
            (m): SegmentedPolynomialFromUniform1dJit()
            (fallback): SegmentedPolynomialFromUniform1dJit()
          )
        )
      )
      (conv_tp_weights): RadialMLP(
        (net): Sequential(
          (0): Linear(in_features=1032, out_features=64, bias=True)
          (1): LayerNorm((64,), eps=1e-05, elementwise_affine=True)
          (2): SiLU()
          (3): Linear(in_features=64, out_features=64, bias=True)
          (4): LayerNorm((64,), eps=1e-05, elementwise_affine=True)
          (5): SiLU()
          (6): Linear(in_features=64, out_features=64, bias=True)
          (7): LayerNorm((64,), eps=1e-05, elementwise_affine=True)
          (8): SiLU()
          (9): Linear(in_features=64, out_features=2048, bias=True)
        )
      )
      (skip_tp): Linear(
        shared_weights=True, internal_weights=True, weight_numel=262144
        (transpose_in): TransposeIrrepsLayout((irrep,mul) -> (irrep,mul))
        (transpose_out): TransposeIrrepsLayout((irrep,mul) -> (irrep,mul))
        (f): ╭ a=[262144:1⨯(512,512)] b=[512:1⨯(1,512)] -> C=[2048:(1,512)+(3,512)]
        ╰─ []·a[uv]·b[iu]➜C[iv] ─ num_paths=1 i={1, 3} u=512 v=512
        SegmentedPolynomial(
          (m): SegmentedPolynomialNaive(
            (graphs): ModuleList(
              (0): uv,iu,iv sizes=262144,512,2048 num_segments=1,1,2 num_paths=1 i={1, 3} u=512 v=512
            )
          )
          (fallback): SegmentedPolynomialNaive(
            (graphs): ModuleList(
              (0): uv,iu,iv sizes=262144,512,2048 num_segments=1,1,2 num_paths=1 i={1, 3} u=512 v=512
            )
          )
        )
      )
      (reshape): reshape_irreps()
      (equivariant_nonlin): GatedEquivariantBlock (2048x0e+512x1o+512x2e+512x3o -> 512x0e+512x1o+512x2e+512x3o | ir_mul)
      (linear_res): Linear(
        shared_weights=True, internal_weights=True, weight_numel=1048576
        (transpose_in): TransposeIrrepsLayout((irrep,mul) -> (irrep,mul))
        (transpose_out): TransposeIrrepsLayout((irrep,mul) -> (irrep,mul))
        (f): ╭ a=[1048576:1⨯(512,2048)] b=[512:1⨯(1,512)] -> C=[9728:(1,2048)+(3,512)+...]
        ╰─ []·a[uv]·b[iu]➜C[iv] ─ num_paths=1 i={1, 3, 5, 7} u=512 v={512, 2048}
        SegmentedPolynomial(
          (m): SegmentedPolynomialNaive(
            (graphs): ModuleList(
              (0): uv,iu,iv sizes=1048576,512,9728 num_segments=1,1,4 num_paths=1 i={1, 3, 5, 7} u=512 v={512, 2048}
            )
          )
          (fallback): SegmentedPolynomialNaive(
            (graphs): ModuleList(
              (0): uv,iu,iv sizes=1048576,512,9728 num_segments=1,1,4 num_paths=1 i={1, 3, 5, 7} u=512 v={512, 2048}
            )
          )
        )
      )
      (linear_1): Linear(
        shared_weights=True, internal_weights=True, weight_numel=1835008
        (transpose_in): TransposeIrrepsLayout((irrep,mul) -> (irrep,mul))
        (transpose_out): TransposeIrrepsLayout((irrep,mul) -> (irrep,mul))
        (f): ╭ a=[1835008:(512,2048)+(512,512)+...] b=[8192:(1,512)+(3,512)+...] -> C=[9728:(1,2048)+(3,512)+...]
        ╰─ []·a[uv]·b[iu]➜C[iv] ─ num_paths=4 i={1, 3, 5, 7} u=512 v={512, 2048}
        SegmentedPolynomial(
          (m): SegmentedPolynomialNaive(
            (graphs): ModuleList(
              (0): uv,iu,iv sizes=1835008,8192,9728 num_segments=4,4,4 num_paths=4 i={1, 3, 5, 7} u=512 v={512, 2048}
            )
          )
          (fallback): SegmentedPolynomialNaive(
            (graphs): ModuleList(
              (0): uv,iu,iv sizes=1835008,8192,9728 num_segments=4,4,4 num_paths=4 i={1, 3, 5, 7} u=512 v={512, 2048}
            )
          )
        )
      )
      (linear_2): Linear(
        shared_weights=True, internal_weights=True, weight_numel=1048576
        (transpose_in): TransposeIrrepsLayout((irrep,mul) -> (irrep,mul))
        (transpose_out): TransposeIrrepsLayout((irrep,mul) -> (irrep,mul))
        (f): ╭ a=[1048576:4⨯(512,512)] b=[8192:(1,512)+(3,512)+...] -> C=[8192:(1,512)+(3,512)+...]
        ╰─ []·a[uv]·b[iu]➜C[iv] ─ num_paths=4 i={1, 3, 5, 7} u=512 v=512
        SegmentedPolynomial(
          (m): SegmentedPolynomialNaive(
            (graphs): ModuleList(
              (0): uv,iu,iv sizes=1048576,8192,8192 num_segments=4,4,4 num_paths=4 i={1, 3, 5, 7} u=512 v=512
            )
          )
          (fallback): SegmentedPolynomialNaive(
            (graphs): ModuleList(
              (0): uv,iu,iv sizes=1048576,8192,8192 num_segments=4,4,4 num_paths=4 i={1, 3, 5, 7} u=512 v=512
            )
          )
        )
      )
      (density_fn): RadialMLP(
        (net): Sequential(
          (0): Linear(in_features=1032, out_features=64, bias=True)
          (1): LayerNorm((64,), eps=1e-05, elementwise_affine=True)
          (2): SiLU()
          (3): Linear(in_features=64, out_features=1, bias=True)
        )
      )
    )
    (1): RealAgnosticResidualNonLinearInteractionBlock(
      (source_embedding): Linear(
        shared_weights=True, internal_weights=True, weight_numel=42496
        (transpose_in): TransposeIrrepsLayout((irrep,mul) -> (irrep,mul))
        (transpose_out): TransposeIrrepsLayout((irrep,mul) -> (irrep,mul))
        (f): ╭ a=[42496:1⨯(83,512)] b=[83:1⨯(1,83)] -> C=[512:1⨯(1,512)]
        ╰─ []·a[uv]·b[iu]➜C[iv] ─ num_paths=1 i=1 u=83 v=512
        SegmentedPolynomial(
          (m): SegmentedPolynomialNaive(
            (graphs): ModuleList(
              (0): uv,iu,iv operands=[(83, 512)],[(1, 83)],[(1, 512)] paths=[op0[0]*op1[0]*op2[0]*0.11]
            )
          )
          (fallback): SegmentedPolynomialNaive(
            (graphs): ModuleList(
              (0): uv,iu,iv operands=[(83, 512)],[(1, 83)],[(1, 512)] paths=[op0[0]*op1[0]*op2[0]*0.11]
            )
          )
        )
      )
      (target_embedding): Linear(
        shared_weights=True, internal_weights=True, weight_numel=42496
        (transpose_in): TransposeIrrepsLayout((irrep,mul) -> (irrep,mul))
        (transpose_out): TransposeIrrepsLayout((irrep,mul) -> (irrep,mul))
        (f): ╭ a=[42496:1⨯(83,512)] b=[83:1⨯(1,83)] -> C=[512:1⨯(1,512)]
        ╰─ []·a[uv]·b[iu]➜C[iv] ─ num_paths=1 i=1 u=83 v=512
        SegmentedPolynomial(
          (m): SegmentedPolynomialNaive(
            (graphs): ModuleList(
              (0): uv,iu,iv operands=[(83, 512)],[(1, 83)],[(1, 512)] paths=[op0[0]*op1[0]*op2[0]*0.11]
            )
          )
          (fallback): SegmentedPolynomialNaive(
            (graphs): ModuleList(
              (0): uv,iu,iv operands=[(83, 512)],[(1, 83)],[(1, 512)] paths=[op0[0]*op1[0]*op2[0]*0.11]
            )
          )
        )
      )
      (linear_up): Linear(
        shared_weights=True, internal_weights=True, weight_numel=131072
        (transpose_in): TransposeIrrepsLayout((irrep,mul) -> (irrep,mul))
        (transpose_out): TransposeIrrepsLayout((irrep,mul) -> (irrep,mul))
        (f): ╭ a=[131072:2⨯(512,128)] b=[2048:(1,512)+(3,512)] -> C=[512:(1,128)+(3,128)]
        ╰─ []·a[uv]·b[iu]➜C[iv] ─ num_paths=2 i={1, 3} u=512 v=128
        SegmentedPolynomial(
          (m): SegmentedPolynomialNaive(
            (graphs): ModuleList(
              (0): uv,iu,iv sizes=131072,2048,512 num_segments=2,2,2 num_paths=2 i={1, 3} u=512 v=128
            )
          )
          (fallback): SegmentedPolynomialNaive(
            (graphs): ModuleList(
              (0): uv,iu,iv sizes=131072,2048,512 num_segments=2,2,2 num_paths=2 i={1, 3} u=512 v=128
            )
          )
        )
      )
      (conv_tp): FusedConvolution(
        (fused): ╭ a=[1280:10⨯(128)] b=[512:4⨯(128)] c=[16:16⨯()] -> D=[5120:40⨯(128)]
        ╰─ []·a[u]·b[u]·c[]➜D[u] ─ num_paths=86 u=128
        SegmentedPolynomial(
          (m): SegmentedPolynomialFromUniform1dJit()
          (fallback): SegmentedPolynomialFromUniform1dJit()
        )
        (unfused): ChannelWiseTensorProduct(
          shared_weights=False, internal_weights=False, weight_numel=1280
          (transpose_in1): TransposeIrrepsLayout((irrep,mul) -> (irrep,mul))
          (transpose_in2): TransposeIrrepsLayout((irrep,mul) -> (irrep,mul))
          (transpose_out): TransposeIrrepsLayout((irrep,mul) -> (irrep,mul))
          (f): ╭ a=[1280:10⨯(128,1)] b=[512:(1,128)+(3,128)] c=[16:(1,1)+(3,1)+(5,1)+...] -> D=[5120:(1,128,1)+(1,128,1)+...]
          ╰─ [ijk]·a[uv]·b[iu]·c[jv]➜D[kuv] ─ num_paths=10 i={1, 3} j={1, 3, 5, 7} k={1, 3, 5, 7} u=128 v=1
          SegmentedPolynomial(
            (m): SegmentedPolynomialFromUniform1dJit()
            (fallback): SegmentedPolynomialFromUniform1dJit()
          )
        )
      )
      (conv_tp_weights): RadialMLP(
        (net): Sequential(
          (0): Linear(in_features=1032, out_features=64, bias=True)
          (1): LayerNorm((64,), eps=1e-05, elementwise_affine=True)
          (2): SiLU()
          (3): Linear(in_features=64, out_features=64, bias=True)
          (4): LayerNorm((64,), eps=1e-05, elementwise_affine=True)
          (5): SiLU()
          (6): Linear(in_features=64, out_features=64, bias=True)
          (7): LayerNorm((64,), eps=1e-05, elementwise_affine=True)
          (8): SiLU()
          (9): Linear(in_features=64, out_features=1280, bias=True)
        )
      )
      (skip_tp): Linear(
        shared_weights=True, internal_weights=True, weight_numel=524288
        (transpose_in): TransposeIrrepsLayout((irrep,mul) -> (irrep,mul))
        (transpose_out): TransposeIrrepsLayout((irrep,mul) -> (irrep,mul))
        (f): ╭ a=[524288:2⨯(512,512)] b=[2048:(1,512)+(3,512)] -> C=[2048:(1,512)+(3,512)]
        ╰─ []·a[uv]·b[iu]➜C[iv] ─ num_paths=2 i={1, 3} u=512 v=512
        SegmentedPolynomial(
          (m): SegmentedPolynomialNaive(
            (graphs): ModuleList(
              (0): uv,iu,iv sizes=524288,2048,2048 num_segments=2,2,2 num_paths=2 i={1, 3} u=512 v=512
            )
          )
          (fallback): SegmentedPolynomialNaive(
            (graphs): ModuleList(
              (0): uv,iu,iv sizes=524288,2048,2048 num_segments=2,2,2 num_paths=2 i={1, 3} u=512 v=512
            )
          )
        )
      )
      (reshape): reshape_irreps()
      (equivariant_nonlin): GatedEquivariantBlock (2048x0e+512x1o+512x2e+512x3o -> 512x0e+512x1o+512x2e+512x3o | ir_mul)
      (linear_res): Linear(
        shared_weights=True, internal_weights=True, weight_numel=327680
        (transpose_in): TransposeIrrepsLayout((irrep,mul) -> (irrep,mul))
        (transpose_out): TransposeIrrepsLayout((irrep,mul) -> (irrep,mul))
        (f): ╭ a=[327680:(128,2048)+(128,512)] b=[512:(1,128)+(3,128)] -> C=[9728:(1,2048)+(3,512)+...]
        ╰─ []·a[uv]·b[iu]➜C[iv] ─ num_paths=2 i={1, 3, 5, 7} u=128 v={512, 2048}
        SegmentedPolynomial(
          (m): SegmentedPolynomialNaive(
            (graphs): ModuleList(
              (0): uv,iu,iv sizes=327680,512,9728 num_segments=2,2,4 num_paths=2 i={1, 3, 5, 7} u=128 v={512, 2048}
            )
          )
          (fallback): SegmentedPolynomialNaive(
            (graphs): ModuleList(
              (0): uv,iu,iv sizes=327680,512,9728 num_segments=2,2,4 num_paths=2 i={1, 3, 5, 7} u=128 v={512, 2048}
            )
          )
        )
      )
      (linear_1): Linear(
        shared_weights=True, internal_weights=True, weight_numel=1048576
        (transpose_in): TransposeIrrepsLayout((irrep,mul) -> (irrep,mul))
        (transpose_out): TransposeIrrepsLayout((irrep,mul) -> (irrep,mul))
        (f): ╭ a=[1048576:(128,2048)+...] b=[5120:(1,128)+(1,128)+...] -> C=[9728:(1,2048)+(3,512)+...]
        ╰─ []·a[uv]·b[iu]➜C[iv] ─ num_paths=10 i={1, 3, 5, 7} u=128 v={512, 2048}
        SegmentedPolynomial(
          (m): SegmentedPolynomialNaive(
            (graphs): ModuleList(
              (0): uv,iu,iv sizes=1048576,5120,9728 num_segments=10,10,4 num_paths=10 i={1, 3, 5, 7} u=128 v={512, 2048}
            )
          )
          (fallback): SegmentedPolynomialNaive(
            (graphs): ModuleList(
              (0): uv,iu,iv sizes=1048576,5120,9728 num_segments=10,10,4 num_paths=10 i={1, 3, 5, 7} u=128 v={512, 2048}
            )
          )
        )
      )
      (linear_2): Linear(
        shared_weights=True, internal_weights=True, weight_numel=1048576
        (transpose_in): TransposeIrrepsLayout((irrep,mul) -> (irrep,mul))
        (transpose_out): TransposeIrrepsLayout((irrep,mul) -> (irrep,mul))
        (f): ╭ a=[1048576:4⨯(512,512)] b=[8192:(1,512)+(3,512)+...] -> C=[8192:(1,512)+(3,512)+...]
        ╰─ []·a[uv]·b[iu]➜C[iv] ─ num_paths=4 i={1, 3, 5, 7} u=512 v=512
        SegmentedPolynomial(
          (m): SegmentedPolynomialNaive(
            (graphs): ModuleList(
              (0): uv,iu,iv sizes=1048576,8192,8192 num_segments=4,4,4 num_paths=4 i={1, 3, 5, 7} u=512 v=512
            )
          )
          (fallback): SegmentedPolynomialNaive(
            (graphs): ModuleList(
              (0): uv,iu,iv sizes=1048576,8192,8192 num_segments=4,4,4 num_paths=4 i={1, 3, 5, 7} u=512 v=512
            )
          )
        )
      )
      (density_fn): RadialMLP(
        (net): Sequential(
          (0): Linear(in_features=1032, out_features=64, bias=True)
          (1): LayerNorm((64,), eps=1e-05, elementwise_affine=True)
          (2): SiLU()
          (3): Linear(in_features=64, out_features=1, bias=True)
        )
      )
    )
  )
  (products): ModuleList(
    (0-1): 2 x EquivariantProductBasisBlock(
      (symmetric_contractions): SymmetricContraction(
        contraction_degree=3, weight_shape=(86, 512)
        (transpose_in): TransposeIrrepsLayout((irrep,mul) -> (irrep,mul))
        (transpose_out): TransposeIrrepsLayout((irrep,mul) -> (irrep,mul))
        (f): ╭ a=[14848:29⨯(512)] b=[8192:16⨯(512)] -> C=[2048:4⨯(512)]
        │  []·a[u]·b[u]➜C[u] ─────────── num_paths=4 u=512
        │  []·a[u]·b[u]·b[u]➜C[u] ────── num_paths=86 u=512
        ╰─ []·a[u]·b[u]·b[u]·b[u]➜C[u] ─ num_paths=1949 u=512
        SegmentedPolynomial(
          (m): SegmentedPolynomialFromUniform1dJit()
          (fallback): SegmentedPolynomialFromUniform1dJit()
        )
      )
      (linear): Linear(
        shared_weights=True, internal_weights=True, weight_numel=524288
        (transpose_in): TransposeIrrepsLayout((irrep,mul) -> (irrep,mul))
        (transpose_out): TransposeIrrepsLayout((irrep,mul) -> (irrep,mul))
        (f): ╭ a=[524288:2⨯(512,512)] b=[2048:(1,512)+(3,512)] -> C=[2048:(1,512)+(3,512)]
        ╰─ []·a[uv]·b[iu]➜C[iv] ─ num_paths=2 i={1, 3} u=512 v=512
        SegmentedPolynomial(
          (m): SegmentedPolynomialNaive(
            (graphs): ModuleList(
              (0): uv,iu,iv sizes=524288,2048,2048 num_segments=2,2,2 num_paths=2 i={1, 3} u=512 v=512
            )
          )
          (fallback): SegmentedPolynomialNaive(
            (graphs): ModuleList(
              (0): uv,iu,iv sizes=524288,2048,2048 num_segments=2,2,2 num_paths=2 i={1, 3} u=512 v=512
            )
          )
        )
      )
    )
  )
  (readouts): ModuleList(
    (0): LinearReadoutBlock(
      (linear): Linear(512x0e+512x1o -> 1x0e | 512 weights)
    )
    (1): NonLinearBiasReadoutBlock(
      (linear_1): Linear(512x0e+512x1o -> 16x0e | 8192 weights)
      (non_linearity): Activation [x] (16x0e -> 16x0e)
      (linear_mid): Linear(16x0e -> 16x0e | 256 weights)
      (linear_2): Linear(16x0e -> 1x0e | 16 weights)
    )
  )
  (electric_potential_descriptor): GTOElectrostaticFeatures(
    (density_basis): GTOBasis(
      (radial_spline): RadialIntegralDirect()
      (spherical_harmonics): SphericalHarmonics()
    )
    (feature_basis): GTOBasis(
      (radial_spline): RadialIntegralDirect()
      (spherical_harmonics): SphericalHarmonics()
    )
    (self_interaction_terms): GTOSelfInteractionBlock()
    (realspace_features): RealSpaceFiniteDifferenceElectrostaticFeatures(
      (self_interaction): GTOSelfInteractionBlock()
    )
    (non_periodic_correction_terms): NonPeriodicFeatureCorrections(
      (self_field): CorrectivePotentialBlock()
      (displaced_interactions): GTOInternalFieldtoFeaturesBlock()
    )
  )
  (lr_source_maps): ModuleList(
    (0-1): 2 x GeneralNonLinearBiasReadoutBlock(
      (equivariant_nonlin): Gate (64x0e -> 64x0e)
      (linear_1): Linear(512x0e+512x1o -> 64x0e | 32768 weights)
      (linear_mid): Linear(64x0e -> 64x0e | 4096 weights)
      (linear_2): Linear(64x0e -> 1x0e+1x1o | 64 weights)
    )
  )
  (field_dependent_charges_map): CoupledResponse(
    (chemical_scalar): Linear(in_features=512, out_features=64, bias=True)
    (chemical_vector): Linear(in_features=512, out_features=16, bias=False)
    (shared): Sequential(
      (0): Linear(in_features=96, out_features=64, bias=True)
      (1): SiLU()
      (2): Linear(in_features=64, out_features=64, bias=True)
      (3): SiLU()
    )
    (vector_out): Linear(in_features=64, out_features=96, bias=True)
    (scalar_out): Linear(in_features=64, out_features=4, bias=True)
    (dipole_hardness): Linear(in_features=64, out_features=1, bias=True)
    (state_scalar): Linear(in_features=3, out_features=64, bias=False)
    (state_vector): Linear(in_features=3, out_features=16, bias=False)
    (neighbor_scalar): Linear(in_features=3, out_features=64, bias=False)
    (neighbor_vector): Linear(in_features=3, out_features=16, bias=False)
    (neighbor_divergence): Linear(in_features=3, out_features=64, bias=False)
    (neighbor_gradient): Linear(in_features=3, out_features=16, bias=False)
    (common_level): Linear(in_features=64, out_features=1, bias=False)
    (local_source_scalar): Linear(in_features=64, out_features=2, bias=False)
    (local_source_vector): Linear(in_features=16, out_features=2, bias=False)
  )
  (local_electron_energy): Identity()
  (external_field_contribution): DisplacedGTOExternalFieldBlock()
  (external_field_contribution_internal): GTOInternalFieldtoFeaturesBlock()
  (coulomb_energy): GTOElectrostaticEnergy(
    (density_basis): GTOBasis(
      (radial_spline): RadialIntegralDirect()
      (spherical_harmonics): SphericalHarmonics()
    )
    (self_interaction_terms): GTOSelfInteractionBlock()
    (realspace_energy): RealSpaceFiniteDiffereneEnergy(
      (self_interaction): GTOSelfInteractionBlock()
    )
    (monopole_dipole_correction): MonopoleDipoleCorrectionBlock()
  )
  (layer_feature_mixer): MultiLayerFeatureMixer(
    (linears): ModuleList(
      (0-1): 2 x Linear(512x0e+512x1o -> 512x0e+512x1o | 524288 weights)
    )
  )
)
2026-10-08 22:38:13.644 INFO: Number of parameters: 10574661
2026-10-08 22:38:13.644 INFO: Optimizer: AdamW (
Parameter Group 0
    amsgrad: False
    betas: (0.9, 0.999)
    capturable: False
    decoupled_weight_decay: True
    differentiable: False
    eps: 1e-08
    foreach: None
    fused: None
    lr: 0.001
    maximize: False
    name: embedding
    weight_decay: 0.0

Parameter Group 1
    amsgrad: False
    betas: (0.9, 0.999)
    capturable: False
    decoupled_weight_decay: True
    differentiable: False
    eps: 1e-08
    foreach: None
    fused: None
    lr: 0.001
    maximize: False
    name: interactions_no_decay
    weight_decay: 0.0

Parameter Group 2
    amsgrad: False
    betas: (0.9, 0.999)
    capturable: False
    decoupled_weight_decay: True
    differentiable: False
    eps: 1e-08
    foreach: None
    fused: None
    lr: 0.001
    maximize: False
    name: products
    weight_decay: 0.001

Parameter Group 3
    amsgrad: False
    betas: (0.9, 0.999)
    capturable: False
    decoupled_weight_decay: True
    differentiable: False
    eps: 1e-08
    foreach: None
    fused: None
    lr: 0.001
    maximize: False
    name: readouts
    weight_decay: 0.0

Parameter Group 4
    amsgrad: False
    betas: (0.9, 0.999)
    capturable: False
    decoupled_weight_decay: True
    differentiable: False
    eps: 1e-08
    foreach: None
    fused: None
    lr: 0.001
    maximize: False
    name: lr_source_maps
    weight_decay: 0.0

Parameter Group 5
    amsgrad: False
    betas: (0.9, 0.999)
    capturable: False
    decoupled_weight_decay: True
    differentiable: False
    eps: 1e-08
    foreach: None
    fused: None
    lr: 0.001
    maximize: False
    name: field_dependent_charges_map
    weight_decay: 0.01

Parameter Group 6
    amsgrad: False
    betas: (0.9, 0.999)
    capturable: False
    decoupled_weight_decay: True
    differentiable: False
    eps: 1e-08
    foreach: None
    fused: None
    lr: 0.001
    maximize: False
    name: electronic_references
    weight_decay: 0.0

Parameter Group 7
    amsgrad: False
    betas: (0.9, 0.999)
    capturable: False
    decoupled_weight_decay: True
    differentiable: False
    eps: 1e-08
    foreach: None
    fused: None
    lr: 0.001
    maximize: False
    name: layer_feature_mixer
    weight_decay: 0.001
)
2026-10-08 22:38:13.644 INFO: Foundation feature extractor frozen=False; energy/electronic readouts remain trainable
2026-10-08 22:38:13.645 INFO: WeightedLoss(energy_per_atom_weight=100, forces_weight=500, dipole_weight=10, fourier_density_weight=10, fourier_density options: reference=farfield, fourier_potential_weight=100, vacuum_potential_weight=100, vacuum_potential options: relative=True, fermi_level_weight=100, fermi_level options: relative=True, )
2026-10-08 22:38:13.645 INFO: FixedPointWrapper: mode=unroll_scf, scf_options=FixedPointSCFOptions(num_scf_steps=12, scf_tolerance=1e-06, mixing_parameter=0.5, constant_charge=True, use_autograd_forces=True, initial_density='local_guess', initial_fermi_level='zero'), linear_solve=inverse, fixedpoint_scf_stability=False
2026-10-08 22:38:13.645 INFO: Setting global learning rate to 0.001
2026-10-08 22:38:13.651 INFO: Runtime inventory {"parameters": 10574661, "parameter_MiB": 80.67826080322266, "optimizer_MiB": 0.0, "batch_size": 4, "layout": "ir_mul", "blocks": {"node_embedding": 42496, "radial_embedding": 0, "spherical_harmonics": 0, "atomic_energies_fn": 0, "interactions": 8205190, "products": 1136640, "readouts": 8993, "electric_potential_descriptor": 0, "lr_source_maps": 73856, "field_dependent_charges_map": 58910, "local_electron_energy": 0, "external_field_contribution": 0, "external_field_contribution_internal": 0, "coulomb_energy": 0, "layer_feature_mixer": 1048576}, "optimizer_groups": [{"name": "embedding", "lr": 0.001, "weight_decay": 0.0, "parameters": 42496}, {"name": "interactions_no_decay", "lr": 0.001, "weight_decay": 0.0, "parameters": 8205190}, {"name": "products", "lr": 0.001, "weight_decay": 0.001, "parameters": 1136640}, {"name": "readouts", "lr": 0.001, "weight_decay": 0.0, "parameters": 8993}, {"name": "lr_source_maps", "lr": 0.001, "weight_decay": 0.0, "parameters": 73856}, {"name": "field_dependent_charges_map", "lr": 0.001, "weight_decay": 0.01, "parameters": 58608}, {"name": "electronic_references", "lr": 0.001, "weight_decay": 0.0, "parameters": 302}, {"name": "layer_feature_mixer", "lr": 0.001, "weight_decay": 0.001, "parameters": 1048576}], "gpu": "NVIDIA H100 NVL", "device_MiB": 95319.4375}
2026-10-08 22:38:13.661 INFO: CoupledResponse mode=unroll_scf: 12 training steps; 50 validation/deployment steps
2026-10-08 22:38:13.661 INFO: Observation convention: RMSE_ESP is the real-space error of the retained deformation spectrum after uniform-offset alignment (k=0 excluded); raw or zero-mean spectra are accepted. Proto supplies the atomic reference field. Response reference=neutral. EF/vacuum labels must share one DFT convention; the collector retains raw VASP scalar values. EF and vacuum include saved training-only scalar references [0.0, 0.0] eV; WF is their difference. Relative RMSE removes one whole-split bias.
2026-10-08 22:42:41.259 INFO: Training-only scalar reference calibration {'fermi_level': {'observed_training_graphs': 61, 'shift_eV': -0.7368155125126967, 'reference_eV': -0.7368155125126967, 'panel_RMSE_before_eV': 0.7689841736375039, 'panel_RMSE_after_eV': 0.22008989033030774}, 'vacuum_potential': {'observed_training_graphs': 61, 'shift_eV': 0.26105529725609106, 'reference_eV': 0.26105529725609106, 'panel_RMSE_before_eV': 0.5641206457427309, 'panel_RMSE_after_eV': 0.5000822279662913}, 'seconds': 9.204803370987065}; constants saved with the model; relative errors and physical fixed-Q trajectory unchanged
2026-10-08 22:43:32.851 INFO: Full validation audit {"graphs": 350, "index_convention": "supplied loader order, zero based", "force_rmse_by_element_column_eV_A": {"0": 0.2716974691858888, "1": 0.3489509722515735, "2": 0.49607559075414653}, "force_target_rms_by_element_column_eV_A": {"0": 0.7583041629256339, "1": 0.8719660684898465, "2": 0.9586983364634067}, "force_rmse_over_target_rms_by_element_column": {"0": 0.3582961593374951, "1": 0.40018870557190356, "2": 0.5174470131909753}, "density_observers": {"density_RMSE_e_A3": 0.0006900025558404751, "farfield_RMSE_e_A3": 0.00011063477909218935, "scope": "Different Gaussian resolutions of the same error; smaller farfield RMSE is not an accuracy gain."}, "stored_potential_gauge": {"deformation_mean_range_eV": [-1.923389086888605e-13, 1.7333365232548237e-13], "scope": "Stored k=0 is retained for audit; RMSE_ESP compares fields modulo a uniform offset. Scalar EF/vacuum errors use their stored label convention."}, "potential_error_power_fractions": {"normal_reciprocal_line": 0.9645027675611209, "Gaussian_lowpass": 0.8655684105127434, "Gaussian_width_A": 1.5}, "observed_EF_vac_WF": 330, "EF_vac_WF_rmse_eV": [0.2132071775746899, 0.4806257971547455, 0.6327335185910964], "EF_vac_WF_relative_rmse_eV": [0.20930676470585088, 0.47612325463252114, 0.6237524111723385], "EF_vac_WF_bias_eV": [-0.040595305365705846, 0.06563385779283266, 0.10622916315853853], "EF_vac_covariance_eV2": -0.059282197544905255, "WF_absolute_error_quantiles_eV": {"median": 0.38832383785781, "p90": 0.9700475485912938, "p99": 2.1980588121710554, "max": 2.4173424587907455}, "WF_identity_max_error_eV": 1.1102230246251565e-15, "absolute_relative_bias_identity_max_error_eV2": 2.498001805406602e-16, "WF_variance_components_eV2": {"EF": 0.04380932175163044, "vacuum": 0.22669335360186474, "covariance_contribution": 0.11856439508981051}, "largest_relative_WF_errors": [{"index": 134, "atoms": 180, "composition": [0, 120, 60], "charge": 0.0, "weight": 1.0, "ef": 0.3478444942735258, "vac": -1.858317620371448, "wf": -2.2061621146449735, "force_rmse": 0.7276621659386077, "potential_error_power_eV2": 1.8683259498068827, "stored_deformation_potential_mean_eV": -4.632205743448059e-14, "gaussian_lowpass_error_power_eV2": 1.6631936394198674, "planar_error_power_eV2": 1.8677693827571575, "loader_frame_1based": 135, "EF_vac_WF_centered_errors_eV": [0.38843979963923164, -1.9239514781642806, -2.312391277803512], "relative_WF_squared_error_fraction": 0.04164704866617078}, {"index": 81, "atoms": 186, "composition": [66, 90, 30], "charge": 0.0, "weight": 1.0, "ef": -0.8537504414292569, "vac": 1.5635920173614886, "wf": 2.4173424587907455, "force_rmse": 0.267909354916269, "potential_error_power_eV2": 0.752636719911209, "stored_deformation_potential_mean_eV": 3.672108684987309e-14, "gaussian_lowpass_error_power_eV2": 0.7138209657872346, "planar_error_power_eV2": 0.7490366129299886, "loader_frame_1based": 82, "EF_vac_WF_centered_errors_eV": [-0.813155136063551, 1.497958159568656, 2.311113295632207], "relative_WF_squared_error_fraction": 0.04160102749443385}, {"index": 2, "atoms": 186, "composition": [66, 90, 30], "charge": 0.0, "weight": 1.0, "ef": -1.0698474242012497, "vac": 1.1437224766409892, "wf": 2.2135699008422387, "force_rmse": 0.45682812313909144, "potential_error_power_eV2": 0.7149459702900948, "stored_deformation_potential_mean_eV": -2.104417395703619e-15, "gaussian_lowpass_error_power_eV2": 0.6764774354252825, "planar_error_power_eV2": 0.709134689794998, "loader_frame_1based": 3, "EF_vac_WF_centered_errors_eV": [-1.029252118835544, 1.0780886188481567, 2.1073407376837], "relative_WF_squared_error_fraction": 0.034588450806269114}, {"index": 47, "atoms": 186, "composition": [66, 90, 30], "charge": 0.0, "weight": 1.0, "ef": -0.7307443455651621, "vac": 1.4681922988700151, "wf": 2.198936644435177, "force_rmse": 0.3010365975461992, "potential_error_power_eV2": 0.539337905684631, "stored_deformation_potential_mean_eV": 2.1296753118934743e-14, "gaussian_lowpass_error_power_eV2": 0.4982208438469862, "planar_error_power_eV2": 0.5324696544138979, "loader_frame_1based": 48, "EF_vac_WF_centered_errors_eV": [-0.6901490401994562, 1.4025584410771825, 2.0927074812766384], "relative_WF_squared_error_fraction": 0.03410975806274898}, {"index": 91, "atoms": 181, "composition": [61, 90, 30], "charge": 0.0, "weight": 1.0, "ef": -0.7384792794709006, "vac": 1.4574303571569613, "wf": 2.1959096366278614, "force_rmse": 0.3838342717646502, "potential_error_power_eV2": 0.654241046580789, "stored_deformation_potential_mean_eV": -2.6523668967178466e-14, "gaussian_lowpass_error_power_eV2": 0.602442957450952, "planar_error_power_eV2": 0.6470969813233771, "loader_frame_1based": 92, "EF_vac_WF_centered_errors_eV": [-0.6978839741051948, 1.3917964993641287, 2.089680473469323], "relative_WF_squared_error_fraction": 0.03401115294830671}, {"index": 140, "atoms": 82, "composition": [20, 44, 18], "charge": 0.0, "weight": 1.0, "ef": 0.5920614038165408, "vac": -1.3724476423781287, "wf": -1.964509046194669, "force_rmse": 0.49052387722386365, "potential_error_power_eV2": 1.001305645882507, "stored_deformation_potential_mean_eV": -6.447843251386079e-15, "gaussian_lowpass_error_power_eV2": 0.8813100035671539, "planar_error_power_eV2": 0.9862306915256023, "loader_frame_1based": 141, "EF_vac_WF_centered_errors_eV": [0.6326567091822467, -1.4380815001709613, -2.0707382093532076], "relative_WF_squared_error_fraction": 0.03339734782231452}, {"index": 293, "atoms": 108, "composition": [0, 72, 36], "charge": 0.0, "weight": 1.0, "ef": 0.36921995948392405, "vac": -1.4231216960775912, "wf": -1.7923416555615157, "force_rmse": 0.9903237689792694, "potential_error_power_eV2": 1.5697168247065674, "stored_deformation_potential_mean_eV": 8.093184424396893e-14, "gaussian_lowpass_error_power_eV2": 1.3710510212174114, "planar_error_power_eV2": 1.5691044652026116, "loader_frame_1based": 294, "EF_vac_WF_centered_errors_eV": [0.4098152648496299, -1.4887555538704238, -1.8985708187200543], "relative_WF_squared_error_fraction": 0.028074704131450124}, {"index": 147, "atoms": 186, "composition": [66, 90, 30], "charge": 0.0, "weight": 1.0, "ef": -0.6944097505952329, "vac": 1.22463093913947, "wf": 1.9190406897347034, "force_rmse": 0.31762979263704855, "potential_error_power_eV2": 0.43020540325935297, "stored_deformation_potential_mean_eV": 5.296572984662304e-14, "gaussian_lowpass_error_power_eV2": 0.4036788969191547, "planar_error_power_eV2": 0.4250282574948113, "loader_frame_1based": 148, "EF_vac_WF_centered_errors_eV": [-0.653814445229527, 1.1589970813466375, 1.8128115265761648], "relative_WF_squared_error_fraction": 0.025595693036608556}], "WF_centered_squared_error_share_largest_10_structures": 0.31986306368836676, "WF_centered_squared_error_share_largest_10_percent": 0.5407061578583865, "independent_single_anchor_EF_vac_WF_RMSE_eV": [0.2960044653434486, 0.6733399640625299, 0.8821191194428403], "relative_error_scope": "One whole-split offset for RMSE_rel; no fitted offset is applied to predictions. Single-anchor expectation assumes independent configurations.", "WF_squared_error_share_largest_10_percent": 0.5474878765433662, "largest_WF_errors": [{"index": 81, "atoms": 186, "composition": [66, 90, 30], "charge": 0.0, "weight": 1.0, "ef": -0.8537504414292569, "vac": 1.5635920173614886, "wf": 2.4173424587907455, "force_rmse": 0.267909354916269, "potential_error_power_eV2": 0.752636719911209, "stored_deformation_potential_mean_eV": 3.672108684987309e-14, "gaussian_lowpass_error_power_eV2": 0.7138209657872346, "planar_error_power_eV2": 0.7490366129299886}, {"index": 2, "atoms": 186, "composition": [66, 90, 30], "charge": 0.0, "weight": 1.0, "ef": -1.0698474242012497, "vac": 1.1437224766409892, "wf": 2.2135699008422387, "force_rmse": 0.45682812313909144, "potential_error_power_eV2": 0.7149459702900948, "stored_deformation_potential_mean_eV": -2.104417395703619e-15, "gaussian_lowpass_error_power_eV2": 0.6764774354252825, "planar_error_power_eV2": 0.709134689794998}, {"index": 134, "atoms": 180, "composition": [0, 120, 60], "charge": 0.0, "weight": 1.0, "ef": 0.3478444942735258, "vac": -1.858317620371448, "wf": -2.2061621146449735, "force_rmse": 0.7276621659386077, "potential_error_power_eV2": 1.8683259498068827, "stored_deformation_potential_mean_eV": -4.632205743448059e-14, "gaussian_lowpass_error_power_eV2": 1.6631936394198674, "planar_error_power_eV2": 1.8677693827571575}, {"index": 47, "atoms": 186, "composition": [66, 90, 30], "charge": 0.0, "weight": 1.0, "ef": -0.7307443455651621, "vac": 1.4681922988700151, "wf": 2.198936644435177, "force_rmse": 0.3010365975461992, "potential_error_power_eV2": 0.539337905684631, "stored_deformation_potential_mean_eV": 2.1296753118934743e-14, "gaussian_lowpass_error_power_eV2": 0.4982208438469862, "planar_error_power_eV2": 0.5324696544138979}, {"index": 91, "atoms": 181, "composition": [61, 90, 30], "charge": 0.0, "weight": 1.0, "ef": -0.7384792794709006, "vac": 1.4574303571569613, "wf": 2.1959096366278614, "force_rmse": 0.3838342717646502, "potential_error_power_eV2": 0.654241046580789, "stored_deformation_potential_mean_eV": -2.6523668967178466e-14, "gaussian_lowpass_error_power_eV2": 0.602442957450952, "planar_error_power_eV2": 0.6470969813233771}, {"index": 140, "atoms": 82, "composition": [20, 44, 18], "charge": 0.0, "weight": 1.0, "ef": 0.5920614038165408, "vac": -1.3724476423781287, "wf": -1.964509046194669, "force_rmse": 0.49052387722386365, "potential_error_power_eV2": 1.001305645882507, "stored_deformation_potential_mean_eV": -6.447843251386079e-15, "gaussian_lowpass_error_power_eV2": 0.8813100035671539, "planar_error_power_eV2": 0.9862306915256023}, {"index": 147, "atoms": 186, "composition": [66, 90, 30], "charge": 0.0, "weight": 1.0, "ef": -0.6944097505952329, "vac": 1.22463093913947, "wf": 1.9190406897347034, "force_rmse": 0.31762979263704855, "potential_error_power_eV2": 0.43020540325935297, "stored_deformation_potential_mean_eV": 5.296572984662304e-14, "gaussian_lowpass_error_power_eV2": 0.4036788969191547, "planar_error_power_eV2": 0.4250282574948113}, {"index": 293, "atoms": 108, "composition": [0, 72, 36], "charge": 0.0, "weight": 1.0, "ef": 0.36921995948392405, "vac": -1.4231216960775912, "wf": -1.7923416555615157, "force_rmse": 0.9903237689792694, "potential_error_power_eV2": 1.5697168247065674, "stored_deformation_potential_mean_eV": 8.093184424396893e-14, "gaussian_lowpass_error_power_eV2": 1.3710510212174114, "planar_error_power_eV2": 1.5691044652026116}], "composition_cohorts": [{"element_counts": "(20, 44, 18)", "graphs": 1, "wf_rmse_eV": 1.964509046194669}, {"element_counts": "(40, 111, 48)", "graphs": 1, "wf_rmse_eV": 1.7017520286895031}, {"element_counts": "(66, 90, 30)", "graphs": 10, "wf_rmse_eV": 1.624667010261516}, {"element_counts": "(0, 120, 60)", "graphs": 2, "wf_rmse_eV": 1.5878729385333392}, {"element_counts": "(60, 90, 30)", "graphs": 1, "wf_rmse_eV": 1.50147815845171}, {"element_counts": "(40, 88, 36)", "graphs": 1, "wf_rmse_eV": 1.3481350590534324}, {"element_counts": "(41, 135, 60)", "graphs": 1, "wf_rmse_eV": 1.271051521981299}, {"element_counts": "(0, 84, 48)", "graphs": 1, "wf_rmse_eV": 1.1684232542908255}, {"element_counts": "(19, 69, 30)", "graphs": 1, "wf_rmse_eV": 1.094338656232047}, {"element_counts": "(25, 107, 48)", "graphs": 1, "wf_rmse_eV": 1.0872900412716824}, {"element_counts": "(61, 90, 30)", "graphs": 10, "wf_rmse_eV": 1.0340313982236085}, {"element_counts": "(10, 53, 24)", "graphs": 1, "wf_rmse_eV": 0.9749343778801984}], "scope": "Full supplied split; diagnostic only, no reference-dependent correction or exclusion is applied. Large error alone does not establish bad reference data.", "atomic_numbers": [1, 8, 77]}
2026-10-08 22:43:32.854 INFO: Epoch 0: loss=317.618, RMSE_E_per_atom=1451.2061 meV, RMSE_F=351.1926 meV/A, RMSE_dip_per_atom=3.1409 meA, RMSE_rho=0.1106 me/A^3, RMSE_EF(abs/rel)=213.2072/209.3068 meV, RMSE_ESP=419.3724 mV, RMSE_ESPvac(abs/rel)=480.6258/476.1233 mV, RMSE_WF(abs/rel)=632.7335/623.7524 meV
2026-10-08 22:43:32.854 INFO: 50-step electronic residual maximum: 2.4503e-10
2026-10-08 22:43:32.861 INFO: Optimizer epoch 0: lr=[0.001, 0.001, 0.001, 0.001, 0.001, 0.001, 0.001, 0.001], mean gradient norm=2.2736e+09, clipped=346/346
2026-10-08 22:43:32.861 INFO: Epoch timing: train=258.402s, validation=60.807s, updates=346, train/update=0.74683s, peak allocated=13683.5 MiB, backbone=CuEq
2026-10-08 22:43:32.861 INFO: Optimization budget: graphs=1384/1384, updates=346, mean retained gradient=0.0011408, min retained gradient=1.5514e-11
2026-10-08 22:43:32.861 INFO: Optimizer time scales {"updates_per_epoch": 346, "groups": [{"name": "embedding", "lr": 0.001, "parameter_update_range": [346.0, 346.0], "moment_memory_epochs": [0.02890173410404625, 2.8901734104046217], "AdamW_decay_only_retention_per_epoch": 1.0}, {"name": "interactions_no_decay", "lr": 0.001, "parameter_update_range": [346.0, 346.0], "moment_memory_epochs": [0.02890173410404625, 2.8901734104046217], "AdamW_decay_only_retention_per_epoch": 1.0}, {"name": "products", "lr": 0.001, "parameter_update_range": [346.0, 346.0], "moment_memory_epochs": [0.02890173410404625, 2.8901734104046217], "AdamW_decay_only_retention_per_epoch": 0.9996540596781468}, {"name": "readouts", "lr": 0.001, "parameter_update_range": [346.0, 346.0], "moment_memory_epochs": [0.02890173410404625, 2.8901734104046217], "AdamW_decay_only_retention_per_epoch": 1.0}, {"name": "lr_source_maps", "lr": 0.001, "parameter_update_range": [346.0, 346.0], "moment_memory_epochs": [0.02890173410404625, 2.8901734104046217], "AdamW_decay_only_retention_per_epoch": 1.0}, {"name": "field_dependent_charges_map", "lr": 0.001, "parameter_update_range": [346.0, 346.0], "moment_memory_epochs": [0.02890173410404625, 2.8901734104046217], "AdamW_decay_only_retention_per_epoch": 0.9965459616620003}, {"name": "electronic_references", "lr": 0.001, "parameter_update_range": [346.0, 346.0], "moment_memory_epochs": [0.02890173410404625, 2.8901734104046217], "AdamW_decay_only_retention_per_epoch": 1.0}, {"name": "layer_feature_mixer", "lr": 0.001, "parameter_update_range": [346.0, 346.0], "moment_memory_epochs": [0.02890173410404625, 2.8901734104046217], "AdamW_decay_only_retention_per_epoch": 0.9996540596781468}], "EMA_asymptotic_memory_epochs": 0.2890173410404622}
2026-10-08 22:43:32.861 INFO: Batching: optimizer graphs=4, device graphs<=4; one clipping/Adam/EMA update per optimizer batch
2026-10-08 22:45:59.398 INFO: Full training audit {"graphs": 1384, "index_convention": "supplied loader order, zero based", "force_rmse_by_element_column_eV_A": {"0": 0.2730174070502488, "1": 0.34589672218515377, "2": 0.48327930573712474}, "force_target_rms_by_element_column_eV_A": {"0": 0.7571064396258198, "1": 0.8677033017166068, "2": 0.9535818187475488}, "force_rmse_over_target_rms_by_element_column": {"0": 0.36060637284393005, "1": 0.3986347885283536, "2": 0.5068042366536228}, "density_observers": {"density_RMSE_e_A3": 0.0006896822312534135, "farfield_RMSE_e_A3": 0.0001095018311655289, "scope": "Different Gaussian resolutions of the same error; smaller farfield RMSE is not an accuracy gain."}, "stored_potential_gauge": {"deformation_mean_range_eV": [-1.8911908162794102e-13, 1.6773131068768066e-13], "scope": "Stored k=0 is retained for audit; RMSE_ESP compares fields modulo a uniform offset. Scalar EF/vacuum errors use their stored label convention."}, "potential_error_power_fractions": {"normal_reciprocal_line": 0.9644464509431582, "Gaussian_lowpass": 0.8659060930461309, "Gaussian_width_A": 1.5}, "observed_EF_vac_WF": 1307, "EF_vac_WF_rmse_eV": [0.2306757732614586, 0.4658182336030609, 0.6359977345067355], "EF_vac_WF_relative_rmse_eV": [0.22826488110269702, 0.46312850895483104, 0.6305256784348863], "EF_vac_WF_bias_eV": [-0.03326343976415428, 0.04998610757351337, 0.08324954733766773], "EF_vac_covariance_eV2": -0.06548487970711009, "WF_absolute_error_quantiles_eV": {"median": 0.36149333969906294, "p90": 0.933934484471993, "p99": 2.1643501561005887, "max": 3.1483212362991844}, "WF_identity_max_error_eV": 1.3322676295501878e-15, "absolute_relative_bias_identity_max_error_eV2": 2.7755575615628914e-16, "WF_variance_components_eV2": {"EF": 0.052104855944828374, "vacuum": 0.21448801580672502, "covariance_contribution": 0.13096975941422018}, "largest_relative_WF_errors": [{"index": 1009, "atoms": 185, "composition": [65, 90, 30], "charge": 0.0, "weight": 1.0, "ef": -1.2371848821755065, "vac": 1.9111363541236774, "wf": 3.1483212362991844, "force_rmse": 0.2883322434968949, "potential_error_power_eV2": 1.3947875472396796, "stored_deformation_potential_mean_eV": -3.4347863399756046e-14, "gaussian_lowpass_error_power_eV2": 1.3112013662549553, "planar_error_power_eV2": 1.3859211942707557, "loader_frame_1based": 1010, "EF_vac_WF_centered_errors_eV": [-1.2039214424113522, 1.8611502465501641, 3.065071688961517], "relative_WF_squared_error_fraction": 0.01808007091596314}, {"index": 17, "atoms": 74, "composition": [13, 43, 18], "charge": 0.0, "weight": 1.0, "ef": 0.7684352547931974, "vac": -2.1907296553376545, "wf": -2.959164910130852, "force_rmse": 0.6212440472440371, "potential_error_power_eV2": 3.0903622088503155, "stored_deformation_potential_mean_eV": -9.765213811185891e-14, "gaussian_lowpass_error_power_eV2": 2.8240544290094, "planar_error_power_eV2": 3.0800309161132593, "loader_frame_1based": 18, "EF_vac_WF_centered_errors_eV": [0.8016986945573517, -2.240715762911168, -3.0424144574685195], "relative_WF_squared_error_fraction": 0.01781376047807625}, {"index": 996, "atoms": 183, "composition": [63, 90, 30], "charge": 0.0, "weight": 1.0, "ef": -1.1341590563709771, "vac": 1.9412391026372404, "wf": 3.075398159008218, "force_rmse": 0.27833284114162643, "potential_error_power_eV2": 1.2472668618403953, "stored_deformation_potential_mean_eV": -4.155826815718069e-15, "gaussian_lowpass_error_power_eV2": 1.1627447256630004, "planar_error_power_eV2": 1.2367172947684106, "loader_frame_1based": 997, "EF_vac_WF_centered_errors_eV": [-1.100895616606823, 1.8912529950637271, 2.9921486116705505], "relative_WF_squared_error_fraction": 0.01722999597758409}, {"index": 364, "atoms": 186, "composition": [66, 90, 30], "charge": 0.0, "weight": 1.0, "ef": -1.074238415541523, "vac": 1.691926402781983, "wf": 2.7661648183235057, "force_rmse": 0.41088031358194943, "potential_error_power_eV2": 0.9243366082079104, "stored_deformation_potential_mean_eV": 3.3399631592354674e-14, "gaussian_lowpass_error_power_eV2": 0.8706805755601471, "planar_error_power_eV2": 0.9207971545949477, "loader_frame_1based": 365, "EF_vac_WF_centered_errors_eV": [-1.0409749757773687, 1.6419402952084696, 2.682915270985838], "relative_WF_squared_error_fraction": 0.013852647117105389}, {"index": 1032, "atoms": 163, "composition": [39, 88, 36], "charge": 0.0, "weight": 1.0, "ef": 0.8893635334099823, "vac": -1.600453921812051, "wf": -2.489817455222034, "force_rmse": 0.49663317992145606, "potential_error_power_eV2": 1.7837094584422353, "stored_deformation_potential_mean_eV": 1.255578602397746e-13, "gaussian_lowpass_error_power_eV2": 1.6064677869515986, "planar_error_power_eV2": 1.7674004274089574, "loader_frame_1based": 1033, "EF_vac_WF_centered_errors_eV": [0.9226269731741366, -1.6504400293855643, -2.5730670025597013], "relative_WF_squared_error_fraction": 0.012741514328526788}, {"index": 32, "atoms": 186, "composition": [66, 90, 30], "charge": 0.0, "weight": 1.0, "ef": -1.1298548720119717, "vac": 1.4306285016858453, "wf": 2.5604833736978163, "force_rmse": 0.351028551700522, "potential_error_power_eV2": 0.9057936449885251, "stored_deformation_potential_mean_eV": 3.891736470122235e-14, "gaussian_lowpass_error_power_eV2": 0.8553657479315363, "planar_error_power_eV2": 0.8998941975174454, "loader_frame_1based": 33, "EF_vac_WF_centered_errors_eV": [-1.0965914322478174, 1.380642394112332, 2.4772338263601488], "relative_WF_squared_error_fraction": 0.011810080543302218}, {"index": 1318, "atoms": 186, "composition": [66, 90, 30], "charge": 0.0, "weight": 1.0, "ef": -1.0556049846226188, "vac": 1.4825715297023998, "wf": 2.538176514325018, "force_rmse": 0.3725913057600815, "potential_error_power_eV2": 0.8244279748138109, "stored_deformation_potential_mean_eV": 5.1280046546805924e-14, "gaussian_lowpass_error_power_eV2": 0.774999755495304, "planar_error_power_eV2": 0.8207116125992133, "loader_frame_1based": 1319, "EF_vac_WF_centered_errors_eV": [-1.0223415448584645, 1.4325854221288865, 2.4549269669873506], "relative_WF_squared_error_fraction": 0.01159834463699083}, {"index": 1103, "atoms": 186, "composition": [66, 90, 30], "charge": 0.0, "weight": 1.0, "ef": -1.1832271467333464, "vac": 1.2380820107121329, "wf": 2.421309157445479, "force_rmse": 0.3193720222383343, "potential_error_power_eV2": 1.065655300306857, "stored_deformation_potential_mean_eV": -5.651999945064652e-14, "gaussian_lowpass_error_power_eV2": 0.9999138131420011, "planar_error_power_eV2": 1.051801874362939, "loader_frame_1based": 1104, "EF_vac_WF_centered_errors_eV": [-1.1499637069691921, 1.1880959031386196, 2.3380596101078113], "relative_WF_squared_error_fraction": 0.010520345803444872}], "WF_centered_squared_error_share_largest_10_structures": 0.1330528882368608, "WF_centered_squared_error_share_largest_10_percent": 0.5697862646947314, "independent_single_anchor_EF_vac_WF_RMSE_eV": [0.3228152906689161, 0.6549626184855515, 0.8916979658671131], "relative_error_scope": "One whole-split offset for RMSE_rel; no fitted offset is applied to predictions. Single-anchor expectation assumes independent configurations.", "WF_squared_error_share_largest_10_percent": 0.5717347510943357, "largest_WF_errors": [{"index": 1009, "atoms": 185, "composition": [65, 90, 30], "charge": 0.0, "weight": 1.0, "ef": -1.2371848821755065, "vac": 1.9111363541236774, "wf": 3.1483212362991844, "force_rmse": 0.2883322434968949, "potential_error_power_eV2": 1.3947875472396796, "stored_deformation_potential_mean_eV": -3.4347863399756046e-14, "gaussian_lowpass_error_power_eV2": 1.3112013662549553, "planar_error_power_eV2": 1.3859211942707557}, {"index": 996, "atoms": 183, "composition": [63, 90, 30], "charge": 0.0, "weight": 1.0, "ef": -1.1341590563709771, "vac": 1.9412391026372404, "wf": 3.075398159008218, "force_rmse": 0.27833284114162643, "potential_error_power_eV2": 1.2472668618403953, "stored_deformation_potential_mean_eV": -4.155826815718069e-15, "gaussian_lowpass_error_power_eV2": 1.1627447256630004, "planar_error_power_eV2": 1.2367172947684106}, {"index": 17, "atoms": 74, "composition": [13, 43, 18], "charge": 0.0, "weight": 1.0, "ef": 0.7684352547931974, "vac": -2.1907296553376545, "wf": -2.959164910130852, "force_rmse": 0.6212440472440371, "potential_error_power_eV2": 3.0903622088503155, "stored_deformation_potential_mean_eV": -9.765213811185891e-14, "gaussian_lowpass_error_power_eV2": 2.8240544290094, "planar_error_power_eV2": 3.0800309161132593}, {"index": 364, "atoms": 186, "composition": [66, 90, 30], "charge": 0.0, "weight": 1.0, "ef": -1.074238415541523, "vac": 1.691926402781983, "wf": 2.7661648183235057, "force_rmse": 0.41088031358194943, "potential_error_power_eV2": 0.9243366082079104, "stored_deformation_potential_mean_eV": 3.3399631592354674e-14, "gaussian_lowpass_error_power_eV2": 0.8706805755601471, "planar_error_power_eV2": 0.9207971545949477}, {"index": 32, "atoms": 186, "composition": [66, 90, 30], "charge": 0.0, "weight": 1.0, "ef": -1.1298548720119717, "vac": 1.4306285016858453, "wf": 2.5604833736978163, "force_rmse": 0.351028551700522, "potential_error_power_eV2": 0.9057936449885251, "stored_deformation_potential_mean_eV": 3.891736470122235e-14, "gaussian_lowpass_error_power_eV2": 0.8553657479315363, "planar_error_power_eV2": 0.8998941975174454}, {"index": 1318, "atoms": 186, "composition": [66, 90, 30], "charge": 0.0, "weight": 1.0, "ef": -1.0556049846226188, "vac": 1.4825715297023998, "wf": 2.538176514325018, "force_rmse": 0.3725913057600815, "potential_error_power_eV2": 0.8244279748138109, "stored_deformation_potential_mean_eV": 5.1280046546805924e-14, "gaussian_lowpass_error_power_eV2": 0.774999755495304, "planar_error_power_eV2": 0.8207116125992133}, {"index": 1032, "atoms": 163, "composition": [39, 88, 36], "charge": 0.0, "weight": 1.0, "ef": 0.8893635334099823, "vac": -1.600453921812051, "wf": -2.489817455222034, "force_rmse": 0.49663317992145606, "potential_error_power_eV2": 1.7837094584422353, "stored_deformation_potential_mean_eV": 1.255578602397746e-13, "gaussian_lowpass_error_power_eV2": 1.6064677869515986, "planar_error_power_eV2": 1.7674004274089574}, {"index": 1103, "atoms": 186, "composition": [66, 90, 30], "charge": 0.0, "weight": 1.0, "ef": -1.1832271467333464, "vac": 1.2380820107121329, "wf": 2.421309157445479, "force_rmse": 0.3193720222383343, "potential_error_power_eV2": 1.065655300306857, "stored_deformation_potential_mean_eV": -5.651999945064652e-14, "gaussian_lowpass_error_power_eV2": 0.9999138131420011, "planar_error_power_eV2": 1.051801874362939}], "composition_cohorts": [{"element_counts": "(13, 43, 18)", "graphs": 1, "wf_rmse_eV": 2.959164910130852}, {"element_counts": "(39, 88, 36)", "graphs": 2, "wf_rmse_eV": 2.2609089607490884}, {"element_counts": "(39, 138, 60)", "graphs": 1, "wf_rmse_eV": 2.17367253223079}, {"element_counts": "(37, 137, 60)", "graphs": 1, "wf_rmse_eV": 2.150582521852834}, {"element_counts": "(35, 136, 60)", "graphs": 1, "wf_rmse_eV": 1.8616039876962445}, {"element_counts": "(21, 56, 24)", "graphs": 1, "wf_rmse_eV": 1.8524010244460047}, {"element_counts": "(10, 39, 18)", "graphs": 2, "wf_rmse_eV": 1.7374709561889887}, {"element_counts": "(66, 90, 30)", "graphs": 29, "wf_rmse_eV": 1.612681861248065}, {"element_counts": "(37, 87, 36)", "graphs": 1, "wf_rmse_eV": 1.6112647120056378}, {"element_counts": "(38, 137, 60)", "graphs": 1, "wf_rmse_eV": 1.5952734006197282}, {"element_counts": "(40, 88, 36)", "graphs": 3, "wf_rmse_eV": 1.4891389089106013}, {"element_counts": "(33, 136, 60)", "graphs": 1, "wf_rmse_eV": 1.331737610101257}], "scope": "Full supplied split; diagnostic only, no reference-dependent correction or exclusion is applied. Large error alone does not establish bad reference data.", "atomic_numbers": [1, 8, 77]}
2026-10-08 22:45:59.421 INFO: Full-split generalization {"epoch": 0, "training_graphs": 1384, "validation_graphs": 350, "train": {"rmse_e_per_atom": 1.4592844817474326, "rmse_f": 0.3493003963876861, "rmse_mu_per_atom": 0.0031056009313254213, "rmse_fermi_level": 0.23067577326145872, "rmse_fermi_level_rel": 0.228264881102697, "rmse_rho": 0.00010950183116552892, "rmse_esp": 0.41939486799434594, "rmse_esp_vac": 0.46581823360306124, "rmse_esp_vac_rel": 0.4631285089548314, "rmse_wf_abs": 0.6359977345067356, "rmse_wf_rel": 0.6305256784348862}, "validation": {"rmse_e_per_atom": 1.4512060685714017, "rmse_f": 0.35119261430350635, "rmse_mu_per_atom": 0.0031409281084452314, "rmse_fermi_level": 0.2132071775746899, "rmse_fermi_level_rel": 0.20930676470585094, "rmse_rho": 0.00011063477909218935, "rmse_esp": 0.41937239105506924, "rmse_esp_vac": 0.4806257971547454, "rmse_esp_vac_rel": 0.4761232546325213, "rmse_wf_abs": 0.6327335185910962, "rmse_wf_rel": 0.6237524111723383}, "weighted_training_objectives": {"energy_per_atom": 212.9511198668873, "forces": 61.00538345829733, "dipole": 0.5057037601013591, "fourier_density": 0.11990651028604006, "fourier_potential/spatial": 17.589205529999493, "vacuum_potential": 21.46522485906508, "fermi_level": 5.214475246545995}, "weighted_validation_objectives": {"energy_per_atom": 210.59990534584625, "forces": 61.6681261706657, "dipole": 0.5080286897114616, "fourier_density": 0.12240054344777541, "fourier_potential/spatial": 17.587320237924594, "vacuum_potential": 22.738239115080656, "fermi_level": 4.394248078431017}, "seconds": 146.2192458069767, "scope": "Whole splits at the same EMA parameters and deployment step count; read-only, native units."}
2026-10-08 22:46:23.307 INFO: Electronic diagnostic {"references": {"response_field": "neutral", "proto_fitted": false, "scalar_offsets_EF_vacuum_eV": [-0.7368155125126967, 0.26105529725609106], "scope": "Training-fitted, serialized references. Relative losses remove one constant error, not a separate offset for each structure. No DFT EF enters the free trajectory."}, "train": {"graphs": 32, "charge_span": [0.0, 0.0], "step_comparison": [[{"steps": 12, "WF_eV": 4.432750406776691, "EF_eV": -2.7462944931947315, "residual": 0.00030004417585974275}, {"steps": 50, "WF_eV": 4.432528111921845, "EF_eV": -2.746281639485186, "residual": 1.3002431770159362e-10}, {"steps": 100, "WF_eV": 4.432528111958568, "EF_eV": -2.746281639500443, "residual": 3.885780586188048e-16}], [{"steps": 12, "WF_eV": 4.397466370630913, "EF_eV": -2.8937503814373438, "residual": 0.00017678813418671446}, {"steps": 50, "WF_eV": 4.396788931065361, "EF_eV": -2.8933405296964936, "residual": 8.585170074848492e-11}, {"steps": 100, "WF_eV": 4.3967889310691, "EF_eV": -2.8933405297038965, "residual": 3.3306690738754696e-16}]], "dEF_dQ_and_dWF_dQ_eV_per_e": [[-76.69773399266204, 69.83492895196481], [-123.81044544824232, 117.65152058636976]], "force_RMSE_by_atomic_number_eV_A": {"1": 0.2701732128409406, "8": 0.33375522734927165, "77": 0.4634259900041896}, "force_RMSE_eV_A": 0.3326373182479406, "charge_response_identifiability": "Single-charge data do not determine capacitance; slopes above are predictions, not validation.", "EF_vac_WF_RMSE": [0.1927812535439038, 0.4205839455186376, 0.5666636092905882], "EF_vac_WF_bias": [-0.004039697896738344, 0.11720107680512888, 0.12124077470186734], "EF_vac_covariance": -0.053052632630661484, "WF_relative_RMSE_eV": 0.5535416160000325, "WF_error_variance_from_EF_vac_covariance": 0.30640832064392753, "reference_WF_identity_max_error_eV": 8.881784197001252e-16, "Gaussian_lowpass_potential_error_power_fraction": 0.8597371736860893, "reference_conditioning": {"EF_given_DFT_field_eV_RMSE": 0.15652630825028954, "vacuum_given_DFT_EF_eV_RMSE": 0.6166674227108961, "charge_error_e_RMSE": 0.030801130671875808, "scope": "Oracle conditional errors, not deployment metrics; charge error measures the departure from the prescribed fixed-Q ensemble.", "dmu_dQ_eV_per_e_range": [-133.36110531463348, -3.732384899697982]}}, "validation": {"graphs": 16, "charge_span": [0.0, 0.0], "step_comparison": [[{"steps": 12, "WF_eV": 4.622529258143871, "EF_eV": -2.51462614792562, "residual": 0.00029603604435671227}, {"steps": 50, "WF_eV": 4.622300651466224, "EF_eV": -2.514503612154839, "residual": 8.541375592918676e-11}, {"steps": 100, "WF_eV": 4.622300651513435, "EF_eV": -2.5145036121726223, "residual": 4.163336342344337e-16}], [{"steps": 12, "WF_eV": 5.55287344999196, "EF_eV": -5.291818152735869, "residual": 0.0002762761866494101}, {"steps": 50, "WF_eV": 5.552866427926094, "EF_eV": -5.291811130670004, "residual": 1.5037417838703604e-10}, {"steps": 100, "WF_eV": 5.552866427921966, "EF_eV": -5.2918111306658755, "residual": 4.440892098500626e-16}]], "dEF_dQ_and_dWF_dQ_eV_per_e": [[-82.57807861849838, 75.11276357901109], [-57.524612458914426, 57.524612458914426]], "force_RMSE_by_atomic_number_eV_A": {"1": 0.22368072442564677, "8": 0.3345231856923065, "77": 0.5118914904279684}, "force_RMSE_eV_A": 0.32258248791713434, "charge_response_identifiability": "Single-charge data do not determine capacitance; slopes above are predictions, not validation.", "EF_vac_WF_RMSE": [0.3012119001434644, 0.6169313387206793, 0.9032494022198382], "EF_vac_WF_bias": [-0.04104762788361965, -0.03799143971093772, 0.0030561881726821455], "EF_vac_covariance": -0.17382275704340197, "WF_relative_RMSE_eV": 0.9032442318245648, "WF_error_variance_from_EF_vac_covariance": 0.8158501423243482, "reference_WF_identity_max_error_eV": 8.881784197001252e-16, "Gaussian_lowpass_potential_error_power_fraction": 0.8666189965076196, "reference_conditioning": {"EF_given_DFT_field_eV_RMSE": 0.12882659037361677, "vacuum_given_DFT_EF_eV_RMSE": 1.108034082320609, "charge_error_e_RMSE": 0.036621272063485553, "scope": "Oracle conditional errors, not deployment metrics; charge error measures the departure from the prescribed fixed-Q ensemble.", "dmu_dQ_eV_per_e_range": [-100.06208360416112, -4.252205069562886]}}, "model_field_EF_readout_probe": {"selected": "no correction", "relative": true, "inner_RMSE": 0.13854920890098865, "development_RMSE": 0.2984019119127159}, "epoch": 0, "WF_generalization": {"panel_relative_gap_eV": 0.3497026158245323, "validation_covariance_amplification_eV2": 0.34764551408680394, "bias_only_correction_is_insufficient": true}, "response_weight_norms": {"vector_out.weight": 1.7162682866418446, "scalar_out.weight": 0.7164349677146781, "state_scalar.weight": 4.581983722284978, "state_vector.weight": 2.376225216922828, "neighbor_scalar.weight": 0.5652676549120595, "neighbor_vector.weight": 0.35766567499879603, "common_level.weight": 0.16157314924187907}, "regularization": {"field_weight_decay": 0.01}, "objective_gradients": {"training_indices": [0, 692], "atoms": 180, "terms": {"energy_per_atom": {"weighted_loss": 4.794050137975991, "gradient_norm": 2418.15371332405}, "forces": {"weighted_loss": 48.53588731769595, "gradient_norm": 379.44170635056014}, "dipole": {"weighted_loss": 0.3216031333391257, "gradient_norm": 7.051483456446789}, "fourier_density": {"weighted_loss": 0.05485622433367216, "gradient_norm": 6.277558454370023}, "fourier_potential": {"weighted_loss": 22.826477277170543, "gradient_norm": 649.3594881436353}, "vacuum_potential": {"weighted_loss": 9.570116706878345, "gradient_norm": 265.96369983353895, "relative": true, "observed_labels": 2, "pair_weight": 1.0}, "fermi_level": {"weighted_loss": 0.06530334465515199, "gradient_norm": 9.409377790382408, "relative": true, "observed_labels": 2, "pair_weight": 1.0}, "density_observer_density": {"weighted_loss": 6.329609481438975, "gradient_norm": 297.53565584723776}}, "cosines": {"energy_per_atom / forces": -0.12119412491732998, "energy_per_atom / dipole": -0.0037701404992602004, "energy_per_atom / fourier_density": -0.0019729707887759652, "energy_per_atom / fourier_potential": -0.0034143167994575923, "energy_per_atom / vacuum_potential": 0.008296666984037714, "energy_per_atom / fermi_level": 0.007891201401356617, "energy_per_atom / density_observer_density": -0.012004484093663614, "forces / dipole": 0.012432742175144866, "forces / fourier_density": 0.00837570268323613, "forces / fourier_potential": 0.017581089361521016, "forces / vacuum_potential": -0.010334616780557904, "forces / fermi_level": -0.029643063109407893, "forces / density_observer_density": -0.003948663300636351, "dipole / fourier_density": 0.11935015575601818, "dipole / fourier_potential": 0.7082651690889, "dipole / vacuum_potential": -0.017480944077963034, "dipole / fermi_level": -0.45375260043090887, "dipole / density_observer_density": 0.10343674719909575, "fourier_density / fourier_potential": 0.57784624285112, "fourier_density / vacuum_potential": -0.25875207215284374, "fourier_density / fermi_level": 0.1193557553267215, "fourier_density / density_observer_density": -0.04050542407720118, "fourier_potential / vacuum_potential": -0.30915445724464774, "fourier_potential / fermi_level": -0.09772466552277749, "fourier_potential / density_observer_density": 0.40635202611201665, "vacuum_potential / fermi_level": 0.1776772520523535, "vacuum_potential / density_observer_density": -0.10380021784120817, "fermi_level / density_observer_density": 0.0686863807003683}, "scope": "Training pair for relative losses, otherwise one graph; before clipping, diagnostic only.", "parameter_state": "EMA"}, "scope": "Deterministic panels, not whole-dataset metrics. Validation is development data, never used for fitting or selecting the probe."}
2026-10-08 22:57:36.296 INFO: Training-only scalar reference calibration {'fermi_level': {'observed_training_graphs': 61, 'shift_eV': -0.0950291340981493, 'reference_eV': -0.831844646610846, 'panel_RMSE_before_eV': 0.23233823050403382, 'panel_RMSE_after_eV': 0.21201536978790358}, 'vacuum_potential': {'observed_training_graphs': 61, 'shift_eV': -0.10875048243003464, 'reference_eV': 0.1523048148260564, 'panel_RMSE_before_eV': 0.4552994853014215, 'panel_RMSE_after_eV': 0.442120972005371}, 'seconds': 9.179602412012173}; constants saved with the model; relative errors and physical fixed-Q trajectory unchanged
2026-10-08 22:58:12.730 INFO: Full validation audit {"graphs": 350, "index_convention": "supplied loader order, zero based", "force_rmse_by_element_column_eV_A": {"0": 0.1698738481478359, "1": 0.2571235042661181, "2": 0.3959486478718191}, "force_target_rms_by_element_column_eV_A": {"0": 0.7583041629256339, "1": 0.8719660684898465, "2": 0.9586983364634067}, "force_rmse_over_target_rms_by_element_column": {"0": 0.22401808727047073, "1": 0.2948778783461482, "2": 0.4130065035185678}, "density_observers": {"density_RMSE_e_A3": 0.0008234567380188319, "farfield_RMSE_e_A3": 7.976375518419429e-05, "scope": "Different Gaussian resolutions of the same error; smaller farfield RMSE is not an accuracy gain."}, "stored_potential_gauge": {"deformation_mean_range_eV": [-1.923389086888605e-13, 1.7333365232548237e-13], "scope": "Stored k=0 is retained for audit; RMSE_ESP compares fields modulo a uniform offset. Scalar EF/vacuum errors use their stored label convention."}, "potential_error_power_fractions": {"normal_reciprocal_line": 0.9528410195635709, "Gaussian_lowpass": 0.8376545803265377, "Gaussian_width_A": 1.5}, "observed_EF_vac_WF": 330, "EF_vac_WF_rmse_eV": [0.19714187354234886, 0.40140257551468767, 0.546614617774748], "EF_vac_WF_relative_rmse_eV": [0.19500033280623924, 0.39841496765880524, 0.5410407040065464], "EF_vac_WF_bias_eV": [-0.028979104700515148, 0.04888293337411169, 0.07786203807462684], "EF_vac_covariance_eV2": -0.04798271357139425, "WF_absolute_error_quantiles_eV": {"median": 0.3303142134283621, "p90": 0.778202912715987, "p99": 1.7654293946055675, "max": 2.65795099381236}, "WF_identity_max_error_eV": 1.5543122344752192e-15, "absolute_relative_bias_identity_max_error_eV2": 2.220446049250313e-16, "WF_variance_components_eV2": {"EF": 0.03802512979454404, "vacuum": 0.15873448645456675, "covariance_contribution": 0.0959654271427885}, "largest_relative_WF_errors": [{"index": 134, "atoms": 180, "composition": [0, 120, 60], "charge": 0.0, "weight": 1.0, "ef": 0.539779501951326, "vac": -2.118171491861035, "wf": -2.65795099381236, "force_rmse": 0.7043506716135102, "potential_error_power_eV2": 1.9771683535818854, "stored_deformation_potential_mean_eV": -4.632205743448059e-14, "gaussian_lowpass_error_power_eV2": 1.7553972542901897, "planar_error_power_eV2": 1.9761213703131366, "loader_frame_1based": 135, "EF_vac_WF_centered_errors_eV": [0.5687586066518411, -2.1670544252351465, -2.7358130318869867], "relative_WF_squared_error_fraction": 0.07748167647220061}, {"index": 293, "atoms": 108, "composition": [0, 72, 36], "charge": 0.0, "weight": 1.0, "ef": 0.6311306419830309, "vac": -1.7663521691262076, "wf": -2.3974828111092386, "force_rmse": 0.9321707299196034, "potential_error_power_eV2": 1.7890010648811274, "stored_deformation_potential_mean_eV": 8.093184424396893e-14, "gaussian_lowpass_error_power_eV2": 1.5518503744352492, "planar_error_power_eV2": 1.7877391719392994, "loader_frame_1based": 294, "EF_vac_WF_centered_errors_eV": [0.660109746683546, -1.8152351025003193, -2.475344849183865], "relative_WF_squared_error_fraction": 0.06343042222481181}, {"index": 81, "atoms": 186, "composition": [66, 90, 30], "charge": 0.0, "weight": 1.0, "ef": -0.7328334108069754, "vac": 1.3063418005324405, "wf": 2.039175211339416, "force_rmse": 0.23525694387841178, "potential_error_power_eV2": 0.5738835794762605, "stored_deformation_potential_mean_eV": 3.672108684987309e-14, "gaussian_lowpass_error_power_eV2": 0.5376637386217428, "planar_error_power_eV2": 0.5692444423514565, "loader_frame_1based": 82, "EF_vac_WF_centered_errors_eV": [-0.7038543061064603, 1.2574588671583289, 1.961313173264789], "relative_WF_squared_error_fraction": 0.03982172525564848}, {"index": 2, "atoms": 186, "composition": [66, 90, 30], "charge": 0.0, "weight": 1.0, "ef": -0.9335939907346755, "vac": 0.8390981757259417, "wf": 1.7726921664606172, "force_rmse": 0.2942217909715485, "potential_error_power_eV2": 0.5843836824648382, "stored_deformation_potential_mean_eV": -2.104417395703619e-15, "gaussian_lowpass_error_power_eV2": 0.5453956443098704, "planar_error_power_eV2": 0.5784134416947286, "loader_frame_1based": 3, "EF_vac_WF_centered_errors_eV": [-0.9046148860341604, 0.79021524235183, 1.6948301283859903], "relative_WF_squared_error_fraction": 0.029735725052620076}, {"index": 91, "atoms": 181, "composition": [61, 90, 30], "charge": 0.0, "weight": 1.0, "ef": -0.6777814619803687, "vac": 1.0698666636007683, "wf": 1.747648125581137, "force_rmse": 0.23977665325725167, "potential_error_power_eV2": 0.6246663301352993, "stored_deformation_potential_mean_eV": -2.6523668967178466e-14, "gaussian_lowpass_error_power_eV2": 0.5648566258607638, "planar_error_power_eV2": 0.6121630532004442, "loader_frame_1based": 92, "EF_vac_WF_centered_errors_eV": [-0.6488023572798536, 1.0209837302266567, 1.66978608750651], "relative_WF_squared_error_fraction": 0.02886342455790797}, {"index": 140, "atoms": 82, "composition": [20, 44, 18], "charge": 0.0, "weight": 1.0, "ef": 0.4774158760451632, "vac": -1.1012561399653942, "wf": -1.5786720160105574, "force_rmse": 0.3773425275282748, "potential_error_power_eV2": 0.5827492854671327, "stored_deformation_potential_mean_eV": -6.447843251386079e-15, "gaussian_lowpass_error_power_eV2": 0.5074686204852363, "planar_error_power_eV2": 0.5696255731300105, "loader_frame_1based": 141, "EF_vac_WF_centered_errors_eV": [0.5063949807456783, -1.1501390733395058, -1.6565340540851843], "relative_WF_squared_error_fraction": 0.028407101148024787}, {"index": 304, "atoms": 180, "composition": [60, 90, 30], "charge": 0.0, "weight": 1.0, "ef": -0.38521352934211417, "vac": 1.2927186181321302, "wf": 1.6779321474742446, "force_rmse": 0.23924062212845365, "potential_error_power_eV2": 0.7971944381723961, "stored_deformation_potential_mean_eV": 3.4053226704110426e-14, "gaussian_lowpass_error_power_eV2": 0.736807300374344, "planar_error_power_eV2": 0.7880723046935314, "loader_frame_1based": 305, "EF_vac_WF_centered_errors_eV": [-0.35623442464159905, 1.2438356847580185, 1.6000701093996177], "relative_WF_squared_error_fraction": 0.026503559556424874}, {"index": 147, "atoms": 186, "composition": [66, 90, 30], "charge": 0.0, "weight": 1.0, "ef": -0.606063830198428, "vac": 1.0175233619480344, "wf": 1.6235871921464624, "force_rmse": 0.2707803662927968, "potential_error_power_eV2": 0.3554435235775775, "stored_deformation_potential_mean_eV": 5.296572984662304e-14, "gaussian_lowpass_error_power_eV2": 0.3304420293246381, "planar_error_power_eV2": 0.35105409464018655, "loader_frame_1based": 148, "EF_vac_WF_centered_errors_eV": [-0.5770847254979129, 0.9686404285739227, 1.5457251540718355], "relative_WF_squared_error_fraction": 0.024733793458635855}], "WF_centered_squared_error_share_largest_10_structures": 0.367158091564732, "WF_centered_squared_error_share_largest_10_percent": 0.5885320316927486, "independent_single_anchor_EF_vac_WF_RMSE_eV": [0.2757721153218507, 0.5634438507155204, 0.7651471014019453], "relative_error_scope": "One whole-split offset for RMSE_rel; no fitted offset is applied to predictions. Single-anchor expectation assumes independent configurations.", "WF_squared_error_share_largest_10_percent": 0.5851962953460922, "largest_WF_errors": [{"index": 134, "atoms": 180, "composition": [0, 120, 60], "charge": 0.0, "weight": 1.0, "ef": 0.539779501951326, "vac": -2.118171491861035, "wf": -2.65795099381236, "force_rmse": 0.7043506716135102, "potential_error_power_eV2": 1.9771683535818854, "stored_deformation_potential_mean_eV": -4.632205743448059e-14, "gaussian_lowpass_error_power_eV2": 1.7553972542901897, "planar_error_power_eV2": 1.9761213703131366}, {"index": 293, "atoms": 108, "composition": [0, 72, 36], "charge": 0.0, "weight": 1.0, "ef": 0.6311306419830309, "vac": -1.7663521691262076, "wf": -2.3974828111092386, "force_rmse": 0.9321707299196034, "potential_error_power_eV2": 1.7890010648811274, "stored_deformation_potential_mean_eV": 8.093184424396893e-14, "gaussian_lowpass_error_power_eV2": 1.5518503744352492, "planar_error_power_eV2": 1.7877391719392994}, {"index": 81, "atoms": 186, "composition": [66, 90, 30], "charge": 0.0, "weight": 1.0, "ef": -0.7328334108069754, "vac": 1.3063418005324405, "wf": 2.039175211339416, "force_rmse": 0.23525694387841178, "potential_error_power_eV2": 0.5738835794762605, "stored_deformation_potential_mean_eV": 3.672108684987309e-14, "gaussian_lowpass_error_power_eV2": 0.5376637386217428, "planar_error_power_eV2": 0.5692444423514565}, {"index": 2, "atoms": 186, "composition": [66, 90, 30], "charge": 0.0, "weight": 1.0, "ef": -0.9335939907346755, "vac": 0.8390981757259417, "wf": 1.7726921664606172, "force_rmse": 0.2942217909715485, "potential_error_power_eV2": 0.5843836824648382, "stored_deformation_potential_mean_eV": -2.104417395703619e-15, "gaussian_lowpass_error_power_eV2": 0.5453956443098704, "planar_error_power_eV2": 0.5784134416947286}, {"index": 91, "atoms": 181, "composition": [61, 90, 30], "charge": 0.0, "weight": 1.0, "ef": -0.6777814619803687, "vac": 1.0698666636007683, "wf": 1.747648125581137, "force_rmse": 0.23977665325725167, "potential_error_power_eV2": 0.6246663301352993, "stored_deformation_potential_mean_eV": -2.6523668967178466e-14, "gaussian_lowpass_error_power_eV2": 0.5648566258607638, "planar_error_power_eV2": 0.6121630532004442}, {"index": 304, "atoms": 180, "composition": [60, 90, 30], "charge": 0.0, "weight": 1.0, "ef": -0.38521352934211417, "vac": 1.2927186181321302, "wf": 1.6779321474742446, "force_rmse": 0.23924062212845365, "potential_error_power_eV2": 0.7971944381723961, "stored_deformation_potential_mean_eV": 3.4053226704110426e-14, "gaussian_lowpass_error_power_eV2": 0.736807300374344, "planar_error_power_eV2": 0.7880723046935314}, {"index": 147, "atoms": 186, "composition": [66, 90, 30], "charge": 0.0, "weight": 1.0, "ef": -0.606063830198428, "vac": 1.0175233619480344, "wf": 1.6235871921464624, "force_rmse": 0.2707803662927968, "potential_error_power_eV2": 0.3554435235775775, "stored_deformation_potential_mean_eV": 5.296572984662304e-14, "gaussian_lowpass_error_power_eV2": 0.3304420293246381, "planar_error_power_eV2": 0.35105409464018655}, {"index": 47, "atoms": 186, "composition": [66, 90, 30], "charge": 0.0, "weight": 1.0, "ef": -0.5677093965794595, "vac": 1.050571156078608, "wf": 1.6182805526580675, "force_rmse": 0.2272297575309478, "potential_error_power_eV2": 0.35416040718941083, "stored_deformation_potential_mean_eV": 2.1296753118934743e-14, "gaussian_lowpass_error_power_eV2": 0.3204371701190449, "planar_error_power_eV2": 0.349304899956395}], "composition_cohorts": [{"element_counts": "(0, 120, 60)", "graphs": 2, "wf_rmse_eV": 1.8860058678386031}, {"element_counts": "(60, 90, 30)", "graphs": 1, "wf_rmse_eV": 1.6779321474742446}, {"element_counts": "(20, 44, 18)", "graphs": 1, "wf_rmse_eV": 1.5786720160105574}, {"element_counts": "(40, 111, 48)", "graphs": 1, "wf_rmse_eV": 1.432544357946104}, {"element_counts": "(40, 88, 36)", "graphs": 1, "wf_rmse_eV": 1.3992136110317182}, {"element_counts": "(66, 90, 30)", "graphs": 10, "wf_rmse_eV": 1.30058090986405}, {"element_counts": "(0, 72, 36)", "graphs": 4, "wf_rmse_eV": 1.2423601833541913}, {"element_counts": "(41, 135, 60)", "graphs": 1, "wf_rmse_eV": 1.0746054790215451}, {"element_counts": "(32, 87, 36)", "graphs": 1, "wf_rmse_eV": 0.9874441927156461}, {"element_counts": "(19, 69, 30)", "graphs": 1, "wf_rmse_eV": 0.8762501132579033}, {"element_counts": "(19, 57, 24)", "graphs": 1, "wf_rmse_eV": 0.8197745244938366}, {"element_counts": "(31, 135, 60)", "graphs": 1, "wf_rmse_eV": 0.7968020329043624}], "scope": "Full supplied split; diagnostic only, no reference-dependent correction or exclusion is applied. Large error alone does not establish bad reference data.", "atomic_numbers": [1, 8, 77]}
2026-10-08 22:58:12.733 INFO: Epoch 5: loss=257.92, RMSE_E_per_atom=1388.4593 meV, RMSE_F=257.7210 meV/A, RMSE_dip_per_atom=2.5633 meA, RMSE_rho=0.0798 me/A^3, RMSE_EF(abs/rel)=197.1419/195.0003 meV, RMSE_ESP=343.5659 mV, RMSE_ESPvac(abs/rel)=401.4026/398.4150 mV, RMSE_WF(abs/rel)=546.6146/541.0407 meV
2026-10-08 22:58:12.733 INFO: 50-step electronic residual maximum: 5.411e-10
2026-10-08 22:58:12.743 INFO: Optimizer epoch 5: lr=[0.001, 0.001, 0.001, 0.001, 0.001, 0.001, 0.001, 0.001], mean gradient norm=9255.7, clipped=346/346
2026-10-08 22:58:12.743 INFO: Epoch timing: train=130.594s, validation=45.627s, updates=346, train/update=0.37744s, peak allocated=14000.9 MiB, backbone=CuEq
2026-10-08 22:58:12.743 INFO: Optimization budget: graphs=1384/1384, updates=346, mean retained gradient=0.0027803, min retained gradient=0.00011869
2026-10-08 22:58:12.743 INFO: Optimizer time scales {"updates_per_epoch": 346, "groups": [{"name": "embedding", "lr": 0.001, "parameter_update_range": [2076.0, 2076.0], "moment_memory_epochs": [0.02890173410404625, 2.8901734104046217], "AdamW_decay_only_retention_per_epoch": 1.0}, {"name": "interactions_no_decay", "lr": 0.001, "parameter_update_range": [2076.0, 2076.0], "moment_memory_epochs": [0.02890173410404625, 2.8901734104046217], "AdamW_decay_only_retention_per_epoch": 1.0}, {"name": "products", "lr": 0.001, "parameter_update_range": [2076.0, 2076.0], "moment_memory_epochs": [0.02890173410404625, 2.8901734104046217], "AdamW_decay_only_retention_per_epoch": 0.9996540596781468}, {"name": "readouts", "lr": 0.001, "parameter_update_range": [2076.0, 2076.0], "moment_memory_epochs": [0.02890173410404625, 2.8901734104046217], "AdamW_decay_only_retention_per_epoch": 1.0}, {"name": "lr_source_maps", "lr": 0.001, "parameter_update_range": [2076.0, 2076.0], "moment_memory_epochs": [0.02890173410404625, 2.8901734104046217], "AdamW_decay_only_retention_per_epoch": 1.0}, {"name": "field_dependent_charges_map", "lr": 0.001, "parameter_update_range": [2076.0, 2076.0], "moment_memory_epochs": [0.02890173410404625, 2.8901734104046217], "AdamW_decay_only_retention_per_epoch": 0.9965459616620003}, {"name": "electronic_references", "lr": 0.001, "parameter_update_range": [2076.0, 2076.0], "moment_memory_epochs": [0.02890173410404625, 2.8901734104046217], "AdamW_decay_only_retention_per_epoch": 1.0}, {"name": "layer_feature_mixer", "lr": 0.001, "parameter_update_range": [2076.0, 2076.0], "moment_memory_epochs": [0.02890173410404625, 2.8901734104046217], "AdamW_decay_only_retention_per_epoch": 0.9996540596781468}], "EMA_asymptotic_memory_epochs": 0.2890173410404622}
2026-10-08 22:58:12.743 INFO: Batching: optimizer graphs=4, device graphs<=4; one clipping/Adam/EMA update per optimizer batch
2026-10-08 23:09:17.312 INFO: Training-only scalar reference calibration {'fermi_level': {'observed_training_graphs': 61, 'shift_eV': 0.38199863667575723, 'reference_eV': -0.4498460099350888, 'panel_RMSE_before_eV': 0.4259701142743794, 'panel_RMSE_after_eV': 0.18848761188149918}, 'vacuum_potential': {'observed_training_graphs': 61, 'shift_eV': -0.05219612225206171, 'reference_eV': 0.10010869257399468, 'panel_RMSE_before_eV': 0.40219247209888537, 'panel_RMSE_after_eV': 0.3987911100248606}, 'seconds': 9.052216556010535}; constants saved with the model; relative errors and physical fixed-Q trajectory unchanged
2026-10-08 23:09:53.632 INFO: Full validation audit {"graphs": 350, "index_convention": "supplied loader order, zero based", "force_rmse_by_element_column_eV_A": {"0": 0.16918115203775042, "1": 0.24395233150463225, "2": 0.36646961538346307}, "force_target_rms_by_element_column_eV_A": {"0": 0.7583041629256339, "1": 0.8719660684898465, "2": 0.9586983364634067}, "force_rmse_over_target_rms_by_element_column": {"0": 0.22310460671220375, "1": 0.2797727346513976, "2": 0.38225748543108184}, "density_observers": {"density_RMSE_e_A3": 0.0009949357815228748, "farfield_RMSE_e_A3": 0.0001105102719954607, "scope": "Different Gaussian resolutions of the same error; smaller farfield RMSE is not an accuracy gain."}, "stored_potential_gauge": {"deformation_mean_range_eV": [-1.923389086888605e-13, 1.7333365232548237e-13], "scope": "Stored k=0 is retained for audit; RMSE_ESP compares fields modulo a uniform offset. Scalar EF/vacuum errors use their stored label convention."}, "potential_error_power_fractions": {"normal_reciprocal_line": 0.9335371940649874, "Gaussian_lowpass": 0.8141049766716729, "Gaussian_width_A": 1.5}, "observed_EF_vac_WF": 330, "EF_vac_WF_rmse_eV": [0.1792293230482449, 0.35728960272536575, 0.4963127778634819], "EF_vac_WF_relative_rmse_eV": [0.17773725051821282, 0.35533280046673515, 0.49262122432739397], "EF_vac_WF_bias_eV": [-0.023078561882365706, 0.03734248422530487, 0.06042104610767062], "EF_vac_covariance_eV2": -0.04241187067425698, "WF_absolute_error_quantiles_eV": {"median": 0.24885090593882975, "p90": 0.6808800977300472, "p99": 1.499744344284937, "max": 3.131988027385021}, "WF_identity_max_error_eV": 1.1102230246251565e-15, "absolute_relative_bias_identity_max_error_eV2": 5.551115123125783e-17, "WF_variance_components_eV2": {"EF": 0.03159053022177393, "vacuum": 0.12626139908753262, "covariance_contribution": 0.08482374134851396}, "largest_relative_WF_errors": [{"index": 134, "atoms": 180, "composition": [0, 120, 60], "charge": 0.0, "weight": 1.0, "ef": 0.7324243587295973, "vac": -2.399563668655425, "wf": -3.131988027385021, "force_rmse": 0.7052714612662221, "potential_error_power_eV2": 2.16970452299647, "stored_deformation_potential_mean_eV": -4.632205743448059e-14, "gaussian_lowpass_error_power_eV2": 1.9225097987158501, "planar_error_power_eV2": 2.1684813528462152, "loader_frame_1based": 135, "EF_vac_WF_centered_errors_eV": [0.755502920611963, -2.43690615288073, -3.1924090734926915], "relative_WF_squared_error_fraction": 0.1272614580216598}, {"index": 293, "atoms": 108, "composition": [0, 72, 36], "charge": 0.0, "weight": 1.0, "ef": 0.9040119112735829, "vac": -2.0643593517242755, "wf": -2.9683712629978594, "force_rmse": 0.8529864365008152, "potential_error_power_eV2": 2.02180802394661, "stored_deformation_potential_mean_eV": 8.093184424396893e-14, "gaussian_lowpass_error_power_eV2": 1.7487361657517226, "planar_error_power_eV2": 2.0203633937453804, "loader_frame_1based": 294, "EF_vac_WF_centered_errors_eV": [0.9270904731559486, -2.1017018359495805, -3.0287923091055298], "relative_WF_squared_error_fraction": 0.11455098007508852}, {"index": 304, "atoms": 180, "composition": [60, 90, 30], "charge": 0.0, "weight": 1.0, "ef": -0.6858216905110004, "vac": 1.473244042040653, "wf": 2.159065732551654, "force_rmse": 0.24279707066209136, "potential_error_power_eV2": 1.1503520618634044, "stored_deformation_potential_mean_eV": 3.4053226704110426e-14, "gaussian_lowpass_error_power_eV2": 1.0610004238424369, "planar_error_power_eV2": 1.135096770823334, "loader_frame_1based": 305, "EF_vac_WF_centered_errors_eV": [-0.6627431286286347, 1.435901557815348, 2.0986446864439836], "relative_WF_squared_error_fraction": 0.054996829507001285}, {"index": 47, "atoms": 186, "composition": [66, 90, 30], "charge": 0.0, "weight": 1.0, "ef": -0.5782399713801969, "vac": 0.9420726947665234, "wf": 1.5203126661467203, "force_rmse": 0.21123331623037697, "potential_error_power_eV2": 0.348069284344837, "stored_deformation_potential_mean_eV": 2.1296753118934743e-14, "gaussian_lowpass_error_power_eV2": 0.3097709662551744, "planar_error_power_eV2": 0.3407204114688963, "loader_frame_1based": 48, "EF_vac_WF_centered_errors_eV": [-0.5551614094978312, 0.9047302105412186, 1.4598916200390497], "relative_WF_squared_error_fraction": 0.026613442373680535}, {"index": 140, "atoms": 82, "composition": [20, 44, 18], "charge": 0.0, "weight": 1.0, "ef": 0.4393457129369547, "vac": -0.8974252529379267, "wf": -1.3367709658748819, "force_rmse": 0.3616828066709963, "potential_error_power_eV2": 0.4163671487633745, "stored_deformation_potential_mean_eV": -6.447843251386079e-15, "gaussian_lowpass_error_power_eV2": 0.36485560051052607, "planar_error_power_eV2": 0.40785550890538, "loader_frame_1based": 141, "EF_vac_WF_centered_errors_eV": [0.46242427481932036, -0.9347677371632316, -1.3971920119825525], "relative_WF_squared_error_fraction": 0.024376537062024355}, {"index": 81, "atoms": 186, "composition": [66, 90, 30], "charge": 0.0, "weight": 1.0, "ef": -0.5180255580584743, "vac": 0.9313618602889977, "wf": 1.449387418347472, "force_rmse": 0.22700651917423315, "potential_error_power_eV2": 0.2867961765920201, "stored_deformation_potential_mean_eV": 3.672108684987309e-14, "gaussian_lowpass_error_power_eV2": 0.263427152460376, "planar_error_power_eV2": 0.2812925292265212, "loader_frame_1based": 82, "EF_vac_WF_centered_errors_eV": [-0.4949469961761086, 0.8940193760636929, 1.3889663722398014], "relative_WF_squared_error_fraction": 0.024090359679268192}, {"index": 147, "atoms": 186, "composition": [66, 90, 30], "charge": 0.0, "weight": 1.0, "ef": -0.5956907710126953, "vac": 0.8533490138646864, "wf": 1.4490397848773822, "force_rmse": 0.24004718481868165, "potential_error_power_eV2": 0.3012095020572095, "stored_deformation_potential_mean_eV": 5.296572984662304e-14, "gaussian_lowpass_error_power_eV2": 0.27639338003253344, "planar_error_power_eV2": 0.2938689770642262, "loader_frame_1based": 148, "EF_vac_WF_centered_errors_eV": [-0.5726122091303296, 0.8160065296393816, 1.3886187387697115], "relative_WF_squared_error_fraction": 0.024078302414974304}, {"index": 91, "atoms": 181, "composition": [61, 90, 30], "charge": 0.0, "weight": 1.0, "ef": -0.5921323709546692, "vac": 0.8160750246560671, "wf": 1.4082073956107357, "force_rmse": 0.2247302265347634, "potential_error_power_eV2": 0.36771126750027533, "stored_deformation_potential_mean_eV": -2.6523668967178466e-14, "gaussian_lowpass_error_power_eV2": 0.32281661832419295, "planar_error_power_eV2": 0.3542571811126652, "loader_frame_1based": 92, "EF_vac_WF_centered_errors_eV": [-0.5690538090723035, 0.7787325404307622, 1.347786349503065], "relative_WF_squared_error_fraction": 0.022683074991241656}], "WF_centered_squared_error_share_largest_10_structures": 0.4541535590665587, "WF_centered_squared_error_share_largest_10_percent": 0.6530098671194472, "independent_single_anchor_EF_vac_WF_RMSE_eV": [0.251358430221761, 0.5025164655760697, 0.6966716165566393], "relative_error_scope": "One whole-split offset for RMSE_rel; no fitted offset is applied to predictions. Single-anchor expectation assumes independent configurations.", "WF_squared_error_share_largest_10_percent": 0.6563326522304034, "largest_WF_errors": [{"index": 134, "atoms": 180, "composition": [0, 120, 60], "charge": 0.0, "weight": 1.0, "ef": 0.7324243587295973, "vac": -2.399563668655425, "wf": -3.131988027385021, "force_rmse": 0.7052714612662221, "potential_error_power_eV2": 2.16970452299647, "stored_deformation_potential_mean_eV": -4.632205743448059e-14, "gaussian_lowpass_error_power_eV2": 1.9225097987158501, "planar_error_power_eV2": 2.1684813528462152}, {"index": 293, "atoms": 108, "composition": [0, 72, 36], "charge": 0.0, "weight": 1.0, "ef": 0.9040119112735829, "vac": -2.0643593517242755, "wf": -2.9683712629978594, "force_rmse": 0.8529864365008152, "potential_error_power_eV2": 2.02180802394661, "stored_deformation_potential_mean_eV": 8.093184424396893e-14, "gaussian_lowpass_error_power_eV2": 1.7487361657517226, "planar_error_power_eV2": 2.0203633937453804}, {"index": 304, "atoms": 180, "composition": [60, 90, 30], "charge": 0.0, "weight": 1.0, "ef": -0.6858216905110004, "vac": 1.473244042040653, "wf": 2.159065732551654, "force_rmse": 0.24279707066209136, "potential_error_power_eV2": 1.1503520618634044, "stored_deformation_potential_mean_eV": 3.4053226704110426e-14, "gaussian_lowpass_error_power_eV2": 1.0610004238424369, "planar_error_power_eV2": 1.135096770823334}, {"index": 47, "atoms": 186, "composition": [66, 90, 30], "charge": 0.0, "weight": 1.0, "ef": -0.5782399713801969, "vac": 0.9420726947665234, "wf": 1.5203126661467203, "force_rmse": 0.21123331623037697, "potential_error_power_eV2": 0.348069284344837, "stored_deformation_potential_mean_eV": 2.1296753118934743e-14, "gaussian_lowpass_error_power_eV2": 0.3097709662551744, "planar_error_power_eV2": 0.3407204114688963}, {"index": 81, "atoms": 186, "composition": [66, 90, 30], "charge": 0.0, "weight": 1.0, "ef": -0.5180255580584743, "vac": 0.9313618602889977, "wf": 1.449387418347472, "force_rmse": 0.22700651917423315, "potential_error_power_eV2": 0.2867961765920201, "stored_deformation_potential_mean_eV": 3.672108684987309e-14, "gaussian_lowpass_error_power_eV2": 0.263427152460376, "planar_error_power_eV2": 0.2812925292265212}, {"index": 147, "atoms": 186, "composition": [66, 90, 30], "charge": 0.0, "weight": 1.0, "ef": -0.5956907710126953, "vac": 0.8533490138646864, "wf": 1.4490397848773822, "force_rmse": 0.24004718481868165, "potential_error_power_eV2": 0.3012095020572095, "stored_deformation_potential_mean_eV": 5.296572984662304e-14, "gaussian_lowpass_error_power_eV2": 0.27639338003253344, "planar_error_power_eV2": 0.2938689770642262}, {"index": 91, "atoms": 181, "composition": [61, 90, 30], "charge": 0.0, "weight": 1.0, "ef": -0.5921323709546692, "vac": 0.8160750246560671, "wf": 1.4082073956107357, "force_rmse": 0.2247302265347634, "potential_error_power_eV2": 0.36771126750027533, "stored_deformation_potential_mean_eV": -2.6523668967178466e-14, "gaussian_lowpass_error_power_eV2": 0.32281661832419295, "planar_error_power_eV2": 0.3542571811126652}, {"index": 140, "atoms": 82, "composition": [20, 44, 18], "charge": 0.0, "weight": 1.0, "ef": 0.4393457129369547, "vac": -0.8974252529379267, "wf": -1.3367709658748819, "force_rmse": 0.3616828066709963, "potential_error_power_eV2": 0.4163671487633745, "stored_deformation_potential_mean_eV": -6.447843251386079e-15, "gaussian_lowpass_error_power_eV2": 0.36485560051052607, "planar_error_power_eV2": 0.40785550890538}], "composition_cohorts": [{"element_counts": "(0, 120, 60)", "graphs": 2, "wf_rmse_eV": 2.2159740895531894}, {"element_counts": "(60, 90, 30)", "graphs": 1, "wf_rmse_eV": 2.159065732551654}, {"element_counts": "(0, 72, 36)", "graphs": 4, "wf_rmse_eV": 1.4938742077963663}, {"element_counts": "(20, 44, 18)", "graphs": 1, "wf_rmse_eV": 1.3367709658748819}, {"element_counts": "(66, 90, 30)", "graphs": 10, "wf_rmse_eV": 1.1077749324258956}, {"element_counts": "(40, 88, 36)", "graphs": 1, "wf_rmse_eV": 0.8682192328288627}, {"element_counts": "(32, 87, 36)", "graphs": 1, "wf_rmse_eV": 0.8304735311935758}, {"element_counts": "(40, 111, 48)", "graphs": 1, "wf_rmse_eV": 0.8046579605814426}, {"element_counts": "(31, 135, 60)", "graphs": 1, "wf_rmse_eV": 0.74215498320065}, {"element_counts": "(4, 37, 18)", "graphs": 1, "wf_rmse_eV": 0.7281198114268577}, {"element_counts": "(61, 90, 30)", "graphs": 10, "wf_rmse_eV": 0.6965940833158651}, {"element_counts": "(23, 128, 60)", "graphs": 1, "wf_rmse_eV": 0.6252237812686126}], "scope": "Full supplied split; diagnostic only, no reference-dependent correction or exclusion is applied. Large error alone does not establish bad reference data.", "atomic_numbers": [1, 8, 77]}
2026-10-08 23:09:53.635 INFO: Epoch 10: loss=231.155, RMSE_E_per_atom=1324.8059 meV, RMSE_F=244.3532 meV/A, RMSE_dip_per_atom=2.1516 meA, RMSE_rho=0.1105 me/A^3, RMSE_EF(abs/rel)=179.2293/177.7373 meV, RMSE_ESP=310.1694 mV, RMSE_ESPvac(abs/rel)=357.2896/355.3328 mV, RMSE_WF(abs/rel)=496.3128/492.6212 meV
2026-10-08 23:09:53.635 INFO: 50-step electronic residual maximum: 2.1767e-10
2026-10-08 23:09:53.642 INFO: Optimizer epoch 10: lr=[0.001, 0.001, 0.001, 0.001, 0.001, 0.001, 0.001, 0.001], mean gradient norm=8973.4, clipped=346/346
2026-10-08 23:09:53.642 INFO: Epoch timing: train=130.379s, validation=45.383s, updates=346, train/update=0.37682s, peak allocated=14349.4 MiB, backbone=CuEq
2026-10-08 23:09:53.642 INFO: Optimization budget: graphs=1384/1384, updates=346, mean retained gradient=0.0025829, min retained gradient=0.0001463
2026-10-08 23:09:53.643 INFO: Optimizer time scales {"updates_per_epoch": 346, "groups": [{"name": "embedding", "lr": 0.001, "parameter_update_range": [3806.0, 3806.0], "moment_memory_epochs": [0.02890173410404625, 2.8901734104046217], "AdamW_decay_only_retention_per_epoch": 1.0}, {"name": "interactions_no_decay", "lr": 0.001, "parameter_update_range": [3806.0, 3806.0], "moment_memory_epochs": [0.02890173410404625, 2.8901734104046217], "AdamW_decay_only_retention_per_epoch": 1.0}, {"name": "products", "lr": 0.001, "parameter_update_range": [3806.0, 3806.0], "moment_memory_epochs": [0.02890173410404625, 2.8901734104046217], "AdamW_decay_only_retention_per_epoch": 0.9996540596781468}, {"name": "readouts", "lr": 0.001, "parameter_update_range": [3806.0, 3806.0], "moment_memory_epochs": [0.02890173410404625, 2.8901734104046217], "AdamW_decay_only_retention_per_epoch": 1.0}, {"name": "lr_source_maps", "lr": 0.001, "parameter_update_range": [3806.0, 3806.0], "moment_memory_epochs": [0.02890173410404625, 2.8901734104046217], "AdamW_decay_only_retention_per_epoch": 1.0}, {"name": "field_dependent_charges_map", "lr": 0.001, "parameter_update_range": [3806.0, 3806.0], "moment_memory_epochs": [0.02890173410404625, 2.8901734104046217], "AdamW_decay_only_retention_per_epoch": 0.9965459616620003}, {"name": "electronic_references", "lr": 0.001, "parameter_update_range": [3806.0, 3806.0], "moment_memory_epochs": [0.02890173410404625, 2.8901734104046217], "AdamW_decay_only_retention_per_epoch": 1.0}, {"name": "layer_feature_mixer", "lr": 0.001, "parameter_update_range": [3806.0, 3806.0], "moment_memory_epochs": [0.02890173410404625, 2.8901734104046217], "AdamW_decay_only_retention_per_epoch": 0.9996540596781468}], "EMA_asymptotic_memory_epochs": 0.2890173410404622}
2026-10-08 23:09:53.643 INFO: Batching: optimizer graphs=4, device graphs<=4; one clipping/Adam/EMA update per optimizer batch
2026-10-08 23:20:51.499 INFO: Training-only scalar reference calibration {'fermi_level': {'observed_training_graphs': 61, 'shift_eV': 0.07664701861707096, 'reference_eV': -0.3731989913180178, 'panel_RMSE_before_eV': 0.19318398323089636, 'panel_RMSE_after_eV': 0.17732818702639921}, 'vacuum_potential': {'observed_training_graphs': 61, 'shift_eV': 0.012730463942039685, 'reference_eV': 0.11283915651603436, 'panel_RMSE_before_eV': 0.36168426718612157, 'panel_RMSE_after_eV': 0.36146015605842674}, 'seconds': 9.03447803799645}; constants saved with the model; relative errors and physical fixed-Q trajectory unchanged
2026-10-08 23:21:27.596 INFO: Full validation audit {"graphs": 350, "index_convention": "supplied loader order, zero based", "force_rmse_by_element_column_eV_A": {"0": 0.17291145957948323, "1": 0.23952235222324236, "2": 0.35786311551648725}, "force_target_rms_by_element_column_eV_A": {"0": 0.7583041629256339, "1": 0.8719660684898465, "2": 0.9586983364634067}, "force_rmse_over_target_rms_by_element_column": {"0": 0.2280238828076175, "1": 0.27469228549004193, "2": 0.373280209118363}, "density_observers": {"density_RMSE_e_A3": 0.001031997003243658, "farfield_RMSE_e_A3": 0.000164966903085447, "scope": "Different Gaussian resolutions of the same error; smaller farfield RMSE is not an accuracy gain."}, "stored_potential_gauge": {"deformation_mean_range_eV": [-1.923389086888605e-13, 1.7333365232548237e-13], "scope": "Stored k=0 is retained for audit; RMSE_ESP compares fields modulo a uniform offset. Scalar EF/vacuum errors use their stored label convention."}, "potential_error_power_fractions": {"normal_reciprocal_line": 0.9196046026942313, "Gaussian_lowpass": 0.7956972851985283, "Gaussian_width_A": 1.5}, "observed_EF_vac_WF": 330, "EF_vac_WF_rmse_eV": [0.16105493351448463, 0.322919470319945, 0.44254743986631595], "EF_vac_WF_relative_rmse_eV": [0.15907301425560252, 0.3200943407429422, 0.43732140691085397], "EF_vac_WF_bias_eV": [-0.02518864317488985, 0.04262155952162037, 0.06781020269651022], "EF_vac_covariance_eV2": -0.03174270105123336, "WF_absolute_error_quantiles_eV": {"median": 0.2127078585466271, "p90": 0.6337477871834875, "p99": 1.4889734242884103, "max": 2.682089168589192}, "WF_identity_max_error_eV": 1.1102230246251565e-15, "absolute_relative_bias_identity_max_error_eV2": 2.7755575615628914e-17, "WF_variance_components_eV2": {"EF": 0.025304223864363137, "vacuum": 0.10246038697565879, "covariance_contribution": 0.06348540210246673}, "largest_relative_WF_errors": [{"index": 134, "atoms": 180, "composition": [0, 120, 60], "charge": 0.0, "weight": 1.0, "ef": 0.5958453535426015, "vac": -2.0862438150465907, "wf": -2.682089168589192, "force_rmse": 0.6664553195509033, "potential_error_power_eV2": 1.8264930047017265, "stored_deformation_potential_mean_eV": -4.632205743448059e-14, "gaussian_lowpass_error_power_eV2": 1.6250659705216377, "planar_error_power_eV2": 1.823516610900189, "loader_frame_1based": 135, "EF_vac_WF_centered_errors_eV": [0.6210339967174914, -2.128865374568211, -2.7498993712857023], "relative_WF_squared_error_fraction": 0.11981693072619279}, {"index": 293, "atoms": 108, "composition": [0, 72, 36], "charge": 0.0, "weight": 1.0, "ef": 0.7936623703739447, "vac": -1.843777292912752, "wf": -2.637439663286697, "force_rmse": 0.8227266010753675, "potential_error_power_eV2": 1.7710445742500511, "stored_deformation_potential_mean_eV": 8.093184424396893e-14, "gaussian_lowpass_error_power_eV2": 1.5324458567325563, "planar_error_power_eV2": 1.7676519122959162, "loader_frame_1based": 294, "EF_vac_WF_centered_errors_eV": [0.8188510135488346, -1.8863988524343724, -2.7052498659832076], "relative_WF_squared_error_fraction": 0.11595763663528828}, {"index": 304, "atoms": 180, "composition": [60, 90, 30], "charge": 0.0, "weight": 1.0, "ef": -0.6124671325621069, "vac": 1.2536165702782176, "wf": 1.8660837028403252, "force_rmse": 0.21134241265178721, "potential_error_power_eV2": 0.9430340326361414, "stored_deformation_potential_mean_eV": 3.4053226704110426e-14, "gaussian_lowpass_error_power_eV2": 0.8684838884904091, "planar_error_power_eV2": 0.9312933811920064, "loader_frame_1based": 305, "EF_vac_WF_centered_errors_eV": [-0.587278489387217, 1.2109950107565972, 1.798273500143815], "relative_WF_squared_error_fraction": 0.051238460883009415}, {"index": 81, "atoms": 186, "composition": [66, 90, 30], "charge": 0.0, "weight": 1.0, "ef": -0.5501022644265467, "vac": 0.9402394373777834, "wf": 1.4903417018043301, "force_rmse": 0.22598677100032916, "potential_error_power_eV2": 0.29834274819729484, "stored_deformation_potential_mean_eV": 3.672108684987309e-14, "gaussian_lowpass_error_power_eV2": 0.27431681926093365, "planar_error_power_eV2": 0.292460491729912, "loader_frame_1based": 82, "EF_vac_WF_centered_errors_eV": [-0.5249136212516569, 0.897617877856163, 1.42253149910782], "relative_WF_squared_error_fraction": 0.032063311214273846}, {"index": 147, "atoms": 186, "composition": [66, 90, 30], "charge": 0.0, "weight": 1.0, "ef": -0.5900374251067695, "vac": 0.8955860783668022, "wf": 1.485623503473572, "force_rmse": 0.24414360452593226, "potential_error_power_eV2": 0.2877451445831871, "stored_deformation_potential_mean_eV": 5.296572984662304e-14, "gaussian_lowpass_error_power_eV2": 0.2633552560221738, "planar_error_power_eV2": 0.27969607982701933, "loader_frame_1based": 148, "EF_vac_WF_centered_errors_eV": [-0.5648487819318796, 0.8529645188451818, 1.417813300777062], "relative_WF_squared_error_fraction": 0.03185097119943232}, {"index": 91, "atoms": 181, "composition": [61, 90, 30], "charge": 0.0, "weight": 1.0, "ef": -0.6234677166774559, "vac": 0.7997164690759275, "wf": 1.423184185753383, "force_rmse": 0.19274412519318435, "potential_error_power_eV2": 0.37557842251260437, "stored_deformation_potential_mean_eV": -2.6523668967178466e-14, "gaussian_lowpass_error_power_eV2": 0.3311050694371057, "planar_error_power_eV2": 0.36466978466882227, "loader_frame_1based": 92, "EF_vac_WF_centered_errors_eV": [-0.598279073502566, 0.7570949095543071, 1.3553739830568727], "relative_WF_squared_error_fraction": 0.029107363986995947}, {"index": 140, "atoms": 82, "composition": [20, 44, 18], "charge": 0.0, "weight": 1.0, "ef": 0.36745807948624565, "vac": -0.8718140070296299, "wf": -1.239272086515875, "force_rmse": 0.3569362402105489, "potential_error_power_eV2": 0.3835101707173711, "stored_deformation_potential_mean_eV": -6.447843251386079e-15, "gaussian_lowpass_error_power_eV2": 0.3345302053725799, "planar_error_power_eV2": 0.37436281575526165, "loader_frame_1based": 141, "EF_vac_WF_centered_errors_eV": [0.3926467226611355, -0.9144355665512502, -1.3070822892123852], "relative_WF_squared_error_fraction": 0.0270701365839661}, {"index": 47, "atoms": 186, "composition": [66, 90, 30], "charge": 0.0, "weight": 1.0, "ef": -0.49261946480976726, "vac": 0.7498994175984239, "wf": 1.2425188824081912, "force_rmse": 0.20462849822641807, "potential_error_power_eV2": 0.2425864256216447, "stored_deformation_potential_mean_eV": 2.1296753118934743e-14, "gaussian_lowpass_error_power_eV2": 0.21011801809168804, "planar_error_power_eV2": 0.23546632114819954, "loader_frame_1based": 48, "EF_vac_WF_centered_errors_eV": [-0.4674308216348774, 0.7072778580768035, 1.174708679711681], "relative_WF_squared_error_fraction": 0.021864771460567353}], "WF_centered_squared_error_share_largest_10_structures": 0.46671884013210757, "WF_centered_squared_error_share_largest_10_percent": 0.6682696675032012, "independent_single_anchor_EF_vac_WF_RMSE_eV": [0.2249632141678418, 0.4526817579175436, 0.6184658647694127], "relative_error_scope": "One whole-split offset for RMSE_rel; no fitted offset is applied to predictions. Single-anchor expectation assumes independent configurations.", "WF_squared_error_share_largest_10_percent": 0.6620684910786215, "largest_WF_errors": [{"index": 134, "atoms": 180, "composition": [0, 120, 60], "charge": 0.0, "weight": 1.0, "ef": 0.5958453535426015, "vac": -2.0862438150465907, "wf": -2.682089168589192, "force_rmse": 0.6664553195509033, "potential_error_power_eV2": 1.8264930047017265, "stored_deformation_potential_mean_eV": -4.632205743448059e-14, "gaussian_lowpass_error_power_eV2": 1.6250659705216377, "planar_error_power_eV2": 1.823516610900189}, {"index": 293, "atoms": 108, "composition": [0, 72, 36], "charge": 0.0, "weight": 1.0, "ef": 0.7936623703739447, "vac": -1.843777292912752, "wf": -2.637439663286697, "force_rmse": 0.8227266010753675, "potential_error_power_eV2": 1.7710445742500511, "stored_deformation_potential_mean_eV": 8.093184424396893e-14, "gaussian_lowpass_error_power_eV2": 1.5324458567325563, "planar_error_power_eV2": 1.7676519122959162}, {"index": 304, "atoms": 180, "composition": [60, 90, 30], "charge": 0.0, "weight": 1.0, "ef": -0.6124671325621069, "vac": 1.2536165702782176, "wf": 1.8660837028403252, "force_rmse": 0.21134241265178721, "potential_error_power_eV2": 0.9430340326361414, "stored_deformation_potential_mean_eV": 3.4053226704110426e-14, "gaussian_lowpass_error_power_eV2": 0.8684838884904091, "planar_error_power_eV2": 0.9312933811920064}, {"index": 81, "atoms": 186, "composition": [66, 90, 30], "charge": 0.0, "weight": 1.0, "ef": -0.5501022644265467, "vac": 0.9402394373777834, "wf": 1.4903417018043301, "force_rmse": 0.22598677100032916, "potential_error_power_eV2": 0.29834274819729484, "stored_deformation_potential_mean_eV": 3.672108684987309e-14, "gaussian_lowpass_error_power_eV2": 0.27431681926093365, "planar_error_power_eV2": 0.292460491729912}, {"index": 147, "atoms": 186, "composition": [66, 90, 30], "charge": 0.0, "weight": 1.0, "ef": -0.5900374251067695, "vac": 0.8955860783668022, "wf": 1.485623503473572, "force_rmse": 0.24414360452593226, "potential_error_power_eV2": 0.2877451445831871, "stored_deformation_potential_mean_eV": 5.296572984662304e-14, "gaussian_lowpass_error_power_eV2": 0.2633552560221738, "planar_error_power_eV2": 0.27969607982701933}, {"index": 91, "atoms": 181, "composition": [61, 90, 30], "charge": 0.0, "weight": 1.0, "ef": -0.6234677166774559, "vac": 0.7997164690759275, "wf": 1.423184185753383, "force_rmse": 0.19274412519318435, "potential_error_power_eV2": 0.37557842251260437, "stored_deformation_potential_mean_eV": -2.6523668967178466e-14, "gaussian_lowpass_error_power_eV2": 0.3311050694371057, "planar_error_power_eV2": 0.36466978466882227}, {"index": 47, "atoms": 186, "composition": [66, 90, 30], "charge": 0.0, "weight": 1.0, "ef": -0.49261946480976726, "vac": 0.7498994175984239, "wf": 1.2425188824081912, "force_rmse": 0.20462849822641807, "potential_error_power_eV2": 0.2425864256216447, "stored_deformation_potential_mean_eV": 2.1296753118934743e-14, "gaussian_lowpass_error_power_eV2": 0.21011801809168804, "planar_error_power_eV2": 0.23546632114819954}, {"index": 140, "atoms": 82, "composition": [20, 44, 18], "charge": 0.0, "weight": 1.0, "ef": 0.36745807948624565, "vac": -0.8718140070296299, "wf": -1.239272086515875, "force_rmse": 0.3569362402105489, "potential_error_power_eV2": 0.3835101707173711, "stored_deformation_potential_mean_eV": -6.447843251386079e-15, "gaussian_lowpass_error_power_eV2": 0.3345302053725799, "planar_error_power_eV2": 0.37436281575526165}], "composition_cohorts": [{"element_counts": "(0, 120, 60)", "graphs": 2, "wf_rmse_eV": 1.898423136267278}, {"element_counts": "(60, 90, 30)", "graphs": 1, "wf_rmse_eV": 1.8660837028403252}, {"element_counts": "(0, 72, 36)", "graphs": 4, "wf_rmse_eV": 1.324479101823651}, {"element_counts": "(20, 44, 18)", "graphs": 1, "wf_rmse_eV": 1.239272086515875}, {"element_counts": "(66, 90, 30)", "graphs": 10, "wf_rmse_eV": 1.01626381004323}, {"element_counts": "(40, 88, 36)", "graphs": 1, "wf_rmse_eV": 0.8274241955411084}, {"element_counts": "(32, 87, 36)", "graphs": 1, "wf_rmse_eV": 0.6833476518755628}, {"element_counts": "(61, 90, 30)", "graphs": 10, "wf_rmse_eV": 0.6458449584035518}, {"element_counts": "(4, 37, 18)", "graphs": 1, "wf_rmse_eV": 0.6318155215397336}, {"element_counts": "(63, 90, 30)", "graphs": 7, "wf_rmse_eV": 0.575236016014068}, {"element_counts": "(31, 135, 60)", "graphs": 1, "wf_rmse_eV": 0.5367037116772417}, {"element_counts": "(0, 36, 18)", "graphs": 1, "wf_rmse_eV": 0.5260965672365483}], "scope": "Full supplied split; diagnostic only, no reference-dependent correction or exclusion is applied. Large error alone does not establish bad reference data.", "atomic_numbers": [1, 8, 77]}
2026-10-08 23:21:27.598 INFO: Epoch 15: loss=206.024, RMSE_E_per_atom=1244.8259 meV, RMSE_F=241.2206 meV/A, RMSE_dip_per_atom=2.0593 meA, RMSE_rho=0.1650 me/A^3, RMSE_EF(abs/rel)=161.0549/159.0730 meV, RMSE_ESP=294.8673 mV, RMSE_ESPvac(abs/rel)=322.9195/320.0943 mV, RMSE_WF(abs/rel)=442.5474/437.3214 meV
2026-10-08 23:21:27.599 INFO: 50-step electronic residual maximum: 7.9266e-09
2026-10-08 23:21:27.609 INFO: Optimizer epoch 15: lr=[0.001, 0.001, 0.001, 0.001, 0.001, 0.001, 0.001, 0.001], mean gradient norm=8249.3, clipped=346/346
2026-10-08 23:21:27.609 INFO: Epoch timing: train=128.448s, validation=45.145s, updates=346, train/update=0.37124s, peak allocated=13259.9 MiB, backbone=CuEq
2026-10-08 23:21:27.609 INFO: Optimization budget: graphs=1384/1384, updates=346, mean retained gradient=0.0031663, min retained gradient=0.00012557
2026-10-08 23:21:27.609 INFO: Optimizer time scales {"updates_per_epoch": 346, "groups": [{"name": "embedding", "lr": 0.001, "parameter_update_range": [5536.0, 5536.0], "moment_memory_epochs": [0.02890173410404625, 2.8901734104046217], "AdamW_decay_only_retention_per_epoch": 1.0}, {"name": "interactions_no_decay", "lr": 0.001, "parameter_update_range": [5536.0, 5536.0], "moment_memory_epochs": [0.02890173410404625, 2.8901734104046217], "AdamW_decay_only_retention_per_epoch": 1.0}, {"name": "products", "lr": 0.001, "parameter_update_range": [5536.0, 5536.0], "moment_memory_epochs": [0.02890173410404625, 2.8901734104046217], "AdamW_decay_only_retention_per_epoch": 0.9996540596781468}, {"name": "readouts", "lr": 0.001, "parameter_update_range": [5536.0, 5536.0], "moment_memory_epochs": [0.02890173410404625, 2.8901734104046217], "AdamW_decay_only_retention_per_epoch": 1.0}, {"name": "lr_source_maps", "lr": 0.001, "parameter_update_range": [5536.0, 5536.0], "moment_memory_epochs": [0.02890173410404625, 2.8901734104046217], "AdamW_decay_only_retention_per_epoch": 1.0}, {"name": "field_dependent_charges_map", "lr": 0.001, "parameter_update_range": [5536.0, 5536.0], "moment_memory_epochs": [0.02890173410404625, 2.8901734104046217], "AdamW_decay_only_retention_per_epoch": 0.9965459616620003}, {"name": "electronic_references", "lr": 0.001, "parameter_update_range": [5536.0, 5536.0], "moment_memory_epochs": [0.02890173410404625, 2.8901734104046217], "AdamW_decay_only_retention_per_epoch": 1.0}, {"name": "layer_feature_mixer", "lr": 0.001, "parameter_update_range": [5536.0, 5536.0], "moment_memory_epochs": [0.02890173410404625, 2.8901734104046217], "AdamW_decay_only_retention_per_epoch": 0.9996540596781468}], "EMA_asymptotic_memory_epochs": 0.2890173410404622}
2026-10-08 23:21:27.609 INFO: Batching: optimizer graphs=4, device graphs<=4; one clipping/Adam/EMA update per optimizer batch
2026-10-08 23:32:22.163 INFO: Training-only scalar reference calibration {'fermi_level': {'observed_training_graphs': 61, 'shift_eV': 0.04829965571138599, 'reference_eV': -0.3248993356066318, 'panel_RMSE_before_eV': 0.18692749692011662, 'panel_RMSE_after_eV': 0.18057971193625763}, 'vacuum_potential': {'observed_training_graphs': 61, 'shift_eV': 0.02101671585079427, 'reference_eV': 0.13385587236682864, 'panel_RMSE_before_eV': 0.33402237493597314, 'panel_RMSE_after_eV': 0.3333605324760488}, 'seconds': 8.959011356986593}; constants saved with the model; relative errors and physical fixed-Q trajectory unchanged
2026-10-08 23:32:58.312 INFO: Full validation audit {"graphs": 350, "index_convention": "supplied loader order, zero based", "force_rmse_by_element_column_eV_A": {"0": 0.1846195279561169, "1": 0.2517447442971524, "2": 0.33829024512051115}, "force_target_rms_by_element_column_eV_A": {"0": 0.7583041629256339, "1": 0.8719660684898465, "2": 0.9586983364634067}, "force_rmse_over_target_rms_by_element_column": {"0": 0.24346368776854835, "1": 0.28870933559736767, "2": 0.352864120290902}, "density_observers": {"density_RMSE_e_A3": 0.0010827757797246189, "farfield_RMSE_e_A3": 0.00017905187851861276, "scope": "Different Gaussian resolutions of the same error; smaller farfield RMSE is not an accuracy gain."}, "stored_potential_gauge": {"deformation_mean_range_eV": [-1.923389086888605e-13, 1.7333365232548237e-13], "scope": "Stored k=0 is retained for audit; RMSE_ESP compares fields modulo a uniform offset. Scalar EF/vacuum errors use their stored label convention."}, "potential_error_power_fractions": {"normal_reciprocal_line": 0.9119627031092515, "Gaussian_lowpass": 0.7841460961464922, "Gaussian_width_A": 1.5}, "observed_EF_vac_WF": 330, "EF_vac_WF_rmse_eV": [0.1633360604214483, 0.29282800716465496, 0.4189241561242247], "EF_vac_WF_relative_rmse_eV": [0.1604734656352855, 0.29003472267261876, 0.4128988574538731], "EF_vac_WF_bias_eV": [-0.030445614807387767, 0.04034973883732441, 0.07079535364471216], "EF_vac_covariance_eV2": -0.03030679647896593, "WF_absolute_error_quantiles_eV": {"median": 0.20446951741683383, "p90": 0.5611627815207967, "p99": 1.266720895119901, "max": 2.5968051926201055}, "WF_identity_max_error_eV": 1.1102230246251565e-15, "absolute_relative_bias_identity_max_error_eV2": 8.326672684688674e-17, "WF_variance_components_eV2": {"EF": 0.02575173317299917, "vacuum": 0.08412014035578294, "covariance_contribution": 0.06061359295793186}, "largest_relative_WF_errors": [{"index": 293, "atoms": 108, "composition": [0, 72, 36], "charge": 0.0, "weight": 1.0, "ef": 0.8380898539685055, "vac": -1.7587153386515997, "wf": -2.5968051926201055, "force_rmse": 0.802008793038346, "potential_error_power_eV2": 1.662722148296454, "stored_deformation_potential_mean_eV": 8.093184424396893e-14, "gaussian_lowpass_error_power_eV2": 1.4456527434649977, "planar_error_power_eV2": 1.6584346618321393, "loader_frame_1based": 294, "EF_vac_WF_centered_errors_eV": [0.8685354687758933, -1.799065077488924, -2.6676005462648176], "relative_WF_squared_error_fraction": 0.12648536933750917}, {"index": 134, "atoms": 180, "composition": [0, 120, 60], "charge": 0.0, "weight": 1.0, "ef": 0.6004986923701574, "vac": -1.9207943828799214, "wf": -2.521293075250078, "force_rmse": 0.6569342801762915, "potential_error_power_eV2": 1.6806665759472188, "stored_deformation_potential_mean_eV": -4.632205743448059e-14, "gaussian_lowpass_error_power_eV2": 1.5020274970343073, "planar_error_power_eV2": 1.676582141090854, "loader_frame_1based": 135, "EF_vac_WF_centered_errors_eV": [0.6309443071775451, -1.9611441217172458, -2.5920884288947903], "relative_WF_squared_error_fraction": 0.11942584549288686}, {"index": 304, "atoms": 180, "composition": [60, 90, 30], "charge": 0.0, "weight": 1.0, "ef": -0.7201064816154341, "vac": 1.3970204230349612, "wf": 2.1171269046503953, "force_rmse": 0.23060803115722397, "potential_error_power_eV2": 1.1983701333522918, "stored_deformation_potential_mean_eV": 3.4053226704110426e-14, "gaussian_lowpass_error_power_eV2": 1.1075889239873415, "planar_error_power_eV2": 1.1873013914734993, "loader_frame_1based": 305, "EF_vac_WF_centered_errors_eV": [-0.6896608668080464, 1.3566706841976368, 2.046331551005683], "relative_WF_squared_error_fraction": 0.07443045924720311}, {"index": 176, "atoms": 181, "composition": [61, 90, 30], "charge": 0.0, "weight": 1.0, "ef": -0.4820408209649414, "vac": 0.7877175591566656, "wf": 1.2697583801216066, "force_rmse": 0.14771382503048322, "potential_error_power_eV2": 0.5545158048063719, "stored_deformation_potential_mean_eV": 1.6911737376607687e-14, "gaussian_lowpass_error_power_eV2": 0.5047788661351033, "planar_error_power_eV2": 0.5471046603705676, "loader_frame_1based": 177, "EF_vac_WF_centered_errors_eV": [-0.4515952061575536, 0.7473678203193412, 1.1989630264768945], "relative_WF_squared_error_fraction": 0.025551139849687952}, {"index": 240, "atoms": 183, "composition": [63, 90, 30], "charge": 0.0, "weight": 1.0, "ef": 0.3087921082568508, "vac": -0.8165131092772544, "wf": -1.1253052175341054, "force_rmse": 0.14408186662089317, "potential_error_power_eV2": 0.23829653831056877, "stored_deformation_potential_mean_eV": -9.735419555064175e-14, "gaussian_lowpass_error_power_eV2": 0.20479485176217835, "planar_error_power_eV2": 0.22905193184537742, "loader_frame_1based": 241, "EF_vac_WF_centered_errors_eV": [0.33923772306423855, -0.8568628481145788, -1.1961005711788175], "relative_WF_squared_error_fraction": 0.025429281733219386}, {"index": 147, "atoms": 186, "composition": [66, 90, 30], "charge": 0.0, "weight": 1.0, "ef": -0.5265038052443202, "vac": 0.7327804886645093, "wf": 1.2592842939088293, "force_rmse": 0.2354954810767331, "potential_error_power_eV2": 0.20335865904129977, "stored_deformation_potential_mean_eV": 5.296572984662304e-14, "gaussian_lowpass_error_power_eV2": 0.18220328759089124, "planar_error_power_eV2": 0.19499094181832516, "loader_frame_1based": 148, "EF_vac_WF_centered_errors_eV": [-0.4960581904369324, 0.6924307498271849, 1.1884889402641172], "relative_WF_squared_error_fraction": 0.025106662653073007}, {"index": 91, "atoms": 181, "composition": [61, 90, 30], "charge": 0.0, "weight": 1.0, "ef": -0.590666693723194, "vac": 0.6358037070400746, "wf": 1.2264704007632683, "force_rmse": 0.18803753550876287, "potential_error_power_eV2": 0.3060530695937058, "stored_deformation_potential_mean_eV": -2.6523668967178466e-14, "gaussian_lowpass_error_power_eV2": 0.263379386316909, "planar_error_power_eV2": 0.2940258098109775, "loader_frame_1based": 92, "EF_vac_WF_centered_errors_eV": [-0.5602210789158063, 0.5954539682027502, 1.1556750471185562], "relative_WF_squared_error_fraction": 0.023739423624241193}, {"index": 140, "atoms": 82, "composition": [20, 44, 18], "charge": 0.0, "weight": 1.0, "ef": 0.2938926427434412, "vac": -0.7473491487440045, "wf": -1.0412417914874457, "force_rmse": 0.3580482221273051, "potential_error_power_eV2": 0.29741705753260156, "stored_deformation_potential_mean_eV": -6.447843251386079e-15, "gaussian_lowpass_error_power_eV2": 0.25301135032022304, "planar_error_power_eV2": 0.28686719838746594, "loader_frame_1based": 141, "EF_vac_WF_centered_errors_eV": [0.32433825755082896, -0.7876988875813289, -1.1120371451321578], "relative_WF_squared_error_fraction": 0.021980485770349816}], "WF_centered_squared_error_share_largest_10_structures": 0.4830624493913073, "WF_centered_squared_error_share_largest_10_percent": 0.6924857438116243, "independent_single_anchor_EF_vac_WF_RMSE_eV": [0.22694375150243357, 0.41017103836273683, 0.5839271640996226], "relative_error_scope": "One whole-split offset for RMSE_rel; no fitted offset is applied to predictions. Single-anchor expectation assumes independent configurations.", "WF_squared_error_share_largest_10_percent": 0.6765499159725685, "largest_WF_errors": [{"index": 293, "atoms": 108, "composition": [0, 72, 36], "charge": 0.0, "weight": 1.0, "ef": 0.8380898539685055, "vac": -1.7587153386515997, "wf": -2.5968051926201055, "force_rmse": 0.802008793038346, "potential_error_power_eV2": 1.662722148296454, "stored_deformation_potential_mean_eV": 8.093184424396893e-14, "gaussian_lowpass_error_power_eV2": 1.4456527434649977, "planar_error_power_eV2": 1.6584346618321393}, {"index": 134, "atoms": 180, "composition": [0, 120, 60], "charge": 0.0, "weight": 1.0, "ef": 0.6004986923701574, "vac": -1.9207943828799214, "wf": -2.521293075250078, "force_rmse": 0.6569342801762915, "potential_error_power_eV2": 1.6806665759472188, "stored_deformation_potential_mean_eV": -4.632205743448059e-14, "gaussian_lowpass_error_power_eV2": 1.5020274970343073, "planar_error_power_eV2": 1.676582141090854}, {"index": 304, "atoms": 180, "composition": [60, 90, 30], "charge": 0.0, "weight": 1.0, "ef": -0.7201064816154341, "vac": 1.3970204230349612, "wf": 2.1171269046503953, "force_rmse": 0.23060803115722397, "potential_error_power_eV2": 1.1983701333522918, "stored_deformation_potential_mean_eV": 3.4053226704110426e-14, "gaussian_lowpass_error_power_eV2": 1.1075889239873415, "planar_error_power_eV2": 1.1873013914734993}, {"index": 176, "atoms": 181, "composition": [61, 90, 30], "charge": 0.0, "weight": 1.0, "ef": -0.4820408209649414, "vac": 0.7877175591566656, "wf": 1.2697583801216066, "force_rmse": 0.14771382503048322, "potential_error_power_eV2": 0.5545158048063719, "stored_deformation_potential_mean_eV": 1.6911737376607687e-14, "gaussian_lowpass_error_power_eV2": 0.5047788661351033, "planar_error_power_eV2": 0.5471046603705676}, {"index": 147, "atoms": 186, "composition": [66, 90, 30], "charge": 0.0, "weight": 1.0, "ef": -0.5265038052443202, "vac": 0.7327804886645093, "wf": 1.2592842939088293, "force_rmse": 0.2354954810767331, "potential_error_power_eV2": 0.20335865904129977, "stored_deformation_potential_mean_eV": 5.296572984662304e-14, "gaussian_lowpass_error_power_eV2": 0.18220328759089124, "planar_error_power_eV2": 0.19499094181832516}, {"index": 91, "atoms": 181, "composition": [61, 90, 30], "charge": 0.0, "weight": 1.0, "ef": -0.590666693723194, "vac": 0.6358037070400746, "wf": 1.2264704007632683, "force_rmse": 0.18803753550876287, "potential_error_power_eV2": 0.3060530695937058, "stored_deformation_potential_mean_eV": -2.6523668967178466e-14, "gaussian_lowpass_error_power_eV2": 0.263379386316909, "planar_error_power_eV2": 0.2940258098109775}, {"index": 298, "atoms": 185, "composition": [64, 91, 30], "charge": 0.0, "weight": 1.0, "ef": -0.539538882054639, "vac": 0.5957547778441805, "wf": 1.13529365989882, "force_rmse": 0.1751919405175514, "potential_error_power_eV2": 0.5717785145220607, "stored_deformation_potential_mean_eV": -7.094704027482397e-14, "gaussian_lowpass_error_power_eV2": 0.5213866733616078, "planar_error_power_eV2": 0.5624902039022504}, {"index": 240, "atoms": 183, "composition": [63, 90, 30], "charge": 0.0, "weight": 1.0, "ef": 0.3087921082568508, "vac": -0.8165131092772544, "wf": -1.1253052175341054, "force_rmse": 0.14408186662089317, "potential_error_power_eV2": 0.23829653831056877, "stored_deformation_potential_mean_eV": -9.735419555064175e-14, "gaussian_lowpass_error_power_eV2": 0.20479485176217835, "planar_error_power_eV2": 0.22905193184537742}], "composition_cohorts": [{"element_counts": "(60, 90, 30)", "graphs": 1, "wf_rmse_eV": 2.1171269046503953}, {"element_counts": "(0, 120, 60)", "graphs": 2, "wf_rmse_eV": 1.7887000322653062}, {"element_counts": "(0, 72, 36)", "graphs": 4, "wf_rmse_eV": 1.3030938398818528}, {"element_counts": "(20, 44, 18)", "graphs": 1, "wf_rmse_eV": 1.0412417914874457}, {"element_counts": "(32, 87, 36)", "graphs": 1, "wf_rmse_eV": 0.8968600164733029}, {"element_counts": "(66, 90, 30)", "graphs": 10, "wf_rmse_eV": 0.7710983086196274}, {"element_counts": "(61, 90, 30)", "graphs": 10, "wf_rmse_eV": 0.6998767564253175}, {"element_counts": "(40, 88, 36)", "graphs": 1, "wf_rmse_eV": 0.6949238315989392}, {"element_counts": "(0, 36, 18)", "graphs": 1, "wf_rmse_eV": 0.616884325034345}, {"element_counts": "(63, 90, 30)", "graphs": 7, "wf_rmse_eV": 0.5967075268666947}, {"element_counts": "(4, 37, 18)", "graphs": 1, "wf_rmse_eV": 0.5863575165461796}, {"element_counts": "(64, 91, 30)", "graphs": 5, "wf_rmse_eV": 0.5849794781622076}], "scope": "Full supplied split; diagnostic only, no reference-dependent correction or exclusion is applied. Large error alone does not establish bad reference data.", "atomic_numbers": [1, 8, 77]}
2026-10-08 23:32:58.315 INFO: Epoch 20: loss=188.293, RMSE_E_per_atom=1177.5650 meV, RMSE_F=245.9935 meV/A, RMSE_dip_per_atom=1.7332 meA, RMSE_rho=0.1791 me/A^3, RMSE_EF(abs/rel)=163.3361/160.4735 meV, RMSE_ESP=280.8121 mV, RMSE_ESPvac(abs/rel)=292.8280/290.0347 mV, RMSE_WF(abs/rel)=418.9242/412.8989 meV
2026-10-08 23:32:58.315 INFO: 50-step electronic residual maximum: 1.421e-08
2026-10-08 23:32:58.323 INFO: Optimizer epoch 20: lr=[0.001, 0.001, 0.001, 0.001, 0.001, 0.001, 0.001, 0.001], mean gradient norm=7107.3, clipped=346/346
2026-10-08 23:32:58.323 INFO: Epoch timing: train=128.373s, validation=45.119s, updates=346, train/update=0.37102s, peak allocated=13104.0 MiB, backbone=CuEq
2026-10-08 23:32:58.323 INFO: Optimization budget: graphs=1384/1384, updates=346, mean retained gradient=0.0036412, min retained gradient=0.00016543
2026-10-08 23:32:58.323 INFO: Optimizer time scales {"updates_per_epoch": 346, "groups": [{"name": "embedding", "lr": 0.001, "parameter_update_range": [7266.0, 7266.0], "moment_memory_epochs": [0.02890173410404625, 2.8901734104046217], "AdamW_decay_only_retention_per_epoch": 1.0}, {"name": "interactions_no_decay", "lr": 0.001, "parameter_update_range": [7266.0, 7266.0], "moment_memory_epochs": [0.02890173410404625, 2.8901734104046217], "AdamW_decay_only_retention_per_epoch": 1.0}, {"name": "products", "lr": 0.001, "parameter_update_range": [7266.0, 7266.0], "moment_memory_epochs": [0.02890173410404625, 2.8901734104046217], "AdamW_decay_only_retention_per_epoch": 0.9996540596781468}, {"name": "readouts", "lr": 0.001, "parameter_update_range": [7266.0, 7266.0], "moment_memory_epochs": [0.02890173410404625, 2.8901734104046217], "AdamW_decay_only_retention_per_epoch": 1.0}, {"name": "lr_source_maps", "lr": 0.001, "parameter_update_range": [7266.0, 7266.0], "moment_memory_epochs": [0.02890173410404625, 2.8901734104046217], "AdamW_decay_only_retention_per_epoch": 1.0}, {"name": "field_dependent_charges_map", "lr": 0.001, "parameter_update_range": [7266.0, 7266.0], "moment_memory_epochs": [0.02890173410404625, 2.8901734104046217], "AdamW_decay_only_retention_per_epoch": 0.9965459616620003}, {"name": "electronic_references", "lr": 0.001, "parameter_update_range": [7266.0, 7266.0], "moment_memory_epochs": [0.02890173410404625, 2.8901734104046217], "AdamW_decay_only_retention_per_epoch": 1.0}, {"name": "layer_feature_mixer", "lr": 0.001, "parameter_update_range": [7266.0, 7266.0], "moment_memory_epochs": [0.02890173410404625, 2.8901734104046217], "AdamW_decay_only_retention_per_epoch": 0.9996540596781468}], "EMA_asymptotic_memory_epochs": 0.2890173410404622}
2026-10-08 23:32:58.323 INFO: Batching: optimizer graphs=4, device graphs<=4; one clipping/Adam/EMA update per optimizer batch
2026-10-08 23:44:01.739 INFO: Training-only scalar reference calibration {'fermi_level': {'observed_training_graphs': 61, 'shift_eV': 0.1158143353145993, 'reference_eV': -0.20908500029203253, 'panel_RMSE_before_eV': 0.20737937243431576, 'panel_RMSE_after_eV': 0.17202686954917307}, 'vacuum_potential': {'observed_training_graphs': 61, 'shift_eV': -0.029595535324235374, 'reference_eV': 0.10426033704259327, 'panel_RMSE_before_eV': 0.30238026805068613, 'panel_RMSE_after_eV': 0.300928447966085}, 'seconds': 8.950016718008555}; constants saved with the model; relative errors and physical fixed-Q trajectory unchanged
2026-10-08 23:44:37.886 INFO: Full validation audit {"graphs": 350, "index_convention": "supplied loader order, zero based", "force_rmse_by_element_column_eV_A": {"0": 0.17095608699715695, "1": 0.2283762225354442, "2": 0.33118878243491023}, "force_target_rms_by_element_column_eV_A": {"0": 0.7583041629256339, "1": 0.8719660684898465, "2": 0.9586983364634067}, "force_rmse_over_target_rms_by_element_column": {"0": 0.225445270322118, "1": 0.2619095292675411, "2": 0.3454567196357617}, "density_observers": {"density_RMSE_e_A3": 0.0009716756504318392, "farfield_RMSE_e_A3": 0.00017693932798538924, "scope": "Different Gaussian resolutions of the same error; smaller farfield RMSE is not an accuracy gain."}, "stored_potential_gauge": {"deformation_mean_range_eV": [-1.923389086888605e-13, 1.7333365232548237e-13], "scope": "Stored k=0 is retained for audit; RMSE_ESP compares fields modulo a uniform offset. Scalar EF/vacuum errors use their stored label convention."}, "potential_error_power_fractions": {"normal_reciprocal_line": 0.9128678931193324, "Gaussian_lowpass": 0.7691311315698427, "Gaussian_width_A": 1.5}, "observed_EF_vac_WF": 330, "EF_vac_WF_rmse_eV": [0.15812989225309904, 0.26557727450206364, 0.38992452895050855], "EF_vac_WF_relative_rmse_eV": [0.15556121961176256, 0.2635754666842344, 0.38513423891967613], "EF_vac_WF_bias_eV": [-0.028386084211769726, 0.03254630692002489, 0.06093239113179453], "EF_vac_covariance_eV2": -0.027328531151663553, "WF_absolute_error_quantiles_eV": {"median": 0.17922528463416354, "p90": 0.5261042725026468, "p99": 1.2314261759493765, "max": 2.328492411988071}, "WF_identity_max_error_eV": 1.3322676295501878e-15, "absolute_relative_bias_identity_max_error_eV2": 1.942890293094024e-16, "WF_variance_components_eV2": {"EF": 0.024199293047099033, "vacuum": 0.06947202663781198, "covariance_contribution": 0.054657062303327106}, "largest_relative_WF_errors": [{"index": 293, "atoms": 108, "composition": [0, 72, 36], "charge": 0.0, "weight": 1.0, "ef": 0.7743462534676406, "vac": -1.55414615852043, "wf": -2.328492411988071, "force_rmse": 0.7760667344431169, "potential_error_power_eV2": 1.433277105687376, "stored_deformation_potential_mean_eV": 8.093184424396893e-14, "gaussian_lowpass_error_power_eV2": 1.2327987996964505, "planar_error_power_eV2": 1.4273231717896215, "loader_frame_1based": 294, "EF_vac_WF_centered_errors_eV": [0.8027323376794103, -1.5866924654404548, -2.3894248031198657], "relative_WF_squared_error_fraction": 0.11664027524879428}, {"index": 134, "atoms": 180, "composition": [0, 120, 60], "charge": 0.0, "weight": 1.0, "ef": 0.5588251804895177, "vac": -1.7340942303175675, "wf": -2.2929194108070847, "force_rmse": 0.6662481942595107, "potential_error_power_eV2": 1.4953920358721464, "stored_deformation_potential_mean_eV": -4.632205743448059e-14, "gaussian_lowpass_error_power_eV2": 1.3274700303083855, "planar_error_power_eV2": 1.4900162919830278, "loader_frame_1based": 135, "EF_vac_WF_centered_errors_eV": [0.5872112647012874, -1.7666405372375924, -2.3538518019388794], "relative_WF_squared_error_fraction": 0.11319312066798456}, {"index": 304, "atoms": 180, "composition": [60, 90, 30], "charge": 0.0, "weight": 1.0, "ef": -0.694456875465016, "vac": 1.3756721441164625, "wf": 2.0701290195814783, "force_rmse": 0.22110122240031693, "potential_error_power_eV2": 1.1004328488391144, "stored_deformation_potential_mean_eV": 3.4053226704110426e-14, "gaussian_lowpass_error_power_eV2": 1.007118023543888, "planar_error_power_eV2": 1.090455921536859, "loader_frame_1based": 305, "EF_vac_WF_centered_errors_eV": [-0.6660707912532463, 1.3431258371964376, 2.0091966284496836], "relative_WF_squared_error_fraction": 0.08247202954936969}, {"index": 176, "atoms": 181, "composition": [61, 90, 30], "charge": 0.0, "weight": 1.0, "ef": -0.45594347628041887, "vac": 0.7858739273474136, "wf": 1.2418174036278318, "force_rmse": 0.14696440974060876, "potential_error_power_eV2": 0.49638186601862916, "stored_deformation_potential_mean_eV": 1.6911737376607687e-14, "gaussian_lowpass_error_power_eV2": 0.4433501189191704, "planar_error_power_eV2": 0.48922650380117183, "loader_frame_1based": 177, "EF_vac_WF_centered_errors_eV": [-0.4275573920686491, 0.7533276204273887, 1.1808850124960373], "relative_WF_squared_error_fraction": 0.028488987990712596}, {"index": 206, "atoms": 183, "composition": [63, 90, 30], "charge": 0.0, "weight": 1.0, "ef": 0.42458398951424686, "vac": -0.6835068417433021, "wf": -1.1080908312575497, "force_rmse": 0.12524367766599634, "potential_error_power_eV2": 0.2894053019049995, "stored_deformation_potential_mean_eV": -1.79033983761625e-15, "gaussian_lowpass_error_power_eV2": 0.26014034112151824, "planar_error_power_eV2": 0.28174858560764693, "loader_frame_1based": 207, "EF_vac_WF_centered_errors_eV": [0.4529700737260166, -0.716053148663327, -1.1690232223893442], "relative_WF_squared_error_fraction": 0.0279195283642106}, {"index": 240, "atoms": 183, "composition": [63, 90, 30], "charge": 0.0, "weight": 1.0, "ef": 0.3075730347880339, "vac": -0.7836282998451134, "wf": -1.0912013346331477, "force_rmse": 0.14106806936545743, "potential_error_power_eV2": 0.21359991842816536, "stored_deformation_potential_mean_eV": -9.735419555064175e-14, "gaussian_lowpass_error_power_eV2": 0.18409635110731146, "planar_error_power_eV2": 0.20500232275259597, "loader_frame_1based": 241, "EF_vac_WF_centered_errors_eV": [0.33595911899980363, -0.8161746067651383, -1.1521337257649422], "relative_WF_squared_error_fraction": 0.027118619659809454}, {"index": 147, "atoms": 186, "composition": [66, 90, 30], "charge": 0.0, "weight": 1.0, "ef": -0.4967190497533437, "vac": 0.7092665342936111, "wf": 1.2059855840469544, "force_rmse": 0.2519960262150395, "potential_error_power_eV2": 0.18625337827701632, "stored_deformation_potential_mean_eV": 5.296572984662304e-14, "gaussian_lowpass_error_power_eV2": 0.1658661086246112, "planar_error_power_eV2": 0.17986920087885305, "loader_frame_1based": 148, "EF_vac_WF_centered_errors_eV": [-0.46833296554157394, 0.6767202273735862, 1.14505319291516], "relative_WF_squared_error_fraction": 0.026786324452628147}, {"index": 140, "atoms": 82, "composition": [20, 44, 18], "charge": 0.0, "weight": 1.0, "ef": 0.2834191134895483, "vac": -0.7860724316226335, "wf": -1.0694915451121823, "force_rmse": 0.35394212257619906, "potential_error_power_eV2": 0.2826902639905491, "stored_deformation_potential_mean_eV": -6.447843251386079e-15, "gaussian_lowpass_error_power_eV2": 0.24129226610325663, "planar_error_power_eV2": 0.27349143981861046, "loader_frame_1based": 141, "EF_vac_WF_centered_errors_eV": [0.31180519770131804, -0.8186187385426584, -1.1304239362439767], "relative_WF_squared_error_fraction": 0.026106249883158118}], "WF_centered_squared_error_share_largest_10_structures": 0.4942163178580457, "WF_centered_squared_error_share_largest_10_percent": 0.7192990271506847, "independent_single_anchor_EF_vac_WF_RMSE_eV": [0.21999678655425411, 0.3727519996936622, 0.544662064014446], "relative_error_scope": "One whole-split offset for RMSE_rel; no fitted offset is applied to predictions. Single-anchor expectation assumes independent configurations.", "WF_squared_error_share_largest_10_percent": 0.7015314461336952, "largest_WF_errors": [{"index": 293, "atoms": 108, "composition": [0, 72, 36], "charge": 0.0, "weight": 1.0, "ef": 0.7743462534676406, "vac": -1.55414615852043, "wf": -2.328492411988071, "force_rmse": 0.7760667344431169, "potential_error_power_eV2": 1.433277105687376, "stored_deformation_potential_mean_eV": 8.093184424396893e-14, "gaussian_lowpass_error_power_eV2": 1.2327987996964505, "planar_error_power_eV2": 1.4273231717896215}, {"index": 134, "atoms": 180, "composition": [0, 120, 60], "charge": 0.0, "weight": 1.0, "ef": 0.5588251804895177, "vac": -1.7340942303175675, "wf": -2.2929194108070847, "force_rmse": 0.6662481942595107, "potential_error_power_eV2": 1.4953920358721464, "stored_deformation_potential_mean_eV": -4.632205743448059e-14, "gaussian_lowpass_error_power_eV2": 1.3274700303083855, "planar_error_power_eV2": 1.4900162919830278}, {"index": 304, "atoms": 180, "composition": [60, 90, 30], "charge": 0.0, "weight": 1.0, "ef": -0.694456875465016, "vac": 1.3756721441164625, "wf": 2.0701290195814783, "force_rmse": 0.22110122240031693, "potential_error_power_eV2": 1.1004328488391144, "stored_deformation_potential_mean_eV": 3.4053226704110426e-14, "gaussian_lowpass_error_power_eV2": 1.007118023543888, "planar_error_power_eV2": 1.090455921536859}, {"index": 176, "atoms": 181, "composition": [61, 90, 30], "charge": 0.0, "weight": 1.0, "ef": -0.45594347628041887, "vac": 0.7858739273474136, "wf": 1.2418174036278318, "force_rmse": 0.14696440974060876, "potential_error_power_eV2": 0.49638186601862916, "stored_deformation_potential_mean_eV": 1.6911737376607687e-14, "gaussian_lowpass_error_power_eV2": 0.4433501189191704, "planar_error_power_eV2": 0.48922650380117183}, {"index": 147, "atoms": 186, "composition": [66, 90, 30], "charge": 0.0, "weight": 1.0, "ef": -0.4967190497533437, "vac": 0.7092665342936111, "wf": 1.2059855840469544, "force_rmse": 0.2519960262150395, "potential_error_power_eV2": 0.18625337827701632, "stored_deformation_potential_mean_eV": 5.296572984662304e-14, "gaussian_lowpass_error_power_eV2": 0.1658661086246112, "planar_error_power_eV2": 0.17986920087885305}, {"index": 91, "atoms": 181, "composition": [61, 90, 30], "charge": 0.0, "weight": 1.0, "ef": -0.542866214832925, "vac": 0.616451674588955, "wf": 1.1593178894218794, "force_rmse": 0.17978868473123272, "potential_error_power_eV2": 0.26522095396108014, "stored_deformation_potential_mean_eV": -2.6523668967178466e-14, "gaussian_lowpass_error_power_eV2": 0.2227016498816072, "planar_error_power_eV2": 0.2528366179109179}, {"index": 206, "atoms": 183, "composition": [63, 90, 30], "charge": 0.0, "weight": 1.0, "ef": 0.42458398951424686, "vac": -0.6835068417433021, "wf": -1.1080908312575497, "force_rmse": 0.12524367766599634, "potential_error_power_eV2": 0.2894053019049995, "stored_deformation_potential_mean_eV": -1.79033983761625e-15, "gaussian_lowpass_error_power_eV2": 0.26014034112151824, "planar_error_power_eV2": 0.28174858560764693}, {"index": 240, "atoms": 183, "composition": [63, 90, 30], "charge": 0.0, "weight": 1.0, "ef": 0.3075730347880339, "vac": -0.7836282998451134, "wf": -1.0912013346331477, "force_rmse": 0.14106806936545743, "potential_error_power_eV2": 0.21359991842816536, "stored_deformation_potential_mean_eV": -9.735419555064175e-14, "gaussian_lowpass_error_power_eV2": 0.18409635110731146, "planar_error_power_eV2": 0.20500232275259597}], "composition_cohorts": [{"element_counts": "(60, 90, 30)", "graphs": 1, "wf_rmse_eV": 2.0701290195814783}, {"element_counts": "(0, 120, 60)", "graphs": 2, "wf_rmse_eV": 1.6223062189598698}, {"element_counts": "(0, 72, 36)", "graphs": 4, "wf_rmse_eV": 1.1691888481662482}, {"element_counts": "(20, 44, 18)", "graphs": 1, "wf_rmse_eV": 1.0694915451121823}, {"element_counts": "(40, 88, 36)", "graphs": 1, "wf_rmse_eV": 0.8894155133306212}, {"element_counts": "(66, 90, 30)", "graphs": 10, "wf_rmse_eV": 0.7507922867233823}, {"element_counts": "(61, 90, 30)", "graphs": 10, "wf_rmse_eV": 0.669724693097971}, {"element_counts": "(63, 90, 30)", "graphs": 7, "wf_rmse_eV": 0.6059256958014474}, {"element_counts": "(23, 128, 60)", "graphs": 1, "wf_rmse_eV": 0.5960993386129889}, {"element_counts": "(4, 37, 18)", "graphs": 1, "wf_rmse_eV": 0.5867228280566792}, {"element_counts": "(64, 91, 30)", "graphs": 5, "wf_rmse_eV": 0.5838341498166179}, {"element_counts": "(14, 43, 18)", "graphs": 1, "wf_rmse_eV": 0.5635285215136152}], "scope": "Full supplied split; diagnostic only, no reference-dependent correction or exclusion is applied. Large error alone does not establish bad reference data.", "atomic_numbers": [1, 8, 77]}
2026-10-08 23:44:37.889 INFO: Epoch 25: loss=169.865, RMSE_E_per_atom=1126.1877 meV, RMSE_F=229.3701 meV/A, RMSE_dip_per_atom=1.5401 meA, RMSE_rho=0.1769 me/A^3, RMSE_EF(abs/rel)=158.1299/155.5612 meV, RMSE_ESP=262.6857 mV, RMSE_ESPvac(abs/rel)=265.5773/263.5755 mV, RMSE_WF(abs/rel)=389.9245/385.1342 meV
2026-10-08 23:44:37.889 INFO: 50-step electronic residual maximum: 2.6861e-06
2026-10-08 23:44:37.906 INFO: Optimizer epoch 25: lr=[0.001, 0.001, 0.001, 0.001, 0.001, 0.001, 0.001, 0.001], mean gradient norm=6949.8, clipped=346/346
2026-10-08 23:44:37.906 INFO: Epoch timing: train=130.650s, validation=45.119s, updates=346, train/update=0.37760s, peak allocated=14090.9 MiB, backbone=CuEq
2026-10-08 23:44:37.906 INFO: Optimization budget: graphs=1384/1384, updates=346, mean retained gradient=0.0039792, min retained gradient=0.0001789
2026-10-08 23:44:37.907 INFO: Optimizer time scales {"updates_per_epoch": 346, "groups": [{"name": "embedding", "lr": 0.001, "parameter_update_range": [8996.0, 8996.0], "moment_memory_epochs": [0.02890173410404625, 2.8901734104046217], "AdamW_decay_only_retention_per_epoch": 1.0}, {"name": "interactions_no_decay", "lr": 0.001, "parameter_update_range": [8996.0, 8996.0], "moment_memory_epochs": [0.02890173410404625, 2.8901734104046217], "AdamW_decay_only_retention_per_epoch": 1.0}, {"name": "products", "lr": 0.001, "parameter_update_range": [8996.0, 8996.0], "moment_memory_epochs": [0.02890173410404625, 2.8901734104046217], "AdamW_decay_only_retention_per_epoch": 0.9996540596781468}, {"name": "readouts", "lr": 0.001, "parameter_update_range": [8996.0, 8996.0], "moment_memory_epochs": [0.02890173410404625, 2.8901734104046217], "AdamW_decay_only_retention_per_epoch": 1.0}, {"name": "lr_source_maps", "lr": 0.001, "parameter_update_range": [8996.0, 8996.0], "moment_memory_epochs": [0.02890173410404625, 2.8901734104046217], "AdamW_decay_only_retention_per_epoch": 1.0}, {"name": "field_dependent_charges_map", "lr": 0.001, "parameter_update_range": [8996.0, 8996.0], "moment_memory_epochs": [0.02890173410404625, 2.8901734104046217], "AdamW_decay_only_retention_per_epoch": 0.9965459616620003}, {"name": "electronic_references", "lr": 0.001, "parameter_update_range": [8996.0, 8996.0], "moment_memory_epochs": [0.02890173410404625, 2.8901734104046217], "AdamW_decay_only_retention_per_epoch": 1.0}, {"name": "layer_feature_mixer", "lr": 0.001, "parameter_update_range": [8996.0, 8996.0], "moment_memory_epochs": [0.02890173410404625, 2.8901734104046217], "AdamW_decay_only_retention_per_epoch": 0.9996540596781468}], "EMA_asymptotic_memory_epochs": 0.2890173410404622}
2026-10-08 23:44:37.907 INFO: Batching: optimizer graphs=4, device graphs<=4; one clipping/Adam/EMA update per optimizer batch
2026-10-08 23:44:37.907 INFO: 50-step finite-budget validation residual 2.6861e-06 exceeds equilibrium tolerance 1e-06; metrics describe the exported finite trajectory, not a converged root
2026-10-08 23:55:34.775 INFO: Training-only scalar reference calibration {'fermi_level': {'observed_training_graphs': 61, 'shift_eV': -0.005666471392112128, 'reference_eV': -0.21475147168414466, 'panel_RMSE_before_eV': 0.15973058360477974, 'panel_RMSE_after_eV': 0.15963004241271725}, 'vacuum_potential': {'observed_training_graphs': 61, 'shift_eV': -0.03276151006470048, 'reference_eV': 0.07149882697789278, 'panel_RMSE_before_eV': 0.2819292253446014, 'panel_RMSE_after_eV': 0.28001923427094716}, 'seconds': 8.978296151006361}; constants saved with the model; relative errors and physical fixed-Q trajectory unchanged
2026-10-08 23:56:10.373 INFO: Full validation audit {"graphs": 350, "index_convention": "supplied loader order, zero based", "force_rmse_by_element_column_eV_A": {"0": 0.18237085526843883, "1": 0.23057129478549915, "2": 0.33059102498106696}, "force_target_rms_by_element_column_eV_A": {"0": 0.7583041629256339, "1": 0.8719660684898465, "2": 0.9586983364634067}, "force_rmse_over_target_rms_by_element_column": {"0": 0.2404982910351288, "1": 0.2644269119150753, "2": 0.3448332102052057}, "density_observers": {"density_RMSE_e_A3": 0.0009616655226888832, "farfield_RMSE_e_A3": 0.00016673073705875084, "scope": "Different Gaussian resolutions of the same error; smaller farfield RMSE is not an accuracy gain."}, "stored_potential_gauge": {"deformation_mean_range_eV": [-1.923389086888605e-13, 1.7333365232548237e-13], "scope": "Stored k=0 is retained for audit; RMSE_ESP compares fields modulo a uniform offset. Scalar EF/vacuum errors use their stored label convention."}, "potential_error_power_fractions": {"normal_reciprocal_line": 0.9118398976872372, "Gaussian_lowpass": 0.7934767898872741, "Gaussian_width_A": 1.5}, "observed_EF_vac_WF": 330, "EF_vac_WF_rmse_eV": [0.15190129493433024, 0.27599582790809113, 0.39190501840736164], "EF_vac_WF_relative_rmse_eV": [0.14862476228434013, 0.2731527375021798, 0.3854397099969077], "EF_vac_WF_bias_eV": [-0.031379666006026145, 0.039513023394039365, 0.07089268940006553], "EF_vac_covariance_eV2": -0.02593101603674448, "WF_absolute_error_quantiles_eV": {"median": 0.18598600087046435, "p90": 0.567452700322963, "p99": 1.360608264626924, "max": 2.3740499978814107}, "WF_identity_max_error_eV": 1.5543122344752192e-15, "absolute_relative_bias_identity_max_error_eV2": 2.7755575615628914e-17, "WF_variance_components_eV2": {"EF": 0.022089319964076613, "vacuum": 0.07461241800493476, "covariance_contribution": 0.05186203207348896}, "largest_relative_WF_errors": [{"index": 134, "atoms": 180, "composition": [0, 120, 60], "charge": 0.0, "weight": 1.0, "ef": 0.5327956532769473, "vac": -1.8412543446044642, "wf": -2.3740499978814107, "force_rmse": 0.6626860932024327, "potential_error_power_eV2": 1.5425049615435344, "stored_deformation_potential_mean_eV": -4.632205743448059e-14, "gaussian_lowpass_error_power_eV2": 1.3727402028199618, "planar_error_power_eV2": 1.5347913764970127, "loader_frame_1based": 135, "EF_vac_WF_centered_errors_eV": [0.5641753192829735, -1.8807673679985035, -2.4449426872814763], "relative_WF_squared_error_fraction": 0.12192998338165094}, {"index": 293, "atoms": 108, "composition": [0, 72, 36], "charge": 0.0, "weight": 1.0, "ef": 0.6961980765943903, "vac": -1.512626517582106, "wf": -2.2088245941764963, "force_rmse": 0.7542295883837639, "potential_error_power_eV2": 1.360413484073299, "stored_deformation_potential_mean_eV": 8.093184424396893e-14, "gaussian_lowpass_error_power_eV2": 1.1685594648925286, "planar_error_power_eV2": 1.352516497695473, "loader_frame_1based": 294, "EF_vac_WF_centered_errors_eV": [0.7275777426004164, -1.5521395409761454, -2.279717283576562], "relative_WF_squared_error_fraction": 0.10600714348786174}, {"index": 304, "atoms": 180, "composition": [60, 90, 30], "charge": 0.0, "weight": 1.0, "ef": -0.5772750945766318, "vac": 1.446557920571773, "wf": 2.023833015148405, "force_rmse": 0.22436543998385872, "potential_error_power_eV2": 1.0633373101725292, "stored_deformation_potential_mean_eV": 3.4053226704110426e-14, "gaussian_lowpass_error_power_eV2": 0.9807691886704388, "planar_error_power_eV2": 1.055363805886484, "loader_frame_1based": 305, "EF_vac_WF_centered_errors_eV": [-0.5458954285706057, 1.4070448971777336, 1.9529403257483395], "relative_WF_squared_error_fraction": 0.07779489422119107}, {"index": 147, "atoms": 186, "composition": [66, 90, 30], "charge": 0.0, "weight": 1.0, "ef": -0.5428710182998617, "vac": 0.9035831397041263, "wf": 1.4464541580039882, "force_rmse": 0.21300209247130422, "potential_error_power_eV2": 0.277084160464487, "stored_deformation_potential_mean_eV": 5.296572984662304e-14, "gaussian_lowpass_error_power_eV2": 0.2550505132788076, "planar_error_power_eV2": 0.2710900158946729, "loader_frame_1based": 148, "EF_vac_WF_centered_errors_eV": [-0.5114913522938356, 0.8640701163100869, 1.3755614686039228], "relative_WF_squared_error_fraction": 0.0385951872744813}, {"index": 140, "atoms": 82, "composition": [20, 44, 18], "charge": 0.0, "weight": 1.0, "ef": 0.23806091841386756, "vac": -0.8422513818276087, "wf": -1.0803123002414763, "force_rmse": 0.3452005557997859, "potential_error_power_eV2": 0.28054133992360464, "stored_deformation_potential_mean_eV": -6.447843251386079e-15, "gaussian_lowpass_error_power_eV2": 0.24052657386479734, "planar_error_power_eV2": 0.27338314841349265, "loader_frame_1based": 141, "EF_vac_WF_centered_errors_eV": [0.2694405844198937, -0.8817644052216481, -1.1512049896415417], "relative_WF_squared_error_fraction": 0.02703201843275899}, {"index": 240, "atoms": 183, "composition": [63, 90, 30], "charge": 0.0, "weight": 1.0, "ef": 0.30902861515748203, "vac": -0.7266823663848818, "wf": -1.0357109815423637, "force_rmse": 0.1446942469263018, "potential_error_power_eV2": 0.17709338654164974, "stored_deformation_potential_mean_eV": -9.735419555064175e-14, "gaussian_lowpass_error_power_eV2": 0.15349047336192873, "planar_error_power_eV2": 0.17127221133570847, "loader_frame_1based": 241, "EF_vac_WF_centered_errors_eV": [0.3404082811635082, -0.7661953897789212, -1.1066036709424292], "relative_WF_squared_error_fraction": 0.024977982757392034}, {"index": 91, "atoms": 181, "composition": [61, 90, 30], "charge": 0.0, "weight": 1.0, "ef": -0.4916615738625176, "vac": 0.658772262151615, "wf": 1.1504338360141326, "force_rmse": 0.18744691427583954, "potential_error_power_eV2": 0.2169921490511745, "stored_deformation_potential_mean_eV": -2.6523668967178466e-14, "gaussian_lowpass_error_power_eV2": 0.1846765686306412, "planar_error_power_eV2": 0.20751708492590765, "loader_frame_1based": 92, "EF_vac_WF_centered_errors_eV": [-0.4602819078564914, 0.6192592387575756, 1.0795411466140672], "relative_WF_squared_error_fraction": 0.0237712242195658}, {"index": 81, "atoms": 186, "composition": [66, 90, 30], "charge": 0.0, "weight": 1.0, "ef": -0.38955996185094033, "vac": 0.7017393545533839, "wf": 1.0912993164043243, "force_rmse": 0.20548202593526815, "potential_error_power_eV2": 0.1567293571985754, "stored_deformation_potential_mean_eV": 3.672108684987309e-14, "gaussian_lowpass_error_power_eV2": 0.13921567012353234, "planar_error_power_eV2": 0.15225791757464688, "loader_frame_1based": 82, "EF_vac_WF_centered_errors_eV": [-0.3581802958449142, 0.6622263311593445, 1.0204066270042589], "relative_WF_squared_error_fraction": 0.021238296975634206}], "WF_centered_squared_error_share_largest_10_structures": 0.48129311911723643, "WF_centered_squared_error_share_largest_10_percent": 0.7010264079947964, "independent_single_anchor_EF_vac_WF_RMSE_eV": [0.21018715452699108, 0.38629630597492054, 0.5450940653547794], "relative_error_scope": "One whole-split offset for RMSE_rel; no fitted offset is applied to predictions. Single-anchor expectation assumes independent configurations.", "WF_squared_error_share_largest_10_percent": 0.6843016545780519, "largest_WF_errors": [{"index": 134, "atoms": 180, "composition": [0, 120, 60], "charge": 0.0, "weight": 1.0, "ef": 0.5327956532769473, "vac": -1.8412543446044642, "wf": -2.3740499978814107, "force_rmse": 0.6626860932024327, "potential_error_power_eV2": 1.5425049615435344, "stored_deformation_potential_mean_eV": -4.632205743448059e-14, "gaussian_lowpass_error_power_eV2": 1.3727402028199618, "planar_error_power_eV2": 1.5347913764970127}, {"index": 293, "atoms": 108, "composition": [0, 72, 36], "charge": 0.0, "weight": 1.0, "ef": 0.6961980765943903, "vac": -1.512626517582106, "wf": -2.2088245941764963, "force_rmse": 0.7542295883837639, "potential_error_power_eV2": 1.360413484073299, "stored_deformation_potential_mean_eV": 8.093184424396893e-14, "gaussian_lowpass_error_power_eV2": 1.1685594648925286, "planar_error_power_eV2": 1.352516497695473}, {"index": 304, "atoms": 180, "composition": [60, 90, 30], "charge": 0.0, "weight": 1.0, "ef": -0.5772750945766318, "vac": 1.446557920571773, "wf": 2.023833015148405, "force_rmse": 0.22436543998385872, "potential_error_power_eV2": 1.0633373101725292, "stored_deformation_potential_mean_eV": 3.4053226704110426e-14, "gaussian_lowpass_error_power_eV2": 0.9807691886704388, "planar_error_power_eV2": 1.055363805886484}, {"index": 147, "atoms": 186, "composition": [66, 90, 30], "charge": 0.0, "weight": 1.0, "ef": -0.5428710182998617, "vac": 0.9035831397041263, "wf": 1.4464541580039882, "force_rmse": 0.21300209247130422, "potential_error_power_eV2": 0.277084160464487, "stored_deformation_potential_mean_eV": 5.296572984662304e-14, "gaussian_lowpass_error_power_eV2": 0.2550505132788076, "planar_error_power_eV2": 0.2710900158946729}, {"index": 91, "atoms": 181, "composition": [61, 90, 30], "charge": 0.0, "weight": 1.0, "ef": -0.4916615738625176, "vac": 0.658772262151615, "wf": 1.1504338360141326, "force_rmse": 0.18744691427583954, "potential_error_power_eV2": 0.2169921490511745, "stored_deformation_potential_mean_eV": -2.6523668967178466e-14, "gaussian_lowpass_error_power_eV2": 0.1846765686306412, "planar_error_power_eV2": 0.20751708492590765}, {"index": 81, "atoms": 186, "composition": [66, 90, 30], "charge": 0.0, "weight": 1.0, "ef": -0.38955996185094033, "vac": 0.7017393545533839, "wf": 1.0912993164043243, "force_rmse": 0.20548202593526815, "potential_error_power_eV2": 0.1567293571985754, "stored_deformation_potential_mean_eV": 3.672108684987309e-14, "gaussian_lowpass_error_power_eV2": 0.13921567012353234, "planar_error_power_eV2": 0.15225791757464688}, {"index": 140, "atoms": 82, "composition": [20, 44, 18], "charge": 0.0, "weight": 1.0, "ef": 0.23806091841386756, "vac": -0.8422513818276087, "wf": -1.0803123002414763, "force_rmse": 0.3452005557997859, "potential_error_power_eV2": 0.28054133992360464, "stored_deformation_potential_mean_eV": -6.447843251386079e-15, "gaussian_lowpass_error_power_eV2": 0.24052657386479734, "planar_error_power_eV2": 0.27338314841349265}, {"index": 176, "atoms": 181, "composition": [61, 90, 30], "charge": 0.0, "weight": 1.0, "ef": -0.2917660394874704, "vac": 0.7532755194618712, "wf": 1.0450415589493414, "force_rmse": 0.1503778562400479, "potential_error_power_eV2": 0.3989750327247391, "stored_deformation_potential_mean_eV": 1.6911737376607687e-14, "gaussian_lowpass_error_power_eV2": 0.3579636711039177, "planar_error_power_eV2": 0.39279168287513005}], "composition_cohorts": [{"element_counts": "(60, 90, 30)", "graphs": 1, "wf_rmse_eV": 2.023833015148405}, {"element_counts": "(0, 120, 60)", "graphs": 2, "wf_rmse_eV": 1.67914605685642}, {"element_counts": "(0, 72, 36)", "graphs": 4, "wf_rmse_eV": 1.1136281331651}, {"element_counts": "(20, 44, 18)", "graphs": 1, "wf_rmse_eV": 1.0803123002414763}, {"element_counts": "(66, 90, 30)", "graphs": 10, "wf_rmse_eV": 0.8153268415521038}, {"element_counts": "(40, 88, 36)", "graphs": 1, "wf_rmse_eV": 0.6760604579202019}, {"element_counts": "(61, 90, 30)", "graphs": 10, "wf_rmse_eV": 0.6396685989348916}, {"element_counts": "(23, 128, 60)", "graphs": 1, "wf_rmse_eV": 0.6123611682062897}, {"element_counts": "(32, 87, 36)", "graphs": 1, "wf_rmse_eV": 0.5752139027686711}, {"element_counts": "(4, 37, 18)", "graphs": 1, "wf_rmse_eV": 0.5557193014954729}, {"element_counts": "(40, 111, 48)", "graphs": 1, "wf_rmse_eV": 0.5551993939786657}, {"element_counts": "(63, 90, 30)", "graphs": 7, "wf_rmse_eV": 0.5478317716817771}], "scope": "Full supplied split; diagnostic only, no reference-dependent correction or exclusion is applied. Large error alone does not establish bad reference data.", "atomic_numbers": [1, 8, 77]}
2026-10-08 23:56:10.376 INFO: Epoch 30: loss=140.35, RMSE_E_per_atom=982.0965 meV, RMSE_F=233.4703 meV/A, RMSE_dip_per_atom=1.5928 meA, RMSE_rho=0.1667 me/A^3, RMSE_EF(abs/rel)=151.9013/148.6248 meV, RMSE_ESP=255.8301 mV, RMSE_ESPvac(abs/rel)=275.9958/273.1527 mV, RMSE_WF(abs/rel)=391.9050/385.4397 meV
2026-10-08 23:56:10.376 INFO: 50-step electronic residual maximum: 0.00039924
2026-10-08 23:56:10.382 INFO: Optimizer epoch 30: lr=[0.001, 0.001, 0.001, 0.001, 0.001, 0.001, 0.001, 0.001], mean gradient norm=5366.1, clipped=346/346
2026-10-08 23:56:10.382 INFO: Epoch timing: train=126.980s, validation=44.586s, updates=346, train/update=0.36699s, peak allocated=14492.3 MiB, backbone=CuEq
2026-10-08 23:56:10.382 INFO: Optimization budget: graphs=1384/1384, updates=346, mean retained gradient=0.0047339, min retained gradient=0.00020291
2026-10-08 23:56:10.382 INFO: Optimizer time scales {"updates_per_epoch": 346, "groups": [{"name": "embedding", "lr": 0.001, "parameter_update_range": [10726.0, 10726.0], "moment_memory_epochs": [0.02890173410404625, 2.8901734104046217], "AdamW_decay_only_retention_per_epoch": 1.0}, {"name": "interactions_no_decay", "lr": 0.001, "parameter_update_range": [10726.0, 10726.0], "moment_memory_epochs": [0.02890173410404625, 2.8901734104046217], "AdamW_decay_only_retention_per_epoch": 1.0}, {"name": "products", "lr": 0.001, "parameter_update_range": [10726.0, 10726.0], "moment_memory_epochs": [0.02890173410404625, 2.8901734104046217], "AdamW_decay_only_retention_per_epoch": 0.9996540596781468}, {"name": "readouts", "lr": 0.001, "parameter_update_range": [10726.0, 10726.0], "moment_memory_epochs": [0.02890173410404625, 2.8901734104046217], "AdamW_decay_only_retention_per_epoch": 1.0}, {"name": "lr_source_maps", "lr": 0.001, "parameter_update_range": [10726.0, 10726.0], "moment_memory_epochs": [0.02890173410404625, 2.8901734104046217], "AdamW_decay_only_retention_per_epoch": 1.0}, {"name": "field_dependent_charges_map", "lr": 0.001, "parameter_update_range": [10726.0, 10726.0], "moment_memory_epochs": [0.02890173410404625, 2.8901734104046217], "AdamW_decay_only_retention_per_epoch": 0.9965459616620003}, {"name": "electronic_references", "lr": 0.001, "parameter_update_range": [10726.0, 10726.0], "moment_memory_epochs": [0.02890173410404625, 2.8901734104046217], "AdamW_decay_only_retention_per_epoch": 1.0}, {"name": "layer_feature_mixer", "lr": 0.001, "parameter_update_range": [10726.0, 10726.0], "moment_memory_epochs": [0.02890173410404625, 2.8901734104046217], "AdamW_decay_only_retention_per_epoch": 0.9996540596781468}], "EMA_asymptotic_memory_epochs": 0.2890173410404622}
2026-10-08 23:56:10.383 INFO: Batching: optimizer graphs=4, device graphs<=4; one clipping/Adam/EMA update per optimizer batch
2026-10-08 23:56:10.383 INFO: 50-step finite-budget validation residual 0.00039924 exceeds equilibrium tolerance 1e-06; metrics describe the exported finite trajectory, not a converged root
2026-10-09 00:06:58.194 INFO: Training-only scalar reference calibration {'fermi_level': {'observed_training_graphs': 61, 'shift_eV': 0.012337109085350238, 'reference_eV': -0.20241436259879442, 'panel_RMSE_before_eV': 0.1511448318037579, 'panel_RMSE_after_eV': 0.15064048566173183}, 'vacuum_potential': {'observed_training_graphs': 61, 'shift_eV': 0.028121166155373772, 'reference_eV': 0.09961999313326655, 'panel_RMSE_before_eV': 0.250868130668762, 'panel_RMSE_after_eV': 0.24928702132140956}, 'seconds': 8.978230804001214}; constants saved with the model; relative errors and physical fixed-Q trajectory unchanged
2026-10-09 00:07:33.712 INFO: Full validation audit {"graphs": 350, "index_convention": "supplied loader order, zero based", "force_rmse_by_element_column_eV_A": {"0": 0.19070453067900256, "1": 0.23642326078611772, "2": 0.3262982123669043}, "force_target_rms_by_element_column_eV_A": {"0": 0.7583041629256339, "1": 0.8719660684898465, "2": 0.9586983364634067}, "force_rmse_over_target_rms_by_element_column": {"0": 0.2514881758570865, "1": 0.27113814324859903, "2": 0.34035545901811315}, "density_observers": {"density_RMSE_e_A3": 0.0010754879835648407, "farfield_RMSE_e_A3": 0.0001763985176819522, "scope": "Different Gaussian resolutions of the same error; smaller farfield RMSE is not an accuracy gain."}, "stored_potential_gauge": {"deformation_mean_range_eV": [-1.923389086888605e-13, 1.7333365232548237e-13], "scope": "Stored k=0 is retained for audit; RMSE_ESP compares fields modulo a uniform offset. Scalar EF/vacuum errors use their stored label convention."}, "potential_error_power_fractions": {"normal_reciprocal_line": 0.8886820399241757, "Gaussian_lowpass": 0.7633503924968517, "Gaussian_width_A": 1.5}, "observed_EF_vac_WF": 330, "EF_vac_WF_rmse_eV": [0.15226180663338945, 0.2590109397471864, 0.37911819597847896], "EF_vac_WF_relative_rmse_eV": [0.14982641099402208, 0.25675517336873205, 0.374140480437634], "EF_vac_WF_bias_eV": [-0.027123870076264527, 0.034109351461336465, 0.061233221537601114], "EF_vac_covariance_eV2": -0.02580496330957315, "WF_absolute_error_quantiles_eV": {"median": 0.17899909657161306, "p90": 0.5289267127084172, "p99": 1.4386437170604371, "max": 2.3132161447586634}, "WF_identity_max_error_eV": 8.881784197001252e-16, "absolute_relative_bias_identity_max_error_eV2": 1.1102230246251565e-16, "WF_variance_components_eV2": {"EF": 0.022447953431349626, "vacuum": 0.06592321905160763, "covariance_contribution": 0.0516099266191463}, "largest_relative_WF_errors": [{"index": 134, "atoms": 180, "composition": [0, 120, 60], "charge": 0.0, "weight": 1.0, "ef": 0.5546621050024384, "vac": -1.758554039756226, "wf": -2.3132161447586634, "force_rmse": 0.6594732919299957, "potential_error_power_eV2": 1.4798952604192637, "stored_deformation_potential_mean_eV": -4.632205743448059e-14, "gaussian_lowpass_error_power_eV2": 1.3102170515318146, "planar_error_power_eV2": 1.4699416212895784, "loader_frame_1based": 135, "EF_vac_WF_centered_errors_eV": [0.5817859750787029, -1.7926633912175625, -2.3744493662962647], "relative_WF_squared_error_fraction": 0.12205132171780968}, {"index": 293, "atoms": 108, "composition": [0, 72, 36], "charge": 0.0, "weight": 1.0, "ef": 0.7455503692983758, "vac": -1.459983790792914, "wf": -2.2055341600912906, "force_rmse": 0.7268996495099128, "potential_error_power_eV2": 1.3472361987899648, "stored_deformation_potential_mean_eV": 8.093184424396893e-14, "gaussian_lowpass_error_power_eV2": 1.1408346249715244, "planar_error_power_eV2": 1.3365637552739968, "loader_frame_1based": 294, "EF_vac_WF_centered_errors_eV": [0.7726742393746403, -1.4940931422542505, -2.266767381628892], "relative_WF_squared_error_fraction": 0.11123221105358867}, {"index": 147, "atoms": 186, "composition": [66, 90, 30], "charge": 0.0, "weight": 1.0, "ef": -0.5643491418408348, "vac": 0.9351041398097064, "wf": 1.4994532816505415, "force_rmse": 0.22647432998262348, "potential_error_power_eV2": 0.32047234700747296, "stored_deformation_potential_mean_eV": 5.296572984662304e-14, "gaussian_lowpass_error_power_eV2": 0.29439824866119313, "planar_error_power_eV2": 0.3129399998271966, "loader_frame_1based": 148, "EF_vac_WF_centered_errors_eV": [-0.5372252717645704, 0.90099478834837, 1.4382200601129405], "relative_WF_squared_error_fraction": 0.04477827352102348}, {"index": 304, "atoms": 180, "composition": [60, 90, 30], "charge": 0.0, "weight": 1.0, "ef": -0.40285907586280834, "vac": 1.0923687705246277, "wf": 1.4952278463874364, "force_rmse": 0.21000455905227838, "potential_error_power_eV2": 0.641915245692788, "stored_deformation_potential_mean_eV": 3.4053226704110426e-14, "gaussian_lowpass_error_power_eV2": 0.5813894546022295, "planar_error_power_eV2": 0.6333598061735107, "loader_frame_1based": 305, "EF_vac_WF_centered_errors_eV": [-0.3757352057865438, 1.0582594190632912, 1.4339946248498354], "relative_WF_squared_error_fraction": 0.04451554633660038}, {"index": 240, "atoms": 183, "composition": [63, 90, 30], "charge": 0.0, "weight": 1.0, "ef": 0.39486534288907227, "vac": -0.905244816163898, "wf": -1.30011015905297, "force_rmse": 0.14238728525697059, "potential_error_power_eV2": 0.2703223325050311, "stored_deformation_potential_mean_eV": -9.735419555064175e-14, "gaussian_lowpass_error_power_eV2": 0.24117522857846518, "planar_error_power_eV2": 0.26431351819341764, "loader_frame_1based": 241, "EF_vac_WF_centered_errors_eV": [0.4219892129653368, -0.9393541676252344, -1.361343380590571], "relative_WF_squared_error_fraction": 0.04011917824848586}, {"index": 206, "atoms": 183, "composition": [63, 90, 30], "charge": 0.0, "weight": 1.0, "ef": 0.4768810797043742, "vac": -0.71875895104146, "wf": -1.1956400307458344, "force_rmse": 0.11694711004494758, "potential_error_power_eV2": 0.32829929824348525, "stored_deformation_potential_mean_eV": -1.79033983761625e-15, "gaussian_lowpass_error_power_eV2": 0.29743092319120323, "planar_error_power_eV2": 0.32166313515497397, "loader_frame_1based": 207, "EF_vac_WF_centered_errors_eV": [0.5040049497806387, -0.7528683025027965, -1.2568732522834354], "relative_WF_squared_error_fraction": 0.03419791503971179}, {"index": 81, "atoms": 186, "composition": [66, 90, 30], "charge": 0.0, "weight": 1.0, "ef": -0.41616545730222554, "vac": 0.8233346791284313, "wf": 1.2395001364306566, "force_rmse": 0.21534541305980198, "potential_error_power_eV2": 0.19826254271444796, "stored_deformation_potential_mean_eV": 3.672108684987309e-14, "gaussian_lowpass_error_power_eV2": 0.17729648321389113, "planar_error_power_eV2": 0.19369837029128234, "loader_frame_1based": 82, "EF_vac_WF_centered_errors_eV": [-0.389041587225961, 0.7892253276670949, 1.1782669148930556], "relative_WF_squared_error_fraction": 0.030054120761645042}, {"index": 193, "atoms": 185, "composition": [65, 90, 30], "charge": 0.0, "weight": 1.0, "ef": 0.3965429252230357, "vac": -0.597554472941785, "wf": -0.9940973981648202, "force_rmse": 0.13452659352643828, "potential_error_power_eV2": 0.22743490949236433, "stored_deformation_potential_mean_eV": 2.0509542453129138e-14, "gaussian_lowpass_error_power_eV2": 0.20039539323325484, "planar_error_power_eV2": 0.22060739604095525, "loader_frame_1based": 194, "EF_vac_WF_centered_errors_eV": [0.42366679529930024, -0.6316638244031214, -1.0553306197024213], "relative_WF_squared_error_fraction": 0.0241098072920661}], "WF_centered_squared_error_share_largest_10_structures": 0.4930549021384697, "WF_centered_squared_error_share_largest_10_percent": 0.7218859362010922, "independent_single_anchor_EF_vac_WF_RMSE_eV": [0.21188654242943142, 0.36310664838751616, 0.5291145416676877], "relative_error_scope": "One whole-split offset for RMSE_rel; no fitted offset is applied to predictions. Single-anchor expectation assumes independent configurations.", "WF_squared_error_share_largest_10_percent": 0.6955958053240406, "largest_WF_errors": [{"index": 134, "atoms": 180, "composition": [0, 120, 60], "charge": 0.0, "weight": 1.0, "ef": 0.5546621050024384, "vac": -1.758554039756226, "wf": -2.3132161447586634, "force_rmse": 0.6594732919299957, "potential_error_power_eV2": 1.4798952604192637, "stored_deformation_potential_mean_eV": -4.632205743448059e-14, "gaussian_lowpass_error_power_eV2": 1.3102170515318146, "planar_error_power_eV2": 1.4699416212895784}, {"index": 293, "atoms": 108, "composition": [0, 72, 36], "charge": 0.0, "weight": 1.0, "ef": 0.7455503692983758, "vac": -1.459983790792914, "wf": -2.2055341600912906, "force_rmse": 0.7268996495099128, "potential_error_power_eV2": 1.3472361987899648, "stored_deformation_potential_mean_eV": 8.093184424396893e-14, "gaussian_lowpass_error_power_eV2": 1.1408346249715244, "planar_error_power_eV2": 1.3365637552739968}, {"index": 147, "atoms": 186, "composition": [66, 90, 30], "charge": 0.0, "weight": 1.0, "ef": -0.5643491418408348, "vac": 0.9351041398097064, "wf": 1.4994532816505415, "force_rmse": 0.22647432998262348, "potential_error_power_eV2": 0.32047234700747296, "stored_deformation_potential_mean_eV": 5.296572984662304e-14, "gaussian_lowpass_error_power_eV2": 0.29439824866119313, "planar_error_power_eV2": 0.3129399998271966}, {"index": 304, "atoms": 180, "composition": [60, 90, 30], "charge": 0.0, "weight": 1.0, "ef": -0.40285907586280834, "vac": 1.0923687705246277, "wf": 1.4952278463874364, "force_rmse": 0.21000455905227838, "potential_error_power_eV2": 0.641915245692788, "stored_deformation_potential_mean_eV": 3.4053226704110426e-14, "gaussian_lowpass_error_power_eV2": 0.5813894546022295, "planar_error_power_eV2": 0.6333598061735107}, {"index": 240, "atoms": 183, "composition": [63, 90, 30], "charge": 0.0, "weight": 1.0, "ef": 0.39486534288907227, "vac": -0.905244816163898, "wf": -1.30011015905297, "force_rmse": 0.14238728525697059, "potential_error_power_eV2": 0.2703223325050311, "stored_deformation_potential_mean_eV": -9.735419555064175e-14, "gaussian_lowpass_error_power_eV2": 0.24117522857846518, "planar_error_power_eV2": 0.26431351819341764}, {"index": 81, "atoms": 186, "composition": [66, 90, 30], "charge": 0.0, "weight": 1.0, "ef": -0.41616545730222554, "vac": 0.8233346791284313, "wf": 1.2395001364306566, "force_rmse": 0.21534541305980198, "potential_error_power_eV2": 0.19826254271444796, "stored_deformation_potential_mean_eV": 3.672108684987309e-14, "gaussian_lowpass_error_power_eV2": 0.17729648321389113, "planar_error_power_eV2": 0.19369837029128234}, {"index": 206, "atoms": 183, "composition": [63, 90, 30], "charge": 0.0, "weight": 1.0, "ef": 0.4768810797043742, "vac": -0.71875895104146, "wf": -1.1956400307458344, "force_rmse": 0.11694711004494758, "potential_error_power_eV2": 0.32829929824348525, "stored_deformation_potential_mean_eV": -1.79033983761625e-15, "gaussian_lowpass_error_power_eV2": 0.29743092319120323, "planar_error_power_eV2": 0.32166313515497397}, {"index": 47, "atoms": 186, "composition": [66, 90, 30], "charge": 0.0, "weight": 1.0, "ef": -0.37367731774741975, "vac": 0.6641881757905486, "wf": 1.037865493537968, "force_rmse": 0.1763626592632003, "potential_error_power_eV2": 0.1572572591196178, "stored_deformation_potential_mean_eV": 2.1296753118934743e-14, "gaussian_lowpass_error_power_eV2": 0.1296334975605688, "planar_error_power_eV2": 0.14877511509367236}], "composition_cohorts": [{"element_counts": "(0, 120, 60)", "graphs": 2, "wf_rmse_eV": 1.6358084327651508}, {"element_counts": "(60, 90, 30)", "graphs": 1, "wf_rmse_eV": 1.4952278463874364}, {"element_counts": "(0, 72, 36)", "graphs": 4, "wf_rmse_eV": 1.109631265983855}, {"element_counts": "(66, 90, 30)", "graphs": 10, "wf_rmse_eV": 0.875557935726983}, {"element_counts": "(20, 44, 18)", "graphs": 1, "wf_rmse_eV": 0.7866156205136985}, {"element_counts": "(19, 57, 24)", "graphs": 1, "wf_rmse_eV": 0.7795858719601707}, {"element_counts": "(63, 90, 30)", "graphs": 7, "wf_rmse_eV": 0.7458057632767447}, {"element_counts": "(14, 43, 18)", "graphs": 1, "wf_rmse_eV": 0.719478361032813}, {"element_counts": "(0, 36, 18)", "graphs": 1, "wf_rmse_eV": 0.5428717730358912}, {"element_counts": "(65, 90, 30)", "graphs": 10, "wf_rmse_eV": 0.5317385547195213}, {"element_counts": "(23, 128, 60)", "graphs": 1, "wf_rmse_eV": 0.5184445232804427}, {"element_counts": "(62, 90, 30)", "graphs": 3, "wf_rmse_eV": 0.5151685931201271}], "scope": "Full supplied split; diagnostic only, no reference-dependent correction or exclusion is applied. Large error alone does not establish bad reference data.", "atomic_numbers": [1, 8, 77]}
2026-10-09 00:07:33.715 INFO: Epoch 35: loss=116.325, RMSE_E_per_atom=855.0773 meV, RMSE_F=237.7520 meV/A, RMSE_dip_per_atom=1.4578 meA, RMSE_rho=0.1764 me/A^3, RMSE_EF(abs/rel)=152.2618/149.8264 meV, RMSE_ESP=237.9628 mV, RMSE_ESPvac(abs/rel)=259.0109/256.7552 mV, RMSE_WF(abs/rel)=379.1182/374.1405 meV
2026-10-09 00:07:33.715 INFO: 50-step electronic residual maximum: 0.0014719
2026-10-09 00:07:33.722 INFO: Optimizer epoch 35: lr=[0.001, 0.001, 0.001, 0.001, 0.001, 0.001, 0.001, 0.001], mean gradient norm=5963.2, clipped=346/346
2026-10-09 00:07:33.722 INFO: Epoch timing: train=126.487s, validation=44.507s, updates=346, train/update=0.36557s, peak allocated=13380.0 MiB, backbone=CuEq
2026-10-09 00:07:33.722 INFO: Optimization budget: graphs=1384/1384, updates=346, mean retained gradient=0.0044142, min retained gradient=0.00026129
2026-10-09 00:07:33.723 INFO: Optimizer time scales {"updates_per_epoch": 346, "groups": [{"name": "embedding", "lr": 0.001, "parameter_update_range": [12456.0, 12456.0], "moment_memory_epochs": [0.02890173410404625, 2.8901734104046217], "AdamW_decay_only_retention_per_epoch": 1.0}, {"name": "interactions_no_decay", "lr": 0.001, "parameter_update_range": [12456.0, 12456.0], "moment_memory_epochs": [0.02890173410404625, 2.8901734104046217], "AdamW_decay_only_retention_per_epoch": 1.0}, {"name": "products", "lr": 0.001, "parameter_update_range": [12456.0, 12456.0], "moment_memory_epochs": [0.02890173410404625, 2.8901734104046217], "AdamW_decay_only_retention_per_epoch": 0.9996540596781468}, {"name": "readouts", "lr": 0.001, "parameter_update_range": [12456.0, 12456.0], "moment_memory_epochs": [0.02890173410404625, 2.8901734104046217], "AdamW_decay_only_retention_per_epoch": 1.0}, {"name": "lr_source_maps", "lr": 0.001, "parameter_update_range": [12456.0, 12456.0], "moment_memory_epochs": [0.02890173410404625, 2.8901734104046217], "AdamW_decay_only_retention_per_epoch": 1.0}, {"name": "field_dependent_charges_map", "lr": 0.001, "parameter_update_range": [12456.0, 12456.0], "moment_memory_epochs": [0.02890173410404625, 2.8901734104046217], "AdamW_decay_only_retention_per_epoch": 0.9965459616620003}, {"name": "electronic_references", "lr": 0.001, "parameter_update_range": [12456.0, 12456.0], "moment_memory_epochs": [0.02890173410404625, 2.8901734104046217], "AdamW_decay_only_retention_per_epoch": 1.0}, {"name": "layer_feature_mixer", "lr": 0.001, "parameter_update_range": [12456.0, 12456.0], "moment_memory_epochs": [0.02890173410404625, 2.8901734104046217], "AdamW_decay_only_retention_per_epoch": 0.9996540596781468}], "EMA_asymptotic_memory_epochs": 0.2890173410404622}
2026-10-09 00:07:33.723 INFO: Batching: optimizer graphs=4, device graphs<=4; one clipping/Adam/EMA update per optimizer batch
2026-10-09 00:07:33.723 INFO: 50-step finite-budget validation residual 0.0014719 exceeds equilibrium tolerance 1e-06; metrics describe the exported finite trajectory, not a converged root
2026-10-09 00:18:18.553 INFO: Training-only scalar reference calibration {'fermi_level': {'observed_training_graphs': 61, 'shift_eV': 0.027512969127828857, 'reference_eV': -0.17490139347096556, 'panel_RMSE_before_eV': 0.1501856666995857, 'panel_RMSE_after_eV': 0.1476440686643733}, 'vacuum_potential': {'observed_training_graphs': 61, 'shift_eV': -0.020509352005423843, 'reference_eV': 0.07911064112784272, 'panel_RMSE_before_eV': 0.21849129164998407, 'panel_RMSE_after_eV': 0.2175265754044687}, 'seconds': 9.001462104002712}; constants saved with the model; relative errors and physical fixed-Q trajectory unchanged
2026-10-09 00:18:54.125 INFO: Full validation audit {"graphs": 350, "index_convention": "supplied loader order, zero based", "force_rmse_by_element_column_eV_A": {"0": 0.19005982711217198, "1": 0.23424946310163913, "2": 0.3230574641150654}, "force_target_rms_by_element_column_eV_A": {"0": 0.7583041629256339, "1": 0.8719660684898465, "2": 0.9586983364634067}, "force_rmse_over_target_rms_by_element_column": {"0": 0.250637984603562, "1": 0.26864515898804936, "2": 0.3369750961567423}, "density_observers": {"density_RMSE_e_A3": 0.001064176237272944, "farfield_RMSE_e_A3": 0.00017560712035499473, "scope": "Different Gaussian resolutions of the same error; smaller farfield RMSE is not an accuracy gain."}, "stored_potential_gauge": {"deformation_mean_range_eV": [-1.923389086888605e-13, 1.7333365232548237e-13], "scope": "Stored k=0 is retained for audit; RMSE_ESP compares fields modulo a uniform offset. Scalar EF/vacuum errors use their stored label convention."}, "potential_error_power_fractions": {"normal_reciprocal_line": 0.8887442574207074, "Gaussian_lowpass": 0.769496844548866, "Gaussian_width_A": 1.5}, "observed_EF_vac_WF": 330, "EF_vac_WF_rmse_eV": [0.14846829509149562, 0.23793438785010096, 0.3547314998718236], "EF_vac_WF_relative_rmse_eV": [0.14723064963438182, 0.23750460924922845, 0.3531532447821725], "EF_vac_WF_bias_eV": [-0.019130354299210242, 0.014294527168589793, 0.033424881467799934], "EF_vac_covariance_eV2": -0.023315955346893142, "WF_absolute_error_quantiles_eV": {"median": 0.14232567275216867, "p90": 0.47819618215528475, "p99": 1.3455547337675227, "max": 1.9959739938099146}, "WF_identity_max_error_eV": 1.3322676295501878e-15, "absolute_relative_bias_identity_max_error_eV2": 5.551115123125783e-17, "WF_variance_components_eV2": {"EF": 0.021676864191762093, "vacuum": 0.05640843941462873, "covariance_contribution": 0.046631910693786284}, "largest_relative_WF_errors": [{"index": 134, "atoms": 180, "composition": [0, 120, 60], "charge": 0.0, "weight": 1.0, "ef": 0.47411091596789545, "vac": -1.5218630778420197, "wf": -1.9959739938099146, "force_rmse": 0.6599322619568722, "potential_error_power_eV2": 1.2835327339650453, "stored_deformation_potential_mean_eV": -4.632205743448059e-14, "gaussian_lowpass_error_power_eV2": 1.1299060874182922, "planar_error_power_eV2": 1.2673080549264297, "loader_frame_1based": 135, "EF_vac_WF_centered_errors_eV": [0.4932412702671057, -1.5361576050106094, -2.0293988752777143], "relative_WF_squared_error_fraction": 0.10006783158952162}, {"index": 293, "atoms": 108, "composition": [0, 72, 36], "charge": 0.0, "weight": 1.0, "ef": 0.6371507418794076, "vac": -1.1598765858133984, "wf": -1.7970273276928062, "force_rmse": 0.8244713513192465, "potential_error_power_eV2": 1.1094916254620333, "stored_deformation_potential_mean_eV": 8.093184424396893e-14, "gaussian_lowpass_error_power_eV2": 0.9150218324470992, "planar_error_power_eV2": 1.0868918124479003, "loader_frame_1based": 294, "EF_vac_WF_centered_errors_eV": [0.6562810961786179, -1.174171112981988, -1.8304522091606061], "relative_WF_squared_error_fraction": 0.08140975490449112}, {"index": 304, "atoms": 180, "composition": [60, 90, 30], "charge": 0.0, "weight": 1.0, "ef": -0.6075008366444878, "vac": 1.2344991476959688, "wf": 1.8419999843404566, "force_rmse": 0.2151316816324578, "potential_error_power_eV2": 0.8667414102946482, "stored_deformation_potential_mean_eV": 3.4053226704110426e-14, "gaussian_lowpass_error_power_eV2": 0.7955401755374103, "planar_error_power_eV2": 0.8594799844079078, "loader_frame_1based": 305, "EF_vac_WF_centered_errors_eV": [-0.5883704823452776, 1.220204620527379, 1.8085751028726567], "relative_WF_squared_error_fraction": 0.0794754058292209}, {"index": 211, "atoms": 181, "composition": [61, 90, 30], "charge": 0.0, "weight": 1.0, "ef": 0.5417445225439902, "vac": -0.7915335450004961, "wf": -1.3332780675444864, "force_rmse": 0.14286976355426603, "potential_error_power_eV2": 0.5030374837500303, "stored_deformation_potential_mean_eV": -3.581790839801117e-14, "gaussian_lowpass_error_power_eV2": 0.46118138213053556, "planar_error_power_eV2": 0.4938715851317702, "loader_frame_1based": 212, "EF_vac_WF_centered_errors_eV": [0.5608748768432005, -0.8058280721690859, -1.3667029490122864], "relative_WF_squared_error_fraction": 0.045384538262190854}, {"index": 206, "atoms": 183, "composition": [63, 90, 30], "charge": 0.0, "weight": 1.0, "ef": 0.48736027664623227, "vac": -0.8370630291744572, "wf": -1.32442330582069, "force_rmse": 0.17552692356827174, "potential_error_power_eV2": 0.3650948785454285, "stored_deformation_potential_mean_eV": -1.79033983761625e-15, "gaussian_lowpass_error_power_eV2": 0.32933305817166714, "planar_error_power_eV2": 0.3550300182122316, "loader_frame_1based": 207, "EF_vac_WF_centered_errors_eV": [0.5064906309454426, -0.851357556343047, -1.35784818728849], "relative_WF_squared_error_fraction": 0.04479835758156394}, {"index": 147, "atoms": 186, "composition": [66, 90, 30], "charge": 0.0, "weight": 1.0, "ef": -0.5636997922557969, "vac": 0.7868693544760652, "wf": 1.350569146731862, "force_rmse": 0.30067755505626154, "potential_error_power_eV2": 0.2729984790311499, "stored_deformation_potential_mean_eV": 5.296572984662304e-14, "gaussian_lowpass_error_power_eV2": 0.2522734109207842, "planar_error_power_eV2": 0.2668101791888556, "loader_frame_1based": 148, "EF_vac_WF_centered_errors_eV": [-0.5445694379565866, 0.7725748273074754, 1.317144265264062], "relative_WF_squared_error_fraction": 0.04215279233426225}, {"index": 240, "atoms": 183, "composition": [63, 90, 30], "charge": 0.0, "weight": 1.0, "ef": 0.324584277638438, "vac": -0.8865348523432228, "wf": -1.211119129981661, "force_rmse": 0.13316664047050122, "potential_error_power_eV2": 0.2294633283523742, "stored_deformation_potential_mean_eV": -9.735419555064175e-14, "gaussian_lowpass_error_power_eV2": 0.20102335717802308, "planar_error_power_eV2": 0.21967201713196918, "loader_frame_1based": 241, "EF_vac_WF_centered_errors_eV": [0.34371463193764823, -0.9008293795118126, -1.244544011449461], "relative_WF_squared_error_fraction": 0.037633982366257035}, {"index": 176, "atoms": 181, "composition": [61, 90, 30], "charge": 0.0, "weight": 1.0, "ef": -0.4369969333993189, "vac": 0.641166325433967, "wf": 1.0781632588332855, "force_rmse": 0.14550281327083614, "potential_error_power_eV2": 0.4009396918637805, "stored_deformation_potential_mean_eV": 1.6911737376607687e-14, "gaussian_lowpass_error_power_eV2": 0.3612212986897454, "planar_error_power_eV2": 0.3961451223970314, "loader_frame_1based": 177, "EF_vac_WF_centered_errors_eV": [-0.41786657910010866, 0.6268717982653772, 1.0447383773654855], "relative_WF_squared_error_fraction": 0.02652007543054453}], "WF_centered_squared_error_share_largest_10_structures": 0.5067387506241967, "WF_centered_squared_error_share_largest_10_percent": 0.7519299880728102, "independent_single_anchor_EF_vac_WF_RMSE_eV": [0.20821558150994413, 0.3358822395263813, 0.49943410836701385], "relative_error_scope": "One whole-split offset for RMSE_rel; no fitted offset is applied to predictions. Single-anchor expectation assumes independent configurations.", "WF_squared_error_share_largest_10_percent": 0.7419512734021217, "largest_WF_errors": [{"index": 134, "atoms": 180, "composition": [0, 120, 60], "charge": 0.0, "weight": 1.0, "ef": 0.47411091596789545, "vac": -1.5218630778420197, "wf": -1.9959739938099146, "force_rmse": 0.6599322619568722, "potential_error_power_eV2": 1.2835327339650453, "stored_deformation_potential_mean_eV": -4.632205743448059e-14, "gaussian_lowpass_error_power_eV2": 1.1299060874182922, "planar_error_power_eV2": 1.2673080549264297}, {"index": 304, "atoms": 180, "composition": [60, 90, 30], "charge": 0.0, "weight": 1.0, "ef": -0.6075008366444878, "vac": 1.2344991476959688, "wf": 1.8419999843404566, "force_rmse": 0.2151316816324578, "potential_error_power_eV2": 0.8667414102946482, "stored_deformation_potential_mean_eV": 3.4053226704110426e-14, "gaussian_lowpass_error_power_eV2": 0.7955401755374103, "planar_error_power_eV2": 0.8594799844079078}, {"index": 293, "atoms": 108, "composition": [0, 72, 36], "charge": 0.0, "weight": 1.0, "ef": 0.6371507418794076, "vac": -1.1598765858133984, "wf": -1.7970273276928062, "force_rmse": 0.8244713513192465, "potential_error_power_eV2": 1.1094916254620333, "stored_deformation_potential_mean_eV": 8.093184424396893e-14, "gaussian_lowpass_error_power_eV2": 0.9150218324470992, "planar_error_power_eV2": 1.0868918124479003}, {"index": 147, "atoms": 186, "composition": [66, 90, 30], "charge": 0.0, "weight": 1.0, "ef": -0.5636997922557969, "vac": 0.7868693544760652, "wf": 1.350569146731862, "force_rmse": 0.30067755505626154, "potential_error_power_eV2": 0.2729984790311499, "stored_deformation_potential_mean_eV": 5.296572984662304e-14, "gaussian_lowpass_error_power_eV2": 0.2522734109207842, "planar_error_power_eV2": 0.2668101791888556}, {"index": 211, "atoms": 181, "composition": [61, 90, 30], "charge": 0.0, "weight": 1.0, "ef": 0.5417445225439902, "vac": -0.7915335450004961, "wf": -1.3332780675444864, "force_rmse": 0.14286976355426603, "potential_error_power_eV2": 0.5030374837500303, "stored_deformation_potential_mean_eV": -3.581790839801117e-14, "gaussian_lowpass_error_power_eV2": 0.46118138213053556, "planar_error_power_eV2": 0.4938715851317702}, {"index": 206, "atoms": 183, "composition": [63, 90, 30], "charge": 0.0, "weight": 1.0, "ef": 0.48736027664623227, "vac": -0.8370630291744572, "wf": -1.32442330582069, "force_rmse": 0.17552692356827174, "potential_error_power_eV2": 0.3650948785454285, "stored_deformation_potential_mean_eV": -1.79033983761625e-15, "gaussian_lowpass_error_power_eV2": 0.32933305817166714, "planar_error_power_eV2": 0.3550300182122316}, {"index": 240, "atoms": 183, "composition": [63, 90, 30], "charge": 0.0, "weight": 1.0, "ef": 0.324584277638438, "vac": -0.8865348523432228, "wf": -1.211119129981661, "force_rmse": 0.13316664047050122, "potential_error_power_eV2": 0.2294633283523742, "stored_deformation_potential_mean_eV": -9.735419555064175e-14, "gaussian_lowpass_error_power_eV2": 0.20102335717802308, "planar_error_power_eV2": 0.21967201713196918}, {"index": 176, "atoms": 181, "composition": [61, 90, 30], "charge": 0.0, "weight": 1.0, "ef": -0.4369969333993189, "vac": 0.641166325433967, "wf": 1.0781632588332855, "force_rmse": 0.14550281327083614, "potential_error_power_eV2": 0.4009396918637805, "stored_deformation_potential_mean_eV": 1.6911737376607687e-14, "gaussian_lowpass_error_power_eV2": 0.3612212986897454, "planar_error_power_eV2": 0.3961451223970314}], "composition_cohorts": [{"element_counts": "(60, 90, 30)", "graphs": 1, "wf_rmse_eV": 1.8419999843404566}, {"element_counts": "(0, 120, 60)", "graphs": 2, "wf_rmse_eV": 1.4132606039516997}, {"element_counts": "(0, 72, 36)", "graphs": 4, "wf_rmse_eV": 0.9076144287459627}, {"element_counts": "(14, 43, 18)", "graphs": 1, "wf_rmse_eV": 0.8682019311802662}, {"element_counts": "(20, 44, 18)", "graphs": 1, "wf_rmse_eV": 0.7527318261203959}, {"element_counts": "(4, 37, 18)", "graphs": 1, "wf_rmse_eV": 0.7515476912168779}, {"element_counts": "(63, 90, 30)", "graphs": 7, "wf_rmse_eV": 0.7511642816637947}, {"element_counts": "(66, 90, 30)", "graphs": 10, "wf_rmse_eV": 0.732053361442461}, {"element_counts": "(61, 90, 30)", "graphs": 10, "wf_rmse_eV": 0.6306235514570478}, {"element_counts": "(31, 135, 60)", "graphs": 1, "wf_rmse_eV": 0.6299387778884622}, {"element_counts": "(23, 128, 60)", "graphs": 1, "wf_rmse_eV": 0.5290504214293543}, {"element_counts": "(64, 91, 30)", "graphs": 5, "wf_rmse_eV": 0.5196486166296783}], "scope": "Full supplied split; diagnostic only, no reference-dependent correction or exclusion is applied. Large error alone does not establish bad reference data.", "atomic_numbers": [1, 8, 77]}
2026-10-09 00:18:54.128 INFO: Epoch 40: loss=102.261, RMSE_E_per_atom=781.3625 meV, RMSE_F=235.8411 meV/A, RMSE_dip_per_atom=1.2729 meA, RMSE_rho=0.1756 me/A^3, RMSE_EF(abs/rel)=148.4683/147.2306 meV, RMSE_ESP=227.3419 mV, RMSE_ESPvac(abs/rel)=237.9344/237.5046 mV, RMSE_WF(abs/rel)=354.7315/353.1532 meV
2026-10-09 00:18:54.128 INFO: 50-step electronic residual maximum: 0.012298
2026-10-09 00:18:54.134 INFO: Optimizer epoch 40: lr=[0.001, 0.001, 0.001, 0.001, 0.001, 0.001, 0.001, 0.001], mean gradient norm=4484.5, clipped=346/346
2026-10-09 00:18:54.134 INFO: Epoch timing: train=126.684s, validation=44.584s, updates=346, train/update=0.36614s, peak allocated=13249.4 MiB, backbone=CuEq
2026-10-09 00:18:54.134 INFO: Optimization budget: graphs=1384/1384, updates=346, mean retained gradient=0.0053272, min retained gradient=0.0002438
2026-10-09 00:18:54.134 INFO: Optimizer time scales {"updates_per_epoch": 346, "groups": [{"name": "embedding", "lr": 0.001, "parameter_update_range": [14186.0, 14186.0], "moment_memory_epochs": [0.02890173410404625, 2.8901734104046217], "AdamW_decay_only_retention_per_epoch": 1.0}, {"name": "interactions_no_decay", "lr": 0.001, "parameter_update_range": [14186.0, 14186.0], "moment_memory_epochs": [0.02890173410404625, 2.8901734104046217], "AdamW_decay_only_retention_per_epoch": 1.0}, {"name": "products", "lr": 0.001, "parameter_update_range": [14186.0, 14186.0], "moment_memory_epochs": [0.02890173410404625, 2.8901734104046217], "AdamW_decay_only_retention_per_epoch": 0.9996540596781468}, {"name": "readouts", "lr": 0.001, "parameter_update_range": [14186.0, 14186.0], "moment_memory_epochs": [0.02890173410404625, 2.8901734104046217], "AdamW_decay_only_retention_per_epoch": 1.0}, {"name": "lr_source_maps", "lr": 0.001, "parameter_update_range": [14186.0, 14186.0], "moment_memory_epochs": [0.02890173410404625, 2.8901734104046217], "AdamW_decay_only_retention_per_epoch": 1.0}, {"name": "field_dependent_charges_map", "lr": 0.001, "parameter_update_range": [14186.0, 14186.0], "moment_memory_epochs": [0.02890173410404625, 2.8901734104046217], "AdamW_decay_only_retention_per_epoch": 0.9965459616620003}, {"name": "electronic_references", "lr": 0.001, "parameter_update_range": [14186.0, 14186.0], "moment_memory_epochs": [0.02890173410404625, 2.8901734104046217], "AdamW_decay_only_retention_per_epoch": 1.0}, {"name": "layer_feature_mixer", "lr": 0.001, "parameter_update_range": [14186.0, 14186.0], "moment_memory_epochs": [0.02890173410404625, 2.8901734104046217], "AdamW_decay_only_retention_per_epoch": 0.9996540596781468}], "EMA_asymptotic_memory_epochs": 0.2890173410404622}
2026-10-09 00:18:54.134 INFO: Batching: optimizer graphs=4, device graphs<=4; one clipping/Adam/EMA update per optimizer batch
2026-10-09 00:18:54.134 INFO: 50-step finite-budget validation residual 0.012298 exceeds equilibrium tolerance 1e-06; metrics describe the exported finite trajectory, not a converged root
2026-10-09 00:29:53.883 INFO: Training-only scalar reference calibration {'fermi_level': {'observed_training_graphs': 61, 'shift_eV': -0.008712927641634144, 'reference_eV': -0.1836143211125997, 'panel_RMSE_before_eV': 0.14009330272114398, 'panel_RMSE_after_eV': 0.13982209538992663}, 'vacuum_potential': {'observed_training_graphs': 61, 'shift_eV': 0.011929798119952371, 'reference_eV': 0.09104043924779509, 'panel_RMSE_before_eV': 0.19644419203411867, 'panel_RMSE_after_eV': 0.1960816169373225}, 'seconds': 8.975834224984283}; constants saved with the model; relative errors and physical fixed-Q trajectory unchanged
2026-10-09 00:30:29.940 INFO: Full validation audit {"graphs": 350, "index_convention": "supplied loader order, zero based", "force_rmse_by_element_column_eV_A": {"0": 0.21079573001352267, "1": 0.2425911537202019, "2": 0.3141533120588793}, "force_target_rms_by_element_column_eV_A": {"0": 0.7583041629256339, "1": 0.8719660684898465, "2": 0.9586983364634067}, "force_rmse_over_target_rms_by_element_column": {"0": 0.27798308425506457, "1": 0.2782116902098544, "2": 0.3276873445069031}, "density_observers": {"density_RMSE_e_A3": 0.0011548506910206843, "farfield_RMSE_e_A3": 0.00016876902926430803, "scope": "Different Gaussian resolutions of the same error; smaller farfield RMSE is not an accuracy gain."}, "stored_potential_gauge": {"deformation_mean_range_eV": [-1.923389086888605e-13, 1.7333365232548237e-13], "scope": "Stored k=0 is retained for audit; RMSE_ESP compares fields modulo a uniform offset. Scalar EF/vacuum errors use their stored label convention."}, "potential_error_power_fractions": {"normal_reciprocal_line": 0.8741341631391444, "Gaussian_lowpass": 0.754004365634026, "Gaussian_width_A": 1.5}, "observed_EF_vac_WF": 330, "EF_vac_WF_rmse_eV": [0.1410433198236259, 0.22216014814235882, 0.331025917407138], "EF_vac_WF_relative_rmse_eV": [0.13944369863424386, 0.22128255903926997, 0.3284883671677667], "EF_vac_WF_bias_eV": [-0.02118190213535604, 0.01972715102762856, 0.040909053162984745], "EF_vac_covariance_eV2": -0.01974704567038983, "WF_absolute_error_quantiles_eV": {"median": 0.13719605936238866, "p90": 0.458257038604338, "p99": 1.1476023862409745, "max": 1.7810741845853855}, "WF_identity_max_error_eV": 1.3322676295501878e-15, "absolute_relative_bias_identity_max_error_eV2": 6.938893903907228e-17, "WF_variance_components_eV2": {"EF": 0.01944454508879782, "vacuum": 0.04896597093496799, "covariance_contribution": 0.03949409134077966}, "largest_relative_WF_errors": [{"index": 134, "atoms": 180, "composition": [0, 120, 60], "charge": 0.0, "weight": 1.0, "ef": 0.407451599601486, "vac": -1.3736225849839006, "wf": -1.7810741845853855, "force_rmse": 0.6242639902122555, "potential_error_power_eV2": 1.1786766594862883, "stored_deformation_potential_mean_eV": -4.632205743448059e-14, "gaussian_lowpass_error_power_eV2": 1.0181323713215609, "planar_error_power_eV2": 1.1494496498195321, "loader_frame_1based": 135, "EF_vac_WF_centered_errors_eV": [0.42863350173684206, -1.393349736011529, -1.8219832377483702], "relative_WF_squared_error_fraction": 0.09322552238961607}, {"index": 293, "atoms": 108, "composition": [0, 72, 36], "charge": 0.0, "weight": 1.0, "ef": 0.5640182453681188, "vac": -1.0958882912407972, "wf": -1.6599065366089167, "force_rmse": 0.7337046856743256, "potential_error_power_eV2": 1.0686914824859375, "stored_deformation_potential_mean_eV": 8.093184424396893e-14, "gaussian_lowpass_error_power_eV2": 0.8712350968683181, "planar_error_power_eV2": 1.0327953995247796, "loader_frame_1based": 294, "EF_vac_WF_centered_errors_eV": [0.5852001475034749, -1.1156154422684257, -1.7008155897719015], "relative_WF_squared_error_fraction": 0.0812382439779672}, {"index": 304, "atoms": 180, "composition": [60, 90, 30], "charge": 0.0, "weight": 1.0, "ef": -0.5065117609340555, "vac": 1.1834198582864088, "wf": 1.6899316192204648, "force_rmse": 0.2001648053039177, "potential_error_power_eV2": 0.8135161639298103, "stored_deformation_potential_mean_eV": 3.4053226704110426e-14, "gaussian_lowpass_error_power_eV2": 0.741593942613989, "planar_error_power_eV2": 0.8032683443709328, "loader_frame_1based": 305, "EF_vac_WF_centered_errors_eV": [-0.48532985879869944, 1.1636927072587804, 1.64902256605748], "relative_WF_squared_error_fraction": 0.07636586385804757}, {"index": 206, "atoms": 183, "composition": [63, 90, 30], "charge": 0.0, "weight": 1.0, "ef": 0.41617414105228345, "vac": -0.726670718779622, "wf": -1.1428448598319054, "force_rmse": 0.16047799836396234, "potential_error_power_eV2": 0.27284016454986176, "stored_deformation_potential_mean_eV": -1.79033983761625e-15, "gaussian_lowpass_error_power_eV2": 0.24363933031899582, "planar_error_power_eV2": 0.2656497222980151, "loader_frame_1based": 207, "EF_vac_WF_centered_errors_eV": [0.4373560431876395, -0.7463978698072505, -1.1837539129948902], "relative_WF_squared_error_fraction": 0.039352191823683366}, {"index": 298, "atoms": 185, "composition": [64, 91, 30], "charge": 0.0, "weight": 1.0, "ef": -0.49244951760930533, "vac": 0.6570960836438253, "wf": 1.1495456012531298, "force_rmse": 0.1873190658015826, "potential_error_power_eV2": 0.4556831842291031, "stored_deformation_potential_mean_eV": -7.094704027482397e-14, "gaussian_lowpass_error_power_eV2": 0.42367269982967043, "planar_error_power_eV2": 0.44890662172327794, "loader_frame_1based": 299, "EF_vac_WF_centered_errors_eV": [-0.4712676154739493, 0.6373689326161968, 1.108636548090145], "relative_WF_squared_error_fraction": 0.03451631746865247}, {"index": 147, "atoms": 186, "composition": [66, 90, 30], "charge": 0.0, "weight": 1.0, "ef": -0.45733066309319226, "vac": 0.6421512470983175, "wf": 1.09948191019151, "force_rmse": 0.30084355413920144, "potential_error_power_eV2": 0.17339711807469865, "stored_deformation_potential_mean_eV": 5.296572984662304e-14, "gaussian_lowpass_error_power_eV2": 0.15812165852009233, "planar_error_power_eV2": 0.1669857637600126, "loader_frame_1based": 148, "EF_vac_WF_centered_errors_eV": [-0.4361487609578362, 0.6224240960706889, 1.0585728570285253], "relative_WF_squared_error_fraction": 0.03146933599307917}, {"index": 193, "atoms": 185, "composition": [65, 90, 30], "charge": 0.0, "weight": 1.0, "ef": 0.3658344835868409, "vac": -0.6510692362816446, "wf": -1.016903719868485, "force_rmse": 0.12842770979403875, "potential_error_power_eV2": 0.20590921612362947, "stored_deformation_potential_mean_eV": 2.0509542453129138e-14, "gaussian_lowpass_error_power_eV2": 0.1795820695914482, "planar_error_power_eV2": 0.19983286326310018, "loader_frame_1based": 194, "EF_vac_WF_centered_errors_eV": [0.38701638572219693, -0.6707963873092732, -1.0578127730314697], "relative_WF_squared_error_fraction": 0.0314241605454737}, {"index": 240, "atoms": 183, "composition": [63, 90, 30], "charge": 0.0, "weight": 1.0, "ef": 0.23974409885289238, "vac": -0.7270524244816343, "wf": -0.9667965233345264, "force_rmse": 0.13866884395983275, "potential_error_power_eV2": 0.15246322542462382, "stored_deformation_potential_mean_eV": -9.735419555064175e-14, "gaussian_lowpass_error_power_eV2": 0.12853608088294852, "planar_error_power_eV2": 0.14490330659573206, "loader_frame_1based": 241, "EF_vac_WF_centered_errors_eV": [0.2609260009882484, -0.7467795755092629, -1.0077055764975111], "relative_WF_squared_error_fraction": 0.028517627709128208}], "WF_centered_squared_error_share_largest_10_structures": 0.47020219779812, "WF_centered_squared_error_share_largest_10_percent": 0.7238052675274049, "independent_single_anchor_EF_vac_WF_RMSE_eV": [0.1972031697960143, 0.3129407961099607, 0.46455270393044856], "relative_error_scope": "One whole-split offset for RMSE_rel; no fitted offset is applied to predictions. Single-anchor expectation assumes independent configurations.", "WF_squared_error_share_largest_10_percent": 0.709684142850768, "largest_WF_errors": [{"index": 134, "atoms": 180, "composition": [0, 120, 60], "charge": 0.0, "weight": 1.0, "ef": 0.407451599601486, "vac": -1.3736225849839006, "wf": -1.7810741845853855, "force_rmse": 0.6242639902122555, "potential_error_power_eV2": 1.1786766594862883, "stored_deformation_potential_mean_eV": -4.632205743448059e-14, "gaussian_lowpass_error_power_eV2": 1.0181323713215609, "planar_error_power_eV2": 1.1494496498195321}, {"index": 304, "atoms": 180, "composition": [60, 90, 30], "charge": 0.0, "weight": 1.0, "ef": -0.5065117609340555, "vac": 1.1834198582864088, "wf": 1.6899316192204648, "force_rmse": 0.2001648053039177, "potential_error_power_eV2": 0.8135161639298103, "stored_deformation_potential_mean_eV": 3.4053226704110426e-14, "gaussian_lowpass_error_power_eV2": 0.741593942613989, "planar_error_power_eV2": 0.8032683443709328}, {"index": 293, "atoms": 108, "composition": [0, 72, 36], "charge": 0.0, "weight": 1.0, "ef": 0.5640182453681188, "vac": -1.0958882912407972, "wf": -1.6599065366089167, "force_rmse": 0.7337046856743256, "potential_error_power_eV2": 1.0686914824859375, "stored_deformation_potential_mean_eV": 8.093184424396893e-14, "gaussian_lowpass_error_power_eV2": 0.8712350968683181, "planar_error_power_eV2": 1.0327953995247796}, {"index": 298, "atoms": 185, "composition": [64, 91, 30], "charge": 0.0, "weight": 1.0, "ef": -0.49244951760930533, "vac": 0.6570960836438253, "wf": 1.1495456012531298, "force_rmse": 0.1873190658015826, "potential_error_power_eV2": 0.4556831842291031, "stored_deformation_potential_mean_eV": -7.094704027482397e-14, "gaussian_lowpass_error_power_eV2": 0.42367269982967043, "planar_error_power_eV2": 0.44890662172327794}, {"index": 206, "atoms": 183, "composition": [63, 90, 30], "charge": 0.0, "weight": 1.0, "ef": 0.41617414105228345, "vac": -0.726670718779622, "wf": -1.1428448598319054, "force_rmse": 0.16047799836396234, "potential_error_power_eV2": 0.27284016454986176, "stored_deformation_potential_mean_eV": -1.79033983761625e-15, "gaussian_lowpass_error_power_eV2": 0.24363933031899582, "planar_error_power_eV2": 0.2656497222980151}, {"index": 147, "atoms": 186, "composition": [66, 90, 30], "charge": 0.0, "weight": 1.0, "ef": -0.45733066309319226, "vac": 0.6421512470983175, "wf": 1.09948191019151, "force_rmse": 0.30084355413920144, "potential_error_power_eV2": 0.17339711807469865, "stored_deformation_potential_mean_eV": 5.296572984662304e-14, "gaussian_lowpass_error_power_eV2": 0.15812165852009233, "planar_error_power_eV2": 0.1669857637600126}, {"index": 193, "atoms": 185, "composition": [65, 90, 30], "charge": 0.0, "weight": 1.0, "ef": 0.3658344835868409, "vac": -0.6510692362816446, "wf": -1.016903719868485, "force_rmse": 0.12842770979403875, "potential_error_power_eV2": 0.20590921612362947, "stored_deformation_potential_mean_eV": 2.0509542453129138e-14, "gaussian_lowpass_error_power_eV2": 0.1795820695914482, "planar_error_power_eV2": 0.19983286326310018}, {"index": 176, "atoms": 181, "composition": [61, 90, 30], "charge": 0.0, "weight": 1.0, "ef": -0.3627304203346693, "vac": 0.6466708906129623, "wf": 1.0094013109476316, "force_rmse": 0.1496731911071987, "potential_error_power_eV2": 0.39387360098819457, "stored_deformation_potential_mean_eV": 1.6911737376607687e-14, "gaussian_lowpass_error_power_eV2": 0.34836087214756417, "planar_error_power_eV2": 0.38499642926517763}], "composition_cohorts": [{"element_counts": "(60, 90, 30)", "graphs": 1, "wf_rmse_eV": 1.6899316192204648}, {"element_counts": "(0, 120, 60)", "graphs": 2, "wf_rmse_eV": 1.2788739466508066}, {"element_counts": "(20, 44, 18)", "graphs": 1, "wf_rmse_eV": 0.9046211109778959}, {"element_counts": "(0, 72, 36)", "graphs": 4, "wf_rmse_eV": 0.8550283374002998}, {"element_counts": "(66, 90, 30)", "graphs": 10, "wf_rmse_eV": 0.6335341187335879}, {"element_counts": "(14, 43, 18)", "graphs": 1, "wf_rmse_eV": 0.6177609556806702}, {"element_counts": "(63, 90, 30)", "graphs": 7, "wf_rmse_eV": 0.6107656986690227}, {"element_counts": "(4, 37, 18)", "graphs": 1, "wf_rmse_eV": 0.6019394025089833}, {"element_counts": "(64, 91, 30)", "graphs": 5, "wf_rmse_eV": 0.5946572332106135}, {"element_counts": "(23, 128, 60)", "graphs": 1, "wf_rmse_eV": 0.5787781293711669}, {"element_counts": "(41, 135, 60)", "graphs": 1, "wf_rmse_eV": 0.566999117237498}, {"element_counts": "(21, 44, 18)", "graphs": 1, "wf_rmse_eV": 0.5644985973630483}], "scope": "Full supplied split; diagnostic only, no reference-dependent correction or exclusion is applied. Large error alone does not establish bad reference data.", "atomic_numbers": [1, 8, 77]}
2026-10-09 00:30:29.943 INFO: Epoch 45: loss=91.6324, RMSE_E_per_atom=704.7538 meV, RMSE_F=244.3370 meV/A, RMSE_dip_per_atom=1.2912 meA, RMSE_rho=0.1688 me/A^3, RMSE_EF(abs/rel)=141.0433/139.4437 meV, RMSE_ESP=220.6916 mV, RMSE_ESPvac(abs/rel)=222.1601/221.2826 mV, RMSE_WF(abs/rel)=331.0259/328.4884 meV
2026-10-09 00:30:29.943 INFO: 50-step electronic residual maximum: 0.01286
2026-10-09 00:30:29.951 INFO: Optimizer epoch 45: lr=[0.001, 0.001, 0.001, 0.001, 0.001, 0.001, 0.001, 0.001], mean gradient norm=4386, clipped=346/346
2026-10-09 00:30:29.951 INFO: Epoch timing: train=128.791s, validation=45.044s, updates=346, train/update=0.37223s, peak allocated=14073.3 MiB, backbone=CuEq
2026-10-09 00:30:29.951 INFO: Optimization budget: graphs=1384/1384, updates=346, mean retained gradient=0.005947, min retained gradient=0.00022401
2026-10-09 00:30:29.951 INFO: Optimizer time scales {"updates_per_epoch": 346, "groups": [{"name": "embedding", "lr": 0.001, "parameter_update_range": [15916.0, 15916.0], "moment_memory_epochs": [0.02890173410404625, 2.8901734104046217], "AdamW_decay_only_retention_per_epoch": 1.0}, {"name": "interactions_no_decay", "lr": 0.001, "parameter_update_range": [15916.0, 15916.0], "moment_memory_epochs": [0.02890173410404625, 2.8901734104046217], "AdamW_decay_only_retention_per_epoch": 1.0}, {"name": "products", "lr": 0.001, "parameter_update_range": [15916.0, 15916.0], "moment_memory_epochs": [0.02890173410404625, 2.8901734104046217], "AdamW_decay_only_retention_per_epoch": 0.9996540596781468}, {"name": "readouts", "lr": 0.001, "parameter_update_range": [15916.0, 15916.0], "moment_memory_epochs": [0.02890173410404625, 2.8901734104046217], "AdamW_decay_only_retention_per_epoch": 1.0}, {"name": "lr_source_maps", "lr": 0.001, "parameter_update_range": [15916.0, 15916.0], "moment_memory_epochs": [0.02890173410404625, 2.8901734104046217], "AdamW_decay_only_retention_per_epoch": 1.0}, {"name": "field_dependent_charges_map", "lr": 0.001, "parameter_update_range": [15916.0, 15916.0], "moment_memory_epochs": [0.02890173410404625, 2.8901734104046217], "AdamW_decay_only_retention_per_epoch": 0.9965459616620003}, {"name": "electronic_references", "lr": 0.001, "parameter_update_range": [15916.0, 15916.0], "moment_memory_epochs": [0.02890173410404625, 2.8901734104046217], "AdamW_decay_only_retention_per_epoch": 1.0}, {"name": "layer_feature_mixer", "lr": 0.001, "parameter_update_range": [15916.0, 15916.0], "moment_memory_epochs": [0.02890173410404625, 2.8901734104046217], "AdamW_decay_only_retention_per_epoch": 0.9996540596781468}], "EMA_asymptotic_memory_epochs": 0.2890173410404622}
2026-10-09 00:30:29.952 INFO: Batching: optimizer graphs=4, device graphs<=4; one clipping/Adam/EMA update per optimizer batch
2026-10-09 00:30:29.952 INFO: 50-step finite-budget validation residual 0.01286 exceeds equilibrium tolerance 1e-06; metrics describe the exported finite trajectory, not a converged root
2026-10-09 00:39:21.385 INFO: Training-only scalar reference calibration {'fermi_level': {'observed_training_graphs': 61, 'shift_eV': -0.03639476188608268, 'reference_eV': -0.22000908299868238, 'panel_RMSE_before_eV': 0.14179809179609185, 'panel_RMSE_after_eV': 0.13704787537305435}, 'vacuum_potential': {'observed_training_graphs': 61, 'shift_eV': -0.010848157005782996, 'reference_eV': 0.0801922822420121, 'panel_RMSE_before_eV': 0.189257692322642, 'panel_RMSE_after_eV': 0.18894653104216996}, 'seconds': 8.983426283026347}; constants saved with the model; relative errors and physical fixed-Q trajectory unchanged
2026-10-09 00:39:57.444 INFO: Full validation audit {"graphs": 350, "index_convention": "supplied loader order, zero based", "force_rmse_by_element_column_eV_A": {"0": 0.18649483725099583, "1": 0.2328750312480497, "2": 0.3172229676058081}, "force_target_rms_by_element_column_eV_A": {"0": 0.7583041629256339, "1": 0.8719660684898465, "2": 0.9586983364634067}, "force_rmse_over_target_rms_by_element_column": {"0": 0.24593671823121088, "1": 0.2670689143344359, "2": 0.33088924382202306}, "density_observers": {"density_RMSE_e_A3": 0.0011257112088750246, "farfield_RMSE_e_A3": 0.00017400927866533276, "scope": "Different Gaussian resolutions of the same error; smaller farfield RMSE is not an accuracy gain."}, "stored_potential_gauge": {"deformation_mean_range_eV": [-1.923389086888605e-13, 1.7333365232548237e-13], "scope": "Stored k=0 is retained for audit; RMSE_ESP compares fields modulo a uniform offset. Scalar EF/vacuum errors use their stored label convention."}, "potential_error_power_fractions": {"normal_reciprocal_line": 0.8900327762051335, "Gaussian_lowpass": 0.7602404065957445, "Gaussian_width_A": 1.5}, "observed_EF_vac_WF": 330, "EF_vac_WF_rmse_eV": [0.14235247836607945, 0.22223230496249724, 0.3357457669500282], "EF_vac_WF_relative_rmse_eV": [0.14070322591319556, 0.22063704040175494, 0.3322699346707684], "EF_vac_WF_bias_eV": [-0.021606256375998636, 0.026579950558621192, 0.048186206934619925], "EF_vac_covariance_eV2": -0.020962604053245647, "WF_absolute_error_quantiles_eV": {"median": 0.13424376168752694, "p90": 0.47732510384584015, "p99": 1.2894194283762994, "max": 1.7959355019829966}, "WF_identity_max_error_eV": 1.1102230246251565e-15, "absolute_relative_bias_identity_max_error_eV2": 1.3877787807814457e-17, "WF_variance_components_eV2": {"EF": 0.019797397782379753, "vacuum": 0.04868070359724563, "covariance_contribution": 0.041925208106491293}, "largest_relative_WF_errors": [{"index": 134, "atoms": 180, "composition": [0, 120, 60], "charge": 0.0, "weight": 1.0, "ef": 0.4215220974745588, "vac": -1.362655723673587, "wf": -1.7841778211481447, "force_rmse": 0.628217323973189, "potential_error_power_eV2": 1.1743771131972613, "stored_deformation_potential_mean_eV": -4.632205743448059e-14, "gaussian_lowpass_error_power_eV2": 1.0279534287915773, "planar_error_power_eV2": 1.1560182643881474, "loader_frame_1based": 135, "EF_vac_WF_centered_errors_eV": [0.44312835385055743, -1.3892356742322083, -1.8323640280827647], "relative_WF_squared_error_fraction": 0.09215682049145708}, {"index": 293, "atoms": 108, "composition": [0, 72, 36], "charge": 0.0, "weight": 1.0, "ef": 0.6002488233573495, "vac": -1.1306262944333723, "wf": -1.7308751177907222, "force_rmse": 0.7281733982909727, "potential_error_power_eV2": 1.0771879047328388, "stored_deformation_potential_mean_eV": 8.093184424396893e-14, "gaussian_lowpass_error_power_eV2": 0.8929853730994854, "planar_error_power_eV2": 1.0536557216283033, "loader_frame_1based": 294, "EF_vac_WF_centered_errors_eV": [0.6218550797333482, -1.1572062449919935, -1.7790613247253422], "relative_WF_squared_error_fraction": 0.08687319719675776}, {"index": 304, "atoms": 180, "composition": [60, 90, 30], "charge": 0.0, "weight": 1.0, "ef": -0.5730268850586546, "vac": 1.2229086169243413, "wf": 1.7959355019829966, "force_rmse": 0.20193036851114315, "potential_error_power_eV2": 0.8159692843236274, "stored_deformation_potential_mean_eV": 3.4053226704110426e-14, "gaussian_lowpass_error_power_eV2": 0.7450642533788748, "planar_error_power_eV2": 0.8078922731759421, "loader_frame_1based": 305, "EF_vac_WF_centered_errors_eV": [-0.551420628682656, 1.19632866636572, 1.7477492950483766], "relative_WF_squared_error_fraction": 0.0838421176936488}, {"index": 147, "atoms": 186, "composition": [66, 90, 30], "charge": 0.0, "weight": 1.0, "ef": -0.5296871829787304, "vac": 0.8112047104038331, "wf": 1.340891893382564, "force_rmse": 0.2467201681549257, "potential_error_power_eV2": 0.2625407115817004, "stored_deformation_potential_mean_eV": 5.296572984662304e-14, "gaussian_lowpass_error_power_eV2": 0.24277193127471217, "planar_error_power_eV2": 0.2568044629253403, "loader_frame_1based": 148, "EF_vac_WF_centered_errors_eV": [-0.5080809266027317, 0.784624759845212, 1.292705686447944], "relative_WF_squared_error_fraction": 0.04586731166799964}, {"index": 206, "atoms": 183, "composition": [63, 90, 30], "charge": 0.0, "weight": 1.0, "ef": 0.42930778159421745, "vac": -0.7340928531460671, "wf": -1.1634006347402845, "force_rmse": 0.13079918121747577, "potential_error_power_eV2": 0.28547424070367183, "stored_deformation_potential_mean_eV": -1.79033983761625e-15, "gaussian_lowpass_error_power_eV2": 0.2564713736755876, "planar_error_power_eV2": 0.2787325894015179, "loader_frame_1based": 207, "EF_vac_WF_centered_errors_eV": [0.45091403797021606, -0.7606728037046883, -1.2115868416749045], "relative_WF_squared_error_fraction": 0.040291465507923896}, {"index": 298, "atoms": 185, "composition": [64, 91, 30], "charge": 0.0, "weight": 1.0, "ef": -0.5192326779267675, "vac": 0.5694530901390369, "wf": 1.0886857680658037, "force_rmse": 0.18615607683341037, "potential_error_power_eV2": 0.43714848991522753, "stored_deformation_potential_mean_eV": -7.094704027482397e-14, "gaussian_lowpass_error_power_eV2": 0.4059137171945328, "planar_error_power_eV2": 0.4304188418231557, "loader_frame_1based": 299, "EF_vac_WF_centered_errors_eV": [-0.4976264215507689, 0.5428731395804157, 1.0404995611311838], "relative_WF_squared_error_fraction": 0.02971582353863057}, {"index": 47, "atoms": 186, "composition": [66, 90, 30], "charge": 0.0, "weight": 1.0, "ef": -0.4119118053649865, "vac": 0.6551029651042808, "wf": 1.0670147704692672, "force_rmse": 0.1650079978777937, "potential_error_power_eV2": 0.15596721088698304, "stored_deformation_potential_mean_eV": 2.1296753118934743e-14, "gaussian_lowpass_error_power_eV2": 0.13116031455763044, "planar_error_power_eV2": 0.14927389775101668, "loader_frame_1based": 48, "EF_vac_WF_centered_errors_eV": [-0.3903055489889879, 0.6285230145456596, 1.0188285635346472], "relative_WF_squared_error_fraction": 0.028490901572623382}, {"index": 240, "atoms": 183, "composition": [63, 90, 30], "charge": 0.0, "weight": 1.0, "ef": 0.22483300817506657, "vac": -0.7407461801952637, "wf": -0.96557918837033, "force_rmse": 0.13551500696818689, "potential_error_power_eV2": 0.14829127732975358, "stored_deformation_potential_mean_eV": -9.735419555064175e-14, "gaussian_lowpass_error_power_eV2": 0.1255619495972464, "planar_error_power_eV2": 0.14217232741651142, "loader_frame_1based": 241, "EF_vac_WF_centered_errors_eV": [0.2464392645510652, -0.7673261307538849, -1.01376539530495], "relative_WF_squared_error_fraction": 0.028208428563760123}], "WF_centered_squared_error_share_largest_10_structures": 0.4877587590528629, "WF_centered_squared_error_share_largest_10_percent": 0.757963411699248, "independent_single_anchor_EF_vac_WF_RMSE_eV": [0.1989844103560867, 0.31202789489802235, 0.46990064798022285], "relative_error_scope": "One whole-split offset for RMSE_rel; no fitted offset is applied to predictions. Single-anchor expectation assumes independent configurations.", "WF_squared_error_share_largest_10_percent": 0.7501955638692805, "largest_WF_errors": [{"index": 304, "atoms": 180, "composition": [60, 90, 30], "charge": 0.0, "weight": 1.0, "ef": -0.5730268850586546, "vac": 1.2229086169243413, "wf": 1.7959355019829966, "force_rmse": 0.20193036851114315, "potential_error_power_eV2": 0.8159692843236274, "stored_deformation_potential_mean_eV": 3.4053226704110426e-14, "gaussian_lowpass_error_power_eV2": 0.7450642533788748, "planar_error_power_eV2": 0.8078922731759421}, {"index": 134, "atoms": 180, "composition": [0, 120, 60], "charge": 0.0, "weight": 1.0, "ef": 0.4215220974745588, "vac": -1.362655723673587, "wf": -1.7841778211481447, "force_rmse": 0.628217323973189, "potential_error_power_eV2": 1.1743771131972613, "stored_deformation_potential_mean_eV": -4.632205743448059e-14, "gaussian_lowpass_error_power_eV2": 1.0279534287915773, "planar_error_power_eV2": 1.1560182643881474}, {"index": 293, "atoms": 108, "composition": [0, 72, 36], "charge": 0.0, "weight": 1.0, "ef": 0.6002488233573495, "vac": -1.1306262944333723, "wf": -1.7308751177907222, "force_rmse": 0.7281733982909727, "potential_error_power_eV2": 1.0771879047328388, "stored_deformation_potential_mean_eV": 8.093184424396893e-14, "gaussian_lowpass_error_power_eV2": 0.8929853730994854, "planar_error_power_eV2": 1.0536557216283033}, {"index": 147, "atoms": 186, "composition": [66, 90, 30], "charge": 0.0, "weight": 1.0, "ef": -0.5296871829787304, "vac": 0.8112047104038331, "wf": 1.340891893382564, "force_rmse": 0.2467201681549257, "potential_error_power_eV2": 0.2625407115817004, "stored_deformation_potential_mean_eV": 5.296572984662304e-14, "gaussian_lowpass_error_power_eV2": 0.24277193127471217, "planar_error_power_eV2": 0.2568044629253403}, {"index": 206, "atoms": 183, "composition": [63, 90, 30], "charge": 0.0, "weight": 1.0, "ef": 0.42930778159421745, "vac": -0.7340928531460671, "wf": -1.1634006347402845, "force_rmse": 0.13079918121747577, "potential_error_power_eV2": 0.28547424070367183, "stored_deformation_potential_mean_eV": -1.79033983761625e-15, "gaussian_lowpass_error_power_eV2": 0.2564713736755876, "planar_error_power_eV2": 0.2787325894015179}, {"index": 298, "atoms": 185, "composition": [64, 91, 30], "charge": 0.0, "weight": 1.0, "ef": -0.5192326779267675, "vac": 0.5694530901390369, "wf": 1.0886857680658037, "force_rmse": 0.18615607683341037, "potential_error_power_eV2": 0.43714848991522753, "stored_deformation_potential_mean_eV": -7.094704027482397e-14, "gaussian_lowpass_error_power_eV2": 0.4059137171945328, "planar_error_power_eV2": 0.4304188418231557}, {"index": 47, "atoms": 186, "composition": [66, 90, 30], "charge": 0.0, "weight": 1.0, "ef": -0.4119118053649865, "vac": 0.6551029651042808, "wf": 1.0670147704692672, "force_rmse": 0.1650079978777937, "potential_error_power_eV2": 0.15596721088698304, "stored_deformation_potential_mean_eV": 2.1296753118934743e-14, "gaussian_lowpass_error_power_eV2": 0.13116031455763044, "planar_error_power_eV2": 0.14927389775101668}, {"index": 176, "atoms": 181, "composition": [61, 90, 30], "charge": 0.0, "weight": 1.0, "ef": -0.4215676062156877, "vac": 0.6092202956411414, "wf": 1.0307879018568284, "force_rmse": 0.14873119611827848, "potential_error_power_eV2": 0.3704686513694431, "stored_deformation_potential_mean_eV": 1.6911737376607687e-14, "gaussian_lowpass_error_power_eV2": 0.3274222651788427, "planar_error_power_eV2": 0.3628306750126624}], "composition_cohorts": [{"element_counts": "(60, 90, 30)", "graphs": 1, "wf_rmse_eV": 1.7959355019829966}, {"element_counts": "(0, 120, 60)", "graphs": 2, "wf_rmse_eV": 1.2751907028724663}, {"element_counts": "(0, 72, 36)", "graphs": 4, "wf_rmse_eV": 0.8812597995208101}, {"element_counts": "(66, 90, 30)", "graphs": 10, "wf_rmse_eV": 0.8104868296358739}, {"element_counts": "(20, 44, 18)", "graphs": 1, "wf_rmse_eV": 0.744741396956309}, {"element_counts": "(4, 37, 18)", "graphs": 1, "wf_rmse_eV": 0.6414755289459446}, {"element_counts": "(14, 43, 18)", "graphs": 1, "wf_rmse_eV": 0.6399698715361888}, {"element_counts": "(63, 90, 30)", "graphs": 7, "wf_rmse_eV": 0.6145392994879766}, {"element_counts": "(41, 135, 60)", "graphs": 1, "wf_rmse_eV": 0.5958008096508944}, {"element_counts": "(61, 90, 30)", "graphs": 10, "wf_rmse_eV": 0.5908377247620891}, {"element_counts": "(21, 44, 18)", "graphs": 1, "wf_rmse_eV": 0.5618368641302371}, {"element_counts": "(64, 91, 30)", "graphs": 5, "wf_rmse_eV": 0.5463811744860196}], "scope": "Full supplied split; diagnostic only, no reference-dependent correction or exclusion is applied. Large error alone does not establish bad reference data.", "atomic_numbers": [1, 8, 77]}
2026-10-09 00:39:57.447 INFO: Epoch 49: loss=85.3125, RMSE_E_per_atom=678.4213 meV, RMSE_F=232.9119 meV/A, RMSE_dip_per_atom=1.2247 meA, RMSE_rho=0.1740 me/A^3, RMSE_EF(abs/rel)=142.3525/140.7032 meV, RMSE_ESP=221.5731 mV, RMSE_ESPvac(abs/rel)=222.2323/220.6370 mV, RMSE_WF(abs/rel)=335.7458/332.2699 meV
2026-10-09 00:39:57.447 INFO: 50-step electronic residual maximum: 0.0037517
2026-10-09 00:39:57.456 INFO: Optimizer epoch 49: lr=[0.001, 0.001, 0.001, 0.001, 0.001, 0.001, 0.001, 0.001], mean gradient norm=3857.1, clipped=346/346
2026-10-09 00:39:57.456 INFO: Epoch timing: train=130.113s, validation=45.055s, updates=346, train/update=0.37605s, peak allocated=15218.6 MiB, backbone=CuEq
2026-10-09 00:39:57.456 INFO: Optimization budget: graphs=1384/1384, updates=346, mean retained gradient=0.0061626, min retained gradient=0.00027667
2026-10-09 00:39:57.456 INFO: Optimizer time scales {"updates_per_epoch": 346, "groups": [{"name": "embedding", "lr": 0.001, "parameter_update_range": [17300.0, 17300.0], "moment_memory_epochs": [0.02890173410404625, 2.8901734104046217], "AdamW_decay_only_retention_per_epoch": 1.0}, {"name": "interactions_no_decay", "lr": 0.001, "parameter_update_range": [17300.0, 17300.0], "moment_memory_epochs": [0.02890173410404625, 2.8901734104046217], "AdamW_decay_only_retention_per_epoch": 1.0}, {"name": "products", "lr": 0.001, "parameter_update_range": [17300.0, 17300.0], "moment_memory_epochs": [0.02890173410404625, 2.8901734104046217], "AdamW_decay_only_retention_per_epoch": 0.9996540596781468}, {"name": "readouts", "lr": 0.001, "parameter_update_range": [17300.0, 17300.0], "moment_memory_epochs": [0.02890173410404625, 2.8901734104046217], "AdamW_decay_only_retention_per_epoch": 1.0}, {"name": "lr_source_maps", "lr": 0.001, "parameter_update_range": [17300.0, 17300.0], "moment_memory_epochs": [0.02890173410404625, 2.8901734104046217], "AdamW_decay_only_retention_per_epoch": 1.0}, {"name": "field_dependent_charges_map", "lr": 0.001, "parameter_update_range": [17300.0, 17300.0], "moment_memory_epochs": [0.02890173410404625, 2.8901734104046217], "AdamW_decay_only_retention_per_epoch": 0.9965459616620003}, {"name": "electronic_references", "lr": 0.001, "parameter_update_range": [17300.0, 17300.0], "moment_memory_epochs": [0.02890173410404625, 2.8901734104046217], "AdamW_decay_only_retention_per_epoch": 1.0}, {"name": "layer_feature_mixer", "lr": 0.001, "parameter_update_range": [17300.0, 17300.0], "moment_memory_epochs": [0.02890173410404625, 2.8901734104046217], "AdamW_decay_only_retention_per_epoch": 0.9996540596781468}], "EMA_asymptotic_memory_epochs": 0.2890173410404622}
2026-10-09 00:39:57.456 INFO: Batching: optimizer graphs=4, device graphs<=4; one clipping/Adam/EMA update per optimizer batch
2026-10-09 00:39:57.456 INFO: 50-step finite-budget validation residual 0.0037517 exceeds equilibrium tolerance 1e-06; metrics describe the exported finite trajectory, not a converged root
2026-10-09 00:39:58.237 INFO: Foundation feature extractor frozen=False; energy/electronic readouts remain trainable
2026-10-09 00:39:58.237 INFO: WeightedLoss(energy_per_atom_weight=100, forces_weight=500, dipole_weight=10, fourier_density_weight=10, fourier_density options: reference=farfield, fourier_potential_weight=100, vacuum_potential_weight=100, vacuum_potential options: relative=True, fermi_level_weight=100, fermi_level options: relative=True, )
2026-10-09 00:39:58.237 INFO: FixedPointWrapper: mode=unroll_scf, scf_options=FixedPointSCFOptions(num_scf_steps=24, scf_tolerance=1e-06, mixing_parameter=0.5, constant_charge=True, use_autograd_forces=True, initial_density='local_guess', initial_fermi_level='zero'), linear_solve=inverse, fixedpoint_scf_stability=False
2026-10-09 00:39:58.238 INFO: Setting global learning rate to 0.001
2026-10-09 00:39:58.239 INFO: Runtime inventory {"parameters": 10574661, "parameter_MiB": 80.67826080322266, "optimizer_MiB": 161.35729217529297, "batch_size": 4, "layout": "ir_mul", "blocks": {"node_embedding": 42496, "radial_embedding": 0, "spherical_harmonics": 0, "atomic_energies_fn": 0, "interactions": 8205190, "products": 1136640, "readouts": 8993, "electric_potential_descriptor": 0, "lr_source_maps": 73856, "field_dependent_charges_map": 58910, "local_electron_energy": 0, "external_field_contribution": 0, "external_field_contribution_internal": 0, "coulomb_energy": 0, "layer_feature_mixer": 1048576}, "optimizer_groups": [{"name": "embedding", "lr": 0.001, "weight_decay": 0.0, "parameters": 42496}, {"name": "interactions_no_decay", "lr": 0.001, "weight_decay": 0.0, "parameters": 8205190}, {"name": "products", "lr": 0.001, "weight_decay": 0.001, "parameters": 1136640}, {"name": "readouts", "lr": 0.001, "weight_decay": 0.0, "parameters": 8993}, {"name": "lr_source_maps", "lr": 0.001, "weight_decay": 0.0, "parameters": 73856}, {"name": "field_dependent_charges_map", "lr": 0.001, "weight_decay": 0.01, "parameters": 58608}, {"name": "electronic_references", "lr": 0.001, "weight_decay": 0.0, "parameters": 302}, {"name": "layer_feature_mixer", "lr": 0.001, "weight_decay": 0.001, "parameters": 1048576}], "gpu": "NVIDIA H100 NVL", "device_MiB": 95319.4375}
2026-10-09 00:39:58.249 INFO: CoupledResponse mode=unroll_scf: 24 training steps; 50 validation/deployment steps
2026-10-09 00:39:58.249 INFO: Observation convention: RMSE_ESP is the real-space error of the retained deformation spectrum after uniform-offset alignment (k=0 excluded); raw or zero-mean spectra are accepted. Proto supplies the atomic reference field. Response reference=neutral. EF/vacuum labels must share one DFT convention; the collector retains raw VASP scalar values. EF and vacuum include saved training-only scalar references [-0.22000908299868238, 0.0801922822420121] eV; WF is their difference. Relative RMSE removes one whole-split bias.
2026-10-09 00:43:30.965 INFO: Training-only scalar reference calibration {'fermi_level': {'observed_training_graphs': 61, 'shift_eV': 0.0089560193070959, 'reference_eV': -0.2110530636915865, 'panel_RMSE_before_eV': 0.13382673816946386, 'panel_RMSE_after_eV': 0.13352672229650947}, 'vacuum_potential': {'observed_training_graphs': 61, 'shift_eV': 0.0033071064429983973, 'reference_eV': 0.08349938868501049, 'panel_RMSE_before_eV': 0.19751041319737575, 'panel_RMSE_after_eV': 0.19748272422764676}, 'seconds': 9.175100684980862}; constants saved with the model; relative errors and physical fixed-Q trajectory unchanged
2026-10-09 00:44:06.886 INFO: Full validation audit {"graphs": 350, "index_convention": "supplied loader order, zero based", "force_rmse_by_element_column_eV_A": {"0": 0.20622524883001014, "1": 0.23820872499409765, "2": 0.316359798666777}, "force_target_rms_by_element_column_eV_A": {"0": 0.7583041629256339, "1": 0.8719660684898465, "2": 0.9586983364634067}, "force_rmse_over_target_rms_by_element_column": {"0": 0.27195584425432523, "1": 0.27318577362379487, "2": 0.3299888887194834}, "density_observers": {"density_RMSE_e_A3": 0.0011471088651744538, "farfield_RMSE_e_A3": 0.0001503232206080679, "scope": "Different Gaussian resolutions of the same error; smaller farfield RMSE is not an accuracy gain."}, "stored_potential_gauge": {"deformation_mean_range_eV": [-1.923389086888605e-13, 1.7333365232548237e-13], "scope": "Stored k=0 is retained for audit; RMSE_ESP compares fields modulo a uniform offset. Scalar EF/vacuum errors use their stored label convention."}, "potential_error_power_fractions": {"normal_reciprocal_line": 0.8861938703709138, "Gaussian_lowpass": 0.7690252137647393, "Gaussian_width_A": 1.5}, "observed_EF_vac_WF": 330, "EF_vac_WF_rmse_eV": [0.14062258533426794, 0.22009232372921442, 0.33282760348257756], "EF_vac_WF_relative_rmse_eV": [0.13875003724738905, 0.218952090311112, 0.3297377107923221], "EF_vac_WF_bias_eV": [-0.022872224857709348, 0.022374385196468758, 0.04524661005417823], "EF_vac_covariance_eV2": -0.020767683615401936, "WF_absolute_error_quantiles_eV": {"median": 0.1465808010316274, "p90": 0.45180723182950383, "p99": 1.3078932931852052, "max": 1.753491784220956}, "WF_identity_max_error_eV": 1.1102230246251565e-15, "absolute_relative_bias_identity_max_error_eV2": 4.163336342344337e-17, "WF_variance_components_eV2": {"EF": 0.019251572836151858, "vacuum": 0.047940017851605336, "covariance_contribution": 0.04153536723080387}, "largest_relative_WF_errors": [{"index": 134, "atoms": 180, "composition": [0, 120, 60], "charge": 0.0, "weight": 1.0, "ef": 0.41349265411602976, "vac": -1.3399991301049274, "wf": -1.753491784220956, "force_rmse": 0.6360039290492009, "potential_error_power_eV2": 1.1554891701576093, "stored_deformation_potential_mean_eV": -4.632205743448059e-14, "gaussian_lowpass_error_power_eV2": 1.0012941004294817, "planar_error_power_eV2": 1.129344798041383, "loader_frame_1based": 135, "EF_vac_WF_centered_errors_eV": [0.4363648789737391, -1.3623735153013963, -1.7987383942751343], "relative_WF_squared_error_fraction": 0.09017472628232978}, {"index": 293, "atoms": 108, "composition": [0, 72, 36], "charge": 0.0, "weight": 1.0, "ef": 0.5941270669394618, "vac": -1.091617247155372, "wf": -1.6857443140948343, "force_rmse": 0.7677438712940176, "potential_error_power_eV2": 1.0519163134344598, "stored_deformation_potential_mean_eV": 8.093184424396893e-14, "gaussian_lowpass_error_power_eV2": 0.8560428403787504, "planar_error_power_eV2": 1.0191772862083481, "loader_frame_1based": 294, "EF_vac_WF_centered_errors_eV": [0.6169992917971712, -1.1139916323518408, -1.7309909241490125], "relative_WF_squared_error_fraction": 0.08350998481264195}, {"index": 304, "atoms": 180, "composition": [60, 90, 30], "charge": 0.0, "weight": 1.0, "ef": -0.49363079346210736, "vac": 1.1370605227052861, "wf": 1.6306913161673942, "force_rmse": 0.19644705150604377, "potential_error_power_eV2": 0.7851967094486101, "stored_deformation_potential_mean_eV": 3.4053226704110426e-14, "gaussian_lowpass_error_power_eV2": 0.7147110791844972, "planar_error_power_eV2": 0.7773960335592318, "loader_frame_1based": 305, "EF_vac_WF_centered_errors_eV": [-0.470758568604398, 1.1146861375088173, 1.585444706113216], "relative_WF_squared_error_fraction": 0.07005691733937083}, {"index": 147, "atoms": 186, "composition": [66, 90, 30], "charge": 0.0, "weight": 1.0, "ef": -0.4995921191005111, "vac": 0.834657825936461, "wf": 1.3342499450369725, "force_rmse": 0.26091033939192454, "potential_error_power_eV2": 0.24752577568509795, "stored_deformation_potential_mean_eV": 5.296572984662304e-14, "gaussian_lowpass_error_power_eV2": 0.2286668064240393, "planar_error_power_eV2": 0.24205813318871658, "loader_frame_1based": 148, "EF_vac_WF_centered_errors_eV": [-0.47671989424280176, 0.8122834407399923, 1.2890033349827943], "relative_WF_squared_error_fraction": 0.04630809387959641}, {"index": 206, "atoms": 183, "composition": [63, 90, 30], "charge": 0.0, "weight": 1.0, "ef": 0.49455164220192316, "vac": -0.7488132964496517, "wf": -1.2433649386515748, "force_rmse": 0.12189321450202453, "potential_error_power_eV2": 0.33028162451108223, "stored_deformation_potential_mean_eV": -1.79033983761625e-15, "gaussian_lowpass_error_power_eV2": 0.3013046779783574, "planar_error_power_eV2": 0.32386492200606887, "loader_frame_1based": 207, "EF_vac_WF_centered_errors_eV": [0.5174238670596325, -0.7711876816461204, -1.288611548705753], "relative_WF_squared_error_fraction": 0.04627994791909133}, {"index": 240, "atoms": 183, "composition": [63, 90, 30], "charge": 0.0, "weight": 1.0, "ef": 0.3118070392387148, "vac": -0.789533167024417, "wf": -1.1013402062631314, "force_rmse": 0.13451020644964565, "potential_error_power_eV2": 0.18514550641382044, "stored_deformation_potential_mean_eV": -9.735419555064175e-14, "gaussian_lowpass_error_power_eV2": 0.16109692759469038, "planar_error_power_eV2": 0.177168006453573, "loader_frame_1based": 241, "EF_vac_WF_centered_errors_eV": [0.3346792640964241, -0.8119075522208857, -1.1465868163173096], "relative_WF_squared_error_fraction": 0.03664061131079335}, {"index": 211, "atoms": 181, "composition": [61, 90, 30], "charge": 0.0, "weight": 1.0, "ef": 0.46155276461112926, "vac": -0.5937322741023672, "wf": -1.0552850387134969, "force_rmse": 0.1419070015271851, "potential_error_power_eV2": 0.35371347443280843, "stored_deformation_potential_mean_eV": -3.581790839801117e-14, "gaussian_lowpass_error_power_eV2": 0.3239612969996506, "planar_error_power_eV2": 0.3468313626268344, "loader_frame_1based": 212, "EF_vac_WF_centered_errors_eV": [0.4844249894688386, -0.6161066592988359, -1.100531648767675], "relative_WF_squared_error_fraction": 0.03375622677726321}, {"index": 298, "atoms": 185, "composition": [64, 91, 30], "charge": 0.0, "weight": 1.0, "ef": -0.48986109741808703, "vac": 0.5755746618815252, "wf": 1.0654357592996115, "force_rmse": 0.18684754111343654, "potential_error_power_eV2": 0.4896381730673011, "stored_deformation_potential_mean_eV": -7.094704027482397e-14, "gaussian_lowpass_error_power_eV2": 0.4541751108476506, "planar_error_power_eV2": 0.4823618330540007, "loader_frame_1based": 299, "EF_vac_WF_centered_errors_eV": [-0.4669888725603777, 0.5532002766850564, 1.0201891492454334], "relative_WF_squared_error_fraction": 0.02900749480869855}], "WF_centered_squared_error_share_largest_10_structures": 0.4871464889478367, "WF_centered_squared_error_share_largest_10_percent": 0.753186932778088, "independent_single_anchor_EF_vac_WF_RMSE_eV": [0.1962221844550297, 0.30964501562791336, 0.46631954262835923], "relative_error_scope": "One whole-split offset for RMSE_rel; no fitted offset is applied to predictions. Single-anchor expectation assumes independent configurations.", "WF_squared_error_share_largest_10_percent": 0.7257861537335186, "largest_WF_errors": [{"index": 134, "atoms": 180, "composition": [0, 120, 60], "charge": 0.0, "weight": 1.0, "ef": 0.41349265411602976, "vac": -1.3399991301049274, "wf": -1.753491784220956, "force_rmse": 0.6360039290492009, "potential_error_power_eV2": 1.1554891701576093, "stored_deformation_potential_mean_eV": -4.632205743448059e-14, "gaussian_lowpass_error_power_eV2": 1.0012941004294817, "planar_error_power_eV2": 1.129344798041383}, {"index": 293, "atoms": 108, "composition": [0, 72, 36], "charge": 0.0, "weight": 1.0, "ef": 0.5941270669394618, "vac": -1.091617247155372, "wf": -1.6857443140948343, "force_rmse": 0.7677438712940176, "potential_error_power_eV2": 1.0519163134344598, "stored_deformation_potential_mean_eV": 8.093184424396893e-14, "gaussian_lowpass_error_power_eV2": 0.8560428403787504, "planar_error_power_eV2": 1.0191772862083481}, {"index": 304, "atoms": 180, "composition": [60, 90, 30], "charge": 0.0, "weight": 1.0, "ef": -0.49363079346210736, "vac": 1.1370605227052861, "wf": 1.6306913161673942, "force_rmse": 0.19644705150604377, "potential_error_power_eV2": 0.7851967094486101, "stored_deformation_potential_mean_eV": 3.4053226704110426e-14, "gaussian_lowpass_error_power_eV2": 0.7147110791844972, "planar_error_power_eV2": 0.7773960335592318}, {"index": 147, "atoms": 186, "composition": [66, 90, 30], "charge": 0.0, "weight": 1.0, "ef": -0.4995921191005111, "vac": 0.834657825936461, "wf": 1.3342499450369725, "force_rmse": 0.26091033939192454, "potential_error_power_eV2": 0.24752577568509795, "stored_deformation_potential_mean_eV": 5.296572984662304e-14, "gaussian_lowpass_error_power_eV2": 0.2286668064240393, "planar_error_power_eV2": 0.24205813318871658}, {"index": 206, "atoms": 183, "composition": [63, 90, 30], "charge": 0.0, "weight": 1.0, "ef": 0.49455164220192316, "vac": -0.7488132964496517, "wf": -1.2433649386515748, "force_rmse": 0.12189321450202453, "potential_error_power_eV2": 0.33028162451108223, "stored_deformation_potential_mean_eV": -1.79033983761625e-15, "gaussian_lowpass_error_power_eV2": 0.3013046779783574, "planar_error_power_eV2": 0.32386492200606887}, {"index": 240, "atoms": 183, "composition": [63, 90, 30], "charge": 0.0, "weight": 1.0, "ef": 0.3118070392387148, "vac": -0.789533167024417, "wf": -1.1013402062631314, "force_rmse": 0.13451020644964565, "potential_error_power_eV2": 0.18514550641382044, "stored_deformation_potential_mean_eV": -9.735419555064175e-14, "gaussian_lowpass_error_power_eV2": 0.16109692759469038, "planar_error_power_eV2": 0.177168006453573}, {"index": 298, "atoms": 185, "composition": [64, 91, 30], "charge": 0.0, "weight": 1.0, "ef": -0.48986109741808703, "vac": 0.5755746618815252, "wf": 1.0654357592996115, "force_rmse": 0.18684754111343654, "potential_error_power_eV2": 0.4896381730673011, "stored_deformation_potential_mean_eV": -7.094704027482397e-14, "gaussian_lowpass_error_power_eV2": 0.4541751108476506, "planar_error_power_eV2": 0.4823618330540007}, {"index": 211, "atoms": 181, "composition": [61, 90, 30], "charge": 0.0, "weight": 1.0, "ef": 0.46155276461112926, "vac": -0.5937322741023672, "wf": -1.0552850387134969, "force_rmse": 0.1419070015271851, "potential_error_power_eV2": 0.35371347443280843, "stored_deformation_potential_mean_eV": -3.581790839801117e-14, "gaussian_lowpass_error_power_eV2": 0.3239612969996506, "planar_error_power_eV2": 0.3468313626268344}], "composition_cohorts": [{"element_counts": "(60, 90, 30)", "graphs": 1, "wf_rmse_eV": 1.6306913161673942}, {"element_counts": "(0, 120, 60)", "graphs": 2, "wf_rmse_eV": 1.2472964573355287}, {"element_counts": "(20, 44, 18)", "graphs": 1, "wf_rmse_eV": 0.8938319958876502}, {"element_counts": "(0, 72, 36)", "graphs": 4, "wf_rmse_eV": 0.8535395128991827}, {"element_counts": "(66, 90, 30)", "graphs": 10, "wf_rmse_eV": 0.7394397657023303}, {"element_counts": "(40, 88, 36)", "graphs": 1, "wf_rmse_eV": 0.7253130665388925}, {"element_counts": "(63, 90, 30)", "graphs": 7, "wf_rmse_eV": 0.6924680207465976}, {"element_counts": "(41, 135, 60)", "graphs": 1, "wf_rmse_eV": 0.6665349250241146}, {"element_counts": "(23, 128, 60)", "graphs": 1, "wf_rmse_eV": 0.649179700621973}, {"element_counts": "(31, 135, 60)", "graphs": 1, "wf_rmse_eV": 0.5735258087676725}, {"element_counts": "(64, 91, 30)", "graphs": 5, "wf_rmse_eV": 0.5472189448734894}, {"element_counts": "(61, 90, 30)", "graphs": 10, "wf_rmse_eV": 0.5234849180860931}], "scope": "Full supplied split; diagnostic only, no reference-dependent correction or exclusion is applied. Large error alone does not establish bad reference data.", "atomic_numbers": [1, 8, 77]}
2026-10-09 00:44:06.889 INFO: Epoch 50: loss=82.3114, RMSE_E_per_atom=645.5951 meV, RMSE_F=241.2555 meV/A, RMSE_dip_per_atom=1.1558 meA, RMSE_rho=0.1503 me/A^3, RMSE_EF(abs/rel)=140.6226/138.7500 meV, RMSE_ESP=211.8214 mV, RMSE_ESPvac(abs/rel)=220.0923/218.9521 mV, RMSE_WF(abs/rel)=332.8276/329.7377 meV
2026-10-09 00:44:06.889 INFO: 50-step electronic residual maximum: 0.0044596
2026-10-09 00:44:06.896 INFO: Optimizer epoch 50: lr=[0.001, 0.001, 0.001, 0.001, 0.001, 0.001, 0.001, 0.001], mean gradient norm=3920, clipped=346/346
2026-10-09 00:44:06.896 INFO: Epoch timing: train=203.550s, validation=45.107s, updates=346, train/update=0.58829s, peak allocated=14567.1 MiB, backbone=CuEq
2026-10-09 00:44:06.896 INFO: Optimization budget: graphs=1384/1384, updates=346, mean retained gradient=0.0060291, min retained gradient=0.00030045
2026-10-09 00:44:06.896 INFO: Optimizer time scales {"updates_per_epoch": 346, "groups": [{"name": "embedding", "lr": 0.001, "parameter_update_range": [17646.0, 17646.0], "moment_memory_epochs": [0.02890173410404625, 2.8901734104046217], "AdamW_decay_only_retention_per_epoch": 1.0}, {"name": "interactions_no_decay", "lr": 0.001, "parameter_update_range": [17646.0, 17646.0], "moment_memory_epochs": [0.02890173410404625, 2.8901734104046217], "AdamW_decay_only_retention_per_epoch": 1.0}, {"name": "products", "lr": 0.001, "parameter_update_range": [17646.0, 17646.0], "moment_memory_epochs": [0.02890173410404625, 2.8901734104046217], "AdamW_decay_only_retention_per_epoch": 0.9996540596781468}, {"name": "readouts", "lr": 0.001, "parameter_update_range": [17646.0, 17646.0], "moment_memory_epochs": [0.02890173410404625, 2.8901734104046217], "AdamW_decay_only_retention_per_epoch": 1.0}, {"name": "lr_source_maps", "lr": 0.001, "parameter_update_range": [17646.0, 17646.0], "moment_memory_epochs": [0.02890173410404625, 2.8901734104046217], "AdamW_decay_only_retention_per_epoch": 1.0}, {"name": "field_dependent_charges_map", "lr": 0.001, "parameter_update_range": [17646.0, 17646.0], "moment_memory_epochs": [0.02890173410404625, 2.8901734104046217], "AdamW_decay_only_retention_per_epoch": 0.9965459616620003}, {"name": "electronic_references", "lr": 0.001, "parameter_update_range": [17646.0, 17646.0], "moment_memory_epochs": [0.02890173410404625, 2.8901734104046217], "AdamW_decay_only_retention_per_epoch": 1.0}, {"name": "layer_feature_mixer", "lr": 0.001, "parameter_update_range": [17646.0, 17646.0], "moment_memory_epochs": [0.02890173410404625, 2.8901734104046217], "AdamW_decay_only_retention_per_epoch": 0.9996540596781468}], "EMA_asymptotic_memory_epochs": 0.2890173410404622}
2026-10-09 00:44:06.896 INFO: Batching: optimizer graphs=4, device graphs<=4; one clipping/Adam/EMA update per optimizer batch
2026-10-09 00:44:06.896 INFO: 50-step finite-budget validation residual 0.0044596 exceeds equilibrium tolerance 1e-06; metrics describe the exported finite trajectory, not a converged root
2026-10-09 00:46:28.837 INFO: Full training audit {"graphs": 1384, "index_convention": "supplied loader order, zero based", "force_rmse_by_element_column_eV_A": {"0": 0.1813684229502792, "1": 0.22679432743651484, "2": 0.2965887512608441}, "force_target_rms_by_element_column_eV_A": {"0": 0.7571064396258198, "1": 0.8677033017166068, "2": 0.9535818187475488}, "force_rmse_over_target_rms_by_element_column": {"0": 0.2395547223715543, "1": 0.2613731294877407, "2": 0.3110260131116898}, "density_observers": {"density_RMSE_e_A3": 0.0011791548372828543, "farfield_RMSE_e_A3": 0.00015373768656026029, "scope": "Different Gaussian resolutions of the same error; smaller farfield RMSE is not an accuracy gain."}, "stored_potential_gauge": {"deformation_mean_range_eV": [-1.8911908162794102e-13, 1.6773131068768066e-13], "scope": "Stored k=0 is retained for audit; RMSE_ESP compares fields modulo a uniform offset. Scalar EF/vacuum errors use their stored label convention."}, "potential_error_power_fractions": {"normal_reciprocal_line": 0.8573323372480891, "Gaussian_lowpass": 0.7262672932310723, "Gaussian_width_A": 1.5}, "observed_EF_vac_WF": 1307, "EF_vac_WF_rmse_eV": [0.12283847066294912, 0.1688016461003604, 0.26330411563767625], "EF_vac_WF_relative_rmse_eV": [0.11884167867383995, 0.16566959997451217, 0.25554581491817124], "EF_vac_WF_bias_eV": [-0.031079660306958936, 0.03236633081577885, 0.06344599112273795], "EF_vac_covariance_eV2": -0.011866951288230588, "WF_absolute_error_quantiles_eV": {"median": 0.1320063569880645, "p90": 0.36366157269054344, "p99": 0.9784629142325608, "max": 1.6890264267130348}, "WF_identity_max_error_eV": 1.3322676295501878e-15, "absolute_relative_bias_identity_max_error_eV2": 2.7755575615628914e-17, "WF_variance_components_eV2": {"EF": 0.014123344590016233, "vacuum": 0.0274464163557149, "covariance_contribution": 0.023733902576461175}, "largest_relative_WF_errors": [{"index": 176, "atoms": 54, "composition": [0, 36, 18], "charge": 0.0, "weight": 1.0, "ef": 0.5941270669394618, "vac": -1.0948993597735734, "wf": -1.6890264267130348, "force_rmse": 0.7676799055188879, "potential_error_power_eV2": 1.0565401252102073, "stored_deformation_potential_mean_eV": 2.0656303569452614e-14, "gaussian_lowpass_error_power_eV2": 0.8601843625305629, "planar_error_power_eV2": 1.0237863130356426, "loader_frame_1based": 177, "EF_vac_WF_centered_errors_eV": [0.6252067272464208, -1.1272656905893523, -1.7524724178357727], "relative_WF_squared_error_fraction": 0.035982327271224704}, {"index": 1318, "atoms": 186, "composition": [66, 90, 30], "charge": 0.0, "weight": 1.0, "ef": -0.8066043465272764, "vac": 0.8809832974245801, "wf": 1.687587643951857, "force_rmse": 0.2678556029242764, "potential_error_power_eV2": 0.4632250729705883, "stored_deformation_potential_mean_eV": 5.1280046546805924e-14, "gaussian_lowpass_error_power_eV2": 0.4339692414002059, "planar_error_power_eV2": 0.4598454679998056, "loader_frame_1based": 1319, "EF_vac_WF_centered_errors_eV": [-0.7755246862203174, 0.8486169666088013, 1.624141652829119], "relative_WF_squared_error_fraction": 0.030905421817347217}, {"index": 372, "atoms": 90, "composition": [0, 60, 30], "charge": 0.0, "weight": 1.0, "ef": 0.4140926541160307, "vac": -0.988324597928985, "wf": -1.4024172520450158, "force_rmse": 0.6172533928454484, "potential_error_power_eV2": 0.7210949078012799, "stored_deformation_potential_mean_eV": -1.1857990328616565e-13, "gaussian_lowpass_error_power_eV2": 0.6012781878372064, "planar_error_power_eV2": 0.6950848181508104, "loader_frame_1based": 373, "EF_vac_WF_centered_errors_eV": [0.4451723144229896, -1.0206909287447639, -1.4658632431677536], "relative_WF_squared_error_fraction": 0.025175249105719628}, {"index": 857, "atoms": 144, "composition": [0, 96, 48], "charge": 0.0, "weight": 1.0, "ef": 0.30587863588865105, "vac": -1.0307610857511849, "wf": -1.336639721639835, "force_rmse": 0.7436870490455869, "potential_error_power_eV2": 0.6886952949956912, "stored_deformation_potential_mean_eV": 6.532060049108112e-14, "gaussian_lowpass_error_power_eV2": 0.5419123585420764, "planar_error_power_eV2": 0.6630297413190157, "loader_frame_1based": 858, "EF_vac_WF_centered_errors_eV": [0.33695829619560996, -1.0631274165669637, -1.4000857127625728], "relative_WF_squared_error_fraction": 0.022966568682683746}, {"index": 434, "atoms": 180, "composition": [60, 90, 30], "charge": 0.0, "weight": 1.0, "ef": -0.5447574153350767, "vac": 0.8893883775455338, "wf": 1.434145792880611, "force_rmse": 0.13909190074626537, "potential_error_power_eV2": 0.6568936664031202, "stored_deformation_potential_mean_eV": 2.322228286250548e-14, "gaussian_lowpass_error_power_eV2": 0.611322254872944, "planar_error_power_eV2": 0.6527101028100967, "loader_frame_1based": 435, "EF_vac_WF_centered_errors_eV": [-0.5136777550281177, 0.8570220467297549, 1.370699801757873], "relative_WF_squared_error_fraction": 0.022012611386160976}, {"index": 1359, "atoms": 186, "composition": [66, 90, 30], "charge": 0.0, "weight": 1.0, "ef": -0.4700579101411252, "vac": 0.8571378422703435, "wf": 1.3271957524114688, "force_rmse": 1.1680174854505494, "potential_error_power_eV2": 0.18897976208583492, "stored_deformation_potential_mean_eV": -4.421484118769506e-14, "gaussian_lowpass_error_power_eV2": 0.17236959521820508, "planar_error_power_eV2": 0.18314737522340646, "loader_frame_1based": 1360, "EF_vac_WF_centered_errors_eV": [-0.4389782498341663, 0.8247715114545646, 1.263749761288731], "relative_WF_squared_error_fraction": 0.018711518777126523}, {"index": 224, "atoms": 72, "composition": [0, 48, 24], "charge": 0.0, "weight": 1.0, "ef": 0.2658215212079652, "vac": -0.8632828534168571, "wf": -1.1291043746248217, "force_rmse": 0.7374942878939835, "potential_error_power_eV2": 0.5724096793486472, "stored_deformation_potential_mean_eV": -7.17785582731391e-15, "gaussian_lowpass_error_power_eV2": 0.44119656258237794, "planar_error_power_eV2": 0.5458135662175437, "loader_frame_1based": 225, "EF_vac_WF_centered_errors_eV": [0.2969011815149241, -0.895649184232636, -1.1925503657475596], "relative_WF_squared_error_fraction": 0.01666250629535552}, {"index": 17, "atoms": 74, "composition": [13, 43, 18], "charge": 0.0, "weight": 1.0, "ef": 0.1276298860994638, "vac": -0.9775123840180662, "wf": -1.1051422701175309, "force_rmse": 0.3112446255584519, "potential_error_power_eV2": 0.975145568250191, "stored_deformation_potential_mean_eV": -9.765213811185891e-14, "gaussian_lowpass_error_power_eV2": 0.8883138684188219, "planar_error_power_eV2": 0.9685418005904908, "loader_frame_1based": 18, "EF_vac_WF_centered_errors_eV": [0.15870954640642274, -1.009878714833845, -1.1685882612402687], "relative_WF_squared_error_fraction": 0.01599962874555923}], "WF_centered_squared_error_share_largest_10_structures": 0.21838957955308688, "WF_centered_squared_error_share_largest_10_percent": 0.6973593016855839, "independent_single_anchor_EF_vac_WF_RMSE_eV": [0.16806751375572987, 0.23429219515688046, 0.36139635726496255], "relative_error_scope": "One whole-split offset for RMSE_rel; no fitted offset is applied to predictions. Single-anchor expectation assumes independent configurations.", "WF_squared_error_share_largest_10_percent": 0.656379575068328, "largest_WF_errors": [{"index": 176, "atoms": 54, "composition": [0, 36, 18], "charge": 0.0, "weight": 1.0, "ef": 0.5941270669394618, "vac": -1.0948993597735734, "wf": -1.6890264267130348, "force_rmse": 0.7676799055188879, "potential_error_power_eV2": 1.0565401252102073, "stored_deformation_potential_mean_eV": 2.0656303569452614e-14, "gaussian_lowpass_error_power_eV2": 0.8601843625305629, "planar_error_power_eV2": 1.0237863130356426}, {"index": 1318, "atoms": 186, "composition": [66, 90, 30], "charge": 0.0, "weight": 1.0, "ef": -0.8066043465272764, "vac": 0.8809832974245801, "wf": 1.687587643951857, "force_rmse": 0.2678556029242764, "potential_error_power_eV2": 0.4632250729705883, "stored_deformation_potential_mean_eV": 5.1280046546805924e-14, "gaussian_lowpass_error_power_eV2": 0.4339692414002059, "planar_error_power_eV2": 0.4598454679998056}, {"index": 434, "atoms": 180, "composition": [60, 90, 30], "charge": 0.0, "weight": 1.0, "ef": -0.5447574153350767, "vac": 0.8893883775455338, "wf": 1.434145792880611, "force_rmse": 0.13909190074626537, "potential_error_power_eV2": 0.6568936664031202, "stored_deformation_potential_mean_eV": 2.322228286250548e-14, "gaussian_lowpass_error_power_eV2": 0.611322254872944, "planar_error_power_eV2": 0.6527101028100967}, {"index": 372, "atoms": 90, "composition": [0, 60, 30], "charge": 0.0, "weight": 1.0, "ef": 0.4140926541160307, "vac": -0.988324597928985, "wf": -1.4024172520450158, "force_rmse": 0.6172533928454484, "potential_error_power_eV2": 0.7210949078012799, "stored_deformation_potential_mean_eV": -1.1857990328616565e-13, "gaussian_lowpass_error_power_eV2": 0.6012781878372064, "planar_error_power_eV2": 0.6950848181508104}, {"index": 857, "atoms": 144, "composition": [0, 96, 48], "charge": 0.0, "weight": 1.0, "ef": 0.30587863588865105, "vac": -1.0307610857511849, "wf": -1.336639721639835, "force_rmse": 0.7436870490455869, "potential_error_power_eV2": 0.6886952949956912, "stored_deformation_potential_mean_eV": 6.532060049108112e-14, "gaussian_lowpass_error_power_eV2": 0.5419123585420764, "planar_error_power_eV2": 0.6630297413190157}, {"index": 1359, "atoms": 186, "composition": [66, 90, 30], "charge": 0.0, "weight": 1.0, "ef": -0.4700579101411252, "vac": 0.8571378422703435, "wf": 1.3271957524114688, "force_rmse": 1.1680174854505494, "potential_error_power_eV2": 0.18897976208583492, "stored_deformation_potential_mean_eV": -4.421484118769506e-14, "gaussian_lowpass_error_power_eV2": 0.17236959521820508, "planar_error_power_eV2": 0.18314737522340646}, {"index": 472, "atoms": 186, "composition": [66, 90, 30], "charge": 0.0, "weight": 1.0, "ef": -0.44049035945400994, "vac": 0.7581800139171837, "wf": 1.1986703733711934, "force_rmse": 0.35338208359745865, "potential_error_power_eV2": 0.14744938328007845, "stored_deformation_potential_mean_eV": -4.457291845177641e-16, "gaussian_lowpass_error_power_eV2": 0.1330508069360884, "planar_error_power_eV2": 0.14466146655449788}, {"index": 364, "atoms": 186, "composition": [66, 90, 30], "charge": 0.0, "weight": 1.0, "ef": -0.541395581414929, "vac": 0.6348234218171509, "wf": 1.1762190032320798, "force_rmse": 0.3095062838542337, "potential_error_power_eV2": 0.18503215657938646, "stored_deformation_potential_mean_eV": 3.3399631592354674e-14, "gaussian_lowpass_error_power_eV2": 0.16801456754158559, "planar_error_power_eV2": 0.181595643103769}], "composition_cohorts": [{"element_counts": "(13, 43, 18)", "graphs": 1, "wf_rmse_eV": 1.1051422701175309}, {"element_counts": "(35, 136, 60)", "graphs": 1, "wf_rmse_eV": 0.9562885586265297}, {"element_counts": "(38, 137, 60)", "graphs": 1, "wf_rmse_eV": 0.8952142388930096}, {"element_counts": "(39, 88, 36)", "graphs": 2, "wf_rmse_eV": 0.7689757050882275}, {"element_counts": "(37, 137, 60)", "graphs": 1, "wf_rmse_eV": 0.746889536025698}, {"element_counts": "(66, 90, 30)", "graphs": 29, "wf_rmse_eV": 0.7097340007962102}, {"element_counts": "(60, 90, 30)", "graphs": 9, "wf_rmse_eV": 0.6836550942523457}, {"element_counts": "(33, 136, 60)", "graphs": 1, "wf_rmse_eV": 0.6385839442051058}, {"element_counts": "(0, 36, 18)", "graphs": 8, "wf_rmse_eV": 0.6193872620041457}, {"element_counts": "(27, 134, 60)", "graphs": 1, "wf_rmse_eV": 0.5765997943006056}, {"element_counts": "(0, 60, 30)", "graphs": 7, "wf_rmse_eV": 0.5633643376633886}, {"element_counts": "(0, 48, 24)", "graphs": 5, "wf_rmse_eV": 0.5554117311150361}], "scope": "Full supplied split; diagnostic only, no reference-dependent correction or exclusion is applied. Large error alone does not establish bad reference data.", "atomic_numbers": [1, 8, 77]}
2026-10-09 00:46:28.860 INFO: Full-split generalization {"epoch": 50, "training_graphs": 1384, "validation_graphs": 350, "train": {"rmse_e_per_atom": 0.7643599044485514, "rmse_f": 0.2252960436675301, "rmse_mu_per_atom": 0.0010746361695032959, "rmse_fermi_level": 0.1228384706629491, "rmse_fermi_level_rel": 0.11884167867384005, "rmse_rho": 0.0001537376865602603, "rmse_esp": 0.18795799995883689, "rmse_esp_vac": 0.16880164610036044, "rmse_esp_vac_rel": 0.1656695999745122, "rmse_wf_abs": 0.2633041156376763, "rmse_wf_rel": 0.25554581491817135}, "validation": {"rmse_e_per_atom": 0.6455951183372577, "rmse_f": 0.2412554597369308, "rmse_mu_per_atom": 0.0011557597024213725, "rmse_fermi_level": 0.14062258533426794, "rmse_fermi_level_rel": 0.13875003724738905, "rmse_rho": 0.00015032322060806784, "rmse_esp": 0.21182143639548953, "rmse_esp_vac": 0.2200923237292144, "rmse_esp_vac_rel": 0.21895209031111199, "rmse_wf_abs": 0.33282760348257756, "rmse_wf_rel": 0.32973771079232206}, "weighted_training_objectives": {"energy_per_atom": 58.42460635285983, "forces": 25.37915364612082, "dipole": 0.06071209943133293, "fourier_density": 0.23635276268900837, "fourier_potential/spatial": 3.5328209748526143, "vacuum_potential": 2.74674319884528, "fermi_level": 1.4134158789549183}, "weighted_validation_objectives": {"energy_per_atom": 41.679305682089776, "forces": 29.102098426438918, "dipole": 0.07762156416939554, "fourier_density": 0.22597070653981835, "fourier_potential/spatial": 4.486832091664842, "vacuum_potential": 4.808573219157982, "fermi_level": 1.9310088255106717}, "seconds": 141.59858462100965, "scope": "Whole splits at the same EMA parameters and deployment step count; read-only, native units."}
2026-10-09 00:46:52.668 INFO: Electronic diagnostic {"references": {"response_field": "neutral", "proto_fitted": false, "scalar_offsets_EF_vacuum_eV": [-0.2110530636915865, 0.08349938868501049], "scope": "Training-fitted, serialized references. Relative losses remove one constant error, not a separate offset for each structure. No DFT EF enters the free trajectory."}, "train": {"graphs": 32, "charge_span": [0.0, 0.0], "step_comparison": [[{"steps": 24, "WF_eV": 3.719867612571938, "EF_eV": -2.7279004417254717, "residual": 3.643763964999991e-07}, {"steps": 50, "WF_eV": 3.719866781055256, "EF_eV": -2.727900186893456, "residual": 1.31161748129216e-12}, {"steps": 100, "WF_eV": 3.719866781052069, "EF_eV": -2.7279001868926165, "residual": 4.440892098500626e-16}], [{"steps": 24, "WF_eV": 4.140418966467108, "EF_eV": -2.8670563865745766, "residual": 9.818243821291261e-07}, {"steps": 50, "WF_eV": 4.1404159881965565, "EF_eV": -2.8670550686745875, "residual": 6.867062474213981e-12}, {"steps": 100, "WF_eV": 4.140415988175747, "EF_eV": -2.8670550686655227, "residual": 5.551115123125783e-16}]], "dEF_dQ_and_dWF_dQ_eV_per_e": [[-229.6430502408936, 207.23888778135225], [-325.91403064464066, 307.78503940585244]], "force_RMSE_by_atomic_number_eV_A": {"1": 0.1628879897308268, "8": 0.20713291308508958, "77": 0.2812910074422955}, "force_RMSE_eV_A": 0.2037016887923573, "charge_response_identifiability": "Single-charge data do not determine capacitance; slopes above are predictions, not validation.", "EF_vac_WF_RMSE": [0.09957860056161111, 0.12016299682571237, 0.19466386675742567], "EF_vac_WF_bias": [-0.03528255888753495, 0.04552650086023176, 0.08080905974776682], "EF_vac_covariance": -0.005163197314959317, "WF_relative_RMSE_eV": 0.17709860779699718, "WF_error_variance_from_EF_vac_covariance": 0.031363916883634636, "reference_WF_identity_max_error_eV": 8.881784197001252e-16, "Gaussian_lowpass_potential_error_power_fraction": 0.6403550001398871, "reference_conditioning": {"EF_given_DFT_field_eV_RMSE": 0.10038213940839524, "vacuum_given_DFT_EF_eV_RMSE": 0.1520446066072374, "charge_error_e_RMSE": 0.003870344505758313, "scope": "Oracle conditional errors, not deployment metrics; charge error measures the departure from the prescribed fixed-Q ensemble.", "dmu_dQ_eV_per_e_range": [-340.4279241563557, -12.917165849875685]}}, "validation": {"graphs": 16, "charge_span": [0.0, 0.0], "step_comparison": [[{"steps": 24, "WF_eV": 4.765160908184345, "EF_eV": -2.48738962760255, "residual": 6.840428794507858e-07}, {"steps": 50, "WF_eV": 4.765160305390607, "EF_eV": -2.487389139911529, "residual": 3.13782333449808e-12}, {"steps": 100, "WF_eV": 4.765160305389503, "EF_eV": -2.487389139909581, "residual": 7.216449660063518e-16}], [{"steps": 24, "WF_eV": 5.396098339131258, "EF_eV": -5.312598950446247, "residual": 1.8346420876946823e-07}, {"steps": 50, "WF_eV": 5.3960983402426, "EF_eV": -5.3125989515575895, "residual": 1.1569061680871684e-12}, {"steps": 100, "WF_eV": 5.3960983402426095, "EF_eV": -5.312598951557599, "residual": 6.106226635438361e-16}]], "dEF_dQ_and_dWF_dQ_eV_per_e": [[-248.69725923957637, 231.84267296662887], [-188.74062731559633, 188.7406273155963]], "force_RMSE_by_atomic_number_eV_A": {"1": 0.14903757699439066, "8": 0.2003722224047052, "77": 0.2814722497929466}, "force_RMSE_eV_A": 0.1932052482847313, "charge_response_identifiability": "Single-charge data do not determine capacitance; slopes above are predictions, not validation.", "EF_vac_WF_RMSE": [0.12886546710795582, 0.27090813674062514, 0.36916936607133466], "EF_vac_WF_bias": [-0.03543512116609728, -0.07671656620073138, -0.04128144503463398], "EF_vac_covariance": -0.025862707658910966, "WF_relative_RMSE_eV": 0.36685400793962114, "WF_error_variance_from_EF_vac_covariance": 0.1345818631413636, "reference_WF_identity_max_error_eV": 7.771561172376096e-16, "Gaussian_lowpass_potential_error_power_fraction": 0.7487450176499983, "reference_conditioning": {"EF_given_DFT_field_eV_RMSE": 0.12905470992241785, "vacuum_given_DFT_EF_eV_RMSE": 0.33486079522644074, "charge_error_e_RMSE": 0.004993186683791033, "scope": "Oracle conditional errors, not deployment metrics; charge error measures the departure from the prescribed fixed-Q ensemble.", "dmu_dQ_eV_per_e_range": [-332.2245918922753, -19.18222191995197]}}, "model_field_EF_readout_probe": {"selected_ridge": 1000.0, "relative": true, "training_before": 0.09311841240139634, "training_after": 0.09248127960505657, "development_before": 0.1238977836803211, "development_after": 0.12293240015834189, "development_absolute_after": 0.12802841725676298, "selection": "training inner split only; diagnostic readout NOT installed"}, "epoch": 50, "WF_generalization": {"panel_relative_gap_eV": 0.18975540014262396, "validation_covariance_amplification_eV2": 0.05172541531782193, "bias_only_correction_is_insufficient": true}, "response_weight_norms": {"vector_out.weight": 12.951362133708747, "scalar_out.weight": 4.360493217421496, "state_scalar.weight": 8.5408508252821, "state_vector.weight": 2.9896697253758724, "neighbor_scalar.weight": 4.580810285817578, "neighbor_vector.weight": 2.3050609484989435, "common_level.weight": 0.3096856555476541}, "regularization": {"field_weight_decay": 0.01}, "objective_gradients": {"training_indices": [346, 1038], "atoms": 375, "terms": {"energy_per_atom": {"weighted_loss": 4.324439854050442, "gradient_norm": 1370.4200797480075}, "forces": {"weighted_loss": 6.960818871084577, "gradient_norm": 96.40682300111467}, "dipole": {"weighted_loss": 0.002702192775099147, "gradient_norm": 0.9427626468753396}, "fourier_density": {"weighted_loss": 0.14445190644349276, "gradient_norm": 3.369488073103744}, "fourier_potential": {"weighted_loss": 3.756374754161318, "gradient_norm": 104.93873232193431}, "vacuum_potential": {"weighted_loss": 0.0, "gradient_norm": 0.0, "relative": true, "observed_labels": 1, "pair_weight": 0.0}, "fermi_level": {"weighted_loss": 0.0, "gradient_norm": 0.0, "relative": true, "observed_labels": 1, "pair_weight": 0.0}, "density_observer_density": {"weighted_loss": 10.15064199779575, "gradient_norm": 107.07065979160824}}, "cosines": {"energy_per_atom / forces": -0.48043571023031184, "energy_per_atom / dipole": -0.0027437639314463365, "energy_per_atom / fourier_density": 0.002819560633833037, "energy_per_atom / fourier_potential": -0.0016154004549768961, "energy_per_atom / vacuum_potential": null, "energy_per_atom / fermi_level": null, "energy_per_atom / density_observer_density": -0.00353326301670026, "forces / dipole": -0.053718361952976815, "forces / fourier_density": -0.12210428467795639, "forces / fourier_potential": 0.10592131204655741, "forces / vacuum_potential": null, "forces / fermi_level": null, "forces / density_observer_density": -0.19258086891595283, "dipole / fourier_density": -0.04338708527136211, "dipole / fourier_potential": -0.7199872131454861, "dipole / vacuum_potential": null, "dipole / fermi_level": null, "dipole / density_observer_density": 0.3110220103994393, "fourier_density / fourier_potential": -0.250530082876872, "fourier_density / vacuum_potential": null, "fourier_density / fermi_level": null, "fourier_density / density_observer_density": 0.3753554214272534, "fourier_potential / vacuum_potential": null, "fourier_potential / fermi_level": null, "fourier_potential / density_observer_density": -0.6291295423259273, "vacuum_potential / fermi_level": null, "vacuum_potential / density_observer_density": null, "fermi_level / density_observer_density": null}, "scope": "Training pair for relative losses, otherwise one graph; before clipping, diagnostic only.", "parameter_state": "EMA"}, "scope": "Deterministic panels, not whole-dataset metrics. Validation is development data, never used for fitting or selecting the probe."}
2026-10-09 01:04:02.626 INFO: Training-only scalar reference calibration {'fermi_level': {'observed_training_graphs': 61, 'shift_eV': -0.06861175744693551, 'reference_eV': -0.279664821138522, 'panel_RMSE_before_eV': 0.14999610518661327, 'panel_RMSE_after_eV': 0.1333838757541422}, 'vacuum_potential': {'observed_training_graphs': 61, 'shift_eV': -0.023732810375249165, 'reference_eV': 0.05976657830976132, 'panel_RMSE_before_eV': 0.19024708335810206, 'panel_RMSE_after_eV': 0.18876097699990085}, 'seconds': 9.021408227010397}; constants saved with the model; relative errors and physical fixed-Q trajectory unchanged
2026-10-09 01:04:38.777 INFO: Full validation audit {"graphs": 350, "index_convention": "supplied loader order, zero based", "force_rmse_by_element_column_eV_A": {"0": 0.1871668780473763, "1": 0.23561442312235742, "2": 0.3120024790101045}, "force_target_rms_by_element_column_eV_A": {"0": 0.7583041629256339, "1": 0.8719660684898465, "2": 0.9586983364634067}, "force_rmse_over_target_rms_by_element_column": {"0": 0.24682295996538212, "1": 0.270210541025314, "2": 0.3254438514632946}, "density_observers": {"density_RMSE_e_A3": 0.0012157185794494157, "farfield_RMSE_e_A3": 0.00016136452346005346, "scope": "Different Gaussian resolutions of the same error; smaller farfield RMSE is not an accuracy gain."}, "stored_potential_gauge": {"deformation_mean_range_eV": [-1.923389086888605e-13, 1.7333365232548237e-13], "scope": "Stored k=0 is retained for audit; RMSE_ESP compares fields modulo a uniform offset. Scalar EF/vacuum errors use their stored label convention."}, "potential_error_power_fractions": {"normal_reciprocal_line": 0.8780868683630938, "Gaussian_lowpass": 0.7660077762386565, "Gaussian_width_A": 1.5}, "observed_EF_vac_WF": 330, "EF_vac_WF_rmse_eV": [0.13655722592793057, 0.22086792269408143, 0.32678367302030464], "EF_vac_WF_relative_rmse_eV": [0.13553794786076415, 0.22084456447730844, 0.326179283248769], "EF_vac_WF_bias_eV": [-0.016653547454661296, 0.0032121046101649163, 0.019865652064826215], "EF_vac_covariance_eV2": -0.019625033925600707, "WF_absolute_error_quantiles_eV": {"median": 0.13505521360400197, "p90": 0.47094613282597453, "p99": 1.3747866090733272, "max": 1.8723998537168942}, "WF_identity_max_error_eV": 8.881784197001252e-16, "absolute_relative_bias_identity_max_error_eV2": 4.163336342344337e-17, "WF_variance_components_eV2": {"EF": 0.018370535310307225, "vacuum": 0.04877232165917207, "covariance_contribution": 0.039250067851201415}, "largest_relative_WF_errors": [{"index": 304, "atoms": 180, "composition": [60, 90, 30], "charge": 0.0, "weight": 1.0, "ef": -0.5588634608132892, "vac": 1.3135363929036048, "wf": 1.8723998537168942, "force_rmse": 0.2093800705602947, "potential_error_power_eV2": 0.9560907762194175, "stored_deformation_potential_mean_eV": 3.4053226704110426e-14, "gaussian_lowpass_error_power_eV2": 0.8762645249314124, "planar_error_power_eV2": 0.9460038415872273, "loader_frame_1based": 305, "EF_vac_WF_centered_errors_eV": [-0.5422099133586279, 1.3103242882934398, 1.852534201652068], "relative_WF_squared_error_fraction": 0.09774752762915938}, {"index": 134, "atoms": 180, "composition": [0, 120, 60], "charge": 0.0, "weight": 1.0, "ef": 0.41706741640052936, "vac": -1.3502775369785809, "wf": -1.7673449533791095, "force_rmse": 0.6288848398390511, "potential_error_power_eV2": 1.131025994052611, "stored_deformation_potential_mean_eV": -4.632205743448059e-14, "gaussian_lowpass_error_power_eV2": 0.9730320059464479, "planar_error_power_eV2": 1.0978270241568486, "loader_frame_1based": 135, "EF_vac_WF_centered_errors_eV": [0.43372096385519066, -1.3534896415887459, -1.7872106054439356], "relative_WF_squared_error_fraction": 0.0909755684325356}, {"index": 293, "atoms": 108, "composition": [0, 72, 36], "charge": 0.0, "weight": 1.0, "ef": 0.5892194713243004, "vac": -1.0708966722234274, "wf": -1.6601161435477287, "force_rmse": 0.7407057323190991, "potential_error_power_eV2": 1.0068760521903095, "stored_deformation_potential_mean_eV": 8.093184424396893e-14, "gaussian_lowpass_error_power_eV2": 0.8109773519029263, "planar_error_power_eV2": 0.9644731459849814, "loader_frame_1based": 294, "EF_vac_WF_centered_errors_eV": [0.6058730187789617, -1.0741087768335924, -1.679981795612555], "relative_WF_squared_error_fraction": 0.0803863784587487}, {"index": 206, "atoms": 183, "composition": [63, 90, 30], "charge": 0.0, "weight": 1.0, "ef": 0.48053736620992515, "vac": -0.8762301365297578, "wf": -1.3567675027396833, "force_rmse": 0.11713681094341914, "potential_error_power_eV2": 0.3206157048870044, "stored_deformation_potential_mean_eV": -1.79033983761625e-15, "gaussian_lowpass_error_power_eV2": 0.28877799507644275, "planar_error_power_eV2": 0.3129495599677584, "loader_frame_1based": 207, "EF_vac_WF_centered_errors_eV": [0.49719091366458645, -0.8794422411399228, -1.3766331548045094], "relative_WF_squared_error_fraction": 0.053977126600520155}, {"index": 298, "atoms": 185, "composition": [64, 91, 30], "charge": 0.0, "weight": 1.0, "ef": -0.573854993865804, "vac": 0.8082915318790125, "wf": 1.3821465257448162, "force_rmse": 0.1783186766524026, "potential_error_power_eV2": 0.6384200089356671, "stored_deformation_potential_mean_eV": -7.094704027482397e-14, "gaussian_lowpass_error_power_eV2": 0.5965549806839084, "planar_error_power_eV2": 0.630465631579389, "loader_frame_1based": 299, "EF_vac_WF_centered_errors_eV": [-0.5572014464111427, 0.8050794272688475, 1.36228087367999], "relative_WF_squared_error_fraction": 0.05285750145174567}, {"index": 211, "atoms": 181, "composition": [61, 90, 30], "charge": 0.0, "weight": 1.0, "ef": 0.39791864549227596, "vac": -0.6485031880711634, "wf": -1.0464218335634397, "force_rmse": 0.12818939046602476, "potential_error_power_eV2": 0.26214321926547934, "stored_deformation_potential_mean_eV": -3.581790839801117e-14, "gaussian_lowpass_error_power_eV2": 0.2363576264956733, "planar_error_power_eV2": 0.25561547130891493, "loader_frame_1based": 212, "EF_vac_WF_centered_errors_eV": [0.41457219294693726, -0.6517152926813283, -1.0662874856282658], "relative_WF_squared_error_fraction": 0.03238336212629503}, {"index": 193, "atoms": 185, "composition": [65, 90, 30], "charge": 0.0, "weight": 1.0, "ef": 0.34561633099471156, "vac": -0.6666620523057354, "wf": -1.0122783833004467, "force_rmse": 0.13205332294814645, "potential_error_power_eV2": 0.16715869175001438, "stored_deformation_potential_mean_eV": 2.0509542453129138e-14, "gaussian_lowpass_error_power_eV2": 0.14532001615587686, "planar_error_power_eV2": 0.1613356950795218, "loader_frame_1based": 194, "EF_vac_WF_centered_errors_eV": [0.36226987844937286, -0.6698741569159004, -1.0321440353652729], "relative_WF_squared_error_fraction": 0.030342679257975808}, {"index": 147, "atoms": 186, "composition": [66, 90, 30], "charge": 0.0, "weight": 1.0, "ef": -0.4181898152242231, "vac": 0.5914057073003143, "wf": 1.0095955225245374, "force_rmse": 0.2210738392861331, "potential_error_power_eV2": 0.15381095725008062, "stored_deformation_potential_mean_eV": 5.296572984662304e-14, "gaussian_lowpass_error_power_eV2": 0.140522783756094, "planar_error_power_eV2": 0.14906300434282374, "loader_frame_1based": 148, "EF_vac_WF_centered_errors_eV": [-0.4015362677695618, 0.5881936026901493, 0.9897298704597112], "relative_WF_squared_error_fraction": 0.02790015829419504}], "WF_centered_squared_error_share_largest_10_structures": 0.5205608836256538, "WF_centered_squared_error_share_largest_10_percent": 0.7268740039836512, "independent_single_anchor_EF_vac_WF_RMSE_eV": [0.1916796040809101, 0.312321378260189, 0.4612871661355444], "relative_error_scope": "One whole-split offset for RMSE_rel; no fitted offset is applied to predictions. Single-anchor expectation assumes independent configurations.", "WF_squared_error_share_largest_10_percent": 0.7183431568561303, "largest_WF_errors": [{"index": 304, "atoms": 180, "composition": [60, 90, 30], "charge": 0.0, "weight": 1.0, "ef": -0.5588634608132892, "vac": 1.3135363929036048, "wf": 1.8723998537168942, "force_rmse": 0.2093800705602947, "potential_error_power_eV2": 0.9560907762194175, "stored_deformation_potential_mean_eV": 3.4053226704110426e-14, "gaussian_lowpass_error_power_eV2": 0.8762645249314124, "planar_error_power_eV2": 0.9460038415872273}, {"index": 134, "atoms": 180, "composition": [0, 120, 60], "charge": 0.0, "weight": 1.0, "ef": 0.41706741640052936, "vac": -1.3502775369785809, "wf": -1.7673449533791095, "force_rmse": 0.6288848398390511, "potential_error_power_eV2": 1.131025994052611, "stored_deformation_potential_mean_eV": -4.632205743448059e-14, "gaussian_lowpass_error_power_eV2": 0.9730320059464479, "planar_error_power_eV2": 1.0978270241568486}, {"index": 293, "atoms": 108, "composition": [0, 72, 36], "charge": 0.0, "weight": 1.0, "ef": 0.5892194713243004, "vac": -1.0708966722234274, "wf": -1.6601161435477287, "force_rmse": 0.7407057323190991, "potential_error_power_eV2": 1.0068760521903095, "stored_deformation_potential_mean_eV": 8.093184424396893e-14, "gaussian_lowpass_error_power_eV2": 0.8109773519029263, "planar_error_power_eV2": 0.9644731459849814}, {"index": 298, "atoms": 185, "composition": [64, 91, 30], "charge": 0.0, "weight": 1.0, "ef": -0.573854993865804, "vac": 0.8082915318790125, "wf": 1.3821465257448162, "force_rmse": 0.1783186766524026, "potential_error_power_eV2": 0.6384200089356671, "stored_deformation_potential_mean_eV": -7.094704027482397e-14, "gaussian_lowpass_error_power_eV2": 0.5965549806839084, "planar_error_power_eV2": 0.630465631579389}, {"index": 206, "atoms": 183, "composition": [63, 90, 30], "charge": 0.0, "weight": 1.0, "ef": 0.48053736620992515, "vac": -0.8762301365297578, "wf": -1.3567675027396833, "force_rmse": 0.11713681094341914, "potential_error_power_eV2": 0.3206157048870044, "stored_deformation_potential_mean_eV": -1.79033983761625e-15, "gaussian_lowpass_error_power_eV2": 0.28877799507644275, "planar_error_power_eV2": 0.3129495599677584}, {"index": 211, "atoms": 181, "composition": [61, 90, 30], "charge": 0.0, "weight": 1.0, "ef": 0.39791864549227596, "vac": -0.6485031880711634, "wf": -1.0464218335634397, "force_rmse": 0.12818939046602476, "potential_error_power_eV2": 0.26214321926547934, "stored_deformation_potential_mean_eV": -3.581790839801117e-14, "gaussian_lowpass_error_power_eV2": 0.2363576264956733, "planar_error_power_eV2": 0.25561547130891493}, {"index": 193, "atoms": 185, "composition": [65, 90, 30], "charge": 0.0, "weight": 1.0, "ef": 0.34561633099471156, "vac": -0.6666620523057354, "wf": -1.0122783833004467, "force_rmse": 0.13205332294814645, "potential_error_power_eV2": 0.16715869175001438, "stored_deformation_potential_mean_eV": 2.0509542453129138e-14, "gaussian_lowpass_error_power_eV2": 0.14532001615587686, "planar_error_power_eV2": 0.1613356950795218}, {"index": 147, "atoms": 186, "composition": [66, 90, 30], "charge": 0.0, "weight": 1.0, "ef": -0.4181898152242231, "vac": 0.5914057073003143, "wf": 1.0095955225245374, "force_rmse": 0.2210738392861331, "potential_error_power_eV2": 0.15381095725008062, "stored_deformation_potential_mean_eV": 5.296572984662304e-14, "gaussian_lowpass_error_power_eV2": 0.140522783756094, "planar_error_power_eV2": 0.14906300434282374}], "composition_cohorts": [{"element_counts": "(60, 90, 30)", "graphs": 1, "wf_rmse_eV": 1.8723998537168942}, {"element_counts": "(0, 120, 60)", "graphs": 2, "wf_rmse_eV": 1.2548545961595003}, {"element_counts": "(0, 72, 36)", "graphs": 4, "wf_rmse_eV": 0.8379043059845374}, {"element_counts": "(63, 90, 30)", "graphs": 7, "wf_rmse_eV": 0.7179124482361624}, {"element_counts": "(64, 91, 30)", "graphs": 5, "wf_rmse_eV": 0.7101392848922454}, {"element_counts": "(21, 44, 18)", "graphs": 1, "wf_rmse_eV": 0.5946748565468454}, {"element_counts": "(14, 43, 18)", "graphs": 1, "wf_rmse_eV": 0.5852752558430128}, {"element_counts": "(65, 90, 30)", "graphs": 10, "wf_rmse_eV": 0.5472965943161454}, {"element_counts": "(41, 135, 60)", "graphs": 1, "wf_rmse_eV": 0.5380171066758077}, {"element_counts": "(4, 37, 18)", "graphs": 1, "wf_rmse_eV": 0.5281963062033395}, {"element_counts": "(40, 88, 36)", "graphs": 1, "wf_rmse_eV": 0.5234001700696824}, {"element_counts": "(61, 90, 30)", "graphs": 10, "wf_rmse_eV": 0.5136324440379716}], "scope": "Full supplied split; diagnostic only, no reference-dependent correction or exclusion is applied. Large error alone does not establish bad reference data.", "atomic_numbers": [1, 8, 77]}
2026-10-09 01:04:38.780 INFO: Epoch 55: loss=79.5886, RMSE_E_per_atom=640.4184 meV, RMSE_F=233.3508 meV/A, RMSE_dip_per_atom=1.1260 meA, RMSE_rho=0.1614 me/A^3, RMSE_EF(abs/rel)=136.5572/135.5379 meV, RMSE_ESP=206.9482 mV, RMSE_ESPvac(abs/rel)=220.8679/220.8446 mV, RMSE_WF(abs/rel)=326.7837/326.1793 meV
2026-10-09 01:04:38.780 INFO: 50-step electronic residual maximum: 0.0036874
2026-10-09 01:04:38.787 INFO: Optimizer epoch 55: lr=[0.001, 0.001, 0.001, 0.001, 0.001, 0.001, 0.001, 0.001], mean gradient norm=3762.5, clipped=346/346
2026-10-09 01:04:38.787 INFO: Epoch timing: train=203.919s, validation=45.183s, updates=346, train/update=0.58936s, peak allocated=13860.7 MiB, backbone=CuEq
2026-10-09 01:04:38.787 INFO: Optimization budget: graphs=1384/1384, updates=346, mean retained gradient=0.0064045, min retained gradient=0.00028634
2026-10-09 01:04:38.787 INFO: Optimizer time scales {"updates_per_epoch": 346, "groups": [{"name": "embedding", "lr": 0.001, "parameter_update_range": [19376.0, 19376.0], "moment_memory_epochs": [0.02890173410404625, 2.8901734104046217], "AdamW_decay_only_retention_per_epoch": 1.0}, {"name": "interactions_no_decay", "lr": 0.001, "parameter_update_range": [19376.0, 19376.0], "moment_memory_epochs": [0.02890173410404625, 2.8901734104046217], "AdamW_decay_only_retention_per_epoch": 1.0}, {"name": "products", "lr": 0.001, "parameter_update_range": [19376.0, 19376.0], "moment_memory_epochs": [0.02890173410404625, 2.8901734104046217], "AdamW_decay_only_retention_per_epoch": 0.9996540596781468}, {"name": "readouts", "lr": 0.001, "parameter_update_range": [19376.0, 19376.0], "moment_memory_epochs": [0.02890173410404625, 2.8901734104046217], "AdamW_decay_only_retention_per_epoch": 1.0}, {"name": "lr_source_maps", "lr": 0.001, "parameter_update_range": [19376.0, 19376.0], "moment_memory_epochs": [0.02890173410404625, 2.8901734104046217], "AdamW_decay_only_retention_per_epoch": 1.0}, {"name": "field_dependent_charges_map", "lr": 0.001, "parameter_update_range": [19376.0, 19376.0], "moment_memory_epochs": [0.02890173410404625, 2.8901734104046217], "AdamW_decay_only_retention_per_epoch": 0.9965459616620003}, {"name": "electronic_references", "lr": 0.001, "parameter_update_range": [19376.0, 19376.0], "moment_memory_epochs": [0.02890173410404625, 2.8901734104046217], "AdamW_decay_only_retention_per_epoch": 1.0}, {"name": "layer_feature_mixer", "lr": 0.001, "parameter_update_range": [19376.0, 19376.0], "moment_memory_epochs": [0.02890173410404625, 2.8901734104046217], "AdamW_decay_only_retention_per_epoch": 0.9996540596781468}], "EMA_asymptotic_memory_epochs": 0.2890173410404622}
2026-10-09 01:04:38.787 INFO: Batching: optimizer graphs=4, device graphs<=4; one clipping/Adam/EMA update per optimizer batch
2026-10-09 01:04:38.787 INFO: 50-step finite-budget validation residual 0.0036874 exceeds equilibrium tolerance 1e-06; metrics describe the exported finite trajectory, not a converged root
2026-10-09 01:21:47.525 INFO: Training-only scalar reference calibration {'fermi_level': {'observed_training_graphs': 61, 'shift_eV': 0.020119399471795488, 'reference_eV': -0.2595454216667265, 'panel_RMSE_before_eV': 0.13052245382475008, 'panel_RMSE_after_eV': 0.12896247794350235}, 'vacuum_potential': {'observed_training_graphs': 61, 'shift_eV': -0.01373637562385662, 'reference_eV': 0.0460302026859047, 'panel_RMSE_before_eV': 0.19854563398962688, 'panel_RMSE_after_eV': 0.19806988857739885}, 'seconds': 9.01515902398387}; constants saved with the model; relative errors and physical fixed-Q trajectory unchanged
2026-10-09 01:22:23.694 INFO: Full validation audit {"graphs": 350, "index_convention": "supplied loader order, zero based", "force_rmse_by_element_column_eV_A": {"0": 0.19034574495798587, "1": 0.2329974154680739, "2": 0.30541607561689527}, "force_target_rms_by_element_column_eV_A": {"0": 0.7583041629256339, "1": 0.8719660684898465, "2": 0.9586983364634067}, "force_rmse_over_target_rms_by_element_column": {"0": 0.25101503362926003, "1": 0.267209268672118, "2": 0.31857369935944696}, "density_observers": {"density_RMSE_e_A3": 0.001200060981103096, "farfield_RMSE_e_A3": 0.00014736773333591752, "scope": "Different Gaussian resolutions of the same error; smaller farfield RMSE is not an accuracy gain."}, "stored_potential_gauge": {"deformation_mean_range_eV": [-1.923389086888605e-13, 1.7333365232548237e-13], "scope": "Stored k=0 is retained for audit; RMSE_ESP compares fields modulo a uniform offset. Scalar EF/vacuum errors use their stored label convention."}, "potential_error_power_fractions": {"normal_reciprocal_line": 0.8873644256202549, "Gaussian_lowpass": 0.7748958192003261, "Gaussian_width_A": 1.5}, "observed_EF_vac_WF": 330, "EF_vac_WF_rmse_eV": [0.14059382847598, 0.22418035708974443, 0.33684204866186057], "EF_vac_WF_relative_rmse_eV": [0.13933488416805892, 0.22409357427780743, 0.3359122964283334], "EF_vac_WF_bias_eV": [-0.018772710497072333, 0.006237184643904763, 0.02500989514097707], "EF_vac_covariance_eV2": -0.021602465456513488, "WF_absolute_error_quantiles_eV": {"median": 0.1212095233228474, "p90": 0.4653794291351841, "p99": 1.4277664270165682, "max": 1.9033033532389378}, "WF_identity_max_error_eV": 1.5543122344752192e-15, "absolute_relative_bias_identity_max_error_eV2": 2.0816681711721685e-17, "WF_variance_components_eV2": {"EF": 0.0194142099461264, "vacuum": 0.05021793003260318, "covariance_contribution": 0.043204930913026976}, "largest_relative_WF_errors": [{"index": 304, "atoms": 180, "composition": [60, 90, 30], "charge": 0.0, "weight": 1.0, "ef": -0.5828872250473383, "vac": 1.3204161281915994, "wf": 1.9033033532389378, "force_rmse": 0.19276389224032114, "potential_error_power_eV2": 0.9493453905359488, "stored_deformation_potential_mean_eV": 3.4053226704110426e-14, "gaussian_lowpass_error_power_eV2": 0.8632107794718136, "planar_error_power_eV2": 0.9369324382242725, "loader_frame_1based": 305, "EF_vac_WF_centered_errors_eV": [-0.564114514550266, 1.3141789435476947, 1.8782934580979607], "relative_WF_squared_error_fraction": 0.09474605762019891}, {"index": 134, "atoms": 180, "composition": [0, 120, 60], "charge": 0.0, "weight": 1.0, "ef": 0.4289944286061455, "vac": -1.4134358561161031, "wf": -1.8424302847222478, "force_rmse": 0.5962893491398227, "potential_error_power_eV2": 1.1557438993467817, "stored_deformation_potential_mean_eV": -4.632205743448059e-14, "gaussian_lowpass_error_power_eV2": 0.9926608580992307, "planar_error_power_eV2": 1.1204103070580345, "loader_frame_1based": 135, "EF_vac_WF_centered_errors_eV": [0.44776713910321786, -1.4196730407600078, -1.867440179863225], "relative_WF_squared_error_fraction": 0.09365428528824637}, {"index": 293, "atoms": 108, "composition": [0, 72, 36], "charge": 0.0, "weight": 1.0, "ef": 0.5970724635253335, "vac": -1.2272065224251536, "wf": -1.824278985950487, "force_rmse": 0.6874669323905732, "potential_error_power_eV2": 1.1034326923873798, "stored_deformation_potential_mean_eV": 8.093184424396893e-14, "gaussian_lowpass_error_power_eV2": 0.8991226252599591, "planar_error_power_eV2": 1.0653115820733718, "loader_frame_1based": 294, "EF_vac_WF_centered_errors_eV": [0.6158451740224058, -1.2334437070690583, -1.8492888810914643], "relative_WF_squared_error_fraction": 0.09184251611909518}, {"index": 206, "atoms": 183, "composition": [63, 90, 30], "charge": 0.0, "weight": 1.0, "ef": 0.5826169277357784, "vac": -0.9161987195840293, "wf": -1.498815647319808, "force_rmse": 0.14241826227945112, "potential_error_power_eV2": 0.44421091671768265, "stored_deformation_potential_mean_eV": -1.79033983761625e-15, "gaussian_lowpass_error_power_eV2": 0.4073098758468583, "planar_error_power_eV2": 0.43702867143768453, "loader_frame_1based": 207, "EF_vac_WF_centered_errors_eV": [0.6013896382328507, -0.9224359042279341, -1.5238255424607852], "relative_WF_squared_error_fraction": 0.06235980581786303}, {"index": 211, "atoms": 181, "composition": [61, 90, 30], "charge": 0.0, "weight": 1.0, "ef": 0.5247518096291015, "vac": -0.7290665263002412, "wf": -1.2538183359293429, "force_rmse": 0.14030143264849007, "potential_error_power_eV2": 0.42018028933976814, "stored_deformation_potential_mean_eV": -3.581790839801117e-14, "gaussian_lowpass_error_power_eV2": 0.38561918861087385, "planar_error_power_eV2": 0.4120355184926378, "loader_frame_1based": 212, "EF_vac_WF_centered_errors_eV": [0.5435245201261738, -0.7353037109441459, -1.27882823107032], "relative_WF_squared_error_fraction": 0.043919631378013635}, {"index": 298, "atoms": 185, "composition": [64, 91, 30], "charge": 0.0, "weight": 1.0, "ef": -0.51026790972833, "vac": 0.6843121282876075, "wf": 1.1945800380159364, "force_rmse": 0.17776779319507674, "potential_error_power_eV2": 0.46004489248889247, "stored_deformation_potential_mean_eV": -7.094704027482397e-14, "gaussian_lowpass_error_power_eV2": 0.42948166270482663, "planar_error_power_eV2": 0.4540268089707758, "loader_frame_1based": 299, "EF_vac_WF_centered_errors_eV": [-0.4914951992312577, 0.6780749436437027, 1.1695701428749592], "relative_WF_squared_error_fraction": 0.0367355716304725}, {"index": 240, "atoms": 183, "composition": [63, 90, 30], "charge": 0.0, "weight": 1.0, "ef": 0.31750098072069743, "vac": -0.8268844192522078, "wf": -1.1443853999729052, "force_rmse": 0.13084664205350033, "potential_error_power_eV2": 0.18772991804271152, "stored_deformation_potential_mean_eV": -9.735419555064175e-14, "gaussian_lowpass_error_power_eV2": 0.16212007655828276, "planar_error_power_eV2": 0.1765314949664247, "loader_frame_1based": 241, "EF_vac_WF_centered_errors_eV": [0.3362736912177698, -0.8331216038961126, -1.1693952951138824], "relative_WF_squared_error_fraction": 0.03672458870248035}, {"index": 147, "atoms": 186, "composition": [66, 90, 30], "charge": 0.0, "weight": 1.0, "ef": -0.4365107435716399, "vac": 0.6785110956904252, "wf": 1.1150218392620652, "force_rmse": 0.24521406583615643, "potential_error_power_eV2": 0.185962179325132, "stored_deformation_potential_mean_eV": 5.296572984662304e-14, "gaussian_lowpass_error_power_eV2": 0.17057918180327836, "planar_error_power_eV2": 0.1811449466018047, "loader_frame_1based": 148, "EF_vac_WF_centered_errors_eV": [-0.4177380330745675, 0.6722739110465205, 1.090011944121088], "relative_WF_squared_error_fraction": 0.031907793297620626}], "WF_centered_squared_error_share_largest_10_structures": 0.5432476829393842, "WF_centered_squared_error_share_largest_10_percent": 0.7661260832930059, "independent_single_anchor_EF_vac_WF_RMSE_eV": [0.19704928290215318, 0.3169161719843378, 0.4750517253768405], "relative_error_scope": "One whole-split offset for RMSE_rel; no fitted offset is applied to predictions. Single-anchor expectation assumes independent configurations.", "WF_squared_error_share_largest_10_percent": 0.7550617125044419, "largest_WF_errors": [{"index": 304, "atoms": 180, "composition": [60, 90, 30], "charge": 0.0, "weight": 1.0, "ef": -0.5828872250473383, "vac": 1.3204161281915994, "wf": 1.9033033532389378, "force_rmse": 0.19276389224032114, "potential_error_power_eV2": 0.9493453905359488, "stored_deformation_potential_mean_eV": 3.4053226704110426e-14, "gaussian_lowpass_error_power_eV2": 0.8632107794718136, "planar_error_power_eV2": 0.9369324382242725}, {"index": 134, "atoms": 180, "composition": [0, 120, 60], "charge": 0.0, "weight": 1.0, "ef": 0.4289944286061455, "vac": -1.4134358561161031, "wf": -1.8424302847222478, "force_rmse": 0.5962893491398227, "potential_error_power_eV2": 1.1557438993467817, "stored_deformation_potential_mean_eV": -4.632205743448059e-14, "gaussian_lowpass_error_power_eV2": 0.9926608580992307, "planar_error_power_eV2": 1.1204103070580345}, {"index": 293, "atoms": 108, "composition": [0, 72, 36], "charge": 0.0, "weight": 1.0, "ef": 0.5970724635253335, "vac": -1.2272065224251536, "wf": -1.824278985950487, "force_rmse": 0.6874669323905732, "potential_error_power_eV2": 1.1034326923873798, "stored_deformation_potential_mean_eV": 8.093184424396893e-14, "gaussian_lowpass_error_power_eV2": 0.8991226252599591, "planar_error_power_eV2": 1.0653115820733718}, {"index": 206, "atoms": 183, "composition": [63, 90, 30], "charge": 0.0, "weight": 1.0, "ef": 0.5826169277357784, "vac": -0.9161987195840293, "wf": -1.498815647319808, "force_rmse": 0.14241826227945112, "potential_error_power_eV2": 0.44421091671768265, "stored_deformation_potential_mean_eV": -1.79033983761625e-15, "gaussian_lowpass_error_power_eV2": 0.4073098758468583, "planar_error_power_eV2": 0.43702867143768453}, {"index": 211, "atoms": 181, "composition": [61, 90, 30], "charge": 0.0, "weight": 1.0, "ef": 0.5247518096291015, "vac": -0.7290665263002412, "wf": -1.2538183359293429, "force_rmse": 0.14030143264849007, "potential_error_power_eV2": 0.42018028933976814, "stored_deformation_potential_mean_eV": -3.581790839801117e-14, "gaussian_lowpass_error_power_eV2": 0.38561918861087385, "planar_error_power_eV2": 0.4120355184926378}, {"index": 298, "atoms": 185, "composition": [64, 91, 30], "charge": 0.0, "weight": 1.0, "ef": -0.51026790972833, "vac": 0.6843121282876075, "wf": 1.1945800380159364, "force_rmse": 0.17776779319507674, "potential_error_power_eV2": 0.46004489248889247, "stored_deformation_potential_mean_eV": -7.094704027482397e-14, "gaussian_lowpass_error_power_eV2": 0.42948166270482663, "planar_error_power_eV2": 0.4540268089707758}, {"index": 240, "atoms": 183, "composition": [63, 90, 30], "charge": 0.0, "weight": 1.0, "ef": 0.31750098072069743, "vac": -0.8268844192522078, "wf": -1.1443853999729052, "force_rmse": 0.13084664205350033, "potential_error_power_eV2": 0.18772991804271152, "stored_deformation_potential_mean_eV": -9.735419555064175e-14, "gaussian_lowpass_error_power_eV2": 0.16212007655828276, "planar_error_power_eV2": 0.1765314949664247}, {"index": 147, "atoms": 186, "composition": [66, 90, 30], "charge": 0.0, "weight": 1.0, "ef": -0.4365107435716399, "vac": 0.6785110956904252, "wf": 1.1150218392620652, "force_rmse": 0.24521406583615643, "potential_error_power_eV2": 0.185962179325132, "stored_deformation_potential_mean_eV": 5.296572984662304e-14, "gaussian_lowpass_error_power_eV2": 0.17057918180327836, "planar_error_power_eV2": 0.1811449466018047}], "composition_cohorts": [{"element_counts": "(60, 90, 30)", "graphs": 1, "wf_rmse_eV": 1.9033033532389378}, {"element_counts": "(0, 120, 60)", "graphs": 2, "wf_rmse_eV": 1.3122779376004161}, {"element_counts": "(0, 72, 36)", "graphs": 4, "wf_rmse_eV": 0.9215719176640595}, {"element_counts": "(14, 43, 18)", "graphs": 1, "wf_rmse_eV": 0.8579269756166612}, {"element_counts": "(63, 90, 30)", "graphs": 7, "wf_rmse_eV": 0.766196846503012}, {"element_counts": "(66, 90, 30)", "graphs": 10, "wf_rmse_eV": 0.6252948330025517}, {"element_counts": "(64, 91, 30)", "graphs": 5, "wf_rmse_eV": 0.6044990259658594}, {"element_counts": "(61, 90, 30)", "graphs": 10, "wf_rmse_eV": 0.5960715625660084}, {"element_counts": "(40, 88, 36)", "graphs": 1, "wf_rmse_eV": 0.5706362847870716}, {"element_counts": "(20, 44, 18)", "graphs": 1, "wf_rmse_eV": 0.5692866541987289}, {"element_counts": "(23, 128, 60)", "graphs": 1, "wf_rmse_eV": 0.5464090334724148}, {"element_counts": "(65, 90, 30)", "graphs": 10, "wf_rmse_eV": 0.5132213028705603}], "scope": "Full supplied split; diagnostic only, no reference-dependent correction or exclusion is applied. Large error alone does not establish bad reference data.", "atomic_numbers": [1, 8, 77]}
2026-10-09 01:22:23.697 INFO: Epoch 60: loss=74.5345, RMSE_E_per_atom=600.5471 meV, RMSE_F=231.6825 meV/A, RMSE_dip_per_atom=1.1603 meA, RMSE_rho=0.1474 me/A^3, RMSE_EF(abs/rel)=140.5938/139.3349 meV, RMSE_ESP=208.7168 mV, RMSE_ESPvac(abs/rel)=224.1804/224.0936 mV, RMSE_WF(abs/rel)=336.8420/335.9123 meV
2026-10-09 01:22:23.697 INFO: 50-step electronic residual maximum: 0.0075865
2026-10-09 01:22:23.704 INFO: Optimizer epoch 60: lr=[0.001, 0.001, 0.001, 0.001, 0.001, 0.001, 0.001, 0.001], mean gradient norm=3317.1, clipped=346/346
2026-10-09 01:22:23.704 INFO: Epoch timing: train=204.222s, validation=45.195s, updates=346, train/update=0.59024s, peak allocated=13511.2 MiB, backbone=CuEq
2026-10-09 01:22:23.704 INFO: Optimization budget: graphs=1384/1384, updates=346, mean retained gradient=0.0068385, min retained gradient=0.00027063
2026-10-09 01:22:23.705 INFO: Optimizer time scales {"updates_per_epoch": 346, "groups": [{"name": "embedding", "lr": 0.001, "parameter_update_range": [21106.0, 21106.0], "moment_memory_epochs": [0.02890173410404625, 2.8901734104046217], "AdamW_decay_only_retention_per_epoch": 1.0}, {"name": "interactions_no_decay", "lr": 0.001, "parameter_update_range": [21106.0, 21106.0], "moment_memory_epochs": [0.02890173410404625, 2.8901734104046217], "AdamW_decay_only_retention_per_epoch": 1.0}, {"name": "products", "lr": 0.001, "parameter_update_range": [21106.0, 21106.0], "moment_memory_epochs": [0.02890173410404625, 2.8901734104046217], "AdamW_decay_only_retention_per_epoch": 0.9996540596781468}, {"name": "readouts", "lr": 0.001, "parameter_update_range": [21106.0, 21106.0], "moment_memory_epochs": [0.02890173410404625, 2.8901734104046217], "AdamW_decay_only_retention_per_epoch": 1.0}, {"name": "lr_source_maps", "lr": 0.001, "parameter_update_range": [21106.0, 21106.0], "moment_memory_epochs": [0.02890173410404625, 2.8901734104046217], "AdamW_decay_only_retention_per_epoch": 1.0}, {"name": "field_dependent_charges_map", "lr": 0.001, "parameter_update_range": [21106.0, 21106.0], "moment_memory_epochs": [0.02890173410404625, 2.8901734104046217], "AdamW_decay_only_retention_per_epoch": 0.9965459616620003}, {"name": "electronic_references", "lr": 0.001, "parameter_update_range": [21106.0, 21106.0], "moment_memory_epochs": [0.02890173410404625, 2.8901734104046217], "AdamW_decay_only_retention_per_epoch": 1.0}, {"name": "layer_feature_mixer", "lr": 0.001, "parameter_update_range": [21106.0, 21106.0], "moment_memory_epochs": [0.02890173410404625, 2.8901734104046217], "AdamW_decay_only_retention_per_epoch": 0.9996540596781468}], "EMA_asymptotic_memory_epochs": 0.2890173410404622}
2026-10-09 01:22:23.705 INFO: Batching: optimizer graphs=4, device graphs<=4; one clipping/Adam/EMA update per optimizer batch
2026-10-09 01:22:23.705 INFO: 50-step finite-budget validation residual 0.0075865 exceeds equilibrium tolerance 1e-06; metrics describe the exported finite trajectory, not a converged root
2026-10-09 01:39:34.419 INFO: Training-only scalar reference calibration {'fermi_level': {'observed_training_graphs': 61, 'shift_eV': -0.020112272117987308, 'reference_eV': -0.27965769378471383, 'panel_RMSE_before_eV': 0.12339126233060896, 'panel_RMSE_after_eV': 0.12174111930565279}, 'vacuum_potential': {'observed_training_graphs': 61, 'shift_eV': -0.016877001498529255, 'reference_eV': 0.029153201187375445, 'panel_RMSE_before_eV': 0.1450434944057051, 'panel_RMSE_after_eV': 0.14405825936001188}, 'seconds': 8.991859016998205}; constants saved with the model; relative errors and physical fixed-Q trajectory unchanged
2026-10-09 01:40:10.520 INFO: Full validation audit {"graphs": 350, "index_convention": "supplied loader order, zero based", "force_rmse_by_element_column_eV_A": {"0": 0.1766315608586644, "1": 0.2222704049684538, "2": 0.30370145603983345}, "force_target_rms_by_element_column_eV_A": {"0": 0.7583041629256339, "1": 0.8719660684898465, "2": 0.9586983364634067}, "force_rmse_over_target_rms_by_element_column": {"0": 0.23292969957753812, "1": 0.25490717242404026, "2": 0.31678521229125517}, "density_observers": {"density_RMSE_e_A3": 0.001254095910751904, "farfield_RMSE_e_A3": 0.00016153315488300283, "scope": "Different Gaussian resolutions of the same error; smaller farfield RMSE is not an accuracy gain."}, "stored_potential_gauge": {"deformation_mean_range_eV": [-1.923389086888605e-13, 1.7333365232548237e-13], "scope": "Stored k=0 is retained for audit; RMSE_ESP compares fields modulo a uniform offset. Scalar EF/vacuum errors use their stored label convention."}, "potential_error_power_fractions": {"normal_reciprocal_line": 0.8840660600047228, "Gaussian_lowpass": 0.7679465443308804, "Gaussian_width_A": 1.5}, "observed_EF_vac_WF": 330, "EF_vac_WF_rmse_eV": [0.13109930434486125, 0.20480504087051726, 0.3068816484840773], "EF_vac_WF_relative_rmse_eV": [0.12989056922712702, 0.20472786232810183, 0.30598947902607876], "EF_vac_WF_bias_eV": [-0.017761408321399306, 0.005622023882912482, 0.02338343220431176], "EF_vac_covariance_eV2": -0.017422251843534884, "WF_absolute_error_quantiles_eV": {"median": 0.11789361236510931, "p90": 0.4693603193615586, "p99": 1.1758140712772749, "max": 1.8270715785171001}, "WF_identity_max_error_eV": 1.1102230246251565e-15, "absolute_relative_bias_identity_max_error_eV2": 2.7755575615628914e-17, "WF_variance_components_eV2": {"EF": 0.016871559974147077, "vacuum": 0.04191349761343422, "covariance_contribution": 0.03484450368706977}, "largest_relative_WF_errors": [{"index": 304, "atoms": 180, "composition": [60, 90, 30], "charge": 0.0, "weight": 1.0, "ef": -0.5821254475641731, "vac": 1.2449461309529273, "wf": 1.8270715785171001, "force_rmse": 0.1915212123780556, "potential_error_power_eV2": 0.8598116123673651, "stored_deformation_potential_mean_eV": 3.4053226704110426e-14, "gaussian_lowpass_error_power_eV2": 0.7851326564694145, "planar_error_power_eV2": 0.8501277154740053, "loader_frame_1based": 305, "EF_vac_WF_centered_errors_eV": [-0.5643640392427738, 1.2393241070700147, 1.8036881463127883], "relative_WF_squared_error_fraction": 0.10529214520336978}, {"index": 206, "atoms": 183, "composition": [63, 90, 30], "charge": 0.0, "weight": 1.0, "ef": 0.5575415386724532, "vac": -0.901746787809766, "wf": -1.4592883264822198, "force_rmse": 0.1320821087015399, "potential_error_power_eV2": 0.4079190206087471, "stored_deformation_potential_mean_eV": -1.79033983761625e-15, "gaussian_lowpass_error_power_eV2": 0.37395314255731954, "planar_error_power_eV2": 0.4012343415266823, "loader_frame_1based": 207, "EF_vac_WF_centered_errors_eV": [0.5753029469938524, -0.9073688116926785, -1.4826717586865317], "relative_WF_squared_error_fraction": 0.0711480665280979}, {"index": 134, "atoms": 180, "composition": [0, 120, 60], "charge": 0.0, "weight": 1.0, "ef": 0.2851936378673723, "vac": -1.0095417327760634, "wf": -1.2947353706434352, "force_rmse": 0.5863050356174812, "potential_error_power_eV2": 0.9410371976477275, "stored_deformation_potential_mean_eV": -4.632205743448059e-14, "gaussian_lowpass_error_power_eV2": 0.7823527343685527, "planar_error_power_eV2": 0.9018462255928297, "loader_frame_1based": 135, "EF_vac_WF_centered_errors_eV": [0.3029550461887716, -1.015163756658976, -1.318118802847747], "relative_WF_squared_error_fraction": 0.056231825451851666}, {"index": 147, "atoms": 186, "composition": [66, 90, 30], "charge": 0.0, "weight": 1.0, "ef": -0.46544986332324295, "vac": 0.7210923076000584, "wf": 1.186542170923301, "force_rmse": 0.23426952141960766, "potential_error_power_eV2": 0.2040384850749592, "stored_deformation_potential_mean_eV": 5.296572984662304e-14, "gaussian_lowpass_error_power_eV2": 0.18834720951216138, "planar_error_power_eV2": 0.19950114484731266, "loader_frame_1based": 148, "EF_vac_WF_centered_errors_eV": [-0.4476884550018436, 0.7154702837171459, 1.1631587387189892], "relative_WF_squared_error_fraction": 0.043787590451062904}, {"index": 298, "atoms": 185, "composition": [64, 91, 30], "charge": 0.0, "weight": 1.0, "ef": -0.5287536405533346, "vac": 0.6207950833147065, "wf": 1.1495487238680413, "force_rmse": 0.18383660865045146, "potential_error_power_eV2": 0.4345615926103408, "stored_deformation_potential_mean_eV": -7.094704027482397e-14, "gaussian_lowpass_error_power_eV2": 0.4045848458351584, "planar_error_power_eV2": 0.4282668063465385, "loader_frame_1based": 299, "EF_vac_WF_centered_errors_eV": [-0.5109922322319354, 0.615173059431794, 1.1261652916637295], "relative_WF_squared_error_fraction": 0.04104661504021049}, {"index": 240, "atoms": 183, "composition": [63, 90, 30], "charge": 0.0, "weight": 1.0, "ef": 0.25083573960325334, "vac": -0.8197787728886432, "wf": -1.0706145124918969, "force_rmse": 0.13341236383801336, "potential_error_power_eV2": 0.16931245371975015, "stored_deformation_potential_mean_eV": -9.735419555064175e-14, "gaussian_lowpass_error_power_eV2": 0.1469382669555821, "planar_error_power_eV2": 0.1627720819006013, "loader_frame_1based": 241, "EF_vac_WF_centered_errors_eV": [0.26859714792465267, -0.8254007967715556, -1.0939979446962087], "relative_WF_squared_error_fraction": 0.0387352250819902}, {"index": 211, "atoms": 181, "composition": [61, 90, 30], "charge": 0.0, "weight": 1.0, "ef": 0.437007511082139, "vac": -0.6264892561163604, "wf": -1.0634967671984996, "force_rmse": 0.11892942668922508, "potential_error_power_eV2": 0.313305664208737, "stored_deformation_potential_mean_eV": -3.581790839801117e-14, "gaussian_lowpass_error_power_eV2": 0.28591529525323717, "planar_error_power_eV2": 0.306097162188456, "loader_frame_1based": 212, "EF_vac_WF_centered_errors_eV": [0.4547689194035383, -0.6321112799992729, -1.0868801994028114], "relative_WF_squared_error_fraction": 0.03823282822387583}, {"index": 193, "atoms": 185, "composition": [65, 90, 30], "charge": 0.0, "weight": 1.0, "ef": 0.327669547388754, "vac": -0.6222617133964223, "wf": -0.949931260785176, "force_rmse": 0.1291536734483796, "potential_error_power_eV2": 0.15778418528560798, "stored_deformation_potential_mean_eV": 2.0509542453129138e-14, "gaussian_lowpass_error_power_eV2": 0.13986900939605598, "planar_error_power_eV2": 0.15353943210392995, "loader_frame_1based": 194, "EF_vac_WF_centered_errors_eV": [0.3454309557101533, -0.6278837372793348, -0.9733146929894877], "relative_WF_squared_error_fraction": 0.030660528081229182}], "WF_centered_squared_error_share_largest_10_structures": 0.47826639065914495, "WF_centered_squared_error_share_largest_10_percent": 0.7521508865944475, "independent_single_anchor_EF_vac_WF_RMSE_eV": [0.18369300462536442, 0.28952891950005344, 0.43273447118215835], "relative_error_scope": "One whole-split offset for RMSE_rel; no fitted offset is applied to predictions. Single-anchor expectation assumes independent configurations.", "WF_squared_error_share_largest_10_percent": 0.739028694095675, "largest_WF_errors": [{"index": 304, "atoms": 180, "composition": [60, 90, 30], "charge": 0.0, "weight": 1.0, "ef": -0.5821254475641731, "vac": 1.2449461309529273, "wf": 1.8270715785171001, "force_rmse": 0.1915212123780556, "potential_error_power_eV2": 0.8598116123673651, "stored_deformation_potential_mean_eV": 3.4053226704110426e-14, "gaussian_lowpass_error_power_eV2": 0.7851326564694145, "planar_error_power_eV2": 0.8501277154740053}, {"index": 206, "atoms": 183, "composition": [63, 90, 30], "charge": 0.0, "weight": 1.0, "ef": 0.5575415386724532, "vac": -0.901746787809766, "wf": -1.4592883264822198, "force_rmse": 0.1320821087015399, "potential_error_power_eV2": 0.4079190206087471, "stored_deformation_potential_mean_eV": -1.79033983761625e-15, "gaussian_lowpass_error_power_eV2": 0.37395314255731954, "planar_error_power_eV2": 0.4012343415266823}, {"index": 134, "atoms": 180, "composition": [0, 120, 60], "charge": 0.0, "weight": 1.0, "ef": 0.2851936378673723, "vac": -1.0095417327760634, "wf": -1.2947353706434352, "force_rmse": 0.5863050356174812, "potential_error_power_eV2": 0.9410371976477275, "stored_deformation_potential_mean_eV": -4.632205743448059e-14, "gaussian_lowpass_error_power_eV2": 0.7823527343685527, "planar_error_power_eV2": 0.9018462255928297}, {"index": 147, "atoms": 186, "composition": [66, 90, 30], "charge": 0.0, "weight": 1.0, "ef": -0.46544986332324295, "vac": 0.7210923076000584, "wf": 1.186542170923301, "force_rmse": 0.23426952141960766, "potential_error_power_eV2": 0.2040384850749592, "stored_deformation_potential_mean_eV": 5.296572984662304e-14, "gaussian_lowpass_error_power_eV2": 0.18834720951216138, "planar_error_power_eV2": 0.19950114484731266}, {"index": 298, "atoms": 185, "composition": [64, 91, 30], "charge": 0.0, "weight": 1.0, "ef": -0.5287536405533346, "vac": 0.6207950833147065, "wf": 1.1495487238680413, "force_rmse": 0.18383660865045146, "potential_error_power_eV2": 0.4345615926103408, "stored_deformation_potential_mean_eV": -7.094704027482397e-14, "gaussian_lowpass_error_power_eV2": 0.4045848458351584, "planar_error_power_eV2": 0.4282668063465385}, {"index": 240, "atoms": 183, "composition": [63, 90, 30], "charge": 0.0, "weight": 1.0, "ef": 0.25083573960325334, "vac": -0.8197787728886432, "wf": -1.0706145124918969, "force_rmse": 0.13341236383801336, "potential_error_power_eV2": 0.16931245371975015, "stored_deformation_potential_mean_eV": -9.735419555064175e-14, "gaussian_lowpass_error_power_eV2": 0.1469382669555821, "planar_error_power_eV2": 0.1627720819006013}, {"index": 211, "atoms": 181, "composition": [61, 90, 30], "charge": 0.0, "weight": 1.0, "ef": 0.437007511082139, "vac": -0.6264892561163604, "wf": -1.0634967671984996, "force_rmse": 0.11892942668922508, "potential_error_power_eV2": 0.313305664208737, "stored_deformation_potential_mean_eV": -3.581790839801117e-14, "gaussian_lowpass_error_power_eV2": 0.28591529525323717, "planar_error_power_eV2": 0.306097162188456}, {"index": 193, "atoms": 185, "composition": [65, 90, 30], "charge": 0.0, "weight": 1.0, "ef": 0.327669547388754, "vac": -0.6222617133964223, "wf": -0.949931260785176, "force_rmse": 0.1291536734483796, "potential_error_power_eV2": 0.15778418528560798, "stored_deformation_potential_mean_eV": 2.0509542453129138e-14, "gaussian_lowpass_error_power_eV2": 0.13986900939605598, "planar_error_power_eV2": 0.15353943210392995}], "composition_cohorts": [{"element_counts": "(60, 90, 30)", "graphs": 1, "wf_rmse_eV": 1.8270715785171001}, {"element_counts": "(0, 120, 60)", "graphs": 2, "wf_rmse_eV": 0.9277522665719258}, {"element_counts": "(23, 128, 60)", "graphs": 1, "wf_rmse_eV": 0.8323830892833595}, {"element_counts": "(63, 90, 30)", "graphs": 7, "wf_rmse_eV": 0.7555180874833534}, {"element_counts": "(14, 43, 18)", "graphs": 1, "wf_rmse_eV": 0.7531557988274384}, {"element_counts": "(40, 88, 36)", "graphs": 1, "wf_rmse_eV": 0.733277954047808}, {"element_counts": "(66, 90, 30)", "graphs": 10, "wf_rmse_eV": 0.5888204270103634}, {"element_counts": "(41, 135, 60)", "graphs": 1, "wf_rmse_eV": 0.5693011134253201}, {"element_counts": "(64, 91, 30)", "graphs": 5, "wf_rmse_eV": 0.5543178187412244}, {"element_counts": "(61, 90, 30)", "graphs": 10, "wf_rmse_eV": 0.525898662298374}, {"element_counts": "(65, 90, 30)", "graphs": 10, "wf_rmse_eV": 0.49746440460744046}, {"element_counts": "(0, 72, 36)", "graphs": 4, "wf_rmse_eV": 0.47895463634438673}], "scope": "Full supplied split; diagnostic only, no reference-dependent correction or exclusion is applied. Large error alone does not establish bad reference data.", "atomic_numbers": [1, 8, 77]}
2026-10-09 01:40:10.523 INFO: Epoch 65: loss=68.0843, RMSE_E_per_atom=576.5448 meV, RMSE_F=222.0995 meV/A, RMSE_dip_per_atom=0.9948 meA, RMSE_rho=0.1615 me/A^3, RMSE_EF(abs/rel)=131.0993/129.8906 meV, RMSE_ESP=199.0507 mV, RMSE_ESPvac(abs/rel)=204.8050/204.7279 mV, RMSE_WF(abs/rel)=306.8816/305.9895 meV
2026-10-09 01:40:10.523 INFO: 50-step electronic residual maximum: 0.03746
2026-10-09 01:40:10.530 INFO: Optimizer epoch 65: lr=[0.001, 0.001, 0.001, 0.001, 0.001, 0.001, 0.001, 0.001], mean gradient norm=3713.7, clipped=346/346
2026-10-09 01:40:10.530 INFO: Epoch timing: train=203.797s, validation=45.104s, updates=346, train/update=0.58901s, peak allocated=14299.2 MiB, backbone=CuEq
2026-10-09 01:40:10.530 INFO: Optimization budget: graphs=1384/1384, updates=346, mean retained gradient=0.0066359, min retained gradient=0.00029925
2026-10-09 01:40:10.531 INFO: Optimizer time scales {"updates_per_epoch": 346, "groups": [{"name": "embedding", "lr": 0.001, "parameter_update_range": [22836.0, 22836.0], "moment_memory_epochs": [0.02890173410404625, 2.8901734104046217], "AdamW_decay_only_retention_per_epoch": 1.0}, {"name": "interactions_no_decay", "lr": 0.001, "parameter_update_range": [22836.0, 22836.0], "moment_memory_epochs": [0.02890173410404625, 2.8901734104046217], "AdamW_decay_only_retention_per_epoch": 1.0}, {"name": "products", "lr": 0.001, "parameter_update_range": [22836.0, 22836.0], "moment_memory_epochs": [0.02890173410404625, 2.8901734104046217], "AdamW_decay_only_retention_per_epoch": 0.9996540596781468}, {"name": "readouts", "lr": 0.001, "parameter_update_range": [22836.0, 22836.0], "moment_memory_epochs": [0.02890173410404625, 2.8901734104046217], "AdamW_decay_only_retention_per_epoch": 1.0}, {"name": "lr_source_maps", "lr": 0.001, "parameter_update_range": [22836.0, 22836.0], "moment_memory_epochs": [0.02890173410404625, 2.8901734104046217], "AdamW_decay_only_retention_per_epoch": 1.0}, {"name": "field_dependent_charges_map", "lr": 0.001, "parameter_update_range": [22836.0, 22836.0], "moment_memory_epochs": [0.02890173410404625, 2.8901734104046217], "AdamW_decay_only_retention_per_epoch": 0.9965459616620003}, {"name": "electronic_references", "lr": 0.001, "parameter_update_range": [22836.0, 22836.0], "moment_memory_epochs": [0.02890173410404625, 2.8901734104046217], "AdamW_decay_only_retention_per_epoch": 1.0}, {"name": "layer_feature_mixer", "lr": 0.001, "parameter_update_range": [22836.0, 22836.0], "moment_memory_epochs": [0.02890173410404625, 2.8901734104046217], "AdamW_decay_only_retention_per_epoch": 0.9996540596781468}], "EMA_asymptotic_memory_epochs": 0.2890173410404622}
2026-10-09 01:40:10.531 INFO: Batching: optimizer graphs=4, device graphs<=4; one clipping/Adam/EMA update per optimizer batch
2026-10-09 01:40:10.531 INFO: 50-step finite-budget validation residual 0.03746 exceeds equilibrium tolerance 1e-06; metrics describe the exported finite trajectory, not a converged root
2026-10-09 01:57:20.378 INFO: Training-only scalar reference calibration {'fermi_level': {'observed_training_graphs': 61, 'shift_eV': 0.0300054406631436, 'reference_eV': -0.24965225312157024, 'panel_RMSE_before_eV': 0.12519815731454526, 'panel_RMSE_after_eV': 0.12154938142815942}, 'vacuum_potential': {'observed_training_graphs': 61, 'shift_eV': 0.017256980815574592, 'reference_eV': 0.04641018200295004, 'panel_RMSE_before_eV': 0.15540385182947905, 'panel_RMSE_after_eV': 0.15444272005041085}, 'seconds': 8.997293819003971}; constants saved with the model; relative errors and physical fixed-Q trajectory unchanged
2026-10-09 01:57:56.549 INFO: Full validation audit {"graphs": 350, "index_convention": "supplied loader order, zero based", "force_rmse_by_element_column_eV_A": {"0": 0.16826102118059333, "1": 0.21902933472169045, "2": 0.30467845396417853}, "force_target_rms_by_element_column_eV_A": {"0": 0.7583041629256339, "1": 0.8719660684898465, "2": 0.9586983364634067}, "force_rmse_over_target_rms_by_element_column": {"0": 0.2218912006646791, "1": 0.2511902041108391, "2": 0.3178043002433102}, "density_observers": {"density_RMSE_e_A3": 0.0011277926610462597, "farfield_RMSE_e_A3": 0.00014282032244569313, "scope": "Different Gaussian resolutions of the same error; smaller farfield RMSE is not an accuracy gain."}, "stored_potential_gauge": {"deformation_mean_range_eV": [-1.923389086888605e-13, 1.7333365232548237e-13], "scope": "Stored k=0 is retained for audit; RMSE_ESP compares fields modulo a uniform offset. Scalar EF/vacuum errors use their stored label convention."}, "potential_error_power_fractions": {"normal_reciprocal_line": 0.886298803313951, "Gaussian_lowpass": 0.7771926692631902, "Gaussian_width_A": 1.5}, "observed_EF_vac_WF": 330, "EF_vac_WF_rmse_eV": [0.13241031565041395, 0.20457411158995603, 0.30848873396430876], "EF_vac_WF_relative_rmse_eV": [0.13141814909299665, 0.2045595324219403, 0.30818273892832687], "EF_vac_WF_bias_eV": [-0.016179053730462065, -0.002442299763937334, 0.013736753966524714], "EF_vac_covariance_eV2": -0.01793063417882666, "WF_absolute_error_quantiles_eV": {"median": 0.11589095270448246, "p90": 0.4447907064498437, "p99": 1.2358204586813781, "max": 1.6122033533948406}, "WF_identity_max_error_eV": 1.5543122344752192e-15, "absolute_relative_bias_identity_max_error_eV2": 5.551115123125783e-17, "WF_variance_components_eV2": {"EF": 0.017270729911029084, "vacuum": 0.04184460230468285, "covariance_contribution": 0.03586126835765332}, "largest_relative_WF_errors": [{"index": 304, "atoms": 180, "composition": [60, 90, 30], "charge": 0.0, "weight": 1.0, "ef": -0.5283900477650805, "vac": 1.0838133056297599, "wf": 1.6122033533948406, "force_rmse": 0.20951860017810586, "potential_error_power_eV2": 0.7295978084769438, "stored_deformation_potential_mean_eV": 3.4053226704110426e-14, "gaussian_lowpass_error_power_eV2": 0.664900578642036, "planar_error_power_eV2": 0.7196302924612611, "loader_frame_1based": 305, "EF_vac_WF_centered_errors_eV": [-0.5122109940346184, 1.0862556053936971, 1.5984665994283158], "relative_WF_squared_error_fraction": 0.08152232757501035}, {"index": 134, "atoms": 180, "composition": [0, 120, 60], "charge": 0.0, "weight": 1.0, "ef": 0.3663200521816854, "vac": -1.1573827515894424, "wf": -1.523702803771127, "force_rmse": 0.6205004665738411, "potential_error_power_eV2": 1.034183739155324, "stored_deformation_potential_mean_eV": -4.632205743448059e-14, "gaussian_lowpass_error_power_eV2": 0.8781358613759491, "planar_error_power_eV2": 0.997936080950327, "loader_frame_1based": 135, "EF_vac_WF_centered_errors_eV": [0.3824991059121475, -1.154940451825505, -1.5374395577376518], "relative_WF_squared_error_fraction": 0.07541635548721051}, {"index": 206, "atoms": 183, "composition": [63, 90, 30], "charge": 0.0, "weight": 1.0, "ef": 0.521229121895487, "vac": -0.8640735075348802, "wf": -1.3853026294303676, "force_rmse": 0.1100913636560812, "potential_error_power_eV2": 0.3522069193229939, "stored_deformation_potential_mean_eV": -1.79033983761625e-15, "gaussian_lowpass_error_power_eV2": 0.3221544605113663, "planar_error_power_eV2": 0.3464072248332748, "loader_frame_1based": 207, "EF_vac_WF_centered_errors_eV": [0.537408175625949, -0.8616312077709429, -1.3990393833968924], "relative_WF_squared_error_fraction": 0.06244955087436349}, {"index": 293, "atoms": 108, "composition": [0, 72, 36], "charge": 0.0, "weight": 1.0, "ef": 0.4685596254257245, "vac": -0.7809394387401243, "wf": -1.2494990641658497, "force_rmse": 0.7534583651280728, "potential_error_power_eV2": 0.8699935571840399, "stored_deformation_potential_mean_eV": 8.093184424396893e-14, "gaussian_lowpass_error_power_eV2": 0.6607399091187778, "planar_error_power_eV2": 0.8222103010588101, "loader_frame_1based": 294, "EF_vac_WF_centered_errors_eV": [0.48473867915618657, -0.778497138976187, -1.2632358181323744], "relative_WF_squared_error_fraction": 0.05091412700056709}, {"index": 298, "atoms": 185, "composition": [64, 91, 30], "charge": 0.0, "weight": 1.0, "ef": -0.5516337785565961, "vac": 0.6506976804903895, "wf": 1.2023314590469854, "force_rmse": 0.20068457545177434, "potential_error_power_eV2": 0.48830796669839577, "stored_deformation_potential_mean_eV": -7.094704027482397e-14, "gaussian_lowpass_error_power_eV2": 0.45588107188765636, "planar_error_power_eV2": 0.4813275900685654, "loader_frame_1based": 299, "EF_vac_WF_centered_errors_eV": [-0.5354547248261341, 0.6531399802543267, 1.1885947050804606], "relative_WF_squared_error_fraction": 0.04507513347997925}, {"index": 147, "atoms": 186, "composition": [66, 90, 30], "charge": 0.0, "weight": 1.0, "ef": -0.4661354996126255, "vac": 0.7129254506491276, "wf": 1.179060950261753, "force_rmse": 0.21172482395641748, "potential_error_power_eV2": 0.20557475379754697, "stored_deformation_potential_mean_eV": 5.296572984662304e-14, "gaussian_lowpass_error_power_eV2": 0.19056023285446236, "planar_error_power_eV2": 0.2010575479741756, "loader_frame_1based": 148, "EF_vac_WF_centered_errors_eV": [-0.44995644588216344, 0.7153677504130649, 1.1653241962952283], "relative_WF_squared_error_fraction": 0.043327433770867355}, {"index": 240, "atoms": 183, "composition": [63, 90, 30], "charge": 0.0, "weight": 1.0, "ef": 0.23996970789477767, "vac": -0.7999580766208734, "wf": -1.0399277845156512, "force_rmse": 0.1354829666661307, "potential_error_power_eV2": 0.167457630686868, "stored_deformation_potential_mean_eV": -9.735419555064175e-14, "gaussian_lowpass_error_power_eV2": 0.14385186265787578, "planar_error_power_eV2": 0.15966030528832967, "loader_frame_1based": 241, "EF_vac_WF_centered_errors_eV": [0.25614876162523975, -0.7975157768569361, -1.053664538482176], "relative_WF_squared_error_fraction": 0.03542208875030157}, {"index": 211, "atoms": 181, "composition": [61, 90, 30], "charge": 0.0, "weight": 1.0, "ef": 0.36213616844134444, "vac": -0.564676537647796, "wf": -0.9268127060891409, "force_rmse": 0.13232286220248132, "potential_error_power_eV2": 0.20968949472083304, "stored_deformation_potential_mean_eV": -3.581790839801117e-14, "gaussian_lowpass_error_power_eV2": 0.18841954657635138, "planar_error_power_eV2": 0.2036383494772907, "loader_frame_1based": 212, "EF_vac_WF_centered_errors_eV": [0.3783152221718065, -0.5622342378838587, -0.9405494600556656], "relative_WF_squared_error_fraction": 0.02822491975441453}], "WF_centered_squared_error_share_largest_10_structures": 0.4715985712430698, "WF_centered_squared_error_share_largest_10_percent": 0.7308911467803347, "independent_single_anchor_EF_vac_WF_RMSE_eV": [0.18585332878928532, 0.2892908650638068, 0.43583620908172666], "relative_error_scope": "One whole-split offset for RMSE_rel; no fitted offset is applied to predictions. Single-anchor expectation assumes independent configurations.", "WF_squared_error_share_largest_10_percent": 0.7252830769169984, "largest_WF_errors": [{"index": 304, "atoms": 180, "composition": [60, 90, 30], "charge": 0.0, "weight": 1.0, "ef": -0.5283900477650805, "vac": 1.0838133056297599, "wf": 1.6122033533948406, "force_rmse": 0.20951860017810586, "potential_error_power_eV2": 0.7295978084769438, "stored_deformation_potential_mean_eV": 3.4053226704110426e-14, "gaussian_lowpass_error_power_eV2": 0.664900578642036, "planar_error_power_eV2": 0.7196302924612611}, {"index": 134, "atoms": 180, "composition": [0, 120, 60], "charge": 0.0, "weight": 1.0, "ef": 0.3663200521816854, "vac": -1.1573827515894424, "wf": -1.523702803771127, "force_rmse": 0.6205004665738411, "potential_error_power_eV2": 1.034183739155324, "stored_deformation_potential_mean_eV": -4.632205743448059e-14, "gaussian_lowpass_error_power_eV2": 0.8781358613759491, "planar_error_power_eV2": 0.997936080950327}, {"index": 206, "atoms": 183, "composition": [63, 90, 30], "charge": 0.0, "weight": 1.0, "ef": 0.521229121895487, "vac": -0.8640735075348802, "wf": -1.3853026294303676, "force_rmse": 0.1100913636560812, "potential_error_power_eV2": 0.3522069193229939, "stored_deformation_potential_mean_eV": -1.79033983761625e-15, "gaussian_lowpass_error_power_eV2": 0.3221544605113663, "planar_error_power_eV2": 0.3464072248332748}, {"index": 293, "atoms": 108, "composition": [0, 72, 36], "charge": 0.0, "weight": 1.0, "ef": 0.4685596254257245, "vac": -0.7809394387401243, "wf": -1.2494990641658497, "force_rmse": 0.7534583651280728, "potential_error_power_eV2": 0.8699935571840399, "stored_deformation_potential_mean_eV": 8.093184424396893e-14, "gaussian_lowpass_error_power_eV2": 0.6607399091187778, "planar_error_power_eV2": 0.8222103010588101}, {"index": 298, "atoms": 185, "composition": [64, 91, 30], "charge": 0.0, "weight": 1.0, "ef": -0.5516337785565961, "vac": 0.6506976804903895, "wf": 1.2023314590469854, "force_rmse": 0.20068457545177434, "potential_error_power_eV2": 0.48830796669839577, "stored_deformation_potential_mean_eV": -7.094704027482397e-14, "gaussian_lowpass_error_power_eV2": 0.45588107188765636, "planar_error_power_eV2": 0.4813275900685654}, {"index": 147, "atoms": 186, "composition": [66, 90, 30], "charge": 0.0, "weight": 1.0, "ef": -0.4661354996126255, "vac": 0.7129254506491276, "wf": 1.179060950261753, "force_rmse": 0.21172482395641748, "potential_error_power_eV2": 0.20557475379754697, "stored_deformation_potential_mean_eV": 5.296572984662304e-14, "gaussian_lowpass_error_power_eV2": 0.19056023285446236, "planar_error_power_eV2": 0.2010575479741756}, {"index": 240, "atoms": 183, "composition": [63, 90, 30], "charge": 0.0, "weight": 1.0, "ef": 0.23996970789477767, "vac": -0.7999580766208734, "wf": -1.0399277845156512, "force_rmse": 0.1354829666661307, "potential_error_power_eV2": 0.167457630686868, "stored_deformation_potential_mean_eV": -9.735419555064175e-14, "gaussian_lowpass_error_power_eV2": 0.14385186265787578, "planar_error_power_eV2": 0.15966030528832967}, {"index": 211, "atoms": 181, "composition": [61, 90, 30], "charge": 0.0, "weight": 1.0, "ef": 0.36213616844134444, "vac": -0.564676537647796, "wf": -0.9268127060891409, "force_rmse": 0.13232286220248132, "potential_error_power_eV2": 0.20968949472083304, "stored_deformation_potential_mean_eV": -3.581790839801117e-14, "gaussian_lowpass_error_power_eV2": 0.18841954657635138, "planar_error_power_eV2": 0.2036383494772907}], "composition_cohorts": [{"element_counts": "(60, 90, 30)", "graphs": 1, "wf_rmse_eV": 1.6122033533948406}, {"element_counts": "(0, 120, 60)", "graphs": 2, "wf_rmse_eV": 1.081127881342328}, {"element_counts": "(14, 43, 18)", "graphs": 1, "wf_rmse_eV": 0.9251761053659182}, {"element_counts": "(63, 90, 30)", "graphs": 7, "wf_rmse_eV": 0.7083095747117482}, {"element_counts": "(40, 88, 36)", "graphs": 1, "wf_rmse_eV": 0.6749282266941936}, {"element_counts": "(0, 72, 36)", "graphs": 4, "wf_rmse_eV": 0.634292493606367}, {"element_counts": "(66, 90, 30)", "graphs": 10, "wf_rmse_eV": 0.6232866141164106}, {"element_counts": "(23, 128, 60)", "graphs": 1, "wf_rmse_eV": 0.5984909560050573}, {"element_counts": "(64, 91, 30)", "graphs": 5, "wf_rmse_eV": 0.5978603288605618}, {"element_counts": "(20, 44, 18)", "graphs": 1, "wf_rmse_eV": 0.5828912750278343}, {"element_counts": "(41, 135, 60)", "graphs": 1, "wf_rmse_eV": 0.5225055148642106}, {"element_counts": "(19, 57, 24)", "graphs": 1, "wf_rmse_eV": 0.5179021153953123}], "scope": "Full supplied split; diagnostic only, no reference-dependent correction or exclusion is applied. Large error alone does not establish bad reference data.", "atomic_numbers": [1, 8, 77]}
2026-10-09 01:57:56.552 INFO: Epoch 70: loss=66.701, RMSE_E_per_atom=571.7438 meV, RMSE_F=218.3495 meV/A, RMSE_dip_per_atom=1.0333 meA, RMSE_rho=0.1428 me/A^3, RMSE_EF(abs/rel)=132.4103/131.4181 meV, RMSE_ESP=199.4494 mV, RMSE_ESPvac(abs/rel)=204.5741/204.5595 mV, RMSE_WF(abs/rel)=308.4887/308.1827 meV
2026-10-09 01:57:56.552 INFO: 50-step electronic residual maximum: 0.0069311
2026-10-09 01:57:56.559 INFO: Optimizer epoch 70: lr=[0.001, 0.001, 0.001, 0.001, 0.001, 0.001, 0.001, 0.001], mean gradient norm=2875.8, clipped=346/346
2026-10-09 01:57:56.559 INFO: Epoch timing: train=203.758s, validation=45.179s, updates=346, train/update=0.58890s, peak allocated=13930.8 MiB, backbone=CuEq
2026-10-09 01:57:56.559 INFO: Optimization budget: graphs=1384/1384, updates=346, mean retained gradient=0.0081842, min retained gradient=0.00034811
2026-10-09 01:57:56.560 INFO: Optimizer time scales {"updates_per_epoch": 346, "groups": [{"name": "embedding", "lr": 0.001, "parameter_update_range": [24566.0, 24566.0], "moment_memory_epochs": [0.02890173410404625, 2.8901734104046217], "AdamW_decay_only_retention_per_epoch": 1.0}, {"name": "interactions_no_decay", "lr": 0.001, "parameter_update_range": [24566.0, 24566.0], "moment_memory_epochs": [0.02890173410404625, 2.8901734104046217], "AdamW_decay_only_retention_per_epoch": 1.0}, {"name": "products", "lr": 0.001, "parameter_update_range": [24566.0, 24566.0], "moment_memory_epochs": [0.02890173410404625, 2.8901734104046217], "AdamW_decay_only_retention_per_epoch": 0.9996540596781468}, {"name": "readouts", "lr": 0.001, "parameter_update_range": [24566.0, 24566.0], "moment_memory_epochs": [0.02890173410404625, 2.8901734104046217], "AdamW_decay_only_retention_per_epoch": 1.0}, {"name": "lr_source_maps", "lr": 0.001, "parameter_update_range": [24566.0, 24566.0], "moment_memory_epochs": [0.02890173410404625, 2.8901734104046217], "AdamW_decay_only_retention_per_epoch": 1.0}, {"name": "field_dependent_charges_map", "lr": 0.001, "parameter_update_range": [24566.0, 24566.0], "moment_memory_epochs": [0.02890173410404625, 2.8901734104046217], "AdamW_decay_only_retention_per_epoch": 0.9965459616620003}, {"name": "electronic_references", "lr": 0.001, "parameter_update_range": [24566.0, 24566.0], "moment_memory_epochs": [0.02890173410404625, 2.8901734104046217], "AdamW_decay_only_retention_per_epoch": 1.0}, {"name": "layer_feature_mixer", "lr": 0.001, "parameter_update_range": [24566.0, 24566.0], "moment_memory_epochs": [0.02890173410404625, 2.8901734104046217], "AdamW_decay_only_retention_per_epoch": 0.9996540596781468}], "EMA_asymptotic_memory_epochs": 0.2890173410404622}
2026-10-09 01:57:56.560 INFO: Batching: optimizer graphs=4, device graphs<=4; one clipping/Adam/EMA update per optimizer batch
2026-10-09 01:57:56.560 INFO: 50-step finite-budget validation residual 0.0069311 exceeds equilibrium tolerance 1e-06; metrics describe the exported finite trajectory, not a converged root
2026-10-09 02:15:05.430 INFO: Training-only scalar reference calibration {'fermi_level': {'observed_training_graphs': 61, 'shift_eV': 0.06269834455412043, 'reference_eV': -0.1869539085674498, 'panel_RMSE_before_eV': 0.12231633425743829, 'panel_RMSE_after_eV': 0.10502477429802061}, 'vacuum_potential': {'observed_training_graphs': 61, 'shift_eV': -0.05388711068616349, 'reference_eV': -0.007476928683213452, 'panel_RMSE_before_eV': 0.12096110283758757, 'panel_RMSE_after_eV': 0.10829481844290889}, 'seconds': 8.990579275006894}; constants saved with the model; relative errors and physical fixed-Q trajectory unchanged
2026-10-09 02:15:41.556 INFO: Full validation audit {"graphs": 350, "index_convention": "supplied loader order, zero based", "force_rmse_by_element_column_eV_A": {"0": 0.16020338557229738, "1": 0.2134359035949521, "2": 0.2927467567462329}, "force_target_rms_by_element_column_eV_A": {"0": 0.7583041629256339, "1": 0.8719660684898465, "2": 0.9586983364634067}, "force_rmse_over_target_rms_by_element_column": {"0": 0.21126533837584693, "1": 0.24477546926178056, "2": 0.30535857382016746}, "density_observers": {"density_RMSE_e_A3": 0.00128918719753397, "farfield_RMSE_e_A3": 0.00013557502779938476, "scope": "Different Gaussian resolutions of the same error; smaller farfield RMSE is not an accuracy gain."}, "stored_potential_gauge": {"deformation_mean_range_eV": [-1.923389086888605e-13, 1.7333365232548237e-13], "scope": "Stored k=0 is retained for audit; RMSE_ESP compares fields modulo a uniform offset. Scalar EF/vacuum errors use their stored label convention."}, "potential_error_power_fractions": {"normal_reciprocal_line": 0.8548104637841069, "Gaussian_lowpass": 0.7332890397889812, "Gaussian_width_A": 1.5}, "observed_EF_vac_WF": 330, "EF_vac_WF_rmse_eV": [0.1280434850377578, 0.1922899422754597, 0.29091343588442203], "EF_vac_WF_relative_rmse_eV": [0.12766128737677138, 0.19148252757950163, 0.2908110614783466], "EF_vac_WF_bias_eV": [-0.009885836632268151, -0.017602941006122173, -0.007717104373854114], "EF_vac_covariance_eV2": -0.01580405540761676, "WF_absolute_error_quantiles_eV": {"median": 0.10955115125527204, "p90": 0.4154316484452797, "p99": 1.112467942707934, "max": 1.6107775071350634}, "WF_identity_max_error_eV": 1.5543122344752192e-15, "absolute_relative_bias_identity_max_error_eV2": 6.938893903907228e-17, "WF_variance_components_eV2": {"EF": 0.016297404294694614, "vacuum": 0.03666555836823462, "covariance_contribution": 0.03160811081523352}, "largest_relative_WF_errors": [{"index": 304, "atoms": 180, "composition": [60, 90, 30], "charge": 0.0, "weight": 1.0, "ef": -0.4850790392958455, "vac": 1.125698467839218, "wf": 1.6107775071350634, "force_rmse": 0.18937160818730328, "potential_error_power_eV2": 0.75039594381388, "stored_deformation_potential_mean_eV": 3.4053226704110426e-14, "gaussian_lowpass_error_power_eV2": 0.6850502317206596, "planar_error_power_eV2": 0.7405414600126532, "loader_frame_1based": 305, "EF_vac_WF_centered_errors_eV": [-0.47519320266357734, 1.1433014088453402, 1.6184946115089176], "relative_WF_squared_error_fraction": 0.0938613362182353}, {"index": 206, "atoms": 183, "composition": [63, 90, 30], "charge": 0.0, "weight": 1.0, "ef": 0.5166328399080853, "vac": -0.8792794040900613, "wf": -1.395912243998147, "force_rmse": 0.10838162872491929, "potential_error_power_eV2": 0.31712900288331086, "stored_deformation_potential_mean_eV": -1.79033983761625e-15, "gaussian_lowpass_error_power_eV2": 0.28899482900298445, "planar_error_power_eV2": 0.31148597750142415, "loader_frame_1based": 207, "EF_vac_WF_centered_errors_eV": [0.5265186765403534, -0.8616764630839392, -1.3881951396242929], "relative_WF_squared_error_fraction": 0.06905025009863652}, {"index": 147, "atoms": 186, "composition": [66, 90, 30], "charge": 0.0, "weight": 1.0, "ef": -0.4687691675066096, "vac": 0.6728170167553578, "wf": 1.1415861842619672, "force_rmse": 0.30142622775053074, "potential_error_power_eV2": 0.2176789618405373, "stored_deformation_potential_mean_eV": 5.296572984662304e-14, "gaussian_lowpass_error_power_eV2": 0.20136209611146208, "planar_error_power_eV2": 0.21306861819616177, "loader_frame_1based": 148, "EF_vac_WF_centered_errors_eV": [-0.4588833308743414, 0.6904199577614799, 1.1493032886358214], "relative_WF_squared_error_fraction": 0.04732967428224863}, {"index": 240, "atoms": 183, "composition": [63, 90, 30], "charge": 0.0, "weight": 1.0, "ef": 0.2835535181891149, "vac": -0.85165919958974, "wf": -1.1352127177788551, "force_rmse": 0.126657468331235, "potential_error_power_eV2": 0.16801150739773935, "stored_deformation_potential_mean_eV": -9.735419555064175e-14, "gaussian_lowpass_error_power_eV2": 0.1460593848848848, "planar_error_power_eV2": 0.16142353434726467, "loader_frame_1based": 241, "EF_vac_WF_centered_errors_eV": [0.29343935482138306, -0.8340562585836179, -1.127495613405001], "relative_WF_squared_error_fraction": 0.0455505828793086}, {"index": 298, "atoms": 185, "composition": [64, 91, 30], "charge": 0.0, "weight": 1.0, "ef": -0.47189952320775097, "vac": 0.5848829357058651, "wf": 1.0567824589136157, "force_rmse": 0.19770200465921467, "potential_error_power_eV2": 0.3969320445644056, "stored_deformation_potential_mean_eV": -7.094704027482397e-14, "gaussian_lowpass_error_power_eV2": 0.3691855397223735, "planar_error_power_eV2": 0.3900859066219146, "loader_frame_1based": 299, "EF_vac_WF_centered_errors_eV": [-0.4620136865754828, 0.6024858767119873, 1.0644995632874699], "relative_WF_squared_error_fraction": 0.04060272597608288}, {"index": 211, "atoms": 181, "composition": [61, 90, 30], "charge": 0.0, "weight": 1.0, "ef": 0.4227025924151157, "vac": -0.6297456691944561, "wf": -1.0524482616095723, "force_rmse": 0.1325251999374573, "potential_error_power_eV2": 0.233870549325817, "stored_deformation_potential_mean_eV": -3.581790839801117e-14, "gaussian_lowpass_error_power_eV2": 0.21185291105423573, "planar_error_power_eV2": 0.22759947871179947, "loader_frame_1based": 212, "EF_vac_WF_centered_errors_eV": [0.43258842904738387, -0.6121427281883339, -1.044731157235718], "relative_WF_squared_error_fraction": 0.03910869377458868}, {"index": 35, "atoms": 75, "composition": [14, 43, 18], "charge": 0.0, "weight": 1.0, "ef": 0.3268788465112671, "vac": -0.6820906160176028, "wf": -1.0089694625288699, "force_rmse": 0.2900435919303911, "potential_error_power_eV2": 0.2070925494147311, "stored_deformation_potential_mean_eV": -4.530744579115239e-14, "gaussian_lowpass_error_power_eV2": 0.17949441947817601, "planar_error_power_eV2": 0.20025184360255874, "loader_frame_1based": 36, "EF_vac_WF_centered_errors_eV": [0.33676468314353525, -0.6644876750114806, -1.0012523581550157], "relative_WF_squared_error_fraction": 0.03592124005901304}, {"index": 19, "atoms": 185, "composition": [65, 90, 30], "charge": 0.0, "weight": 1.0, "ef": 0.27237987084152965, "vac": -0.6688735484218649, "wf": -0.9412534192633943, "force_rmse": 0.16643902268781985, "potential_error_power_eV2": 0.14527504675421155, "stored_deformation_potential_mean_eV": 2.356223350263377e-14, "gaussian_lowpass_error_power_eV2": 0.121907733906291, "planar_error_power_eV2": 0.1350561378124918, "loader_frame_1based": 20, "EF_vac_WF_centered_errors_eV": [0.2822657074737978, -0.6512706074157427, -0.9335363148895403], "relative_WF_squared_error_fraction": 0.0312267402371967}], "WF_centered_squared_error_share_largest_10_structures": 0.4493817107084147, "WF_centered_squared_error_share_largest_10_percent": 0.7142765749171313, "independent_single_anchor_EF_vac_WF_RMSE_eV": [0.18054032399823927, 0.2707971874604114, 0.41126894723079377], "relative_error_scope": "One whole-split offset for RMSE_rel; no fitted offset is applied to predictions. Single-anchor expectation assumes independent configurations.", "WF_squared_error_share_largest_10_percent": 0.7155977181637585, "largest_WF_errors": [{"index": 304, "atoms": 180, "composition": [60, 90, 30], "charge": 0.0, "weight": 1.0, "ef": -0.4850790392958455, "vac": 1.125698467839218, "wf": 1.6107775071350634, "force_rmse": 0.18937160818730328, "potential_error_power_eV2": 0.75039594381388, "stored_deformation_potential_mean_eV": 3.4053226704110426e-14, "gaussian_lowpass_error_power_eV2": 0.6850502317206596, "planar_error_power_eV2": 0.7405414600126532}, {"index": 206, "atoms": 183, "composition": [63, 90, 30], "charge": 0.0, "weight": 1.0, "ef": 0.5166328399080853, "vac": -0.8792794040900613, "wf": -1.395912243998147, "force_rmse": 0.10838162872491929, "potential_error_power_eV2": 0.31712900288331086, "stored_deformation_potential_mean_eV": -1.79033983761625e-15, "gaussian_lowpass_error_power_eV2": 0.28899482900298445, "planar_error_power_eV2": 0.31148597750142415}, {"index": 147, "atoms": 186, "composition": [66, 90, 30], "charge": 0.0, "weight": 1.0, "ef": -0.4687691675066096, "vac": 0.6728170167553578, "wf": 1.1415861842619672, "force_rmse": 0.30142622775053074, "potential_error_power_eV2": 0.2176789618405373, "stored_deformation_potential_mean_eV": 5.296572984662304e-14, "gaussian_lowpass_error_power_eV2": 0.20136209611146208, "planar_error_power_eV2": 0.21306861819616177}, {"index": 240, "atoms": 183, "composition": [63, 90, 30], "charge": 0.0, "weight": 1.0, "ef": 0.2835535181891149, "vac": -0.85165919958974, "wf": -1.1352127177788551, "force_rmse": 0.126657468331235, "potential_error_power_eV2": 0.16801150739773935, "stored_deformation_potential_mean_eV": -9.735419555064175e-14, "gaussian_lowpass_error_power_eV2": 0.1460593848848848, "planar_error_power_eV2": 0.16142353434726467}, {"index": 298, "atoms": 185, "composition": [64, 91, 30], "charge": 0.0, "weight": 1.0, "ef": -0.47189952320775097, "vac": 0.5848829357058651, "wf": 1.0567824589136157, "force_rmse": 0.19770200465921467, "potential_error_power_eV2": 0.3969320445644056, "stored_deformation_potential_mean_eV": -7.094704027482397e-14, "gaussian_lowpass_error_power_eV2": 0.3691855397223735, "planar_error_power_eV2": 0.3900859066219146}, {"index": 211, "atoms": 181, "composition": [61, 90, 30], "charge": 0.0, "weight": 1.0, "ef": 0.4227025924151157, "vac": -0.6297456691944561, "wf": -1.0524482616095723, "force_rmse": 0.1325251999374573, "potential_error_power_eV2": 0.233870549325817, "stored_deformation_potential_mean_eV": -3.581790839801117e-14, "gaussian_lowpass_error_power_eV2": 0.21185291105423573, "planar_error_power_eV2": 0.22759947871179947}, {"index": 35, "atoms": 75, "composition": [14, 43, 18], "charge": 0.0, "weight": 1.0, "ef": 0.3268788465112671, "vac": -0.6820906160176028, "wf": -1.0089694625288699, "force_rmse": 0.2900435919303911, "potential_error_power_eV2": 0.2070925494147311, "stored_deformation_potential_mean_eV": -4.530744579115239e-14, "gaussian_lowpass_error_power_eV2": 0.17949441947817601, "planar_error_power_eV2": 0.20025184360255874}, {"index": 19, "atoms": 185, "composition": [65, 90, 30], "charge": 0.0, "weight": 1.0, "ef": 0.27237987084152965, "vac": -0.6688735484218649, "wf": -0.9412534192633943, "force_rmse": 0.16643902268781985, "potential_error_power_eV2": 0.14527504675421155, "stored_deformation_potential_mean_eV": 2.356223350263377e-14, "gaussian_lowpass_error_power_eV2": 0.121907733906291, "planar_error_power_eV2": 0.1350561378124918}], "composition_cohorts": [{"element_counts": "(60, 90, 30)", "graphs": 1, "wf_rmse_eV": 1.6107775071350634}, {"element_counts": "(14, 43, 18)", "graphs": 1, "wf_rmse_eV": 1.0089694625288699}, {"element_counts": "(63, 90, 30)", "graphs": 7, "wf_rmse_eV": 0.7349352156376557}, {"element_counts": "(19, 57, 24)", "graphs": 1, "wf_rmse_eV": 0.5718673127318663}, {"element_counts": "(65, 90, 30)", "graphs": 10, "wf_rmse_eV": 0.5695387014542935}, {"element_counts": "(66, 90, 30)", "graphs": 10, "wf_rmse_eV": 0.56259308311025}, {"element_counts": "(23, 128, 60)", "graphs": 1, "wf_rmse_eV": 0.5565233351002368}, {"element_counts": "(64, 91, 30)", "graphs": 5, "wf_rmse_eV": 0.5278062361508389}, {"element_counts": "(19, 69, 30)", "graphs": 1, "wf_rmse_eV": 0.5201432294725068}, {"element_counts": "(62, 90, 30)", "graphs": 3, "wf_rmse_eV": 0.5072211927825545}, {"element_counts": "(61, 90, 30)", "graphs": 10, "wf_rmse_eV": 0.5064317472060132}, {"element_counts": "(20, 45, 18)", "graphs": 2, "wf_rmse_eV": 0.4929251666040419}], "scope": "Full supplied split; diagnostic only, no reference-dependent correction or exclusion is applied. Large error alone does not establish bad reference data.", "atomic_numbers": [1, 8, 77]}
2026-10-09 02:15:41.559 INFO: Epoch 75: loss=62.0662, RMSE_E_per_atom=552.5912 meV, RMSE_F=210.8344 meV/A, RMSE_dip_per_atom=0.8922 meA, RMSE_rho=0.1356 me/A^3, RMSE_EF(abs/rel)=128.0435/127.6613 meV, RMSE_ESP=194.0059 mV, RMSE_ESPvac(abs/rel)=192.2899/191.4825 mV, RMSE_WF(abs/rel)=290.9134/290.8111 meV
2026-10-09 02:15:41.559 INFO: 50-step electronic residual maximum: 0.00077173
2026-10-09 02:15:41.569 INFO: Optimizer epoch 75: lr=[0.001, 0.001, 0.001, 0.001, 0.001, 0.001, 0.001, 0.001], mean gradient norm=2866.4, clipped=346/346
2026-10-09 02:15:41.569 INFO: Epoch timing: train=203.990s, validation=45.131s, updates=346, train/update=0.58957s, peak allocated=14502.5 MiB, backbone=CuEq
2026-10-09 02:15:41.570 INFO: Optimization budget: graphs=1384/1384, updates=346, mean retained gradient=0.0078596, min retained gradient=0.00010737
2026-10-09 02:15:41.570 INFO: Optimizer time scales {"updates_per_epoch": 346, "groups": [{"name": "embedding", "lr": 0.001, "parameter_update_range": [26296.0, 26296.0], "moment_memory_epochs": [0.02890173410404625, 2.8901734104046217], "AdamW_decay_only_retention_per_epoch": 1.0}, {"name": "interactions_no_decay", "lr": 0.001, "parameter_update_range": [26296.0, 26296.0], "moment_memory_epochs": [0.02890173410404625, 2.8901734104046217], "AdamW_decay_only_retention_per_epoch": 1.0}, {"name": "products", "lr": 0.001, "parameter_update_range": [26296.0, 26296.0], "moment_memory_epochs": [0.02890173410404625, 2.8901734104046217], "AdamW_decay_only_retention_per_epoch": 0.9996540596781468}, {"name": "readouts", "lr": 0.001, "parameter_update_range": [26296.0, 26296.0], "moment_memory_epochs": [0.02890173410404625, 2.8901734104046217], "AdamW_decay_only_retention_per_epoch": 1.0}, {"name": "lr_source_maps", "lr": 0.001, "parameter_update_range": [26296.0, 26296.0], "moment_memory_epochs": [0.02890173410404625, 2.8901734104046217], "AdamW_decay_only_retention_per_epoch": 1.0}, {"name": "field_dependent_charges_map", "lr": 0.001, "parameter_update_range": [26296.0, 26296.0], "moment_memory_epochs": [0.02890173410404625, 2.8901734104046217], "AdamW_decay_only_retention_per_epoch": 0.9965459616620003}, {"name": "electronic_references", "lr": 0.001, "parameter_update_range": [26296.0, 26296.0], "moment_memory_epochs": [0.02890173410404625, 2.8901734104046217], "AdamW_decay_only_retention_per_epoch": 1.0}, {"name": "layer_feature_mixer", "lr": 0.001, "parameter_update_range": [26296.0, 26296.0], "moment_memory_epochs": [0.02890173410404625, 2.8901734104046217], "AdamW_decay_only_retention_per_epoch": 0.9996540596781468}], "EMA_asymptotic_memory_epochs": 0.2890173410404622}
2026-10-09 02:15:41.570 INFO: Batching: optimizer graphs=4, device graphs<=4; one clipping/Adam/EMA update per optimizer batch
2026-10-09 02:15:41.570 INFO: 50-step finite-budget validation residual 0.00077173 exceeds equilibrium tolerance 1e-06; metrics describe the exported finite trajectory, not a converged root
2026-10-09 02:32:50.106 INFO: Training-only scalar reference calibration {'fermi_level': {'observed_training_graphs': 61, 'shift_eV': 0.03206351671291824, 'reference_eV': -0.15489039185453157, 'panel_RMSE_before_eV': 0.1181648037226293, 'panel_RMSE_after_eV': 0.11373148963593117}, 'vacuum_potential': {'observed_training_graphs': 61, 'shift_eV': 0.04013728983379709, 'reference_eV': 0.032660361150583635, 'panel_RMSE_before_eV': 0.14600713754127853, 'panel_RMSE_after_eV': 0.1403819154228763}, 'seconds': 8.973188804986421}; constants saved with the model; relative errors and physical fixed-Q trajectory unchanged
2026-10-09 02:33:26.171 INFO: Full validation audit {"graphs": 350, "index_convention": "supplied loader order, zero based", "force_rmse_by_element_column_eV_A": {"0": 0.17952573162017096, "1": 0.21817310274139246, "2": 0.2970865218937664}, "force_target_rms_by_element_column_eV_A": {"0": 0.7583041629256339, "1": 0.8719660684898465, "2": 0.9586983364634067}, "force_rmse_over_target_rms_by_element_column": {"0": 0.23674633530632072, "1": 0.25020824849210627, "2": 0.3098853003017661}, "density_observers": {"density_RMSE_e_A3": 0.0012475227369819878, "farfield_RMSE_e_A3": 0.00014013801611198609, "scope": "Different Gaussian resolutions of the same error; smaller farfield RMSE is not an accuracy gain."}, "stored_potential_gauge": {"deformation_mean_range_eV": [-1.923389086888605e-13, 1.7333365232548237e-13], "scope": "Stored k=0 is retained for audit; RMSE_ESP compares fields modulo a uniform offset. Scalar EF/vacuum errors use their stored label convention."}, "potential_error_power_fractions": {"normal_reciprocal_line": 0.8817716525296186, "Gaussian_lowpass": 0.7722120592401976, "Gaussian_width_A": 1.5}, "observed_EF_vac_WF": 330, "EF_vac_WF_rmse_eV": [0.1290314875204516, 0.19473727638452465, 0.29874475986221805], "EF_vac_WF_relative_rmse_eV": [0.12798309399189747, 0.1947054141975376, 0.29807872219628134], "EF_vac_WF_bias_eV": [-0.016415006061576615, 0.003522569492299197, 0.019937575553875854], "EF_vac_covariance_eV2": -0.017280526980297185, "WF_absolute_error_quantiles_eV": {"median": 0.11352274085739689, "p90": 0.4430851551462566, "p99": 1.224921339128954, "max": 1.7275801154184576}, "WF_identity_max_error_eV": 1.1102230246251565e-15, "absolute_relative_bias_identity_max_error_eV2": 2.7755575615628914e-17, "WF_variance_components_eV2": {"EF": 0.016379672347738853, "vacuum": 0.037910198317834654, "covariance_contribution": 0.03456105396059437}, "largest_relative_WF_errors": [{"index": 304, "atoms": 180, "composition": [60, 90, 30], "charge": 0.0, "weight": 1.0, "ef": -0.5345602498213629, "vac": 1.193019865597095, "wf": 1.7275801154184576, "force_rmse": 0.19811194656354877, "potential_error_power_eV2": 0.7578715937113805, "stored_deformation_potential_mean_eV": 3.4053226704110426e-14, "gaussian_lowpass_error_power_eV2": 0.6887629962296783, "planar_error_power_eV2": 0.7491809820939037, "loader_frame_1based": 305, "EF_vac_WF_centered_errors_eV": [-0.5181452437597862, 1.1894972961047958, 1.7076425398645818], "relative_WF_squared_error_fraction": 0.09945303450436935}, {"index": 206, "atoms": 183, "composition": [63, 90, 30], "charge": 0.0, "weight": 1.0, "ef": 0.5339239603005721, "vac": -0.8777394716477565, "wf": -1.4116634319483286, "force_rmse": 0.113156172061124, "potential_error_power_eV2": 0.3606311626758865, "stored_deformation_potential_mean_eV": -1.79033983761625e-15, "gaussian_lowpass_error_power_eV2": 0.3318792414419519, "planar_error_power_eV2": 0.35498495872734515, "loader_frame_1based": 207, "EF_vac_WF_centered_errors_eV": [0.5503389663621487, -0.8812620411400557, -1.4316010075022043], "relative_WF_squared_error_fraction": 0.0698985391373019}, {"index": 134, "atoms": 180, "composition": [0, 120, 60], "charge": 0.0, "weight": 1.0, "ef": 0.31432989041289283, "vac": -1.0302992278185679, "wf": -1.3446291182314596, "force_rmse": 0.573127805680426, "potential_error_power_eV2": 0.9802750693149387, "stored_deformation_potential_mean_eV": -4.632205743448059e-14, "gaussian_lowpass_error_power_eV2": 0.7949097495171545, "planar_error_power_eV2": 0.9242763984818779, "loader_frame_1based": 135, "EF_vac_WF_centered_errors_eV": [0.3307448964744695, -1.033821797310867, -1.3645666937853353], "relative_WF_squared_error_fraction": 0.06350583668307042}, {"index": 293, "atoms": 108, "composition": [0, 72, 36], "charge": 0.0, "weight": 1.0, "ef": 0.4663445807278248, "vac": -0.8077959497199165, "wf": -1.2741405304477418, "force_rmse": 0.6786043617204115, "potential_error_power_eV2": 0.8873831760170106, "stored_deformation_potential_mean_eV": 8.093184424396893e-14, "gaussian_lowpass_error_power_eV2": 0.669346460610662, "planar_error_power_eV2": 0.8376038729017454, "loader_frame_1based": 294, "EF_vac_WF_centered_errors_eV": [0.48275958678940145, -0.8113185192122158, -1.2940781060016175], "relative_WF_squared_error_fraction": 0.05711433015567061}, {"index": 147, "atoms": 186, "composition": [66, 90, 30], "charge": 0.0, "weight": 1.0, "ef": -0.42650650136441964, "vac": 0.6779126797082031, "wf": 1.1044191810726232, "force_rmse": 0.37848355474278134, "potential_error_power_eV2": 0.18568252731994117, "stored_deformation_potential_mean_eV": 5.296572984662304e-14, "gaussian_lowpass_error_power_eV2": 0.17129119278381294, "planar_error_power_eV2": 0.1812970249168067, "loader_frame_1based": 148, "EF_vac_WF_centered_errors_eV": [-0.41009149530284306, 0.6743901102159039, 1.0844816055187474], "relative_WF_squared_error_fraction": 0.04011146172927344}, {"index": 298, "atoms": 185, "composition": [64, 91, 30], "charge": 0.0, "weight": 1.0, "ef": -0.5155015263256633, "vac": 0.5797466103726974, "wf": 1.09524813669836, "force_rmse": 0.15452322925131565, "potential_error_power_eV2": 0.3840371333161552, "stored_deformation_potential_mean_eV": -7.094704027482397e-14, "gaussian_lowpass_error_power_eV2": 0.35732340524724554, "planar_error_power_eV2": 0.3788006477305846, "loader_frame_1based": 299, "EF_vac_WF_centered_errors_eV": [-0.4990865202640866, 0.5762240408803981, 1.0753105611444842], "relative_WF_squared_error_fraction": 0.03943591582546532}, {"index": 240, "atoms": 183, "composition": [63, 90, 30], "charge": 0.0, "weight": 1.0, "ef": 0.2384889838396166, "vac": -0.7562322284647207, "wf": -0.994721212304337, "force_rmse": 0.13409539983176802, "potential_error_power_eV2": 0.14831209407218407, "stored_deformation_potential_mean_eV": -9.735419555064175e-14, "gaussian_lowpass_error_power_eV2": 0.12910208790321379, "planar_error_power_eV2": 0.14219280216380847, "loader_frame_1based": 241, "EF_vac_WF_centered_errors_eV": [0.25490398990119323, -0.75975479795702, -1.0146587878582127], "relative_WF_squared_error_fraction": 0.03511269391585216}, {"index": 19, "atoms": 185, "composition": [65, 90, 30], "charge": 0.0, "weight": 1.0, "ef": 0.2574538766383687, "vac": -0.606551249750364, "wf": -0.8640051263887321, "force_rmse": 0.17215472710964289, "potential_error_power_eV2": 0.14010326878212084, "stored_deformation_potential_mean_eV": 2.356223350263377e-14, "gaussian_lowpass_error_power_eV2": 0.11915005539434614, "planar_error_power_eV2": 0.13147382056616153, "loader_frame_1based": 20, "EF_vac_WF_centered_errors_eV": [0.27386888269994536, -0.6100738192426632, -0.8839427019426079], "relative_WF_squared_error_fraction": 0.02664847356486148}], "WF_centered_squared_error_share_largest_10_structures": 0.48104096967249194, "WF_centered_squared_error_share_largest_10_percent": 0.7610528874035897, "independent_single_anchor_EF_vac_WF_RMSE_eV": [0.18099542727781198, 0.2753550374256286, 0.4215469715848232], "relative_error_scope": "One whole-split offset for RMSE_rel; no fitted offset is applied to predictions. Single-anchor expectation assumes independent configurations.", "WF_squared_error_share_largest_10_percent": 0.7506408505604648, "largest_WF_errors": [{"index": 304, "atoms": 180, "composition": [60, 90, 30], "charge": 0.0, "weight": 1.0, "ef": -0.5345602498213629, "vac": 1.193019865597095, "wf": 1.7275801154184576, "force_rmse": 0.19811194656354877, "potential_error_power_eV2": 0.7578715937113805, "stored_deformation_potential_mean_eV": 3.4053226704110426e-14, "gaussian_lowpass_error_power_eV2": 0.6887629962296783, "planar_error_power_eV2": 0.7491809820939037}, {"index": 206, "atoms": 183, "composition": [63, 90, 30], "charge": 0.0, "weight": 1.0, "ef": 0.5339239603005721, "vac": -0.8777394716477565, "wf": -1.4116634319483286, "force_rmse": 0.113156172061124, "potential_error_power_eV2": 0.3606311626758865, "stored_deformation_potential_mean_eV": -1.79033983761625e-15, "gaussian_lowpass_error_power_eV2": 0.3318792414419519, "planar_error_power_eV2": 0.35498495872734515}, {"index": 134, "atoms": 180, "composition": [0, 120, 60], "charge": 0.0, "weight": 1.0, "ef": 0.31432989041289283, "vac": -1.0302992278185679, "wf": -1.3446291182314596, "force_rmse": 0.573127805680426, "potential_error_power_eV2": 0.9802750693149387, "stored_deformation_potential_mean_eV": -4.632205743448059e-14, "gaussian_lowpass_error_power_eV2": 0.7949097495171545, "planar_error_power_eV2": 0.9242763984818779}, {"index": 293, "atoms": 108, "composition": [0, 72, 36], "charge": 0.0, "weight": 1.0, "ef": 0.4663445807278248, "vac": -0.8077959497199165, "wf": -1.2741405304477418, "force_rmse": 0.6786043617204115, "potential_error_power_eV2": 0.8873831760170106, "stored_deformation_potential_mean_eV": 8.093184424396893e-14, "gaussian_lowpass_error_power_eV2": 0.669346460610662, "planar_error_power_eV2": 0.8376038729017454}, {"index": 147, "atoms": 186, "composition": [66, 90, 30], "charge": 0.0, "weight": 1.0, "ef": -0.42650650136441964, "vac": 0.6779126797082031, "wf": 1.1044191810726232, "force_rmse": 0.37848355474278134, "potential_error_power_eV2": 0.18568252731994117, "stored_deformation_potential_mean_eV": 5.296572984662304e-14, "gaussian_lowpass_error_power_eV2": 0.17129119278381294, "planar_error_power_eV2": 0.1812970249168067}, {"index": 298, "atoms": 185, "composition": [64, 91, 30], "charge": 0.0, "weight": 1.0, "ef": -0.5155015263256633, "vac": 0.5797466103726974, "wf": 1.09524813669836, "force_rmse": 0.15452322925131565, "potential_error_power_eV2": 0.3840371333161552, "stored_deformation_potential_mean_eV": -7.094704027482397e-14, "gaussian_lowpass_error_power_eV2": 0.35732340524724554, "planar_error_power_eV2": 0.3788006477305846}, {"index": 240, "atoms": 183, "composition": [63, 90, 30], "charge": 0.0, "weight": 1.0, "ef": 0.2384889838396166, "vac": -0.7562322284647207, "wf": -0.994721212304337, "force_rmse": 0.13409539983176802, "potential_error_power_eV2": 0.14831209407218407, "stored_deformation_potential_mean_eV": -9.735419555064175e-14, "gaussian_lowpass_error_power_eV2": 0.12910208790321379, "planar_error_power_eV2": 0.14219280216380847}, {"index": 19, "atoms": 185, "composition": [65, 90, 30], "charge": 0.0, "weight": 1.0, "ef": 0.2574538766383687, "vac": -0.606551249750364, "wf": -0.8640051263887321, "force_rmse": 0.17215472710964289, "potential_error_power_eV2": 0.14010326878212084, "stored_deformation_potential_mean_eV": 2.356223350263377e-14, "gaussian_lowpass_error_power_eV2": 0.11915005539434614, "planar_error_power_eV2": 0.13147382056616153}], "composition_cohorts": [{"element_counts": "(60, 90, 30)", "graphs": 1, "wf_rmse_eV": 1.7275801154184576}, {"element_counts": "(0, 120, 60)", "graphs": 2, "wf_rmse_eV": 0.9508818206623856}, {"element_counts": "(63, 90, 30)", "graphs": 7, "wf_rmse_eV": 0.7101545132164113}, {"element_counts": "(14, 43, 18)", "graphs": 1, "wf_rmse_eV": 0.6765349906887161}, {"element_counts": "(23, 128, 60)", "graphs": 1, "wf_rmse_eV": 0.6703962424246566}, {"element_counts": "(40, 88, 36)", "graphs": 1, "wf_rmse_eV": 0.6488703636816}, {"element_counts": "(0, 72, 36)", "graphs": 4, "wf_rmse_eV": 0.6464631497590828}, {"element_counts": "(19, 57, 24)", "graphs": 1, "wf_rmse_eV": 0.6113025944231012}, {"element_counts": "(66, 90, 30)", "graphs": 10, "wf_rmse_eV": 0.5833901187231492}, {"element_counts": "(31, 135, 60)", "graphs": 1, "wf_rmse_eV": 0.5711467413240525}, {"element_counts": "(64, 91, 30)", "graphs": 5, "wf_rmse_eV": 0.5403993269155465}, {"element_counts": "(65, 90, 30)", "graphs": 10, "wf_rmse_eV": 0.5167036027533217}], "scope": "Full supplied split; diagnostic only, no reference-dependent correction or exclusion is applied. Large error alone does not establish bad reference data.", "atomic_numbers": [1, 8, 77]}
2026-10-09 02:33:26.173 INFO: Epoch 80: loss=63.024, RMSE_E_per_atom=543.5121 meV, RMSE_F=219.6056 meV/A, RMSE_dip_per_atom=0.9520 meA, RMSE_rho=0.1401 me/A^3, RMSE_EF(abs/rel)=129.0315/127.9831 meV, RMSE_ESP=191.7135 mV, RMSE_ESPvac(abs/rel)=194.7373/194.7054 mV, RMSE_WF(abs/rel)=298.7448/298.0787 meV
2026-10-09 02:33:26.174 INFO: 50-step electronic residual maximum: 0.043126
2026-10-09 02:33:26.181 INFO: Optimizer epoch 80: lr=[0.001, 0.001, 0.001, 0.001, 0.001, 0.001, 0.001, 0.001], mean gradient norm=2629.1, clipped=346/346
2026-10-09 02:33:26.181 INFO: Epoch timing: train=201.736s, validation=45.048s, updates=346, train/update=0.58305s, peak allocated=13832.5 MiB, backbone=CuEq
2026-10-09 02:33:26.181 INFO: Optimization budget: graphs=1384/1384, updates=346, mean retained gradient=0.00947, min retained gradient=0.00032625
2026-10-09 02:33:26.181 INFO: Optimizer time scales {"updates_per_epoch": 346, "groups": [{"name": "embedding", "lr": 0.001, "parameter_update_range": [28026.0, 28026.0], "moment_memory_epochs": [0.02890173410404625, 2.8901734104046217], "AdamW_decay_only_retention_per_epoch": 1.0}, {"name": "interactions_no_decay", "lr": 0.001, "parameter_update_range": [28026.0, 28026.0], "moment_memory_epochs": [0.02890173410404625, 2.8901734104046217], "AdamW_decay_only_retention_per_epoch": 1.0}, {"name": "products", "lr": 0.001, "parameter_update_range": [28026.0, 28026.0], "moment_memory_epochs": [0.02890173410404625, 2.8901734104046217], "AdamW_decay_only_retention_per_epoch": 0.9996540596781468}, {"name": "readouts", "lr": 0.001, "parameter_update_range": [28026.0, 28026.0], "moment_memory_epochs": [0.02890173410404625, 2.8901734104046217], "AdamW_decay_only_retention_per_epoch": 1.0}, {"name": "lr_source_maps", "lr": 0.001, "parameter_update_range": [28026.0, 28026.0], "moment_memory_epochs": [0.02890173410404625, 2.8901734104046217], "AdamW_decay_only_retention_per_epoch": 1.0}, {"name": "field_dependent_charges_map", "lr": 0.001, "parameter_update_range": [28026.0, 28026.0], "moment_memory_epochs": [0.02890173410404625, 2.8901734104046217], "AdamW_decay_only_retention_per_epoch": 0.9965459616620003}, {"name": "electronic_references", "lr": 0.001, "parameter_update_range": [28026.0, 28026.0], "moment_memory_epochs": [0.02890173410404625, 2.8901734104046217], "AdamW_decay_only_retention_per_epoch": 1.0}, {"name": "layer_feature_mixer", "lr": 0.001, "parameter_update_range": [28026.0, 28026.0], "moment_memory_epochs": [0.02890173410404625, 2.8901734104046217], "AdamW_decay_only_retention_per_epoch": 0.9996540596781468}], "EMA_asymptotic_memory_epochs": 0.2890173410404622}
2026-10-09 02:33:26.181 INFO: Batching: optimizer graphs=4, device graphs<=4; one clipping/Adam/EMA update per optimizer batch
2026-10-09 02:33:26.181 INFO: 50-step finite-budget validation residual 0.043126 exceeds equilibrium tolerance 1e-06; metrics describe the exported finite trajectory, not a converged root
2026-10-09 02:50:32.311 INFO: Training-only scalar reference calibration {'fermi_level': {'observed_training_graphs': 61, 'shift_eV': 0.047091891458969644, 'reference_eV': -0.10779850039556194, 'panel_RMSE_before_eV': 0.1165329104255051, 'panel_RMSE_after_eV': 0.10659396310793316}, 'vacuum_potential': {'observed_training_graphs': 61, 'shift_eV': -0.009320373256285937, 'reference_eV': 0.023339987894297698, 'panel_RMSE_before_eV': 0.1088786779741366, 'panel_RMSE_after_eV': 0.10847901714045555}, 'seconds': 8.975514296005713}; constants saved with the model; relative errors and physical fixed-Q trajectory unchanged
2026-10-09 02:51:08.431 INFO: Full validation audit {"graphs": 350, "index_convention": "supplied loader order, zero based", "force_rmse_by_element_column_eV_A": {"0": 0.15746349957701558, "1": 0.20469638339248458, "2": 0.29377834353268506}, "force_target_rms_by_element_column_eV_A": {"0": 0.7583041629256339, "1": 0.8719660684898465, "2": 0.9586983364634067}, "force_rmse_over_target_rms_by_element_column": {"0": 0.20765216291244057, "1": 0.23475269369942017, "2": 0.30643460237598785}, "density_observers": {"density_RMSE_e_A3": 0.001338310387134076, "farfield_RMSE_e_A3": 0.00013951799331453813, "scope": "Different Gaussian resolutions of the same error; smaller farfield RMSE is not an accuracy gain."}, "stored_potential_gauge": {"deformation_mean_range_eV": [-1.923389086888605e-13, 1.7333365232548237e-13], "scope": "Stored k=0 is retained for audit; RMSE_ESP compares fields modulo a uniform offset. Scalar EF/vacuum errors use their stored label convention."}, "potential_error_power_fractions": {"normal_reciprocal_line": 0.866157609540371, "Gaussian_lowpass": 0.7512090009206943, "Gaussian_width_A": 1.5}, "observed_EF_vac_WF": 330, "EF_vac_WF_rmse_eV": [0.12643751772914774, 0.18759812656421046, 0.2876203027589064], "EF_vac_WF_relative_rmse_eV": [0.12549998618556107, 0.18758133664227086, 0.28706409389339715], "EF_vac_WF_bias_eV": [-0.015368778641535257, 0.002509827464307317, 0.017878606105842666], "EF_vac_covariance_eV2": -0.01573439480688007, "WF_absolute_error_quantiles_eV": {"median": 0.09387738453721961, "p90": 0.4173930969412904, "p99": 1.1371362319144505, "max": 1.7191013702106455}, "WF_identity_max_error_eV": 9.992007221626409e-16, "absolute_relative_bias_identity_max_error_eV2": 4.163336342344337e-17, "WF_variance_components_eV2": {"EF": 0.01575024653257603, "vacuum": 0.035186757856500946, "covariance_contribution": 0.03146878961376014}, "largest_relative_WF_errors": [{"index": 304, "atoms": 180, "composition": [60, 90, 30], "charge": 0.0, "weight": 1.0, "ef": -0.5628659016637356, "vac": 1.1562354685469094, "wf": 1.7191013702106455, "force_rmse": 0.17431931419260133, "potential_error_power_eV2": 0.7952028263787592, "stored_deformation_potential_mean_eV": 3.4053226704110426e-14, "gaussian_lowpass_error_power_eV2": 0.7219474021377853, "planar_error_power_eV2": 0.7831011582205984, "loader_frame_1based": 305, "EF_vac_WF_centered_errors_eV": [-0.5474971230222003, 1.153725641082602, 1.7012227641048028], "relative_WF_squared_error_fraction": 0.1064267212043714}, {"index": 206, "atoms": 183, "composition": [63, 90, 30], "charge": 0.0, "weight": 1.0, "ef": 0.5230772727414948, "vac": -0.8327987641421215, "wf": -1.3558760368836165, "force_rmse": 0.11187183772128093, "potential_error_power_eV2": 0.33854557695954823, "stored_deformation_potential_mean_eV": -1.79033983761625e-15, "gaussian_lowpass_error_power_eV2": 0.31008145326472314, "planar_error_power_eV2": 0.3327373262500175, "loader_frame_1based": 207, "EF_vac_WF_centered_errors_eV": [0.5384460513830301, -0.8353085916064288, -1.3737546429894592], "relative_WF_squared_error_fraction": 0.06939795266242547}, {"index": 147, "atoms": 186, "composition": [66, 90, 30], "charge": 0.0, "weight": 1.0, "ef": -0.47761343505174086, "vac": 0.7767214141258365, "wf": 1.2543348491775776, "force_rmse": 0.21653112732645963, "potential_error_power_eV2": 0.2367834985719164, "stored_deformation_potential_mean_eV": 5.296572984662304e-14, "gaussian_lowpass_error_power_eV2": 0.21940085861316416, "planar_error_power_eV2": 0.23248356226654443, "loader_frame_1based": 148, "EF_vac_WF_centered_errors_eV": [-0.4622446564102056, 0.7742115866615292, 1.236456243071735], "relative_WF_squared_error_fraction": 0.05621934938430512}, {"index": 298, "atoms": 185, "composition": [64, 91, 30], "charge": 0.0, "weight": 1.0, "ef": -0.5496000846380769, "vac": 0.6041519127054249, "wf": 1.1537519973435009, "force_rmse": 0.1728953133626922, "potential_error_power_eV2": 0.4507224344968051, "stored_deformation_potential_mean_eV": -7.094704027482397e-14, "gaussian_lowpass_error_power_eV2": 0.42111853691750095, "planar_error_power_eV2": 0.4448356836550332, "loader_frame_1based": 299, "EF_vac_WF_centered_errors_eV": [-0.5342313059965416, 0.6016420852411176, 1.1358733912376582], "relative_WF_squared_error_fraction": 0.047444750131147864}, {"index": 240, "atoms": 183, "composition": [63, 90, 30], "charge": 0.0, "weight": 1.0, "ef": 0.27006857972386045, "vac": -0.8263876747608503, "wf": -1.0964562544847105, "force_rmse": 0.12597047254295116, "potential_error_power_eV2": 0.1790713937232376, "stored_deformation_potential_mean_eV": -9.735419555064175e-14, "gaussian_lowpass_error_power_eV2": 0.15779779359928056, "planar_error_power_eV2": 0.17336819529593706, "loader_frame_1based": 241, "EF_vac_WF_centered_errors_eV": [0.2854373583653957, -0.8288975022251576, -1.1143348605905532], "relative_WF_squared_error_fraction": 0.045662506393760724}, {"index": 35, "atoms": 75, "composition": [14, 43, 18], "charge": 0.0, "weight": 1.0, "ef": 0.34652368013715495, "vac": -0.7015929585572049, "wf": -1.04811663869436, "force_rmse": 0.29932113405110444, "potential_error_power_eV2": 0.23494778934620658, "stored_deformation_potential_mean_eV": -4.530744579115239e-14, "gaussian_lowpass_error_power_eV2": 0.20450246467826422, "planar_error_power_eV2": 0.22589857387853254, "loader_frame_1based": 36, "EF_vac_WF_centered_errors_eV": [0.3618924587786902, -0.7041027860215122, -1.0659952448002026], "relative_WF_squared_error_fraction": 0.04178677422585562}, {"index": 211, "atoms": 181, "composition": [61, 90, 30], "charge": 0.0, "weight": 1.0, "ef": 0.3655111607673954, "vac": -0.5533568933492035, "wf": -0.918868054116599, "force_rmse": 0.14869350560589512, "potential_error_power_eV2": 0.19098444700835415, "stored_deformation_potential_mean_eV": -3.581790839801117e-14, "gaussian_lowpass_error_power_eV2": 0.1711899760979618, "planar_error_power_eV2": 0.18401703930108337, "loader_frame_1based": 212, "EF_vac_WF_centered_errors_eV": [0.38087993940893067, -0.5558667208135107, -0.9367466602224417], "relative_WF_squared_error_fraction": 0.03226804237515835}, {"index": 193, "atoms": 185, "composition": [65, 90, 30], "charge": 0.0, "weight": 1.0, "ef": 0.29665006361022384, "vac": -0.5722355147933795, "wf": -0.8688855784036029, "force_rmse": 0.11917515909971521, "potential_error_power_eV2": 0.12847560284758905, "stored_deformation_potential_mean_eV": 2.0509542453129138e-14, "gaussian_lowpass_error_power_eV2": 0.11370699264620834, "planar_error_power_eV2": 0.12462722948858222, "loader_frame_1based": 194, "EF_vac_WF_centered_errors_eV": [0.3120188422517591, -0.5747453422576868, -0.8867641845094456], "relative_WF_squared_error_fraction": 0.028916425055847093}], "WF_centered_squared_error_share_largest_10_structures": 0.4750637416068761, "WF_centered_squared_error_share_largest_10_percent": 0.7476530057924937, "independent_single_anchor_EF_vac_WF_RMSE_eV": [0.17748378254125657, 0.26528007032757267, 0.4059699348543858], "relative_error_scope": "One whole-split offset for RMSE_rel; no fitted offset is applied to predictions. Single-anchor expectation assumes independent configurations.", "WF_squared_error_share_largest_10_percent": 0.7433227479523545, "largest_WF_errors": [{"index": 304, "atoms": 180, "composition": [60, 90, 30], "charge": 0.0, "weight": 1.0, "ef": -0.5628659016637356, "vac": 1.1562354685469094, "wf": 1.7191013702106455, "force_rmse": 0.17431931419260133, "potential_error_power_eV2": 0.7952028263787592, "stored_deformation_potential_mean_eV": 3.4053226704110426e-14, "gaussian_lowpass_error_power_eV2": 0.7219474021377853, "planar_error_power_eV2": 0.7831011582205984}, {"index": 206, "atoms": 183, "composition": [63, 90, 30], "charge": 0.0, "weight": 1.0, "ef": 0.5230772727414948, "vac": -0.8327987641421215, "wf": -1.3558760368836165, "force_rmse": 0.11187183772128093, "potential_error_power_eV2": 0.33854557695954823, "stored_deformation_potential_mean_eV": -1.79033983761625e-15, "gaussian_lowpass_error_power_eV2": 0.31008145326472314, "planar_error_power_eV2": 0.3327373262500175}, {"index": 147, "atoms": 186, "composition": [66, 90, 30], "charge": 0.0, "weight": 1.0, "ef": -0.47761343505174086, "vac": 0.7767214141258365, "wf": 1.2543348491775776, "force_rmse": 0.21653112732645963, "potential_error_power_eV2": 0.2367834985719164, "stored_deformation_potential_mean_eV": 5.296572984662304e-14, "gaussian_lowpass_error_power_eV2": 0.21940085861316416, "planar_error_power_eV2": 0.23248356226654443}, {"index": 298, "atoms": 185, "composition": [64, 91, 30], "charge": 0.0, "weight": 1.0, "ef": -0.5496000846380769, "vac": 0.6041519127054249, "wf": 1.1537519973435009, "force_rmse": 0.1728953133626922, "potential_error_power_eV2": 0.4507224344968051, "stored_deformation_potential_mean_eV": -7.094704027482397e-14, "gaussian_lowpass_error_power_eV2": 0.42111853691750095, "planar_error_power_eV2": 0.4448356836550332}, {"index": 240, "atoms": 183, "composition": [63, 90, 30], "charge": 0.0, "weight": 1.0, "ef": 0.27006857972386045, "vac": -0.8263876747608503, "wf": -1.0964562544847105, "force_rmse": 0.12597047254295116, "potential_error_power_eV2": 0.1790713937232376, "stored_deformation_potential_mean_eV": -9.735419555064175e-14, "gaussian_lowpass_error_power_eV2": 0.15779779359928056, "planar_error_power_eV2": 0.17336819529593706}, {"index": 35, "atoms": 75, "composition": [14, 43, 18], "charge": 0.0, "weight": 1.0, "ef": 0.34652368013715495, "vac": -0.7015929585572049, "wf": -1.04811663869436, "force_rmse": 0.29932113405110444, "potential_error_power_eV2": 0.23494778934620658, "stored_deformation_potential_mean_eV": -4.530744579115239e-14, "gaussian_lowpass_error_power_eV2": 0.20450246467826422, "planar_error_power_eV2": 0.22589857387853254}, {"index": 211, "atoms": 181, "composition": [61, 90, 30], "charge": 0.0, "weight": 1.0, "ef": 0.3655111607673954, "vac": -0.5533568933492035, "wf": -0.918868054116599, "force_rmse": 0.14869350560589512, "potential_error_power_eV2": 0.19098444700835415, "stored_deformation_potential_mean_eV": -3.581790839801117e-14, "gaussian_lowpass_error_power_eV2": 0.1711899760979618, "planar_error_power_eV2": 0.18401703930108337}, {"index": 193, "atoms": 185, "composition": [65, 90, 30], "charge": 0.0, "weight": 1.0, "ef": 0.29665006361022384, "vac": -0.5722355147933795, "wf": -0.8688855784036029, "force_rmse": 0.11917515909971521, "potential_error_power_eV2": 0.12847560284758905, "stored_deformation_potential_mean_eV": 2.0509542453129138e-14, "gaussian_lowpass_error_power_eV2": 0.11370699264620834, "planar_error_power_eV2": 0.12462722948858222}], "composition_cohorts": [{"element_counts": "(60, 90, 30)", "graphs": 1, "wf_rmse_eV": 1.7191013702106455}, {"element_counts": "(14, 43, 18)", "graphs": 1, "wf_rmse_eV": 1.04811663869436}, {"element_counts": "(40, 88, 36)", "graphs": 1, "wf_rmse_eV": 0.8098302281863372}, {"element_counts": "(63, 90, 30)", "graphs": 7, "wf_rmse_eV": 0.7033324319231959}, {"element_counts": "(19, 57, 24)", "graphs": 1, "wf_rmse_eV": 0.6411557739940736}, {"element_counts": "(66, 90, 30)", "graphs": 10, "wf_rmse_eV": 0.626759240497663}, {"element_counts": "(64, 91, 30)", "graphs": 5, "wf_rmse_eV": 0.5919931058223477}, {"element_counts": "(0, 120, 60)", "graphs": 2, "wf_rmse_eV": 0.5218348292308336}, {"element_counts": "(65, 90, 30)", "graphs": 10, "wf_rmse_eV": 0.48919721890237255}, {"element_counts": "(61, 90, 30)", "graphs": 10, "wf_rmse_eV": 0.4855118278118286}, {"element_counts": "(62, 90, 30)", "graphs": 3, "wf_rmse_eV": 0.4470872023575852}, {"element_counts": "(21, 44, 18)", "graphs": 1, "wf_rmse_eV": 0.44546690593102056}], "scope": "Full supplied split; diagnostic only, no reference-dependent correction or exclusion is applied. Large error alone does not establish bad reference data.", "atomic_numbers": [1, 8, 77]}
2026-10-09 02:51:08.434 INFO: Epoch 85: loss=57.5442, RMSE_E_per_atom=522.3359 meV, RMSE_F=206.0784 meV/A, RMSE_dip_per_atom=0.8959 meA, RMSE_rho=0.1395 me/A^3, RMSE_EF(abs/rel)=126.4375/125.5000 meV, RMSE_ESP=191.8132 mV, RMSE_ESPvac(abs/rel)=187.5981/187.5813 mV, RMSE_WF(abs/rel)=287.6203/287.0641 meV
2026-10-09 02:51:08.434 INFO: 50-step electronic residual maximum: 0.0046171
2026-10-09 02:51:08.443 INFO: Optimizer epoch 85: lr=[0.001, 0.001, 0.001, 0.001, 0.001, 0.001, 0.001, 0.001], mean gradient norm=2409.2, clipped=346/346
2026-10-09 02:51:08.443 INFO: Epoch timing: train=204.036s, validation=45.109s, updates=346, train/update=0.58970s, peak allocated=14014.8 MiB, backbone=CuEq
2026-10-09 02:51:08.443 INFO: Optimization budget: graphs=1384/1384, updates=346, mean retained gradient=0.009737, min retained gradient=0.00040019
2026-10-09 02:51:08.443 INFO: Optimizer time scales {"updates_per_epoch": 346, "groups": [{"name": "embedding", "lr": 0.001, "parameter_update_range": [29756.0, 29756.0], "moment_memory_epochs": [0.02890173410404625, 2.8901734104046217], "AdamW_decay_only_retention_per_epoch": 1.0}, {"name": "interactions_no_decay", "lr": 0.001, "parameter_update_range": [29756.0, 29756.0], "moment_memory_epochs": [0.02890173410404625, 2.8901734104046217], "AdamW_decay_only_retention_per_epoch": 1.0}, {"name": "products", "lr": 0.001, "parameter_update_range": [29756.0, 29756.0], "moment_memory_epochs": [0.02890173410404625, 2.8901734104046217], "AdamW_decay_only_retention_per_epoch": 0.9996540596781468}, {"name": "readouts", "lr": 0.001, "parameter_update_range": [29756.0, 29756.0], "moment_memory_epochs": [0.02890173410404625, 2.8901734104046217], "AdamW_decay_only_retention_per_epoch": 1.0}, {"name": "lr_source_maps", "lr": 0.001, "parameter_update_range": [29756.0, 29756.0], "moment_memory_epochs": [0.02890173410404625, 2.8901734104046217], "AdamW_decay_only_retention_per_epoch": 1.0}, {"name": "field_dependent_charges_map", "lr": 0.001, "parameter_update_range": [29756.0, 29756.0], "moment_memory_epochs": [0.02890173410404625, 2.8901734104046217], "AdamW_decay_only_retention_per_epoch": 0.9965459616620003}, {"name": "electronic_references", "lr": 0.001, "parameter_update_range": [29756.0, 29756.0], "moment_memory_epochs": [0.02890173410404625, 2.8901734104046217], "AdamW_decay_only_retention_per_epoch": 1.0}, {"name": "layer_feature_mixer", "lr": 0.001, "parameter_update_range": [29756.0, 29756.0], "moment_memory_epochs": [0.02890173410404625, 2.8901734104046217], "AdamW_decay_only_retention_per_epoch": 0.9996540596781468}], "EMA_asymptotic_memory_epochs": 0.2890173410404622}
2026-10-09 02:51:08.443 INFO: Batching: optimizer graphs=4, device graphs<=4; one clipping/Adam/EMA update per optimizer batch
2026-10-09 02:51:08.444 INFO: 50-step finite-budget validation residual 0.0046171 exceeds equilibrium tolerance 1e-06; metrics describe the exported finite trajectory, not a converged root
2026-10-09 03:08:13.457 INFO: Training-only scalar reference calibration {'fermi_level': {'observed_training_graphs': 61, 'shift_eV': 0.009940984399930087, 'reference_eV': -0.09785751599563185, 'panel_RMSE_before_eV': 0.09645507593931159, 'panel_RMSE_after_eV': 0.0959414326744119}, 'vacuum_potential': {'observed_training_graphs': 61, 'shift_eV': -0.01639985645204521, 'reference_eV': 0.006940131442252487, 'panel_RMSE_before_eV': 0.10710403903136902, 'panel_RMSE_after_eV': 0.10584101230234587}, 'seconds': 8.96835437999107}; constants saved with the model; relative errors and physical fixed-Q trajectory unchanged
2026-10-09 03:08:49.148 INFO: Full validation audit {"graphs": 350, "index_convention": "supplied loader order, zero based", "force_rmse_by_element_column_eV_A": {"0": 0.15285749590807904, "1": 0.20401010312062323, "2": 0.28010001842804716}, "force_target_rms_by_element_column_eV_A": {"0": 0.7583041629256339, "1": 0.8719660684898465, "2": 0.9586983364634067}, "force_rmse_over_target_rms_by_element_column": {"0": 0.2015780782718314, "1": 0.2339656444131447, "2": 0.29216700162568654}, "density_observers": {"density_RMSE_e_A3": 0.0013300138783742328, "farfield_RMSE_e_A3": 0.0001393096625965965, "scope": "Different Gaussian resolutions of the same error; smaller farfield RMSE is not an accuracy gain."}, "stored_potential_gauge": {"deformation_mean_range_eV": [-1.923389086888605e-13, 1.7333365232548237e-13], "scope": "Stored k=0 is retained for audit; RMSE_ESP compares fields modulo a uniform offset. Scalar EF/vacuum errors use their stored label convention."}, "potential_error_power_fractions": {"normal_reciprocal_line": 0.8767694695729088, "Gaussian_lowpass": 0.7659088048487448, "Gaussian_width_A": 1.5}, "observed_EF_vac_WF": 330, "EF_vac_WF_rmse_eV": [0.12760411205590383, 0.19185595058344398, 0.29256106111134345], "EF_vac_WF_relative_rmse_eV": [0.12666398907339554, 0.1917914030183236, 0.2923731261613855], "EF_vac_WF_bias_eV": [-0.015461024726401656, -0.004976294056814026, 0.010484730669587623], "EF_vac_covariance_eV2": -0.016327168250829582, "WF_absolute_error_quantiles_eV": {"median": 0.10673533820648906, "p90": 0.483987971522622, "p99": 1.1318213049264851, "max": 1.716392128252461}, "WF_identity_max_error_eV": 1.1102230246251565e-15, "absolute_relative_bias_identity_max_error_eV2": 2.7755575615628914e-17, "WF_variance_components_eV2": {"EF": 0.016043766127985262, "vacuum": 0.03678394227173702, "covariance_contribution": 0.032654336501659165}, "largest_relative_WF_errors": [{"index": 206, "atoms": 183, "composition": [63, 90, 30], "charge": 0.0, "weight": 1.0, "ef": 0.6675594200410463, "vac": -1.0488327082114148, "wf": -1.716392128252461, "force_rmse": 0.10828168164014766, "potential_error_power_eV2": 0.5381841941718213, "stored_deformation_potential_mean_eV": -1.79033983761625e-15, "gaussian_lowpass_error_power_eV2": 0.49952877986116107, "planar_error_power_eV2": 0.5332952349664148, "loader_frame_1based": 207, "EF_vac_WF_centered_errors_eV": [0.6830204447674479, -1.0438564141546007, -1.7268768589220487], "relative_WF_squared_error_fraction": 0.1057143385657989}, {"index": 304, "atoms": 180, "composition": [60, 90, 30], "charge": 0.0, "weight": 1.0, "ef": -0.4927816745699769, "vac": 1.084300920404175, "wf": 1.5770825949741516, "force_rmse": 0.1953721459034495, "potential_error_power_eV2": 0.6627795669840052, "stored_deformation_potential_mean_eV": 3.4053226704110426e-14, "gaussian_lowpass_error_power_eV2": 0.6019746011793191, "planar_error_power_eV2": 0.6534074361789406, "loader_frame_1based": 305, "EF_vac_WF_centered_errors_eV": [-0.47732064984357525, 1.089277214460989, 1.566597864304564], "relative_WF_squared_error_fraction": 0.08700139527174199}, {"index": 35, "atoms": 75, "composition": [14, 43, 18], "charge": 0.0, "weight": 1.0, "ef": 0.37646470424083356, "vac": -0.8327973094785635, "wf": -1.209262013719397, "force_rmse": 0.2863756196170235, "potential_error_power_eV2": 0.28838824754166764, "stored_deformation_potential_mean_eV": -4.530744579115239e-14, "gaussian_lowpass_error_power_eV2": 0.2545854034480855, "planar_error_power_eV2": 0.2804272692506287, "loader_frame_1based": 36, "EF_vac_WF_centered_errors_eV": [0.3919257289672352, -0.8278210154217495, -1.2197467443889847], "relative_WF_squared_error_fraction": 0.05274125897694746}, {"index": 240, "atoms": 183, "composition": [63, 90, 30], "charge": 0.0, "weight": 1.0, "ef": 0.31440468651596687, "vac": -0.8460207212425832, "wf": -1.1604254077585505, "force_rmse": 0.13245734432511083, "potential_error_power_eV2": 0.19175433203631848, "stored_deformation_potential_mean_eV": -9.735419555064175e-14, "gaussian_lowpass_error_power_eV2": 0.17021912598254643, "planar_error_power_eV2": 0.18506706030008266, "loader_frame_1based": 241, "EF_vac_WF_centered_errors_eV": [0.3298657112423685, -0.8410444271857692, -1.1709101384281382], "relative_WF_squared_error_fraction": 0.04860246431851794}, {"index": 147, "atoms": 186, "composition": [66, 90, 30], "charge": 0.0, "weight": 1.0, "ef": -0.3997200204917432, "vac": 0.6620705499148647, "wf": 1.061790570406608, "force_rmse": 0.23172560939398026, "potential_error_power_eV2": 0.161146296441943, "stored_deformation_potential_mean_eV": 5.296572984662304e-14, "gaussian_lowpass_error_power_eV2": 0.14774058849285054, "planar_error_power_eV2": 0.15721016322549056, "loader_frame_1based": 148, "EF_vac_WF_centered_errors_eV": [-0.38425899576534156, 0.6670468439716787, 1.0513058397370203], "relative_WF_squared_error_fraction": 0.03918044018874496}, {"index": 211, "atoms": 181, "composition": [61, 90, 30], "charge": 0.0, "weight": 1.0, "ef": 0.4153954252673532, "vac": -0.6090970137435225, "wf": -1.024492439010876, "force_rmse": 0.10861937932093674, "potential_error_power_eV2": 0.2342499237446127, "stored_deformation_potential_mean_eV": -3.581790839801117e-14, "gaussian_lowpass_error_power_eV2": 0.213402523374801, "planar_error_power_eV2": 0.22723096188483244, "loader_frame_1based": 212, "EF_vac_WF_centered_errors_eV": [0.43085644999375483, -0.6041207196867086, -1.0349771696804637], "relative_WF_squared_error_fraction": 0.03797280657701454}, {"index": 298, "atoms": 185, "composition": [64, 91, 30], "charge": 0.0, "weight": 1.0, "ef": -0.4896394037043652, "vac": 0.5526949296502144, "wf": 1.042334333354579, "force_rmse": 0.17030323739853112, "potential_error_power_eV2": 0.3375349672556598, "stored_deformation_potential_mean_eV": -7.094704027482397e-14, "gaussian_lowpass_error_power_eV2": 0.31523429847513545, "planar_error_power_eV2": 0.33317236245185544, "loader_frame_1based": 299, "EF_vac_WF_centered_errors_eV": [-0.47417837897796355, 0.5576712237070284, 1.0318496026849913], "relative_WF_squared_error_fraction": 0.03774365552401336}, {"index": 193, "atoms": 185, "composition": [65, 90, 30], "charge": 0.0, "weight": 1.0, "ef": 0.3407967496156654, "vac": -0.5919165643289359, "wf": -0.9327133139446016, "force_rmse": 0.11683777123770415, "potential_error_power_eV2": 0.14441667420985332, "stored_deformation_potential_mean_eV": 2.0509542453129138e-14, "gaussian_lowpass_error_power_eV2": 0.13018371381852623, "planar_error_power_eV2": 0.14083254441515142, "loader_frame_1based": 194, "EF_vac_WF_centered_errors_eV": [0.35625777434206707, -0.5869402702721219, -0.9431980446141892], "relative_WF_squared_error_fraction": 0.031536750394008974}], "WF_centered_squared_error_share_largest_10_structures": 0.48115816353689106, "WF_centered_squared_error_share_largest_10_percent": 0.7574464808263027, "independent_single_anchor_EF_vac_WF_RMSE_eV": [0.1791299312118735, 0.2712340032950774, 0.41347804029085133], "relative_error_scope": "One whole-split offset for RMSE_rel; no fitted offset is applied to predictions. Single-anchor expectation assumes independent configurations.", "WF_squared_error_share_largest_10_percent": 0.7530933439118201, "largest_WF_errors": [{"index": 206, "atoms": 183, "composition": [63, 90, 30], "charge": 0.0, "weight": 1.0, "ef": 0.6675594200410463, "vac": -1.0488327082114148, "wf": -1.716392128252461, "force_rmse": 0.10828168164014766, "potential_error_power_eV2": 0.5381841941718213, "stored_deformation_potential_mean_eV": -1.79033983761625e-15, "gaussian_lowpass_error_power_eV2": 0.49952877986116107, "planar_error_power_eV2": 0.5332952349664148}, {"index": 304, "atoms": 180, "composition": [60, 90, 30], "charge": 0.0, "weight": 1.0, "ef": -0.4927816745699769, "vac": 1.084300920404175, "wf": 1.5770825949741516, "force_rmse": 0.1953721459034495, "potential_error_power_eV2": 0.6627795669840052, "stored_deformation_potential_mean_eV": 3.4053226704110426e-14, "gaussian_lowpass_error_power_eV2": 0.6019746011793191, "planar_error_power_eV2": 0.6534074361789406}, {"index": 35, "atoms": 75, "composition": [14, 43, 18], "charge": 0.0, "weight": 1.0, "ef": 0.37646470424083356, "vac": -0.8327973094785635, "wf": -1.209262013719397, "force_rmse": 0.2863756196170235, "potential_error_power_eV2": 0.28838824754166764, "stored_deformation_potential_mean_eV": -4.530744579115239e-14, "gaussian_lowpass_error_power_eV2": 0.2545854034480855, "planar_error_power_eV2": 0.2804272692506287}, {"index": 240, "atoms": 183, "composition": [63, 90, 30], "charge": 0.0, "weight": 1.0, "ef": 0.31440468651596687, "vac": -0.8460207212425832, "wf": -1.1604254077585505, "force_rmse": 0.13245734432511083, "potential_error_power_eV2": 0.19175433203631848, "stored_deformation_potential_mean_eV": -9.735419555064175e-14, "gaussian_lowpass_error_power_eV2": 0.17021912598254643, "planar_error_power_eV2": 0.18506706030008266}, {"index": 147, "atoms": 186, "composition": [66, 90, 30], "charge": 0.0, "weight": 1.0, "ef": -0.3997200204917432, "vac": 0.6620705499148647, "wf": 1.061790570406608, "force_rmse": 0.23172560939398026, "potential_error_power_eV2": 0.161146296441943, "stored_deformation_potential_mean_eV": 5.296572984662304e-14, "gaussian_lowpass_error_power_eV2": 0.14774058849285054, "planar_error_power_eV2": 0.15721016322549056}, {"index": 298, "atoms": 185, "composition": [64, 91, 30], "charge": 0.0, "weight": 1.0, "ef": -0.4896394037043652, "vac": 0.5526949296502144, "wf": 1.042334333354579, "force_rmse": 0.17030323739853112, "potential_error_power_eV2": 0.3375349672556598, "stored_deformation_potential_mean_eV": -7.094704027482397e-14, "gaussian_lowpass_error_power_eV2": 0.31523429847513545, "planar_error_power_eV2": 0.33317236245185544}, {"index": 211, "atoms": 181, "composition": [61, 90, 30], "charge": 0.0, "weight": 1.0, "ef": 0.4153954252673532, "vac": -0.6090970137435225, "wf": -1.024492439010876, "force_rmse": 0.10861937932093674, "potential_error_power_eV2": 0.2342499237446127, "stored_deformation_potential_mean_eV": -3.581790839801117e-14, "gaussian_lowpass_error_power_eV2": 0.213402523374801, "planar_error_power_eV2": 0.22723096188483244}, {"index": 193, "atoms": 185, "composition": [65, 90, 30], "charge": 0.0, "weight": 1.0, "ef": 0.3407967496156654, "vac": -0.5919165643289359, "wf": -0.9327133139446016, "force_rmse": 0.11683777123770415, "potential_error_power_eV2": 0.14441667420985332, "stored_deformation_potential_mean_eV": 2.0509542453129138e-14, "gaussian_lowpass_error_power_eV2": 0.13018371381852623, "planar_error_power_eV2": 0.14083254441515142}], "composition_cohorts": [{"element_counts": "(60, 90, 30)", "graphs": 1, "wf_rmse_eV": 1.5770825949741516}, {"element_counts": "(14, 43, 18)", "graphs": 1, "wf_rmse_eV": 1.209262013719397}, {"element_counts": "(63, 90, 30)", "graphs": 7, "wf_rmse_eV": 0.8407530091550801}, {"element_counts": "(40, 88, 36)", "graphs": 1, "wf_rmse_eV": 0.6575582964329323}, {"element_counts": "(21, 44, 18)", "graphs": 1, "wf_rmse_eV": 0.5981933070058094}, {"element_counts": "(23, 128, 60)", "graphs": 1, "wf_rmse_eV": 0.5614500001656904}, {"element_counts": "(0, 36, 18)", "graphs": 1, "wf_rmse_eV": 0.5606265280958027}, {"element_counts": "(31, 135, 60)", "graphs": 1, "wf_rmse_eV": 0.5548077676796508}, {"element_counts": "(66, 90, 30)", "graphs": 10, "wf_rmse_eV": 0.5518696431955071}, {"element_counts": "(64, 91, 30)", "graphs": 5, "wf_rmse_eV": 0.5514277292888067}, {"element_counts": "(41, 135, 60)", "graphs": 1, "wf_rmse_eV": 0.5379738218406516}, {"element_counts": "(65, 90, 30)", "graphs": 10, "wf_rmse_eV": 0.5201241755816479}], "scope": "Full supplied split; diagnostic only, no reference-dependent correction or exclusion is applied. Large error alone does not establish bad reference data.", "atomic_numbers": [1, 8, 77]}
2026-10-09 03:08:49.151 INFO: Epoch 90: loss=58.1968, RMSE_E_per_atom=536.8454 meV, RMSE_F=201.5084 meV/A, RMSE_dip_per_atom=0.9329 meA, RMSE_rho=0.1393 me/A^3, RMSE_EF(abs/rel)=127.6041/126.6640 meV, RMSE_ESP=188.0149 mV, RMSE_ESPvac(abs/rel)=191.8560/191.7914 mV, RMSE_WF(abs/rel)=292.5611/292.3731 meV
2026-10-09 03:08:49.151 INFO: 50-step electronic residual maximum: 0.16364
2026-10-09 03:08:49.158 INFO: Optimizer epoch 90: lr=[0.001, 0.001, 0.001, 0.001, 0.001, 0.001, 0.001, 0.001], mean gradient norm=2607.5, clipped=346/346
2026-10-09 03:08:49.158 INFO: Epoch timing: train=200.505s, validation=44.670s, updates=346, train/update=0.57949s, peak allocated=14460.5 MiB, backbone=CuEq
2026-10-09 03:08:49.158 INFO: Optimization budget: graphs=1384/1384, updates=346, mean retained gradient=0.009661, min retained gradient=0.00030537
2026-10-09 03:08:49.158 INFO: Optimizer time scales {"updates_per_epoch": 346, "groups": [{"name": "embedding", "lr": 0.001, "parameter_update_range": [31486.0, 31486.0], "moment_memory_epochs": [0.02890173410404625, 2.8901734104046217], "AdamW_decay_only_retention_per_epoch": 1.0}, {"name": "interactions_no_decay", "lr": 0.001, "parameter_update_range": [31486.0, 31486.0], "moment_memory_epochs": [0.02890173410404625, 2.8901734104046217], "AdamW_decay_only_retention_per_epoch": 1.0}, {"name": "products", "lr": 0.001, "parameter_update_range": [31486.0, 31486.0], "moment_memory_epochs": [0.02890173410404625, 2.8901734104046217], "AdamW_decay_only_retention_per_epoch": 0.9996540596781468}, {"name": "readouts", "lr": 0.001, "parameter_update_range": [31486.0, 31486.0], "moment_memory_epochs": [0.02890173410404625, 2.8901734104046217], "AdamW_decay_only_retention_per_epoch": 1.0}, {"name": "lr_source_maps", "lr": 0.001, "parameter_update_range": [31486.0, 31486.0], "moment_memory_epochs": [0.02890173410404625, 2.8901734104046217], "AdamW_decay_only_retention_per_epoch": 1.0}, {"name": "field_dependent_charges_map", "lr": 0.001, "parameter_update_range": [31486.0, 31486.0], "moment_memory_epochs": [0.02890173410404625, 2.8901734104046217], "AdamW_decay_only_retention_per_epoch": 0.9965459616620003}, {"name": "electronic_references", "lr": 0.001, "parameter_update_range": [31486.0, 31486.0], "moment_memory_epochs": [0.02890173410404625, 2.8901734104046217], "AdamW_decay_only_retention_per_epoch": 1.0}, {"name": "layer_feature_mixer", "lr": 0.001, "parameter_update_range": [31486.0, 31486.0], "moment_memory_epochs": [0.02890173410404625, 2.8901734104046217], "AdamW_decay_only_retention_per_epoch": 0.9996540596781468}], "EMA_asymptotic_memory_epochs": 0.2890173410404622}
2026-10-09 03:08:49.158 INFO: Batching: optimizer graphs=4, device graphs<=4; one clipping/Adam/EMA update per optimizer batch
2026-10-09 03:08:49.158 INFO: 50-step finite-budget validation residual 0.16364 exceeds equilibrium tolerance 1e-06; metrics describe the exported finite trajectory, not a converged root
2026-10-09 03:26:00.554 INFO: Training-only scalar reference calibration {'fermi_level': {'observed_training_graphs': 61, 'shift_eV': -0.023650966446056892, 'reference_eV': -0.12150848244168874, 'panel_RMSE_before_eV': 0.09759462705840924, 'panel_RMSE_after_eV': 0.09468549528221033}, 'vacuum_potential': {'observed_training_graphs': 61, 'shift_eV': 0.02553922243485182, 'reference_eV': 0.03247935387710431, 'panel_RMSE_before_eV': 0.1053607159061228, 'panel_RMSE_after_eV': 0.10221853341578462}, 'seconds': 8.987052431999473}; constants saved with the model; relative errors and physical fixed-Q trajectory unchanged
2026-10-09 03:26:36.716 INFO: Full validation audit {"graphs": 350, "index_convention": "supplied loader order, zero based", "force_rmse_by_element_column_eV_A": {"0": 0.15813322756883802, "1": 0.20444918744582982, "2": 0.2774382933121296}, "force_target_rms_by_element_column_eV_A": {"0": 0.7583041629256339, "1": 0.8719660684898465, "2": 0.9586983364634067}, "force_rmse_over_target_rms_by_element_column": {"0": 0.20853535467712578, "1": 0.23446920107787483, "2": 0.2893906067841803}, "density_observers": {"density_RMSE_e_A3": 0.0013112452495361929, "farfield_RMSE_e_A3": 0.00013869370737081962, "scope": "Different Gaussian resolutions of the same error; smaller farfield RMSE is not an accuracy gain."}, "stored_potential_gauge": {"deformation_mean_range_eV": [-1.923389086888605e-13, 1.7333365232548237e-13], "scope": "Stored k=0 is retained for audit; RMSE_ESP compares fields modulo a uniform offset. Scalar EF/vacuum errors use their stored label convention."}, "potential_error_power_fractions": {"normal_reciprocal_line": 0.8796483371892048, "Gaussian_lowpass": 0.7661674525638532, "Gaussian_width_A": 1.5}, "observed_EF_vac_WF": 330, "EF_vac_WF_rmse_eV": [0.1255515180169935, 0.19045692756752516, 0.2910754132962217], "EF_vac_WF_relative_rmse_eV": [0.12487813276594441, 0.19022318944703548, 0.29105372666300605], "EF_vac_WF_bias_eV": [-0.012985978332901939, -0.009432892189502448, 0.003553086143399495], "EF_vac_covariance_eV2": -0.01646643097895614, "WF_absolute_error_quantiles_eV": {"median": 0.12239621097370867, "p90": 0.4478876127204364, "p99": 1.0889527871469538, "max": 1.7271533347776087}, "WF_identity_max_error_eV": 8.881784197001252e-16, "absolute_relative_bias_identity_max_error_eV2": 2.7755575615628914e-17, "WF_variance_components_eV2": {"EF": 0.01559454804310884, "vacuum": 0.03618486180340275, "covariance_contribution": 0.03293286195791228}, "largest_relative_WF_errors": [{"index": 206, "atoms": 183, "composition": [63, 90, 30], "charge": 0.0, "weight": 1.0, "ef": 0.6729649059432014, "vac": -1.0541884288344066, "wf": -1.7271533347776087, "force_rmse": 0.11189906217431694, "potential_error_power_eV2": 0.5513684565942499, "stored_deformation_potential_mean_eV": -1.79033983761625e-15, "gaussian_lowpass_error_power_eV2": 0.5111911557979745, "planar_error_power_eV2": 0.5461309764574447, "loader_frame_1based": 207, "EF_vac_WF_centered_errors_eV": [0.6859508842761033, -1.0447555366449042, -1.7307064209210081], "relative_WF_squared_error_fraction": 0.10714860993088035}, {"index": 304, "atoms": 180, "composition": [60, 90, 30], "charge": 0.0, "weight": 1.0, "ef": -0.49718667916260517, "vac": 1.0851423045268787, "wf": 1.582328983689484, "force_rmse": 0.16758816373141966, "potential_error_power_eV2": 0.6829557365400977, "stored_deformation_potential_mean_eV": 3.4053226704110426e-14, "gaussian_lowpass_error_power_eV2": 0.6219611364774303, "planar_error_power_eV2": 0.6743404507613886, "loader_frame_1based": 305, "EF_vac_WF_centered_errors_eV": [-0.48420070082970323, 1.094575196716381, 1.5787758975460846], "relative_WF_squared_error_fraction": 0.08916218578846787}, {"index": 240, "atoms": 183, "composition": [63, 90, 30], "charge": 0.0, "weight": 1.0, "ef": 0.2943933248257773, "vac": -0.8186839309452569, "wf": -1.1130772557710342, "force_rmse": 0.12982010434062097, "potential_error_power_eV2": 0.18168919669490097, "stored_deformation_potential_mean_eV": -9.735419555064175e-14, "gaussian_lowpass_error_power_eV2": 0.15990629498171555, "planar_error_power_eV2": 0.17474284324470396, "loader_frame_1based": 241, "EF_vac_WF_centered_errors_eV": [0.30737930315867923, -0.8092510387557544, -1.1166303419144337], "relative_WF_squared_error_fraction": 0.044602436199083044}, {"index": 298, "atoms": 185, "composition": [64, 91, 30], "charge": 0.0, "weight": 1.0, "ef": -0.5253107392505767, "vac": 0.5821831503148216, "wf": 1.107493889565398, "force_rmse": 0.15094291550809816, "potential_error_power_eV2": 0.3720172734460441, "stored_deformation_potential_mean_eV": -7.094704027482397e-14, "gaussian_lowpass_error_power_eV2": 0.3478713643533366, "planar_error_power_eV2": 0.3674145459565073, "loader_frame_1based": 299, "EF_vac_WF_centered_errors_eV": [-0.5123247609176748, 0.5916160425043241, 1.1039408034219986], "relative_WF_squared_error_fraction": 0.0435944600612866}, {"index": 134, "atoms": 180, "composition": [0, 120, 60], "charge": 0.0, "weight": 1.0, "ef": 0.2684049107684022, "vac": -0.7751541428713313, "wf": -1.0435590536397328, "force_rmse": 0.41462320004758746, "potential_error_power_eV2": 0.8850391077012849, "stored_deformation_potential_mean_eV": -4.632205743448059e-14, "gaussian_lowpass_error_power_eV2": 0.6821389925193627, "planar_error_power_eV2": 0.8093246205155892, "loader_frame_1based": 135, "EF_vac_WF_centered_errors_eV": [0.28139088910130416, -0.7657212506818288, -1.0471121397831322], "relative_WF_squared_error_fraction": 0.03922167355185496}, {"index": 211, "atoms": 181, "composition": [61, 90, 30], "charge": 0.0, "weight": 1.0, "ef": 0.4173465024973503, "vac": -0.5700620577000168, "wf": -0.9874085601973674, "force_rmse": 0.10730735360314712, "potential_error_power_eV2": 0.22316077293272438, "stored_deformation_potential_mean_eV": -3.581790839801117e-14, "gaussian_lowpass_error_power_eV2": 0.20175331141154274, "planar_error_power_eV2": 0.21643755456756, "loader_frame_1based": 212, "EF_vac_WF_centered_errors_eV": [0.4303324808302522, -0.5606291655105143, -0.9909616463407669], "relative_WF_squared_error_fraction": 0.035127999957656614}, {"index": 35, "atoms": 75, "composition": [14, 43, 18], "charge": 0.0, "weight": 1.0, "ef": 0.367589630304189, "vac": -0.6139489787125028, "wf": -0.9815386090166918, "force_rmse": 0.2731740018501001, "potential_error_power_eV2": 0.2146294053229064, "stored_deformation_potential_mean_eV": -4.530744579115239e-14, "gaussian_lowpass_error_power_eV2": 0.18829325006420683, "planar_error_power_eV2": 0.20793189087142397, "loader_frame_1based": 36, "EF_vac_WF_centered_errors_eV": [0.38057560863709095, -0.6045160865230003, -0.9850916951600912], "relative_WF_squared_error_fraction": 0.034713071822261285}, {"index": 147, "atoms": 186, "composition": [66, 90, 30], "charge": 0.0, "weight": 1.0, "ef": -0.3921072161991822, "vac": 0.5475013135635782, "wf": 0.9396085297627605, "force_rmse": 0.22610969266383077, "potential_error_power_eV2": 0.1300567742762929, "stored_deformation_potential_mean_eV": 5.296572984662304e-14, "gaussian_lowpass_error_power_eV2": 0.11900915699830174, "planar_error_power_eV2": 0.12621498595069552, "loader_frame_1based": 148, "EF_vac_WF_centered_errors_eV": [-0.37912123786628027, 0.5569342057530807, 0.9360554436193611], "relative_WF_squared_error_fraction": 0.031343167086973225}], "WF_centered_squared_error_share_largest_10_structures": 0.480019154736985, "WF_centered_squared_error_share_largest_10_percent": 0.7371375008040639, "independent_single_anchor_EF_vac_WF_RMSE_eV": [0.17660434900142657, 0.2690162143938642, 0.41161212762605487], "relative_error_scope": "One whole-split offset for RMSE_rel; no fitted offset is applied to predictions. Single-anchor expectation assumes independent configurations.", "WF_squared_error_share_largest_10_percent": 0.7351187411442894, "largest_WF_errors": [{"index": 206, "atoms": 183, "composition": [63, 90, 30], "charge": 0.0, "weight": 1.0, "ef": 0.6729649059432014, "vac": -1.0541884288344066, "wf": -1.7271533347776087, "force_rmse": 0.11189906217431694, "potential_error_power_eV2": 0.5513684565942499, "stored_deformation_potential_mean_eV": -1.79033983761625e-15, "gaussian_lowpass_error_power_eV2": 0.5111911557979745, "planar_error_power_eV2": 0.5461309764574447}, {"index": 304, "atoms": 180, "composition": [60, 90, 30], "charge": 0.0, "weight": 1.0, "ef": -0.49718667916260517, "vac": 1.0851423045268787, "wf": 1.582328983689484, "force_rmse": 0.16758816373141966, "potential_error_power_eV2": 0.6829557365400977, "stored_deformation_potential_mean_eV": 3.4053226704110426e-14, "gaussian_lowpass_error_power_eV2": 0.6219611364774303, "planar_error_power_eV2": 0.6743404507613886}, {"index": 240, "atoms": 183, "composition": [63, 90, 30], "charge": 0.0, "weight": 1.0, "ef": 0.2943933248257773, "vac": -0.8186839309452569, "wf": -1.1130772557710342, "force_rmse": 0.12982010434062097, "potential_error_power_eV2": 0.18168919669490097, "stored_deformation_potential_mean_eV": -9.735419555064175e-14, "gaussian_lowpass_error_power_eV2": 0.15990629498171555, "planar_error_power_eV2": 0.17474284324470396}, {"index": 298, "atoms": 185, "composition": [64, 91, 30], "charge": 0.0, "weight": 1.0, "ef": -0.5253107392505767, "vac": 0.5821831503148216, "wf": 1.107493889565398, "force_rmse": 0.15094291550809816, "potential_error_power_eV2": 0.3720172734460441, "stored_deformation_potential_mean_eV": -7.094704027482397e-14, "gaussian_lowpass_error_power_eV2": 0.3478713643533366, "planar_error_power_eV2": 0.3674145459565073}, {"index": 134, "atoms": 180, "composition": [0, 120, 60], "charge": 0.0, "weight": 1.0, "ef": 0.2684049107684022, "vac": -0.7751541428713313, "wf": -1.0435590536397328, "force_rmse": 0.41462320004758746, "potential_error_power_eV2": 0.8850391077012849, "stored_deformation_potential_mean_eV": -4.632205743448059e-14, "gaussian_lowpass_error_power_eV2": 0.6821389925193627, "planar_error_power_eV2": 0.8093246205155892}, {"index": 211, "atoms": 181, "composition": [61, 90, 30], "charge": 0.0, "weight": 1.0, "ef": 0.4173465024973503, "vac": -0.5700620577000168, "wf": -0.9874085601973674, "force_rmse": 0.10730735360314712, "potential_error_power_eV2": 0.22316077293272438, "stored_deformation_potential_mean_eV": -3.581790839801117e-14, "gaussian_lowpass_error_power_eV2": 0.20175331141154274, "planar_error_power_eV2": 0.21643755456756}, {"index": 35, "atoms": 75, "composition": [14, 43, 18], "charge": 0.0, "weight": 1.0, "ef": 0.367589630304189, "vac": -0.6139489787125028, "wf": -0.9815386090166918, "force_rmse": 0.2731740018501001, "potential_error_power_eV2": 0.2146294053229064, "stored_deformation_potential_mean_eV": -4.530744579115239e-14, "gaussian_lowpass_error_power_eV2": 0.18829325006420683, "planar_error_power_eV2": 0.20793189087142397}, {"index": 147, "atoms": 186, "composition": [66, 90, 30], "charge": 0.0, "weight": 1.0, "ef": -0.3921072161991822, "vac": 0.5475013135635782, "wf": 0.9396085297627605, "force_rmse": 0.22610969266383077, "potential_error_power_eV2": 0.1300567742762929, "stored_deformation_potential_mean_eV": 5.296572984662304e-14, "gaussian_lowpass_error_power_eV2": 0.11900915699830174, "planar_error_power_eV2": 0.12621498595069552}], "composition_cohorts": [{"element_counts": "(60, 90, 30)", "graphs": 1, "wf_rmse_eV": 1.582328983689484}, {"element_counts": "(14, 43, 18)", "graphs": 1, "wf_rmse_eV": 0.9815386090166918}, {"element_counts": "(63, 90, 30)", "graphs": 7, "wf_rmse_eV": 0.8176628300830208}, {"element_counts": "(0, 120, 60)", "graphs": 2, "wf_rmse_eV": 0.7380120093508822}, {"element_counts": "(62, 90, 30)", "graphs": 3, "wf_rmse_eV": 0.6241203163577277}, {"element_counts": "(64, 91, 30)", "graphs": 5, "wf_rmse_eV": 0.5613013194425006}, {"element_counts": "(23, 128, 60)", "graphs": 1, "wf_rmse_eV": 0.5446688994750435}, {"element_counts": "(66, 90, 30)", "graphs": 10, "wf_rmse_eV": 0.525993102455713}, {"element_counts": "(40, 88, 36)", "graphs": 1, "wf_rmse_eV": 0.5127104986999482}, {"element_counts": "(65, 90, 30)", "graphs": 10, "wf_rmse_eV": 0.5077177333617356}, {"element_counts": "(21, 44, 18)", "graphs": 1, "wf_rmse_eV": 0.49743731029535354}, {"element_counts": "(31, 135, 60)", "graphs": 1, "wf_rmse_eV": 0.48323348797724197}], "scope": "Full supplied split; diagnostic only, no reference-dependent correction or exclusion is applied. Large error alone does not establish bad reference data.", "atomic_numbers": [1, 8, 77]}
2026-10-09 03:26:36.719 INFO: Epoch 95: loss=56.1889, RMSE_E_per_atom=515.2961 meV, RMSE_F=202.6416 meV/A, RMSE_dip_per_atom=0.9129 meA, RMSE_rho=0.1387 me/A^3, RMSE_EF(abs/rel)=125.5515/124.8781 meV, RMSE_ESP=191.5452 mV, RMSE_ESPvac(abs/rel)=190.4569/190.2232 mV, RMSE_WF(abs/rel)=291.0754/291.0537 meV
2026-10-09 03:26:36.719 INFO: 50-step electronic residual maximum: 0.7052
2026-10-09 03:26:36.725 INFO: Optimizer epoch 95: lr=[0.001, 0.001, 0.001, 0.001, 0.001, 0.001, 0.001, 0.001], mean gradient norm=2945, clipped=346/346
2026-10-09 03:26:36.725 INFO: Epoch timing: train=204.379s, validation=45.159s, updates=346, train/update=0.59069s, peak allocated=14491.8 MiB, backbone=CuEq
2026-10-09 03:26:36.725 INFO: Optimization budget: graphs=1384/1384, updates=346, mean retained gradient=0.010194, min retained gradient=6.6943e-05
2026-10-09 03:26:36.726 INFO: Optimizer time scales {"updates_per_epoch": 346, "groups": [{"name": "embedding", "lr": 0.001, "parameter_update_range": [33216.0, 33216.0], "moment_memory_epochs": [0.02890173410404625, 2.8901734104046217], "AdamW_decay_only_retention_per_epoch": 1.0}, {"name": "interactions_no_decay", "lr": 0.001, "parameter_update_range": [33216.0, 33216.0], "moment_memory_epochs": [0.02890173410404625, 2.8901734104046217], "AdamW_decay_only_retention_per_epoch": 1.0}, {"name": "products", "lr": 0.001, "parameter_update_range": [33216.0, 33216.0], "moment_memory_epochs": [0.02890173410404625, 2.8901734104046217], "AdamW_decay_only_retention_per_epoch": 0.9996540596781468}, {"name": "readouts", "lr": 0.001, "parameter_update_range": [33216.0, 33216.0], "moment_memory_epochs": [0.02890173410404625, 2.8901734104046217], "AdamW_decay_only_retention_per_epoch": 1.0}, {"name": "lr_source_maps", "lr": 0.001, "parameter_update_range": [33216.0, 33216.0], "moment_memory_epochs": [0.02890173410404625, 2.8901734104046217], "AdamW_decay_only_retention_per_epoch": 1.0}, {"name": "field_dependent_charges_map", "lr": 0.001, "parameter_update_range": [33216.0, 33216.0], "moment_memory_epochs": [0.02890173410404625, 2.8901734104046217], "AdamW_decay_only_retention_per_epoch": 0.9965459616620003}, {"name": "electronic_references", "lr": 0.001, "parameter_update_range": [33216.0, 33216.0], "moment_memory_epochs": [0.02890173410404625, 2.8901734104046217], "AdamW_decay_only_retention_per_epoch": 1.0}, {"name": "layer_feature_mixer", "lr": 0.001, "parameter_update_range": [33216.0, 33216.0], "moment_memory_epochs": [0.02890173410404625, 2.8901734104046217], "AdamW_decay_only_retention_per_epoch": 0.9996540596781468}], "EMA_asymptotic_memory_epochs": 0.2890173410404622}
2026-10-09 03:26:36.726 INFO: Batching: optimizer graphs=4, device graphs<=4; one clipping/Adam/EMA update per optimizer batch
2026-10-09 03:26:36.726 INFO: 50-step finite-budget validation residual 0.7052 exceeds equilibrium tolerance 1e-06; metrics describe the exported finite trajectory, not a converged root
2026-10-09 03:43:45.109 INFO: Training-only scalar reference calibration {'fermi_level': {'observed_training_graphs': 61, 'shift_eV': -0.011241283063075506, 'reference_eV': -0.13274976550476425, 'panel_RMSE_before_eV': 0.11363964300770493, 'panel_RMSE_after_eV': 0.113082279858581}, 'vacuum_potential': {'observed_training_graphs': 61, 'shift_eV': 0.006992806934626368, 'reference_eV': 0.039472160811730675, 'panel_RMSE_before_eV': 0.15042354676116984, 'panel_RMSE_after_eV': 0.15026091997384047}, 'seconds': 8.992019094992429}; constants saved with the model; relative errors and physical fixed-Q trajectory unchanged
2026-10-09 03:44:21.342 INFO: Full validation audit {"graphs": 350, "index_convention": "supplied loader order, zero based", "force_rmse_by_element_column_eV_A": {"0": 0.17170807483594916, "1": 0.20864149808052357, "2": 0.28858250343919106}, "force_target_rms_by_element_column_eV_A": {"0": 0.7583041629256339, "1": 0.8719660684898465, "2": 0.9586983364634067}, "force_rmse_over_target_rms_by_element_column": {"0": 0.22643694078307255, "1": 0.23927708384555454, "2": 0.30101492040109135}, "density_observers": {"density_RMSE_e_A3": 0.0012172572263237135, "farfield_RMSE_e_A3": 0.0001307490105905811, "scope": "Different Gaussian resolutions of the same error; smaller farfield RMSE is not an accuracy gain."}, "stored_potential_gauge": {"deformation_mean_range_eV": [-1.923389086888605e-13, 1.7333365232548237e-13], "scope": "Stored k=0 is retained for audit; RMSE_ESP compares fields modulo a uniform offset. Scalar EF/vacuum errors use their stored label convention."}, "potential_error_power_fractions": {"normal_reciprocal_line": 0.886201250141915, "Gaussian_lowpass": 0.776966433975626, "Gaussian_width_A": 1.5}, "observed_EF_vac_WF": 330, "EF_vac_WF_rmse_eV": [0.1311374263352102, 0.2033701971759694, 0.3087072738081949], "EF_vac_WF_relative_rmse_eV": [0.1301580148481581, 0.20336106354305195, 0.3081864420043531], "EF_vac_WF_bias_eV": [-0.015997367177424743, 0.0019274164136056822, 0.01792478359103035], "EF_vac_covariance_eV2": -0.018341026020363978, "WF_absolute_error_quantiles_eV": {"median": 0.10113910783136548, "p90": 0.43725803467848645, "p99": 1.3266423544997754, "max": 1.7430803500056147}, "WF_identity_max_error_eV": 1.3322676295501878e-15, "absolute_relative_bias_identity_max_error_eV2": 4.163336342344337e-17, "WF_variance_components_eV2": {"EF": 0.01694110882921334, "vacuum": 0.04135572216536121, "covariance_contribution": 0.036682052040727955}, "largest_relative_WF_errors": [{"index": 206, "atoms": 183, "composition": [63, 90, 30], "charge": 0.0, "weight": 1.0, "ef": 0.6787668616923831, "vac": -1.0643134883132315, "wf": -1.7430803500056147, "force_rmse": 0.12022254387558937, "potential_error_power_eV2": 0.6033440051059953, "stored_deformation_potential_mean_eV": -1.79033983761625e-15, "gaussian_lowpass_error_power_eV2": 0.5570441876246243, "planar_error_power_eV2": 0.5965908855847918, "loader_frame_1based": 207, "EF_vac_WF_centered_errors_eV": [0.6947642288698078, -1.066240904726837, -1.761005133596645], "relative_WF_squared_error_fraction": 0.09894190006109302}, {"index": 304, "atoms": 180, "composition": [60, 90, 30], "charge": 0.0, "weight": 1.0, "ef": -0.46130004659722257, "vac": 1.000014393506464, "wf": 1.4613144401036866, "force_rmse": 0.1849442948945, "potential_error_power_eV2": 0.5920262885930643, "stored_deformation_potential_mean_eV": 3.4053226704110426e-14, "gaussian_lowpass_error_power_eV2": 0.5329862755521908, "planar_error_power_eV2": 0.5821160762592873, "loader_frame_1based": 305, "EF_vac_WF_centered_errors_eV": [-0.44530267941979784, 0.9980869770928583, 1.4433896565126563], "relative_WF_squared_error_fraction": 0.06647007667605692}, {"index": 134, "atoms": 180, "composition": [0, 120, 60], "charge": 0.0, "weight": 1.0, "ef": 0.30850543788971996, "vac": -1.0907320977591297, "wf": -1.3992375356488491, "force_rmse": 0.5855031151033192, "potential_error_power_eV2": 0.9885794301438481, "stored_deformation_potential_mean_eV": -4.632205743448059e-14, "gaussian_lowpass_error_power_eV2": 0.8182609518913735, "planar_error_power_eV2": 0.943862180320585, "loader_frame_1based": 135, "EF_vac_WF_centered_errors_eV": [0.3245028050671447, -1.0926595141727353, -1.4171623192398795], "relative_WF_squared_error_fraction": 0.06407641345653754}, {"index": 293, "atoms": 108, "composition": [0, 72, 36], "charge": 0.0, "weight": 1.0, "ef": 0.4726210390158785, "vac": -0.8822229131492509, "wf": -1.3548439521651297, "force_rmse": 0.6973470601402741, "potential_error_power_eV2": 0.8756920973682083, "stored_deformation_potential_mean_eV": 8.093184424396893e-14, "gaussian_lowpass_error_power_eV2": 0.6873566745706714, "planar_error_power_eV2": 0.8358005726472489, "loader_frame_1based": 294, "EF_vac_WF_centered_errors_eV": [0.4886184061933032, -0.8841503295628567, -1.37276873575616], "relative_WF_squared_error_fraction": 0.060124816190254345}, {"index": 35, "atoms": 75, "composition": [14, 43, 18], "charge": 0.0, "weight": 1.0, "ef": 0.4118903331576593, "vac": -0.8457067305062549, "wf": -1.2575970636639147, "force_rmse": 0.28060882421987277, "potential_error_power_eV2": 0.30926629430983665, "stored_deformation_potential_mean_eV": -4.530744579115239e-14, "gaussian_lowpass_error_power_eV2": 0.26785965752834423, "planar_error_power_eV2": 0.30138075411552134, "loader_frame_1based": 36, "EF_vac_WF_centered_errors_eV": [0.42788770033508405, -0.8476341469198606, -1.275521847254945], "relative_WF_squared_error_fraction": 0.05190806090118736}, {"index": 240, "atoms": 183, "composition": [63, 90, 30], "charge": 0.0, "weight": 1.0, "ef": 0.29840370971806585, "vac": -0.854265770681593, "wf": -1.152669480399659, "force_rmse": 0.12821878913010148, "potential_error_power_eV2": 0.20229146624929462, "stored_deformation_potential_mean_eV": -9.735419555064175e-14, "gaussian_lowpass_error_power_eV2": 0.1796172658976376, "planar_error_power_eV2": 0.19694129001415145, "loader_frame_1based": 241, "EF_vac_WF_centered_errors_eV": [0.31440107689549057, -0.8561931870951988, -1.1705942639906894], "relative_WF_squared_error_fraction": 0.0437191576439468}, {"index": 147, "atoms": 186, "composition": [66, 90, 30], "charge": 0.0, "weight": 1.0, "ef": -0.41598145625883837, "vac": 0.6616106973787623, "wf": 1.077592153637601, "force_rmse": 0.19632002914758043, "potential_error_power_eV2": 0.1596225270965459, "stored_deformation_potential_mean_eV": 5.296572984662304e-14, "gaussian_lowpass_error_power_eV2": 0.1466778799572955, "planar_error_power_eV2": 0.1559792086798607, "loader_frame_1based": 148, "EF_vac_WF_centered_errors_eV": [-0.39998408908141364, 0.6596832809651566, 1.0596673700465706], "relative_WF_squared_error_fraction": 0.035825983796905776}, {"index": 298, "atoms": 185, "composition": [64, 91, 30], "charge": 0.0, "weight": 1.0, "ef": -0.5232061423227825, "vac": 0.553307459996847, "wf": 1.07651360231963, "force_rmse": 0.16191830442474073, "potential_error_power_eV2": 0.3426490515460946, "stored_deformation_potential_mean_eV": -7.094704027482397e-14, "gaussian_lowpass_error_power_eV2": 0.32045711194478804, "planar_error_power_eV2": 0.33738037646292535, "loader_frame_1based": 299, "EF_vac_WF_centered_errors_eV": [-0.5072087751453578, 0.5513800435832413, 1.0585888187285997], "relative_WF_squared_error_fraction": 0.035753092059826276}], "WF_centered_squared_error_share_largest_10_structures": 0.5188793300812372, "WF_centered_squared_error_share_largest_10_percent": 0.7885539576377717, "independent_single_anchor_EF_vac_WF_RMSE_eV": [0.18407122984982385, 0.2875959741212008, 0.4358414460220654], "relative_error_scope": "One whole-split offset for RMSE_rel; no fitted offset is applied to predictions. Single-anchor expectation assumes independent configurations.", "WF_squared_error_share_largest_10_percent": 0.7793272093578565, "largest_WF_errors": [{"index": 206, "atoms": 183, "composition": [63, 90, 30], "charge": 0.0, "weight": 1.0, "ef": 0.6787668616923831, "vac": -1.0643134883132315, "wf": -1.7430803500056147, "force_rmse": 0.12022254387558937, "potential_error_power_eV2": 0.6033440051059953, "stored_deformation_potential_mean_eV": -1.79033983761625e-15, "gaussian_lowpass_error_power_eV2": 0.5570441876246243, "planar_error_power_eV2": 0.5965908855847918}, {"index": 304, "atoms": 180, "composition": [60, 90, 30], "charge": 0.0, "weight": 1.0, "ef": -0.46130004659722257, "vac": 1.000014393506464, "wf": 1.4613144401036866, "force_rmse": 0.1849442948945, "potential_error_power_eV2": 0.5920262885930643, "stored_deformation_potential_mean_eV": 3.4053226704110426e-14, "gaussian_lowpass_error_power_eV2": 0.5329862755521908, "planar_error_power_eV2": 0.5821160762592873}, {"index": 134, "atoms": 180, "composition": [0, 120, 60], "charge": 0.0, "weight": 1.0, "ef": 0.30850543788971996, "vac": -1.0907320977591297, "wf": -1.3992375356488491, "force_rmse": 0.5855031151033192, "potential_error_power_eV2": 0.9885794301438481, "stored_deformation_potential_mean_eV": -4.632205743448059e-14, "gaussian_lowpass_error_power_eV2": 0.8182609518913735, "planar_error_power_eV2": 0.943862180320585}, {"index": 293, "atoms": 108, "composition": [0, 72, 36], "charge": 0.0, "weight": 1.0, "ef": 0.4726210390158785, "vac": -0.8822229131492509, "wf": -1.3548439521651297, "force_rmse": 0.6973470601402741, "potential_error_power_eV2": 0.8756920973682083, "stored_deformation_potential_mean_eV": 8.093184424396893e-14, "gaussian_lowpass_error_power_eV2": 0.6873566745706714, "planar_error_power_eV2": 0.8358005726472489}, {"index": 35, "atoms": 75, "composition": [14, 43, 18], "charge": 0.0, "weight": 1.0, "ef": 0.4118903331576593, "vac": -0.8457067305062549, "wf": -1.2575970636639147, "force_rmse": 0.28060882421987277, "potential_error_power_eV2": 0.30926629430983665, "stored_deformation_potential_mean_eV": -4.530744579115239e-14, "gaussian_lowpass_error_power_eV2": 0.26785965752834423, "planar_error_power_eV2": 0.30138075411552134}, {"index": 240, "atoms": 183, "composition": [63, 90, 30], "charge": 0.0, "weight": 1.0, "ef": 0.29840370971806585, "vac": -0.854265770681593, "wf": -1.152669480399659, "force_rmse": 0.12821878913010148, "potential_error_power_eV2": 0.20229146624929462, "stored_deformation_potential_mean_eV": -9.735419555064175e-14, "gaussian_lowpass_error_power_eV2": 0.1796172658976376, "planar_error_power_eV2": 0.19694129001415145}, {"index": 147, "atoms": 186, "composition": [66, 90, 30], "charge": 0.0, "weight": 1.0, "ef": -0.41598145625883837, "vac": 0.6616106973787623, "wf": 1.077592153637601, "force_rmse": 0.19632002914758043, "potential_error_power_eV2": 0.1596225270965459, "stored_deformation_potential_mean_eV": 5.296572984662304e-14, "gaussian_lowpass_error_power_eV2": 0.1466778799572955, "planar_error_power_eV2": 0.1559792086798607}, {"index": 298, "atoms": 185, "composition": [64, 91, 30], "charge": 0.0, "weight": 1.0, "ef": -0.5232061423227825, "vac": 0.553307459996847, "wf": 1.07651360231963, "force_rmse": 0.16191830442474073, "potential_error_power_eV2": 0.3426490515460946, "stored_deformation_potential_mean_eV": -7.094704027482397e-14, "gaussian_lowpass_error_power_eV2": 0.32045711194478804, "planar_error_power_eV2": 0.33738037646292535}], "composition_cohorts": [{"element_counts": "(60, 90, 30)", "graphs": 1, "wf_rmse_eV": 1.4613144401036866}, {"element_counts": "(14, 43, 18)", "graphs": 1, "wf_rmse_eV": 1.2575970636639147}, {"element_counts": "(0, 120, 60)", "graphs": 2, "wf_rmse_eV": 0.9931605302512155}, {"element_counts": "(63, 90, 30)", "graphs": 7, "wf_rmse_eV": 0.8414972115954373}, {"element_counts": "(0, 72, 36)", "graphs": 4, "wf_rmse_eV": 0.694646060855835}, {"element_counts": "(23, 128, 60)", "graphs": 1, "wf_rmse_eV": 0.6297063699518333}, {"element_counts": "(40, 88, 36)", "graphs": 1, "wf_rmse_eV": 0.6158761560660402}, {"element_counts": "(21, 44, 18)", "graphs": 1, "wf_rmse_eV": 0.6109830622616981}, {"element_counts": "(66, 90, 30)", "graphs": 10, "wf_rmse_eV": 0.5629037139866311}, {"element_counts": "(64, 91, 30)", "graphs": 5, "wf_rmse_eV": 0.5585197911767794}, {"element_counts": "(0, 36, 18)", "graphs": 1, "wf_rmse_eV": 0.5529304749449278}, {"element_counts": "(19, 57, 24)", "graphs": 1, "wf_rmse_eV": 0.5515503547804954}], "scope": "Full supplied split; diagnostic only, no reference-dependent correction or exclusion is applied. Large error alone does not establish bad reference data.", "atomic_numbers": [1, 8, 77]}
2026-10-09 03:44:21.345 INFO: Epoch 100: loss=59.0388, RMSE_E_per_atom=519.8044 meV, RMSE_F=210.9539 meV/A, RMSE_dip_per_atom=1.0594 meA, RMSE_rho=0.1307 me/A^3, RMSE_EF(abs/rel)=131.1374/130.1580 meV, RMSE_ESP=191.9862 mV, RMSE_ESPvac(abs/rel)=203.3702/203.3611 mV, RMSE_WF(abs/rel)=308.7073/308.1864 meV
2026-10-09 03:44:21.345 INFO: 50-step electronic residual maximum: 0.0026226
2026-10-09 03:44:21.353 INFO: Optimizer epoch 100: lr=[0.001, 0.001, 0.001, 0.001, 0.001, 0.001, 0.001, 0.001], mean gradient norm=2781.5, clipped=346/346
2026-10-09 03:44:21.353 INFO: Epoch timing: train=204.167s, validation=45.236s, updates=346, train/update=0.59008s, peak allocated=14770.4 MiB, backbone=CuEq
2026-10-09 03:44:21.353 INFO: Optimization budget: graphs=1384/1384, updates=346, mean retained gradient=0.0099602, min retained gradient=7.6884e-05
2026-10-09 03:44:21.353 INFO: Optimizer time scales {"updates_per_epoch": 346, "groups": [{"name": "embedding", "lr": 0.001, "parameter_update_range": [34946.0, 34946.0], "moment_memory_epochs": [0.02890173410404625, 2.8901734104046217], "AdamW_decay_only_retention_per_epoch": 1.0}, {"name": "interactions_no_decay", "lr": 0.001, "parameter_update_range": [34946.0, 34946.0], "moment_memory_epochs": [0.02890173410404625, 2.8901734104046217], "AdamW_decay_only_retention_per_epoch": 1.0}, {"name": "products", "lr": 0.001, "parameter_update_range": [34946.0, 34946.0], "moment_memory_epochs": [0.02890173410404625, 2.8901734104046217], "AdamW_decay_only_retention_per_epoch": 0.9996540596781468}, {"name": "readouts", "lr": 0.001, "parameter_update_range": [34946.0, 34946.0], "moment_memory_epochs": [0.02890173410404625, 2.8901734104046217], "AdamW_decay_only_retention_per_epoch": 1.0}, {"name": "lr_source_maps", "lr": 0.001, "parameter_update_range": [34946.0, 34946.0], "moment_memory_epochs": [0.02890173410404625, 2.8901734104046217], "AdamW_decay_only_retention_per_epoch": 1.0}, {"name": "field_dependent_charges_map", "lr": 0.001, "parameter_update_range": [34946.0, 34946.0], "moment_memory_epochs": [0.02890173410404625, 2.8901734104046217], "AdamW_decay_only_retention_per_epoch": 0.9965459616620003}, {"name": "electronic_references", "lr": 0.001, "parameter_update_range": [34946.0, 34946.0], "moment_memory_epochs": [0.02890173410404625, 2.8901734104046217], "AdamW_decay_only_retention_per_epoch": 1.0}, {"name": "layer_feature_mixer", "lr": 0.001, "parameter_update_range": [34946.0, 34946.0], "moment_memory_epochs": [0.02890173410404625, 2.8901734104046217], "AdamW_decay_only_retention_per_epoch": 0.9996540596781468}], "EMA_asymptotic_memory_epochs": 0.2890173410404622}
2026-10-09 03:44:21.353 INFO: Batching: optimizer graphs=4, device graphs<=4; one clipping/Adam/EMA update per optimizer batch
2026-10-09 03:44:21.353 INFO: 50-step finite-budget validation residual 0.0026226 exceeds equilibrium tolerance 1e-06; metrics describe the exported finite trajectory, not a converged root
2026-10-09 03:46:42.940 INFO: Full training audit {"graphs": 1384, "index_convention": "supplied loader order, zero based", "force_rmse_by_element_column_eV_A": {"0": 0.14682600424437492, "1": 0.19736472362719606, "2": 0.26101745136432025}, "force_target_rms_by_element_column_eV_A": {"0": 0.7571064396258198, "1": 0.8677033017166068, "2": 0.9535818187475488}, "force_rmse_over_target_rms_by_element_column": {"0": 0.19393046546657278, "1": 0.22745646263733554, "2": 0.2737231837191959}, "density_observers": {"density_RMSE_e_A3": 0.001235545322570403, "farfield_RMSE_e_A3": 0.00013214846109065723, "scope": "Different Gaussian resolutions of the same error; smaller farfield RMSE is not an accuracy gain."}, "stored_potential_gauge": {"deformation_mean_range_eV": [-1.8911908162794102e-13, 1.6773131068768066e-13], "scope": "Stored k=0 is retained for audit; RMSE_ESP compares fields modulo a uniform offset. Scalar EF/vacuum errors use their stored label convention."}, "potential_error_power_fractions": {"normal_reciprocal_line": 0.8262714218921301, "Gaussian_lowpass": 0.6963335864441081, "Gaussian_width_A": 1.5}, "observed_EF_vac_WF": 1307, "EF_vac_WF_rmse_eV": [0.09134530793523087, 0.11167072534287367, 0.17454862685145303], "EF_vac_WF_relative_rmse_eV": [0.08796380287547824, 0.11026634379835541, 0.16935098470878102], "EF_vac_WF_bias_eV": [-0.02462386373959539, 0.01765458365259308, 0.042278447392188424], "EF_vac_covariance_eV2": -0.004391729415430327, "WF_absolute_error_quantiles_eV": {"median": 0.09148432429084785, "p90": 0.24998298133145253, "p99": 0.5504303963571451, "max": 1.3581260647833293}, "WF_identity_max_error_eV": 1.3322676295501878e-15, "absolute_relative_bias_identity_max_error_eV2": 3.8163916471489756e-17, "WF_variance_components_eV2": {"EF": 0.007737630616315999, "vacuum": 0.012158666574657116, "covariance_contribution": 0.008783458830860654}, "largest_relative_WF_errors": [{"index": 176, "atoms": 54, "composition": [0, 36, 18], "charge": 0.0, "weight": 1.0, "ef": 0.4726210390158776, "vac": -0.8855050257674524, "wf": -1.3581260647833293, "force_rmse": 0.6972515130301904, "potential_error_power_eV2": 0.879873046728042, "stored_deformation_potential_mean_eV": 2.0656303569452614e-14, "gaussian_lowpass_error_power_eV2": 0.6910876394540184, "planar_error_power_eV2": 0.839965083008498, "loader_frame_1based": 177, "EF_vac_WF_centered_errors_eV": [0.497244902755473, -0.9031596094200455, -1.4004045121755178], "relative_WF_squared_error_fraction": 0.05231858176610501}, {"index": 372, "atoms": 90, "composition": [0, 60, 30], "charge": 0.0, "weight": 1.0, "ef": 0.30910543788972, "vac": -0.7390575655831864, "wf": -1.048163003472907, "force_rmse": 0.5669862954391204, "potential_error_power_eV2": 0.6012926536208066, "stored_deformation_potential_mean_eV": -1.1857990328616565e-13, "gaussian_lowpass_error_power_eV2": 0.46033193076515866, "planar_error_power_eV2": 0.5567767757409463, "loader_frame_1based": 373, "EF_vac_WF_centered_errors_eV": [0.3337293016293154, -0.7567121492357795, -1.0904414508650955], "relative_WF_squared_error_fraction": 0.031721496232027815}, {"index": 434, "atoms": 180, "composition": [60, 90, 30], "charge": 0.0, "weight": 1.0, "ef": -0.4131477982615446, "vac": 0.6999433058848021, "wf": 1.1130911041463465, "force_rmse": 0.11134385576159025, "potential_error_power_eV2": 0.3175374089757445, "stored_deformation_potential_mean_eV": 2.322228286250548e-14, "gaussian_lowpass_error_power_eV2": 0.2951195834052638, "planar_error_power_eV2": 0.3154976665452457, "loader_frame_1based": 435, "EF_vac_WF_centered_errors_eV": [-0.38852393452194917, 0.682288722232209, 1.070812656754158], "relative_WF_squared_error_fraction": 0.030589751683310674}, {"index": 1318, "atoms": 186, "composition": [66, 90, 30], "charge": 0.0, "weight": 1.0, "ef": -0.5893239618917316, "vac": 0.5120257294785691, "wf": 1.1013496913703005, "force_rmse": 0.2356254617527005, "potential_error_power_eV2": 0.1807930658503564, "stored_deformation_potential_mean_eV": 5.1280046546805924e-14, "gaussian_lowpass_error_power_eV2": 0.16581725260708324, "planar_error_power_eV2": 0.17686200033509855, "loader_frame_1based": 1319, "EF_vac_WF_centered_errors_eV": [-0.5647000981521363, 0.49437114582597597, 1.059071243978112], "relative_WF_squared_error_fraction": 0.029922598984858103}, {"index": 857, "atoms": 144, "composition": [0, 96, 48], "charge": 0.0, "weight": 1.0, "ef": 0.269217399900215, "vac": -0.7239664471642602, "wf": -0.9931838470644747, "force_rmse": 0.6362197383264151, "potential_error_power_eV2": 0.5143598146619864, "stored_deformation_potential_mean_eV": 6.532060049108112e-14, "gaussian_lowpass_error_power_eV2": 0.3627266353643244, "planar_error_power_eV2": 0.4664405495404124, "loader_frame_1based": 858, "EF_vac_WF_centered_errors_eV": [0.2938412636398104, -0.7416210308168533, -1.0354622944566632], "relative_WF_squared_error_fraction": 0.028603391999195028}, {"index": 224, "atoms": 72, "composition": [0, 48, 24], "charge": 0.0, "weight": 1.0, "ef": 0.22757931949950905, "vac": -0.5632396212572015, "wf": -0.7908189407567106, "force_rmse": 0.631123822099008, "potential_error_power_eV2": 0.43020801619085947, "stored_deformation_potential_mean_eV": -7.17785582731391e-15, "gaussian_lowpass_error_power_eV2": 0.28925880199686993, "planar_error_power_eV2": 0.38159565843165394, "loader_frame_1based": 225, "EF_vac_WF_centered_errors_eV": [0.25220318323910446, -0.5808942049097946, -0.833097388148899], "relative_WF_squared_error_fraction": 0.018515715784815718}, {"index": 1369, "atoms": 231, "composition": [35, 136, 60], "charge": 0.0, "weight": 1.0, "ef": 0.2738380835567866, "vac": -0.4253821532209221, "wf": -0.699220236777709, "force_rmse": 0.1810711773630482, "potential_error_power_eV2": 0.1526015462395162, "stored_deformation_potential_mean_eV": -3.1732179817806073e-14, "gaussian_lowpass_error_power_eV2": 0.12959354969273415, "planar_error_power_eV2": 0.1396433616979872, "loader_frame_1based": 1370, "EF_vac_WF_centered_errors_eV": [0.29846194729638204, -0.4430367368735152, -0.7414986841698974], "relative_WF_squared_error_fraction": 0.014667960417434563}, {"index": 183, "atoms": 235, "composition": [38, 137, 60], "charge": 0.0, "weight": 1.0, "ef": 0.23565091005359173, "vac": -0.4193197541186269, "wf": -0.654970664172219, "force_rmse": 0.47682594872919487, "potential_error_power_eV2": 0.12784727285364475, "stored_deformation_potential_mean_eV": -2.1676020353633696e-14, "gaussian_lowpass_error_power_eV2": 0.11175344214094239, "planar_error_power_eV2": 0.12072109204419837, "loader_frame_1based": 184, "EF_vac_WF_centered_errors_eV": [0.26027477379318714, -0.43697433777121997, -0.6972491115644075], "relative_WF_squared_error_fraction": 0.012969549739691956}], "WF_centered_squared_error_share_largest_10_structures": 0.24118096318648313, "WF_centered_squared_error_share_largest_10_percent": 0.639499457533329, "independent_single_anchor_EF_vac_WF_RMSE_eV": [0.12439960302441479, 0.15594015887292864, 0.23949845937639674], "relative_error_scope": "One whole-split offset for RMSE_rel; no fitted offset is applied to predictions. Single-anchor expectation assumes independent configurations.", "WF_squared_error_share_largest_10_percent": 0.6112874019186372, "largest_WF_errors": [{"index": 176, "atoms": 54, "composition": [0, 36, 18], "charge": 0.0, "weight": 1.0, "ef": 0.4726210390158776, "vac": -0.8855050257674524, "wf": -1.3581260647833293, "force_rmse": 0.6972515130301904, "potential_error_power_eV2": 0.879873046728042, "stored_deformation_potential_mean_eV": 2.0656303569452614e-14, "gaussian_lowpass_error_power_eV2": 0.6910876394540184, "planar_error_power_eV2": 0.839965083008498}, {"index": 434, "atoms": 180, "composition": [60, 90, 30], "charge": 0.0, "weight": 1.0, "ef": -0.4131477982615446, "vac": 0.6999433058848021, "wf": 1.1130911041463465, "force_rmse": 0.11134385576159025, "potential_error_power_eV2": 0.3175374089757445, "stored_deformation_potential_mean_eV": 2.322228286250548e-14, "gaussian_lowpass_error_power_eV2": 0.2951195834052638, "planar_error_power_eV2": 0.3154976665452457}, {"index": 1318, "atoms": 186, "composition": [66, 90, 30], "charge": 0.0, "weight": 1.0, "ef": -0.5893239618917316, "vac": 0.5120257294785691, "wf": 1.1013496913703005, "force_rmse": 0.2356254617527005, "potential_error_power_eV2": 0.1807930658503564, "stored_deformation_potential_mean_eV": 5.1280046546805924e-14, "gaussian_lowpass_error_power_eV2": 0.16581725260708324, "planar_error_power_eV2": 0.17686200033509855}, {"index": 372, "atoms": 90, "composition": [0, 60, 30], "charge": 0.0, "weight": 1.0, "ef": 0.30910543788972, "vac": -0.7390575655831864, "wf": -1.048163003472907, "force_rmse": 0.5669862954391204, "potential_error_power_eV2": 0.6012926536208066, "stored_deformation_potential_mean_eV": -1.1857990328616565e-13, "gaussian_lowpass_error_power_eV2": 0.46033193076515866, "planar_error_power_eV2": 0.5567767757409463}, {"index": 857, "atoms": 144, "composition": [0, 96, 48], "charge": 0.0, "weight": 1.0, "ef": 0.269217399900215, "vac": -0.7239664471642602, "wf": -0.9931838470644747, "force_rmse": 0.6362197383264151, "potential_error_power_eV2": 0.5143598146619864, "stored_deformation_potential_mean_eV": 6.532060049108112e-14, "gaussian_lowpass_error_power_eV2": 0.3627266353643244, "planar_error_power_eV2": 0.4664405495404124}, {"index": 224, "atoms": 72, "composition": [0, 48, 24], "charge": 0.0, "weight": 1.0, "ef": 0.22757931949950905, "vac": -0.5632396212572015, "wf": -0.7908189407567106, "force_rmse": 0.631123822099008, "potential_error_power_eV2": 0.43020801619085947, "stored_deformation_potential_mean_eV": -7.17785582731391e-15, "gaussian_lowpass_error_power_eV2": 0.28925880199686993, "planar_error_power_eV2": 0.38159565843165394}, {"index": 1369, "atoms": 231, "composition": [35, 136, 60], "charge": 0.0, "weight": 1.0, "ef": 0.2738380835567866, "vac": -0.4253821532209221, "wf": -0.699220236777709, "force_rmse": 0.1810711773630482, "potential_error_power_eV2": 0.1526015462395162, "stored_deformation_potential_mean_eV": -3.1732179817806073e-14, "gaussian_lowpass_error_power_eV2": 0.12959354969273415, "planar_error_power_eV2": 0.1396433616979872}, {"index": 1359, "atoms": 186, "composition": [66, 90, 30], "charge": 0.0, "weight": 1.0, "ef": -0.24867777071179553, "vac": 0.4141710062980848, "wf": 0.6628487770098799, "force_rmse": 0.6092305159786792, "potential_error_power_eV2": 0.04128935244702265, "stored_deformation_potential_mean_eV": -4.421484118769506e-14, "gaussian_lowpass_error_power_eV2": 0.03310381713544539, "planar_error_power_eV2": 0.036961804041015366}], "composition_cohorts": [{"element_counts": "(35, 136, 60)", "graphs": 1, "wf_rmse_eV": 0.699220236777709}, {"element_counts": "(38, 137, 60)", "graphs": 1, "wf_rmse_eV": 0.654970664172219}, {"element_counts": "(0, 36, 18)", "graphs": 8, "wf_rmse_eV": 0.4910034113105055}, {"element_counts": "(60, 90, 30)", "graphs": 9, "wf_rmse_eV": 0.49016761114636825}, {"element_counts": "(28, 104, 48)", "graphs": 1, "wf_rmse_eV": 0.4361530298441707}, {"element_counts": "(0, 60, 30)", "graphs": 7, "wf_rmse_eV": 0.43218890194926596}, {"element_counts": "(0, 48, 24)", "graphs": 5, "wf_rmse_eV": 0.4078734245807404}, {"element_counts": "(33, 136, 60)", "graphs": 1, "wf_rmse_eV": 0.390831460443974}, {"element_counts": "(0, 96, 48)", "graphs": 7, "wf_rmse_eV": 0.3862789615156406}, {"element_counts": "(37, 137, 60)", "graphs": 1, "wf_rmse_eV": 0.3657236619805371}, {"element_counts": "(0, 54, 30)", "graphs": 1, "wf_rmse_eV": 0.35457951838814417}, {"element_counts": "(66, 90, 30)", "graphs": 29, "wf_rmse_eV": 0.346754989646905}], "scope": "Full supplied split; diagnostic only, no reference-dependent correction or exclusion is applied. Large error alone does not establish bad reference data.", "atomic_numbers": [1, 8, 77]}
2026-10-09 03:46:42.976 INFO: Full-split generalization {"epoch": 100, "training_graphs": 1384, "validation_graphs": 350, "train": {"rmse_e_per_atom": 0.6340299421205853, "rmse_f": 0.19365186875267792, "rmse_mu_per_atom": 0.0007833111769758732, "rmse_fermi_level": 0.09134530793523092, "rmse_fermi_level_rel": 0.08796380287547828, "rmse_rho": 0.0001321484610906572, "rmse_esp": 0.15279369572595528, "rmse_esp_vac": 0.11167072534287366, "rmse_esp_vac_rel": 0.11026634379835543, "rmse_wf_abs": 0.1745486268514531, "rmse_wf_rel": 0.169350984708781}, "validation": {"rmse_e_per_atom": 0.519804400007108, "rmse_f": 0.21095390269252198, "rmse_mu_per_atom": 0.0010594069270935525, "rmse_fermi_level": 0.13113742633521022, "rmse_fermi_level_rel": 0.1301580148481581, "rmse_rho": 0.00013074901059058108, "rmse_esp": 0.19198624760953986, "rmse_esp_vac": 0.20337019717596932, "rmse_esp_vac_rel": 0.20336106354305192, "rmse_wf_abs": 0.30870727380819485, "rmse_wf_rel": 0.30818644200435313}, "weighted_training_objectives": {"energy_per_atom": 40.199396750543265, "forces": 18.7505231357022, "dipole": 0.03145161805524009, "fourier_density": 0.17463215768628948, "fourier_potential/spatial": 2.3345913453595815, "vacuum_potential": 1.2167976426551956, "fermi_level": 0.7743555295195265}, "weighted_validation_objectives": {"energy_per_atom": 27.019661426674947, "forces": 22.250774530603017, "dipole": 0.06417603485910334, "fourier_density": 0.17095303770415884, "fourier_potential/spatial": 3.685871927119154, "vacuum_potential": 4.148142344853859, "fermi_level": 1.6992601561217033}, "seconds": 141.62200640302035, "scope": "Whole splits at the same EMA parameters and deployment step count; read-only, native units."}
2026-10-09 03:47:06.857 INFO: Electronic diagnostic {"references": {"response_field": "neutral", "proto_fitted": false, "scalar_offsets_EF_vacuum_eV": [-0.13274976550476425, 0.039472160811730675], "scope": "Training-fitted, serialized references. Relative losses remove one constant error, not a separate offset for each structure. No DFT EF enters the free trajectory."}, "train": {"graphs": 32, "charge_span": [0.0, 0.0], "step_comparison": [[{"steps": 24, "WF_eV": 3.6291303634905514, "EF_eV": -2.623543443758737, "residual": 1.2831577054020493e-07}, {"steps": 50, "WF_eV": 3.6291302921603847, "EF_eV": -2.6235434213743805, "residual": 1.8030021919912542e-13}, {"steps": 100, "WF_eV": 3.62913029216035, "EF_eV": -2.6235434213743645, "residual": 4.440892098500626e-16}], [{"steps": 24, "WF_eV": 4.062019393948447, "EF_eV": -2.8576761943108044, "residual": 2.1880118389328018e-07}, {"steps": 50, "WF_eV": 4.062018803553212, "EF_eV": -2.8576759741421007, "residual": 4.026778910315443e-13}, {"steps": 100, "WF_eV": 4.062018803552204, "EF_eV": -2.857675974141732, "residual": 4.3021142204224816e-16}]], "dEF_dQ_and_dWF_dQ_eV_per_e": [[-363.0825840105831, 341.8141770545569], [-468.59071335904946, 452.8469284307356]], "force_RMSE_by_atomic_number_eV_A": {"1": 0.16381185748798877, "8": 0.21274410722111955, "77": 0.25436615985037586}, "force_RMSE_eV_A": 0.20176206321992876, "charge_response_identifiability": "Single-charge data do not determine capacitance; slopes above are predictions, not validation.", "EF_vac_WF_RMSE": [0.07262304735913966, 0.09128958920833204, 0.13878198219289095], "EF_vac_WF_bias": [-0.029102538011065708, 0.03826579522669278, 0.06736833323775852], "EF_vac_covariance": -0.0017126394778085407, "WF_relative_RMSE_eV": 0.1213340276186125, "WF_error_variance_from_EF_vac_covariance": 0.014721946258154234, "reference_WF_identity_max_error_eV": 8.881784197001252e-16, "Gaussian_lowpass_potential_error_power_fraction": 0.6438213113253968, "reference_conditioning": {"EF_given_DFT_field_eV_RMSE": 0.0667791397643942, "vacuum_given_DFT_EF_eV_RMSE": 0.10105145184255457, "charge_error_e_RMSE": 0.0025802568768473564, "scope": "Oracle conditional errors, not deployment metrics; charge error measures the departure from the prescribed fixed-Q ensemble.", "dmu_dQ_eV_per_e_range": [-554.994148412343, -15.381982782687142]}}, "validation": {"graphs": 16, "charge_span": [0.0, 0.0], "step_comparison": [[{"steps": 24, "WF_eV": 4.761973974580242, "EF_eV": -2.510748129235359, "residual": 1.2401190035982168e-07}, {"steps": 50, "WF_eV": 4.761973857109036, "EF_eV": -2.510748045006685, "residual": 1.8837709170327344e-13}, {"steps": 100, "WF_eV": 4.761973857108938, "EF_eV": -2.510748045006575, "residual": 4.440892098500626e-16}], [{"steps": 24, "WF_eV": 5.3381885854065105, "EF_eV": -5.2987164245947795, "residual": 1.0974101878613585e-07}, {"steps": 50, "WF_eV": 5.338188588977689, "EF_eV": -5.2987164281659584, "residual": 2.2082335959794364e-13}, {"steps": 100, "WF_eV": 5.3381885889777, "EF_eV": -5.298716428165969, "residual": 5.551115123125783e-16}]], "dEF_dQ_and_dWF_dQ_eV_per_e": [[-435.7212965651456, 419.74407324837284], [-453.7036582426498, 453.7036582426498]], "force_RMSE_by_atomic_number_eV_A": {"1": 0.20920386328984805, "8": 0.23245708836897114, "77": 0.238424564452468}, "force_RMSE_eV_A": 0.22364474861055347, "charge_response_identifiability": "Single-charge data do not determine capacitance; slopes above are predictions, not validation.", "EF_vac_WF_RMSE": [0.11132332965449171, 0.1778009510438819, 0.25117992606237244], "EF_vac_WF_bias": [-0.03906154120207773, -0.05895330654145441, -0.019891765339376692], "EF_vac_covariance": -0.011845453682081421, "WF_relative_RMSE_eV": 0.2503910400321507, "WF_error_variance_from_EF_vac_covariance": 0.06269567292838205, "reference_WF_identity_max_error_eV": 4.440892098500626e-16, "Gaussian_lowpass_potential_error_power_fraction": 0.7099658719400147, "reference_conditioning": {"EF_given_DFT_field_eV_RMSE": 0.09217287477985461, "vacuum_given_DFT_EF_eV_RMSE": 0.2177323093803564, "charge_error_e_RMSE": 0.003936527935996191, "scope": "Oracle conditional errors, not deployment metrics; charge error measures the departure from the prescribed fixed-Q ensemble.", "dmu_dQ_eV_per_e_range": [-521.3383628254636, -21.488433943697615]}}, "model_field_EF_readout_probe": {"selected_ridge": 10.0, "relative": true, "training_before": 0.06653682656275635, "training_after": 0.0650007047777209, "development_before": 0.10424528634082701, "development_after": 0.10207024698437167, "development_absolute_after": 0.10849009419390324, "selection": "training inner split only; diagnostic readout NOT installed"}, "epoch": 100, "WF_generalization": {"panel_relative_gap_eV": 0.12905701241353817, "validation_covariance_amplification_eV2": 0.023690907364162843, "bias_only_correction_is_insufficient": true}, "response_weight_norms": {"vector_out.weight": 16.54394580225712, "scalar_out.weight": 6.707717632633437, "state_scalar.weight": 7.736054003279756, "state_vector.weight": 3.918586581497448, "neighbor_scalar.weight": 5.571365029826738, "neighbor_vector.weight": 2.303910376873528, "common_level.weight": 0.39651907442941253}, "regularization": {"field_weight_decay": 0.01}, "objective_gradients": {"training_indices": [692, 0], "atoms": 180, "terms": {"energy_per_atom": {"weighted_loss": 15.238891494307275, "gradient_norm": 1918.687174394432}, "forces": {"weighted_loss": 11.489915523095055, "gradient_norm": 40.72930476080742}, "dipole": {"weighted_loss": 0.015974022805476273, "gradient_norm": 0.6672308016372045}, "fourier_density": {"weighted_loss": 0.018640420998247878, "gradient_norm": 0.2707386486693713}, "fourier_potential": {"weighted_loss": 1.416348278070045, "gradient_norm": 58.69069744090362}, "vacuum_potential": {"weighted_loss": 2.536929504767406, "gradient_norm": 124.50343228901195, "relative": true, "observed_labels": 2, "pair_weight": 1.0}, "fermi_level": {"weighted_loss": 0.010577722310957096, "gradient_norm": 2.43361975309186, "relative": true, "observed_labels": 2, "pair_weight": 1.0}, "density_observer_density": {"weighted_loss": 4.117018600002455, "gradient_norm": 55.83988419930297}}, "cosines": {"energy_per_atom / forces": -0.29533072000367616, "energy_per_atom / dipole": -0.009797134261476294, "energy_per_atom / fourier_density": -0.010008886164699003, "energy_per_atom / fourier_potential": -0.011786985174876828, "energy_per_atom / vacuum_potential": -0.005991830522681521, "energy_per_atom / fermi_level": 0.0039769358590363, "energy_per_atom / density_observer_density": -0.007132504532183541, "forces / dipole": 0.036918870184202056, "forces / fourier_density": 0.10613451330417199, "forces / fourier_potential": 0.03393720678846789, "forces / vacuum_potential": 0.019350147690729486, "forces / fermi_level": 0.012188769405548848, "forces / density_observer_density": 0.16073078627757525, "dipole / fourier_density": 0.2695456975341445, "dipole / fourier_potential": 0.5135309533148007, "dipole / vacuum_potential": 0.8825824609512744, "dipole / fermi_level": -0.16649531771011875, "dipole / density_observer_density": 0.15295184713648208, "fourier_density / fourier_potential": 0.567329866008183, "fourier_density / vacuum_potential": -0.0339324759145789, "fourier_density / fermi_level": 0.13800853065443813, "fourier_density / density_observer_density": 0.7153065207963368, "fourier_potential / vacuum_potential": 0.09949889375683657, "fourier_potential / fermi_level": -0.06104974487583925, "fourier_potential / density_observer_density": 0.5112949636443235, "vacuum_potential / fermi_level": -0.2660497057924628, "vacuum_potential / density_observer_density": -0.07235983362703319, "fermi_level / density_observer_density": -0.06852416677504132}, "scope": "Training pair for relative losses, otherwise one graph; before clipping, diagnostic only.", "parameter_state": "EMA"}, "scope": "Deterministic panels, not whole-dataset metrics. Validation is development data, never used for fitting or selecting the probe."}
2026-10-09 04:04:16.182 INFO: Training-only scalar reference calibration {'fermi_level': {'observed_training_graphs': 61, 'shift_eV': -0.004225577151950022, 'reference_eV': -0.13697534265671427, 'panel_RMSE_before_eV': 0.09946615007785306, 'panel_RMSE_after_eV': 0.09937635286647878}, 'vacuum_potential': {'observed_training_graphs': 61, 'shift_eV': -0.03501759231953881, 'reference_eV': 0.004454568492191863, 'panel_RMSE_before_eV': 0.09728224831826508, 'panel_RMSE_after_eV': 0.09076124760049945}, 'seconds': 8.971804216998862}; constants saved with the model; relative errors and physical fixed-Q trajectory unchanged
2026-10-09 04:04:51.842 INFO: Full validation audit {"graphs": 350, "index_convention": "supplied loader order, zero based", "force_rmse_by_element_column_eV_A": {"0": 0.15419802621848938, "1": 0.24792260313800832, "2": 0.3037953358158899}, "force_target_rms_by_element_column_eV_A": {"0": 0.7583041629256339, "1": 0.8719660684898465, "2": 0.9586983364634067}, "force_rmse_over_target_rms_by_element_column": {"0": 0.20334587855033498, "1": 0.28432597562813905, "2": 0.31688313650003475}, "density_observers": {"density_RMSE_e_A3": 0.001320321813846296, "farfield_RMSE_e_A3": 0.00013806661470370008, "scope": "Different Gaussian resolutions of the same error; smaller farfield RMSE is not an accuracy gain."}, "stored_potential_gauge": {"deformation_mean_range_eV": [-1.923389086888605e-13, 1.7333365232548237e-13], "scope": "Stored k=0 is retained for audit; RMSE_ESP compares fields modulo a uniform offset. Scalar EF/vacuum errors use their stored label convention."}, "potential_error_power_fractions": {"normal_reciprocal_line": 0.8584886743914801, "Gaussian_lowpass": 0.7386175752583878, "Gaussian_width_A": 1.5}, "observed_EF_vac_WF": 330, "EF_vac_WF_rmse_eV": [0.12046189650967144, 0.1805476545513452, 0.27609308136050487], "EF_vac_WF_relative_rmse_eV": [0.1197151760323718, 0.18045991331610683, 0.27598389695507847], "EF_vac_WF_bias_eV": [-0.013391980370544138, -0.005628076930454712, 0.0077639034400894], "EF_vac_covariance_eV2": -0.014634803845996405, "WF_absolute_error_quantiles_eV": {"median": 0.10318655134346555, "p90": 0.43970660151639096, "p99": 1.0886138351917336, "max": 1.4156617656525805}, "WF_identity_max_error_eV": 8.881784197001252e-16, "absolute_relative_bias_identity_max_error_eV2": 4.163336342344337e-17, "WF_variance_components_eV2": {"EF": 0.014331723372461755, "vacuum": 0.03256578031405678, "covariance_contribution": 0.02926960769199281}, "largest_relative_WF_errors": [{"index": 304, "atoms": 180, "composition": [60, 90, 30], "charge": 0.0, "weight": 1.0, "ef": -0.4434579145448436, "vac": 0.9722038511077367, "wf": 1.4156617656525805, "force_rmse": 0.18692904499589993, "potential_error_power_eV2": 0.5441648934943548, "stored_deformation_potential_mean_eV": 3.4053226704110426e-14, "gaussian_lowpass_error_power_eV2": 0.49168635663416266, "planar_error_power_eV2": 0.5344822568357819, "loader_frame_1based": 305, "EF_vac_WF_centered_errors_eV": [-0.4300659341742995, 0.9778319280381914, 1.4078978622124911], "relative_WF_squared_error_fraction": 0.07886074466763937}, {"index": 206, "atoms": 183, "composition": [63, 90, 30], "charge": 0.0, "weight": 1.0, "ef": 0.5472136916329329, "vac": -0.8327727208554663, "wf": -1.3799864124883996, "force_rmse": 0.10465245806413354, "potential_error_power_eV2": 0.35950329713016765, "stored_deformation_potential_mean_eV": -1.79033983761625e-15, "gaussian_lowpass_error_power_eV2": 0.3310609369175983, "planar_error_power_eV2": 0.3547252500312331, "loader_frame_1based": 207, "EF_vac_WF_centered_errors_eV": [0.560605672003477, -0.8271446439250115, -1.387750315928489], "relative_WF_squared_error_fraction": 0.07661984066130482}, {"index": 240, "atoms": 183, "composition": [63, 90, 30], "charge": 0.0, "weight": 1.0, "ef": 0.3107058574796947, "vac": -0.8733672021376622, "wf": -1.184073059617357, "force_rmse": 0.1329822965475289, "potential_error_power_eV2": 0.19989531591173296, "stored_deformation_potential_mean_eV": -9.735419555064175e-14, "gaussian_lowpass_error_power_eV2": 0.17862086559538312, "planar_error_power_eV2": 0.1941909541540709, "loader_frame_1based": 241, "EF_vac_WF_centered_errors_eV": [0.3240978378502388, -0.8677391252072074, -1.1918369630574464], "relative_WF_squared_error_fraction": 0.05651350916551091}, {"index": 147, "atoms": 186, "composition": [66, 90, 30], "charge": 0.0, "weight": 1.0, "ef": -0.43056445195982107, "vac": 0.7097902593955099, "wf": 1.140354711355331, "force_rmse": 0.18811183116419047, "potential_error_power_eV2": 0.1992096183888728, "stored_deformation_potential_mean_eV": 5.296572984662304e-14, "gaussian_lowpass_error_power_eV2": 0.1838222538286477, "planar_error_power_eV2": 0.19578903062899095, "loader_frame_1based": 148, "EF_vac_WF_centered_errors_eV": [-0.41717247158927695, 0.7154183363259646, 1.1325908079152416], "relative_WF_squared_error_fraction": 0.051034591151674254}, {"index": 211, "atoms": 181, "composition": [61, 90, 30], "charge": 0.0, "weight": 1.0, "ef": 0.39441696778637025, "vac": -0.5675209292117405, "wf": -0.9619378969981112, "force_rmse": 0.1108484179197456, "potential_error_power_eV2": 0.21043056615476904, "stored_deformation_potential_mean_eV": -3.581790839801117e-14, "gaussian_lowpass_error_power_eV2": 0.19064184761001812, "planar_error_power_eV2": 0.20327305860347408, "loader_frame_1based": 212, "EF_vac_WF_centered_errors_eV": [0.4078089481569144, -0.5618928522812857, -0.9697018004382005], "relative_WF_squared_error_fraction": 0.03741062628128274}, {"index": 35, "atoms": 75, "composition": [14, 43, 18], "charge": 0.0, "weight": 1.0, "ef": 0.31520488246873146, "vac": -0.6027059877732501, "wf": -0.9179108702419816, "force_rmse": 0.2749349676732676, "potential_error_power_eV2": 0.16437929744286728, "stored_deformation_potential_mean_eV": -4.530744579115239e-14, "gaussian_lowpass_error_power_eV2": 0.14301424607215948, "planar_error_power_eV2": 0.1570118512090719, "loader_frame_1based": 36, "EF_vac_WF_centered_errors_eV": [0.3285968628392756, -0.5970779108427954, -0.925674773682071], "relative_WF_squared_error_fraction": 0.0340906617728027}, {"index": 298, "atoms": 185, "composition": [64, 91, 30], "charge": 0.0, "weight": 1.0, "ef": -0.47072138606298464, "vac": 0.4580919420317251, "wf": 0.9288133280947095, "force_rmse": 0.1559593959138348, "potential_error_power_eV2": 0.29079818016162284, "stored_deformation_potential_mean_eV": -7.094704027482397e-14, "gaussian_lowpass_error_power_eV2": 0.27034996735680233, "planar_error_power_eV2": 0.28583160075395575, "loader_frame_1based": 299, "EF_vac_WF_centered_errors_eV": [-0.4573294056924405, 0.4637200189621798, 0.9210494246546201], "relative_WF_squared_error_fraction": 0.0337508291051029}, {"index": 193, "atoms": 185, "composition": [65, 90, 30], "charge": 0.0, "weight": 1.0, "ef": 0.2978574656399521, "vac": -0.5604213053896148, "wf": -0.8582787710295667, "force_rmse": 0.12180205785933125, "potential_error_power_eV2": 0.1211598586915795, "stored_deformation_potential_mean_eV": 2.0509542453129138e-14, "gaussian_lowpass_error_power_eV2": 0.10864049803164175, "planar_error_power_eV2": 0.11827447274994983, "loader_frame_1based": 194, "EF_vac_WF_centered_errors_eV": [0.3112494460104962, -0.55479322845916, -0.8660426744696561], "relative_WF_squared_error_fraction": 0.029839886009660095}], "WF_centered_squared_error_share_largest_10_structures": 0.44639256036825364, "WF_centered_squared_error_share_largest_10_percent": 0.7393478897165087, "independent_single_anchor_EF_vac_WF_RMSE_eV": [0.16930282556686269, 0.25520885687631134, 0.39030017007045065], "relative_error_scope": "One whole-split offset for RMSE_rel; no fitted offset is applied to predictions. Single-anchor expectation assumes independent configurations.", "WF_squared_error_share_largest_10_percent": 0.7364693389197685, "largest_WF_errors": [{"index": 304, "atoms": 180, "composition": [60, 90, 30], "charge": 0.0, "weight": 1.0, "ef": -0.4434579145448436, "vac": 0.9722038511077367, "wf": 1.4156617656525805, "force_rmse": 0.18692904499589993, "potential_error_power_eV2": 0.5441648934943548, "stored_deformation_potential_mean_eV": 3.4053226704110426e-14, "gaussian_lowpass_error_power_eV2": 0.49168635663416266, "planar_error_power_eV2": 0.5344822568357819}, {"index": 206, "atoms": 183, "composition": [63, 90, 30], "charge": 0.0, "weight": 1.0, "ef": 0.5472136916329329, "vac": -0.8327727208554663, "wf": -1.3799864124883996, "force_rmse": 0.10465245806413354, "potential_error_power_eV2": 0.35950329713016765, "stored_deformation_potential_mean_eV": -1.79033983761625e-15, "gaussian_lowpass_error_power_eV2": 0.3310609369175983, "planar_error_power_eV2": 0.3547252500312331}, {"index": 240, "atoms": 183, "composition": [63, 90, 30], "charge": 0.0, "weight": 1.0, "ef": 0.3107058574796947, "vac": -0.8733672021376622, "wf": -1.184073059617357, "force_rmse": 0.1329822965475289, "potential_error_power_eV2": 0.19989531591173296, "stored_deformation_potential_mean_eV": -9.735419555064175e-14, "gaussian_lowpass_error_power_eV2": 0.17862086559538312, "planar_error_power_eV2": 0.1941909541540709}, {"index": 147, "atoms": 186, "composition": [66, 90, 30], "charge": 0.0, "weight": 1.0, "ef": -0.43056445195982107, "vac": 0.7097902593955099, "wf": 1.140354711355331, "force_rmse": 0.18811183116419047, "potential_error_power_eV2": 0.1992096183888728, "stored_deformation_potential_mean_eV": 5.296572984662304e-14, "gaussian_lowpass_error_power_eV2": 0.1838222538286477, "planar_error_power_eV2": 0.19578903062899095}, {"index": 211, "atoms": 181, "composition": [61, 90, 30], "charge": 0.0, "weight": 1.0, "ef": 0.39441696778637025, "vac": -0.5675209292117405, "wf": -0.9619378969981112, "force_rmse": 0.1108484179197456, "potential_error_power_eV2": 0.21043056615476904, "stored_deformation_potential_mean_eV": -3.581790839801117e-14, "gaussian_lowpass_error_power_eV2": 0.19064184761001812, "planar_error_power_eV2": 0.20327305860347408}, {"index": 298, "atoms": 185, "composition": [64, 91, 30], "charge": 0.0, "weight": 1.0, "ef": -0.47072138606298464, "vac": 0.4580919420317251, "wf": 0.9288133280947095, "force_rmse": 0.1559593959138348, "potential_error_power_eV2": 0.29079818016162284, "stored_deformation_potential_mean_eV": -7.094704027482397e-14, "gaussian_lowpass_error_power_eV2": 0.27034996735680233, "planar_error_power_eV2": 0.28583160075395575}, {"index": 35, "atoms": 75, "composition": [14, 43, 18], "charge": 0.0, "weight": 1.0, "ef": 0.31520488246873146, "vac": -0.6027059877732501, "wf": -0.9179108702419816, "force_rmse": 0.2749349676732676, "potential_error_power_eV2": 0.16437929744286728, "stored_deformation_potential_mean_eV": -4.530744579115239e-14, "gaussian_lowpass_error_power_eV2": 0.14301424607215948, "planar_error_power_eV2": 0.1570118512090719}, {"index": 193, "atoms": 185, "composition": [65, 90, 30], "charge": 0.0, "weight": 1.0, "ef": 0.2978574656399521, "vac": -0.5604213053896148, "wf": -0.8582787710295667, "force_rmse": 0.12180205785933125, "potential_error_power_eV2": 0.1211598586915795, "stored_deformation_potential_mean_eV": 2.0509542453129138e-14, "gaussian_lowpass_error_power_eV2": 0.10864049803164175, "planar_error_power_eV2": 0.11827447274994983}], "composition_cohorts": [{"element_counts": "(60, 90, 30)", "graphs": 1, "wf_rmse_eV": 1.4156617656525805}, {"element_counts": "(14, 43, 18)", "graphs": 1, "wf_rmse_eV": 0.9179108702419816}, {"element_counts": "(19, 57, 24)", "graphs": 1, "wf_rmse_eV": 0.7412060274404588}, {"element_counts": "(63, 90, 30)", "graphs": 7, "wf_rmse_eV": 0.727205216974442}, {"element_counts": "(23, 128, 60)", "graphs": 1, "wf_rmse_eV": 0.5872859244607138}, {"element_counts": "(40, 88, 36)", "graphs": 1, "wf_rmse_eV": 0.5565911570231856}, {"element_counts": "(66, 90, 30)", "graphs": 10, "wf_rmse_eV": 0.5488820640814541}, {"element_counts": "(0, 120, 60)", "graphs": 2, "wf_rmse_eV": 0.5439326756404071}, {"element_counts": "(65, 90, 30)", "graphs": 10, "wf_rmse_eV": 0.5296697044320914}, {"element_counts": "(62, 90, 30)", "graphs": 3, "wf_rmse_eV": 0.4948177629564835}, {"element_counts": "(61, 90, 30)", "graphs": 10, "wf_rmse_eV": 0.4902687485447903}, {"element_counts": "(0, 36, 18)", "graphs": 1, "wf_rmse_eV": 0.4878163369395878}], "scope": "Full supplied split; diagnostic only, no reference-dependent correction or exclusion is applied. Large error alone does not establish bad reference data.", "atomic_numbers": [1, 8, 77]}
2026-10-09 04:04:51.845 INFO: Epoch 105: loss=61.1783, RMSE_E_per_atom=516.4598 meV, RMSE_F=228.9676 meV/A, RMSE_dip_per_atom=0.8174 meA, RMSE_rho=0.1381 me/A^3, RMSE_EF(abs/rel)=120.4619/119.7152 meV, RMSE_ESP=183.2974 mV, RMSE_ESPvac(abs/rel)=180.5477/180.4599 mV, RMSE_WF(abs/rel)=276.0931/275.9839 meV
2026-10-09 04:04:51.845 INFO: 50-step electronic residual maximum: 0.12631
2026-10-09 04:04:51.853 INFO: Optimizer epoch 105: lr=[0.001, 0.001, 0.001, 0.001, 0.001, 0.001, 0.001, 0.001], mean gradient norm=2285.9, clipped=346/346
2026-10-09 04:04:51.853 INFO: Epoch timing: train=201.934s, validation=44.644s, updates=346, train/update=0.58362s, peak allocated=13335.3 MiB, backbone=CuEq
2026-10-09 04:04:51.853 INFO: Optimization budget: graphs=1384/1384, updates=346, mean retained gradient=0.010829, min retained gradient=0.0004021
2026-10-09 04:04:51.853 INFO: Optimizer time scales {"updates_per_epoch": 346, "groups": [{"name": "embedding", "lr": 0.001, "parameter_update_range": [36676.0, 36676.0], "moment_memory_epochs": [0.02890173410404625, 2.8901734104046217], "AdamW_decay_only_retention_per_epoch": 1.0}, {"name": "interactions_no_decay", "lr": 0.001, "parameter_update_range": [36676.0, 36676.0], "moment_memory_epochs": [0.02890173410404625, 2.8901734104046217], "AdamW_decay_only_retention_per_epoch": 1.0}, {"name": "products", "lr": 0.001, "parameter_update_range": [36676.0, 36676.0], "moment_memory_epochs": [0.02890173410404625, 2.8901734104046217], "AdamW_decay_only_retention_per_epoch": 0.9996540596781468}, {"name": "readouts", "lr": 0.001, "parameter_update_range": [36676.0, 36676.0], "moment_memory_epochs": [0.02890173410404625, 2.8901734104046217], "AdamW_decay_only_retention_per_epoch": 1.0}, {"name": "lr_source_maps", "lr": 0.001, "parameter_update_range": [36676.0, 36676.0], "moment_memory_epochs": [0.02890173410404625, 2.8901734104046217], "AdamW_decay_only_retention_per_epoch": 1.0}, {"name": "field_dependent_charges_map", "lr": 0.001, "parameter_update_range": [36676.0, 36676.0], "moment_memory_epochs": [0.02890173410404625, 2.8901734104046217], "AdamW_decay_only_retention_per_epoch": 0.9965459616620003}, {"name": "electronic_references", "lr": 0.001, "parameter_update_range": [36676.0, 36676.0], "moment_memory_epochs": [0.02890173410404625, 2.8901734104046217], "AdamW_decay_only_retention_per_epoch": 1.0}, {"name": "layer_feature_mixer", "lr": 0.001, "parameter_update_range": [36676.0, 36676.0], "moment_memory_epochs": [0.02890173410404625, 2.8901734104046217], "AdamW_decay_only_retention_per_epoch": 0.9996540596781468}], "EMA_asymptotic_memory_epochs": 0.2890173410404622}
2026-10-09 04:04:51.853 INFO: Batching: optimizer graphs=4, device graphs<=4; one clipping/Adam/EMA update per optimizer batch
2026-10-09 04:04:51.853 INFO: 50-step finite-budget validation residual 0.12631 exceeds equilibrium tolerance 1e-06; metrics describe the exported finite trajectory, not a converged root
2026-10-09 04:22:02.613 INFO: Training-only scalar reference calibration {'fermi_level': {'observed_training_graphs': 61, 'shift_eV': -0.01001237873368887, 'reference_eV': -0.14698772139040314, 'panel_RMSE_before_eV': 0.11095271978838779, 'panel_RMSE_after_eV': 0.11050003755896953}, 'vacuum_potential': {'observed_training_graphs': 61, 'shift_eV': -0.002772191305349491, 'reference_eV': 0.0016823771868423715, 'panel_RMSE_before_eV': 0.15661159121662838, 'panel_RMSE_after_eV': 0.15658705393093916}, 'seconds': 8.990811308001867}; constants saved with the model; relative errors and physical fixed-Q trajectory unchanged
2026-10-09 04:22:38.783 INFO: Full validation audit {"graphs": 350, "index_convention": "supplied loader order, zero based", "force_rmse_by_element_column_eV_A": {"0": 0.15032410780481462, "1": 0.2012325209291683, "2": 0.2837151944819794}, "force_target_rms_by_element_column_eV_A": {"0": 0.7583041629256339, "1": 0.8719660684898465, "2": 0.9586983364634067}, "force_rmse_over_target_rms_by_element_column": {"0": 0.19823721819598758, "1": 0.23078021978272828, "2": 0.29593792300567817}, "density_observers": {"density_RMSE_e_A3": 0.001306878701720716, "farfield_RMSE_e_A3": 0.00013245112979152078, "scope": "Different Gaussian resolutions of the same error; smaller farfield RMSE is not an accuracy gain."}, "stored_potential_gauge": {"deformation_mean_range_eV": [-1.923389086888605e-13, 1.7333365232548237e-13], "scope": "Stored k=0 is retained for audit; RMSE_ESP compares fields modulo a uniform offset. Scalar EF/vacuum errors use their stored label convention."}, "potential_error_power_fractions": {"normal_reciprocal_line": 0.8943991384022295, "Gaussian_lowpass": 0.7896322833121902, "Gaussian_width_A": 1.5}, "observed_EF_vac_WF": 330, "EF_vac_WF_rmse_eV": [0.12938240019627537, 0.20723801966953764, 0.31175017643489683], "EF_vac_WF_relative_rmse_eV": [0.1286201493748355, 0.20716043424589645, 0.3116382399619474], "EF_vac_WF_bias_eV": [-0.014023646292750054, -0.005670209837677828, 0.008353436455072178], "EF_vac_covariance_eV2": -0.018829902132213486, "WF_absolute_error_quantiles_eV": {"median": 0.10711207191940941, "p90": 0.47968152069944725, "p99": 1.4558306619855628, "max": 1.6914593388857844}, "WF_identity_max_error_eV": 1.1102230246251565e-15, "absolute_relative_bias_identity_max_error_eV2": 6.938893903907228e-17, "WF_variance_components_eV2": {"EF": 0.016543142825205, "vacuum": 0.04291544551694838, "covariance_contribution": 0.03765980426442697}, "largest_relative_WF_errors": [{"index": 134, "atoms": 180, "composition": [0, 120, 60], "charge": 0.0, "weight": 1.0, "ef": 0.39255782360480695, "vac": -1.2989015152809777, "wf": -1.6914593388857844, "force_rmse": 0.5762042596122453, "potential_error_power_eV2": 1.0441720303927533, "stored_deformation_potential_mean_eV": -4.632205743448059e-14, "gaussian_lowpass_error_power_eV2": 0.8879503202115464, "planar_error_power_eV2": 1.015420015275387, "loader_frame_1based": 135, "EF_vac_WF_centered_errors_eV": [0.406581469897557, -1.2932313054433, -1.6998127753408565], "relative_WF_squared_error_fraction": 0.09015436363253108}, {"index": 293, "atoms": 108, "composition": [0, 72, 36], "charge": 0.0, "weight": 1.0, "ef": 0.5537626799226003, "vac": -1.0172447567702232, "wf": -1.571007436692824, "force_rmse": 0.7219580825258481, "potential_error_power_eV2": 0.9253879760579511, "stored_deformation_potential_mean_eV": 8.093184424396893e-14, "gaussian_lowpass_error_power_eV2": 0.745048224414641, "planar_error_power_eV2": 0.8976487947335268, "loader_frame_1based": 294, "EF_vac_WF_centered_errors_eV": [0.5677863262153504, -1.0115745469325454, -1.579360873147896], "relative_WF_squared_error_fraction": 0.07783005253701149}, {"index": 206, "atoms": 183, "composition": [63, 90, 30], "charge": 0.0, "weight": 1.0, "ef": 0.5720713789090813, "vac": -0.991445909932736, "wf": -1.563517288841818, "force_rmse": 0.10092188864204231, "potential_error_power_eV2": 0.42390184970063705, "stored_deformation_potential_mean_eV": -1.79033983761625e-15, "gaussian_lowpass_error_power_eV2": 0.39177452736831486, "planar_error_power_eV2": 0.4190793510426037, "loader_frame_1based": 207, "EF_vac_WF_centered_errors_eV": [0.5860950252018314, -0.9857757000950581, -1.5718707252968902], "relative_WF_squared_error_fraction": 0.07709358215240958}, {"index": 304, "atoms": 180, "composition": [60, 90, 30], "charge": 0.0, "weight": 1.0, "ef": -0.4940964418767779, "vac": 1.078108828018685, "wf": 1.5722052698954636, "force_rmse": 0.21510470695562983, "potential_error_power_eV2": 0.6255852668633122, "stored_deformation_potential_mean_eV": 3.4053226704110426e-14, "gaussian_lowpass_error_power_eV2": 0.5689866365839846, "planar_error_power_eV2": 0.6173560660296863, "loader_frame_1based": 305, "EF_vac_WF_centered_errors_eV": [-0.4800727955840279, 1.0837790378563628, 1.5638518334403915], "relative_WF_squared_error_fraction": 0.07630900336633005}, {"index": 298, "atoms": 185, "composition": [64, 91, 30], "charge": 0.0, "weight": 1.0, "ef": -0.5487892203958766, "vac": 0.6433948723899148, "wf": 1.1921840927857916, "force_rmse": 0.15106989146655955, "potential_error_power_eV2": 0.37774095356349885, "stored_deformation_potential_mean_eV": -7.094704027482397e-14, "gaussian_lowpass_error_power_eV2": 0.35427992852614604, "planar_error_power_eV2": 0.3729938506312843, "loader_frame_1based": 299, "EF_vac_WF_centered_errors_eV": [-0.5347655741031265, 0.6490650822275926, 1.1838306563307195], "relative_WF_squared_error_fraction": 0.04372841527387299}, {"index": 35, "atoms": 75, "composition": [14, 43, 18], "charge": 0.0, "weight": 1.0, "ef": 0.3365162390733176, "vac": -0.7600327943784366, "wf": -1.0965490334517538, "force_rmse": 0.300863955476469, "potential_error_power_eV2": 0.2372257785400094, "stored_deformation_potential_mean_eV": -4.530744579115239e-14, "gaussian_lowpass_error_power_eV2": 0.20719720190132632, "planar_error_power_eV2": 0.22775383465062982, "loader_frame_1based": 36, "EF_vac_WF_centered_errors_eV": [0.35053988536606767, -0.7543625845407588, -1.104902469906826], "relative_WF_squared_error_fraction": 0.0380918848740416}, {"index": 240, "atoms": 183, "composition": [63, 90, 30], "charge": 0.0, "weight": 1.0, "ef": 0.2545759360853723, "vac": -0.7978457706364877, "wf": -1.0524217067218604, "force_rmse": 0.1373198106579328, "potential_error_power_eV2": 0.16355855616850612, "stored_deformation_potential_mean_eV": -9.735419555064175e-14, "gaussian_lowpass_error_power_eV2": 0.1465118266180314, "planar_error_power_eV2": 0.16010738094926794, "loader_frame_1based": 241, "EF_vac_WF_centered_errors_eV": [0.26859958237812237, -0.7921755607988098, -1.0607751431769326], "relative_WF_squared_error_fraction": 0.03511003345259112}, {"index": 147, "atoms": 186, "composition": [66, 90, 30], "charge": 0.0, "weight": 1.0, "ef": -0.405691100578092, "vac": 0.5487680977137517, "wf": 0.9544591982918438, "force_rmse": 0.2837915048957725, "potential_error_power_eV2": 0.15927179676419714, "stored_deformation_potential_mean_eV": 5.296572984662304e-14, "gaussian_lowpass_error_power_eV2": 0.14649293914946906, "planar_error_power_eV2": 0.15561108633426363, "loader_frame_1based": 148, "EF_vac_WF_centered_errors_eV": [-0.39166745428534194, 0.5544383075514295, 0.9461057618367716], "relative_WF_squared_error_fraction": 0.027929550681656288}], "WF_centered_squared_error_share_largest_10_structures": 0.5049960855777367, "WF_centered_squared_error_share_largest_10_percent": 0.7645215244014767, "independent_single_anchor_EF_vac_WF_RMSE_eV": [0.18189635964034573, 0.29296909569764656, 0.44072302550826703], "relative_error_scope": "One whole-split offset for RMSE_rel; no fitted offset is applied to predictions. Single-anchor expectation assumes independent configurations.", "WF_squared_error_share_largest_10_percent": 0.7627660468601141, "largest_WF_errors": [{"index": 134, "atoms": 180, "composition": [0, 120, 60], "charge": 0.0, "weight": 1.0, "ef": 0.39255782360480695, "vac": -1.2989015152809777, "wf": -1.6914593388857844, "force_rmse": 0.5762042596122453, "potential_error_power_eV2": 1.0441720303927533, "stored_deformation_potential_mean_eV": -4.632205743448059e-14, "gaussian_lowpass_error_power_eV2": 0.8879503202115464, "planar_error_power_eV2": 1.015420015275387}, {"index": 304, "atoms": 180, "composition": [60, 90, 30], "charge": 0.0, "weight": 1.0, "ef": -0.4940964418767779, "vac": 1.078108828018685, "wf": 1.5722052698954636, "force_rmse": 0.21510470695562983, "potential_error_power_eV2": 0.6255852668633122, "stored_deformation_potential_mean_eV": 3.4053226704110426e-14, "gaussian_lowpass_error_power_eV2": 0.5689866365839846, "planar_error_power_eV2": 0.6173560660296863}, {"index": 293, "atoms": 108, "composition": [0, 72, 36], "charge": 0.0, "weight": 1.0, "ef": 0.5537626799226003, "vac": -1.0172447567702232, "wf": -1.571007436692824, "force_rmse": 0.7219580825258481, "potential_error_power_eV2": 0.9253879760579511, "stored_deformation_potential_mean_eV": 8.093184424396893e-14, "gaussian_lowpass_error_power_eV2": 0.745048224414641, "planar_error_power_eV2": 0.8976487947335268}, {"index": 206, "atoms": 183, "composition": [63, 90, 30], "charge": 0.0, "weight": 1.0, "ef": 0.5720713789090813, "vac": -0.991445909932736, "wf": -1.563517288841818, "force_rmse": 0.10092188864204231, "potential_error_power_eV2": 0.42390184970063705, "stored_deformation_potential_mean_eV": -1.79033983761625e-15, "gaussian_lowpass_error_power_eV2": 0.39177452736831486, "planar_error_power_eV2": 0.4190793510426037}, {"index": 298, "atoms": 185, "composition": [64, 91, 30], "charge": 0.0, "weight": 1.0, "ef": -0.5487892203958766, "vac": 0.6433948723899148, "wf": 1.1921840927857916, "force_rmse": 0.15106989146655955, "potential_error_power_eV2": 0.37774095356349885, "stored_deformation_potential_mean_eV": -7.094704027482397e-14, "gaussian_lowpass_error_power_eV2": 0.35427992852614604, "planar_error_power_eV2": 0.3729938506312843}, {"index": 35, "atoms": 75, "composition": [14, 43, 18], "charge": 0.0, "weight": 1.0, "ef": 0.3365162390733176, "vac": -0.7600327943784366, "wf": -1.0965490334517538, "force_rmse": 0.300863955476469, "potential_error_power_eV2": 0.2372257785400094, "stored_deformation_potential_mean_eV": -4.530744579115239e-14, "gaussian_lowpass_error_power_eV2": 0.20719720190132632, "planar_error_power_eV2": 0.22775383465062982}, {"index": 240, "atoms": 183, "composition": [63, 90, 30], "charge": 0.0, "weight": 1.0, "ef": 0.2545759360853723, "vac": -0.7978457706364877, "wf": -1.0524217067218604, "force_rmse": 0.1373198106579328, "potential_error_power_eV2": 0.16355855616850612, "stored_deformation_potential_mean_eV": -9.735419555064175e-14, "gaussian_lowpass_error_power_eV2": 0.1465118266180314, "planar_error_power_eV2": 0.16010738094926794}, {"index": 147, "atoms": 186, "composition": [66, 90, 30], "charge": 0.0, "weight": 1.0, "ef": -0.405691100578092, "vac": 0.5487680977137517, "wf": 0.9544591982918438, "force_rmse": 0.2837915048957725, "potential_error_power_eV2": 0.15927179676419714, "stored_deformation_potential_mean_eV": 5.296572984662304e-14, "gaussian_lowpass_error_power_eV2": 0.14649293914946906, "planar_error_power_eV2": 0.15561108633426363}], "composition_cohorts": [{"element_counts": "(60, 90, 30)", "graphs": 1, "wf_rmse_eV": 1.5722052698954636}, {"element_counts": "(0, 120, 60)", "graphs": 2, "wf_rmse_eV": 1.2006826896157292}, {"element_counts": "(14, 43, 18)", "graphs": 1, "wf_rmse_eV": 1.0965490334517538}, {"element_counts": "(0, 72, 36)", "graphs": 4, "wf_rmse_eV": 0.8008189729272136}, {"element_counts": "(63, 90, 30)", "graphs": 7, "wf_rmse_eV": 0.7556494902146086}, {"element_counts": "(23, 128, 60)", "graphs": 1, "wf_rmse_eV": 0.6954171105190063}, {"element_counts": "(40, 88, 36)", "graphs": 1, "wf_rmse_eV": 0.6658581622060646}, {"element_counts": "(19, 57, 24)", "graphs": 1, "wf_rmse_eV": 0.6206811815279387}, {"element_counts": "(0, 36, 18)", "graphs": 1, "wf_rmse_eV": 0.6005808818234488}, {"element_counts": "(64, 91, 30)", "graphs": 5, "wf_rmse_eV": 0.5936032423418381}, {"element_counts": "(65, 90, 30)", "graphs": 10, "wf_rmse_eV": 0.5107515114226601}, {"element_counts": "(62, 90, 30)", "graphs": 3, "wf_rmse_eV": 0.50921423209756}], "scope": "Full supplied split; diagnostic only, no reference-dependent correction or exclusion is applied. Large error alone does not establish bad reference data.", "atomic_numbers": [1, 8, 77]}
2026-10-09 04:22:38.786 INFO: Epoch 110: loss=56.5672, RMSE_E_per_atom=518.2089 meV, RMSE_F=200.2412 meV/A, RMSE_dip_per_atom=1.0657 meA, RMSE_rho=0.1325 me/A^3, RMSE_EF(abs/rel)=129.3824/128.6201 meV, RMSE_ESP=186.2026 mV, RMSE_ESPvac(abs/rel)=207.2380/207.1604 mV, RMSE_WF(abs/rel)=311.7502/311.6382 meV
2026-10-09 04:22:38.786 INFO: 50-step electronic residual maximum: 0.010377
2026-10-09 04:22:38.794 INFO: Optimizer epoch 110: lr=[0.001, 0.001, 0.001, 0.001, 0.001, 0.001, 0.001, 0.001], mean gradient norm=2497.5, clipped=346/346
2026-10-09 04:22:38.794 INFO: Epoch timing: train=204.344s, validation=45.172s, updates=346, train/update=0.59059s, peak allocated=14458.0 MiB, backbone=CuEq
2026-10-09 04:22:38.794 INFO: Optimization budget: graphs=1384/1384, updates=346, mean retained gradient=0.011699, min retained gradient=0.000331
2026-10-09 04:22:38.794 INFO: Optimizer time scales {"updates_per_epoch": 346, "groups": [{"name": "embedding", "lr": 0.001, "parameter_update_range": [38406.0, 38406.0], "moment_memory_epochs": [0.02890173410404625, 2.8901734104046217], "AdamW_decay_only_retention_per_epoch": 1.0}, {"name": "interactions_no_decay", "lr": 0.001, "parameter_update_range": [38406.0, 38406.0], "moment_memory_epochs": [0.02890173410404625, 2.8901734104046217], "AdamW_decay_only_retention_per_epoch": 1.0}, {"name": "products", "lr": 0.001, "parameter_update_range": [38406.0, 38406.0], "moment_memory_epochs": [0.02890173410404625, 2.8901734104046217], "AdamW_decay_only_retention_per_epoch": 0.9996540596781468}, {"name": "readouts", "lr": 0.001, "parameter_update_range": [38406.0, 38406.0], "moment_memory_epochs": [0.02890173410404625, 2.8901734104046217], "AdamW_decay_only_retention_per_epoch": 1.0}, {"name": "lr_source_maps", "lr": 0.001, "parameter_update_range": [38406.0, 38406.0], "moment_memory_epochs": [0.02890173410404625, 2.8901734104046217], "AdamW_decay_only_retention_per_epoch": 1.0}, {"name": "field_dependent_charges_map", "lr": 0.001, "parameter_update_range": [38406.0, 38406.0], "moment_memory_epochs": [0.02890173410404625, 2.8901734104046217], "AdamW_decay_only_retention_per_epoch": 0.9965459616620003}, {"name": "electronic_references", "lr": 0.001, "parameter_update_range": [38406.0, 38406.0], "moment_memory_epochs": [0.02890173410404625, 2.8901734104046217], "AdamW_decay_only_retention_per_epoch": 1.0}, {"name": "layer_feature_mixer", "lr": 0.001, "parameter_update_range": [38406.0, 38406.0], "moment_memory_epochs": [0.02890173410404625, 2.8901734104046217], "AdamW_decay_only_retention_per_epoch": 0.9996540596781468}], "EMA_asymptotic_memory_epochs": 0.2890173410404622}
2026-10-09 04:22:38.794 INFO: Batching: optimizer graphs=4, device graphs<=4; one clipping/Adam/EMA update per optimizer batch
2026-10-09 04:22:38.794 INFO: 50-step finite-budget validation residual 0.010377 exceeds equilibrium tolerance 1e-06; metrics describe the exported finite trajectory, not a converged root
2026-10-09 04:39:46.695 INFO: Training-only scalar reference calibration {'fermi_level': {'observed_training_graphs': 61, 'shift_eV': 0.0344544665547469, 'reference_eV': -0.11253325483565624, 'panel_RMSE_before_eV': 0.10307450335365428, 'panel_RMSE_after_eV': 0.09714547326576939}, 'vacuum_potential': {'observed_training_graphs': 61, 'shift_eV': 0.029100250728075806, 'reference_eV': 0.030782627914918176, 'panel_RMSE_before_eV': 0.11182897342205855, 'panel_RMSE_after_eV': 0.10797636178439521}, 'seconds': 8.996373570989817}; constants saved with the model; relative errors and physical fixed-Q trajectory unchanged
2026-10-09 04:40:22.891 INFO: Full validation audit {"graphs": 350, "index_convention": "supplied loader order, zero based", "force_rmse_by_element_column_eV_A": {"0": 0.1676457171303261, "1": 0.20756412356082973, "2": 0.27619620829076946}, "force_target_rms_by_element_column_eV_A": {"0": 0.7583041629256339, "1": 0.8719660684898465, "2": 0.9586983364634067}, "force_rmse_over_target_rms_by_element_column": {"0": 0.22107977949577334, "1": 0.23804151452855152, "2": 0.2880950115232747}, "density_observers": {"density_RMSE_e_A3": 0.0013195339962467911, "farfield_RMSE_e_A3": 0.00013523777094261066, "scope": "Different Gaussian resolutions of the same error; smaller farfield RMSE is not an accuracy gain."}, "stored_potential_gauge": {"deformation_mean_range_eV": [-1.923389086888605e-13, 1.7333365232548237e-13], "scope": "Stored k=0 is retained for audit; RMSE_ESP compares fields modulo a uniform offset. Scalar EF/vacuum errors use their stored label convention."}, "potential_error_power_fractions": {"normal_reciprocal_line": 0.8903021232617758, "Gaussian_lowpass": 0.7753069727282857, "Gaussian_width_A": 1.5}, "observed_EF_vac_WF": 330, "EF_vac_WF_rmse_eV": [0.12216842497120964, 0.18687292570369118, 0.28603679810783383], "EF_vac_WF_relative_rmse_eV": [0.12158043284717214, 0.186872368455815, 0.2858049092450278], "EF_vac_WF_bias_eV": [-0.011971733735776825, -0.00045636473504253157, 0.011515369000734382], "EF_vac_covariance_eV2": -0.015990681202483516, "WF_absolute_error_quantiles_eV": {"median": 0.09393622207556263, "p90": 0.4139467092717483, "p99": 1.0630695969690482, "max": 1.5469391131092216}, "WF_identity_max_error_eV": 1.3322676295501878e-15, "absolute_relative_bias_identity_max_error_eV2": 2.7755575615628914e-17, "WF_variance_components_eV2": {"EF": 0.014781801651305737, "vacuum": 0.034921282092285885, "covariance_contribution": 0.03198136240496703}, "largest_relative_WF_errors": [{"index": 206, "atoms": 183, "composition": [63, 90, 30], "charge": 0.0, "weight": 1.0, "ef": 0.6227273986973145, "vac": -0.9242117144119071, "wf": -1.5469391131092216, "force_rmse": 0.13661529352513407, "potential_error_power_eV2": 0.4518906676507457, "stored_deformation_potential_mean_eV": -1.79033983761625e-15, "gaussian_lowpass_error_power_eV2": 0.4194667221427778, "planar_error_power_eV2": 0.44753600880665106, "loader_frame_1based": 207, "EF_vac_WF_centered_errors_eV": [0.6346991324330914, -0.9237553496768646, -1.558454482109956], "relative_WF_squared_error_fraction": 0.09010210475415374}, {"index": 304, "atoms": 180, "composition": [60, 90, 30], "charge": 0.0, "weight": 1.0, "ef": -0.485236163141485, "vac": 1.0382456333488692, "wf": 1.523481796490354, "force_rmse": 0.1709180429227886, "potential_error_power_eV2": 0.5959880482131796, "stored_deformation_potential_mean_eV": 3.4053226704110426e-14, "gaussian_lowpass_error_power_eV2": 0.5424952622408189, "planar_error_power_eV2": 0.5889014081235463, "loader_frame_1based": 305, "EF_vac_WF_centered_errors_eV": [-0.4732644294057082, 1.0387019980839118, 1.5119664274896196], "relative_WF_squared_error_fraction": 0.08480686072656789}, {"index": 134, "atoms": 180, "composition": [0, 120, 60], "charge": 0.0, "weight": 1.0, "ef": 0.3224819793502196, "vac": -1.1243506798998286, "wf": -1.4468326592500471, "force_rmse": 0.5441832737006216, "potential_error_power_eV2": 0.9946000945738609, "stored_deformation_potential_mean_eV": -4.632205743448059e-14, "gaussian_lowpass_error_power_eV2": 0.8413472940021671, "planar_error_power_eV2": 0.9648666128544501, "loader_frame_1based": 135, "EF_vac_WF_centered_errors_eV": [0.3344537130859964, -1.123894315164786, -1.4583480282507815], "relative_WF_squared_error_fraction": 0.0788985549391994}, {"index": 298, "atoms": 185, "composition": [64, 91, 30], "charge": 0.0, "weight": 1.0, "ef": -0.542108768870676, "vac": 0.5388136611674588, "wf": 1.080922430038135, "force_rmse": 0.1532505892734365, "potential_error_power_eV2": 0.36436559396002915, "stored_deformation_potential_mean_eV": -7.094704027482397e-14, "gaussian_lowpass_error_power_eV2": 0.34052444333723786, "planar_error_power_eV2": 0.3598819312651839, "loader_frame_1based": 299, "EF_vac_WF_centered_errors_eV": [-0.5301370351348992, 0.5392700259025013, 1.0694070610374007], "relative_WF_squared_error_fraction": 0.042426068227746055}, {"index": 293, "atoms": 108, "composition": [0, 72, 36], "charge": 0.0, "weight": 1.0, "ef": 0.42034128432066487, "vac": -0.5990196523757954, "wf": -1.0193609366964607, "force_rmse": 0.5077462404440463, "potential_error_power_eV2": 0.7869427071565154, "stored_deformation_potential_mean_eV": 8.093184424396893e-14, "gaussian_lowpass_error_power_eV2": 0.5724010138892403, "planar_error_power_eV2": 0.7347068707174957, "loader_frame_1based": 294, "EF_vac_WF_centered_errors_eV": [0.4323130180564417, -0.5985632876407528, -1.030876305697195], "relative_WF_squared_error_fraction": 0.039423920166205724}, {"index": 240, "atoms": 183, "composition": [63, 90, 30], "charge": 0.0, "weight": 1.0, "ef": 0.2465719859459513, "vac": -0.7239493064611509, "wf": -0.9705212924071018, "force_rmse": 0.13167319812153833, "potential_error_power_eV2": 0.14503176630461592, "stored_deformation_potential_mean_eV": -9.735419555064175e-14, "gaussian_lowpass_error_power_eV2": 0.12701123761786415, "planar_error_power_eV2": 0.13896257282366112, "loader_frame_1based": 241, "EF_vac_WF_centered_errors_eV": [0.2585437196817281, -0.7234929417261083, -0.9820366614078362], "relative_WF_squared_error_fraction": 0.03577684947604466}, {"index": 211, "atoms": 181, "composition": [61, 90, 30], "charge": 0.0, "weight": 1.0, "ef": 0.3856477541028447, "vac": -0.5508444170462377, "wf": -0.9364921711490828, "force_rmse": 0.0989697263731816, "potential_error_power_eV2": 0.19346574865337238, "stored_deformation_potential_mean_eV": -3.581790839801117e-14, "gaussian_lowpass_error_power_eV2": 0.17467608572326013, "planar_error_power_eV2": 0.18653525233925283, "loader_frame_1based": 212, "EF_vac_WF_centered_errors_eV": [0.3976194878386215, -0.5503880523111951, -0.9480075401498171], "relative_WF_squared_error_fraction": 0.03334035920807716}, {"index": 35, "atoms": 75, "composition": [14, 43, 18], "charge": 0.0, "weight": 1.0, "ef": 0.34250986011901263, "vac": -0.566799614360951, "wf": -0.9093094744799641, "force_rmse": 0.27346592801255487, "potential_error_power_eV2": 0.16966206433530465, "stored_deformation_potential_mean_eV": -4.530744579115239e-14, "gaussian_lowpass_error_power_eV2": 0.14707964007407046, "planar_error_power_eV2": 0.16218489646105297, "loader_frame_1based": 36, "EF_vac_WF_centered_errors_eV": [0.35448159385478945, -0.5663432496259085, -0.9208248434806985], "relative_WF_squared_error_fraction": 0.0314558008899179}], "WF_centered_squared_error_share_largest_10_structures": 0.4935784939193544, "WF_centered_squared_error_share_largest_10_percent": 0.786830188971642, "independent_single_anchor_EF_vac_WF_RMSE_eV": [0.17194069705166218, 0.26427743790299574, 0.4041891788471299], "relative_error_scope": "One whole-split offset for RMSE_rel; no fitted offset is applied to predictions. Single-anchor expectation assumes independent configurations.", "WF_squared_error_share_largest_10_percent": 0.7826493688520347, "largest_WF_errors": [{"index": 206, "atoms": 183, "composition": [63, 90, 30], "charge": 0.0, "weight": 1.0, "ef": 0.6227273986973145, "vac": -0.9242117144119071, "wf": -1.5469391131092216, "force_rmse": 0.13661529352513407, "potential_error_power_eV2": 0.4518906676507457, "stored_deformation_potential_mean_eV": -1.79033983761625e-15, "gaussian_lowpass_error_power_eV2": 0.4194667221427778, "planar_error_power_eV2": 0.44753600880665106}, {"index": 304, "atoms": 180, "composition": [60, 90, 30], "charge": 0.0, "weight": 1.0, "ef": -0.485236163141485, "vac": 1.0382456333488692, "wf": 1.523481796490354, "force_rmse": 0.1709180429227886, "potential_error_power_eV2": 0.5959880482131796, "stored_deformation_potential_mean_eV": 3.4053226704110426e-14, "gaussian_lowpass_error_power_eV2": 0.5424952622408189, "planar_error_power_eV2": 0.5889014081235463}, {"index": 134, "atoms": 180, "composition": [0, 120, 60], "charge": 0.0, "weight": 1.0, "ef": 0.3224819793502196, "vac": -1.1243506798998286, "wf": -1.4468326592500471, "force_rmse": 0.5441832737006216, "potential_error_power_eV2": 0.9946000945738609, "stored_deformation_potential_mean_eV": -4.632205743448059e-14, "gaussian_lowpass_error_power_eV2": 0.8413472940021671, "planar_error_power_eV2": 0.9648666128544501}, {"index": 298, "atoms": 185, "composition": [64, 91, 30], "charge": 0.0, "weight": 1.0, "ef": -0.542108768870676, "vac": 0.5388136611674588, "wf": 1.080922430038135, "force_rmse": 0.1532505892734365, "potential_error_power_eV2": 0.36436559396002915, "stored_deformation_potential_mean_eV": -7.094704027482397e-14, "gaussian_lowpass_error_power_eV2": 0.34052444333723786, "planar_error_power_eV2": 0.3598819312651839}, {"index": 293, "atoms": 108, "composition": [0, 72, 36], "charge": 0.0, "weight": 1.0, "ef": 0.42034128432066487, "vac": -0.5990196523757954, "wf": -1.0193609366964607, "force_rmse": 0.5077462404440463, "potential_error_power_eV2": 0.7869427071565154, "stored_deformation_potential_mean_eV": 8.093184424396893e-14, "gaussian_lowpass_error_power_eV2": 0.5724010138892403, "planar_error_power_eV2": 0.7347068707174957}, {"index": 240, "atoms": 183, "composition": [63, 90, 30], "charge": 0.0, "weight": 1.0, "ef": 0.2465719859459513, "vac": -0.7239493064611509, "wf": -0.9705212924071018, "force_rmse": 0.13167319812153833, "potential_error_power_eV2": 0.14503176630461592, "stored_deformation_potential_mean_eV": -9.735419555064175e-14, "gaussian_lowpass_error_power_eV2": 0.12701123761786415, "planar_error_power_eV2": 0.13896257282366112}, {"index": 211, "atoms": 181, "composition": [61, 90, 30], "charge": 0.0, "weight": 1.0, "ef": 0.3856477541028447, "vac": -0.5508444170462377, "wf": -0.9364921711490828, "force_rmse": 0.0989697263731816, "potential_error_power_eV2": 0.19346574865337238, "stored_deformation_potential_mean_eV": -3.581790839801117e-14, "gaussian_lowpass_error_power_eV2": 0.17467608572326013, "planar_error_power_eV2": 0.18653525233925283}, {"index": 147, "atoms": 186, "composition": [66, 90, 30], "charge": 0.0, "weight": 1.0, "ef": -0.3826529938723718, "vac": 0.5458035331415312, "wf": 0.9284565270139029, "force_rmse": 0.1860188744728797, "potential_error_power_eV2": 0.13362508142105106, "stored_deformation_potential_mean_eV": 5.296572984662304e-14, "gaussian_lowpass_error_power_eV2": 0.12187285521914362, "planar_error_power_eV2": 0.13006239697747674}], "composition_cohorts": [{"element_counts": "(60, 90, 30)", "graphs": 1, "wf_rmse_eV": 1.523481796490354}, {"element_counts": "(0, 120, 60)", "graphs": 2, "wf_rmse_eV": 1.0279286013380624}, {"element_counts": "(14, 43, 18)", "graphs": 1, "wf_rmse_eV": 0.9093094744799641}, {"element_counts": "(23, 128, 60)", "graphs": 1, "wf_rmse_eV": 0.7242702831621717}, {"element_counts": "(63, 90, 30)", "graphs": 7, "wf_rmse_eV": 0.7057190555972797}, {"element_counts": "(19, 57, 24)", "graphs": 1, "wf_rmse_eV": 0.6064349875624675}, {"element_counts": "(0, 36, 18)", "graphs": 1, "wf_rmse_eV": 0.5665402176576002}, {"element_counts": "(0, 72, 36)", "graphs": 4, "wf_rmse_eV": 0.5341605674293545}, {"element_counts": "(64, 91, 30)", "graphs": 5, "wf_rmse_eV": 0.5336146226226437}, {"element_counts": "(62, 90, 30)", "graphs": 3, "wf_rmse_eV": 0.533384995126752}, {"element_counts": "(61, 90, 30)", "graphs": 10, "wf_rmse_eV": 0.5021571738097401}, {"element_counts": "(65, 90, 30)", "graphs": 10, "wf_rmse_eV": 0.4896641684766735}], "scope": "Full supplied split; diagnostic only, no reference-dependent correction or exclusion is applied. Large error alone does not establish bad reference data.", "atomic_numbers": [1, 8, 77]}
2026-10-09 04:40:22.894 INFO: Epoch 115: loss=55.3543, RMSE_E_per_atom=504.3355 meV, RMSE_F=206.6587 meV/A, RMSE_dip_per_atom=0.9244 meA, RMSE_rho=0.1352 me/A^3, RMSE_EF(abs/rel)=122.1684/121.5804 meV, RMSE_ESP=183.0510 mV, RMSE_ESPvac(abs/rel)=186.8729/186.8724 mV, RMSE_WF(abs/rel)=286.0368/285.8049 meV
2026-10-09 04:40:22.894 INFO: 50-step electronic residual maximum: 0.0081601
2026-10-09 04:40:22.899 INFO: Optimizer epoch 115: lr=[0.001, 0.001, 0.001, 0.001, 0.001, 0.001, 0.001, 0.001], mean gradient norm=3082.5, clipped=346/346
2026-10-09 04:40:22.900 INFO: Epoch timing: train=204.416s, validation=45.202s, updates=346, train/update=0.59080s, peak allocated=14556.8 MiB, backbone=CuEq
2026-10-09 04:40:22.900 INFO: Optimization budget: graphs=1384/1384, updates=346, mean retained gradient=0.011444, min retained gradient=3.2886e-05
2026-10-09 04:40:22.900 INFO: Optimizer time scales {"updates_per_epoch": 346, "groups": [{"name": "embedding", "lr": 0.001, "parameter_update_range": [40136.0, 40136.0], "moment_memory_epochs": [0.02890173410404625, 2.8901734104046217], "AdamW_decay_only_retention_per_epoch": 1.0}, {"name": "interactions_no_decay", "lr": 0.001, "parameter_update_range": [40136.0, 40136.0], "moment_memory_epochs": [0.02890173410404625, 2.8901734104046217], "AdamW_decay_only_retention_per_epoch": 1.0}, {"name": "products", "lr": 0.001, "parameter_update_range": [40136.0, 40136.0], "moment_memory_epochs": [0.02890173410404625, 2.8901734104046217], "AdamW_decay_only_retention_per_epoch": 0.9996540596781468}, {"name": "readouts", "lr": 0.001, "parameter_update_range": [40136.0, 40136.0], "moment_memory_epochs": [0.02890173410404625, 2.8901734104046217], "AdamW_decay_only_retention_per_epoch": 1.0}, {"name": "lr_source_maps", "lr": 0.001, "parameter_update_range": [40136.0, 40136.0], "moment_memory_epochs": [0.02890173410404625, 2.8901734104046217], "AdamW_decay_only_retention_per_epoch": 1.0}, {"name": "field_dependent_charges_map", "lr": 0.001, "parameter_update_range": [40136.0, 40136.0], "moment_memory_epochs": [0.02890173410404625, 2.8901734104046217], "AdamW_decay_only_retention_per_epoch": 0.9965459616620003}, {"name": "electronic_references", "lr": 0.001, "parameter_update_range": [40136.0, 40136.0], "moment_memory_epochs": [0.02890173410404625, 2.8901734104046217], "AdamW_decay_only_retention_per_epoch": 1.0}, {"name": "layer_feature_mixer", "lr": 0.001, "parameter_update_range": [40136.0, 40136.0], "moment_memory_epochs": [0.02890173410404625, 2.8901734104046217], "AdamW_decay_only_retention_per_epoch": 0.9996540596781468}], "EMA_asymptotic_memory_epochs": 0.2890173410404622}
2026-10-09 04:40:22.900 INFO: Batching: optimizer graphs=4, device graphs<=4; one clipping/Adam/EMA update per optimizer batch
2026-10-09 04:40:22.900 INFO: 50-step finite-budget validation residual 0.0081601 exceeds equilibrium tolerance 1e-06; metrics describe the exported finite trajectory, not a converged root
2026-10-09 04:57:34.990 INFO: Training-only scalar reference calibration {'fermi_level': {'observed_training_graphs': 61, 'shift_eV': -0.012670104983990581, 'reference_eV': -0.1252033598196468, 'panel_RMSE_before_eV': 0.09234404541101014, 'panel_RMSE_after_eV': 0.09147071204798486}, 'vacuum_potential': {'observed_training_graphs': 61, 'shift_eV': -0.022423922381760993, 'reference_eV': 0.008358705533157183, 'panel_RMSE_before_eV': 0.10224560702530257, 'panel_RMSE_after_eV': 0.09975636250881124}, 'seconds': 9.008155757997883}; constants saved with the model; relative errors and physical fixed-Q trajectory unchanged
2026-10-09 04:58:11.199 INFO: Full validation audit {"graphs": 350, "index_convention": "supplied loader order, zero based", "force_rmse_by_element_column_eV_A": {"0": 0.16644545347486567, "1": 0.20140097427745107, "2": 0.27383266718654775}, "force_target_rms_by_element_column_eV_A": {"0": 0.7583041629256339, "1": 0.8719660684898465, "2": 0.9586983364634067}, "force_rmse_over_target_rms_by_element_column": {"0": 0.21949695335008837, "1": 0.23097340774539124, "2": 0.2856296467528082}, "density_observers": {"density_RMSE_e_A3": 0.0013108675822902697, "farfield_RMSE_e_A3": 0.0001343840771498918, "scope": "Different Gaussian resolutions of the same error; smaller farfield RMSE is not an accuracy gain."}, "stored_potential_gauge": {"deformation_mean_range_eV": [-1.923389086888605e-13, 1.7333365232548237e-13], "scope": "Stored k=0 is retained for audit; RMSE_ESP compares fields modulo a uniform offset. Scalar EF/vacuum errors use their stored label convention."}, "potential_error_power_fractions": {"normal_reciprocal_line": 0.8798768947302112, "Gaussian_lowpass": 0.7681417770371683, "Gaussian_width_A": 1.5}, "observed_EF_vac_WF": 330, "EF_vac_WF_rmse_eV": [0.12196188588430489, 0.19412800362337507, 0.2899488984105381], "EF_vac_WF_relative_rmse_eV": [0.12133790617145193, 0.19389537608889576, 0.28993517974725314], "EF_vac_WF_bias_eV": [-0.012321287854121546, -0.00950078534347661, 0.0028205025106449668], "EF_vac_covariance_eV2": -0.015872052056172817, "WF_absolute_error_quantiles_eV": {"median": 0.09517088249848049, "p90": 0.4027932072055567, "p99": 1.1817894626161776, "max": 1.6266838739297347}, "WF_identity_max_error_eV": 8.881784197001252e-16, "absolute_relative_bias_identity_max_error_eV2": 2.7755575615628914e-17, "WF_variance_components_eV2": {"EF": 0.014722887474072075, "vacuum": 0.03759541686865433, "covariance_contribution": 0.031744104112345635}, "largest_relative_WF_errors": [{"index": 206, "atoms": 183, "composition": [63, 90, 30], "charge": 0.0, "weight": 1.0, "ef": 0.6383909729248021, "vac": -0.9882929010049324, "wf": -1.6266838739297347, "force_rmse": 0.11962726889038143, "potential_error_power_eV2": 0.4834788270631513, "stored_deformation_potential_mean_eV": -1.79033983761625e-15, "gaussian_lowpass_error_power_eV2": 0.44620067513162404, "planar_error_power_eV2": 0.4789080403658723, "loader_frame_1based": 207, "EF_vac_WF_centered_errors_eV": [0.6507122607789236, -0.9787921156614557, -1.6295043764403796], "relative_WF_squared_error_fraction": 0.09571836988076773}, {"index": 304, "atoms": 180, "composition": [60, 90, 30], "charge": 0.0, "weight": 1.0, "ef": -0.484351340022658, "vac": 1.0579218020694405, "wf": 1.5422731420920988, "force_rmse": 0.1967696093498437, "potential_error_power_eV2": 0.6170193335595701, "stored_deformation_potential_mean_eV": 3.4053226704110426e-14, "gaussian_lowpass_error_power_eV2": 0.5623166584128088, "planar_error_power_eV2": 0.6085445099212208, "loader_frame_1based": 305, "EF_vac_WF_centered_errors_eV": [-0.47203005216853644, 1.067422587412917, 1.5394526395814538], "relative_WF_squared_error_fraction": 0.08543127670621445}, {"index": 240, "atoms": 183, "composition": [63, 90, 30], "charge": 0.0, "weight": 1.0, "ef": 0.33800387103680507, "vac": -0.8674076395435728, "wf": -1.2054115105803778, "force_rmse": 0.13533462893727313, "potential_error_power_eV2": 0.21540840722104676, "stored_deformation_potential_mean_eV": -9.735419555064175e-14, "gaussian_lowpass_error_power_eV2": 0.19254738841110663, "planar_error_power_eV2": 0.20891151883191045, "loader_frame_1based": 241, "EF_vac_WF_centered_errors_eV": [0.35032515889092664, -0.8579068542000962, -1.2082320130910227], "relative_WF_squared_error_fraction": 0.05262412751059982}, {"index": 147, "atoms": 186, "composition": [66, 90, 30], "charge": 0.0, "weight": 1.0, "ef": -0.4587086522361144, "vac": 0.7410675911707219, "wf": 1.1997762434068364, "force_rmse": 0.199413707264276, "potential_error_power_eV2": 0.21748359343231716, "stored_deformation_potential_mean_eV": 5.296572984662304e-14, "gaussian_lowpass_error_power_eV2": 0.2012937176222322, "planar_error_power_eV2": 0.21424099223675563, "loader_frame_1based": 148, "EF_vac_WF_centered_errors_eV": [-0.44638736438199283, 0.7505683765141985, 1.1969557408961915], "relative_WF_squared_error_fraction": 0.051646442929617384}, {"index": 211, "atoms": 181, "composition": [61, 90, 30], "charge": 0.0, "weight": 1.0, "ef": 0.4617737486949067, "vac": -0.6759791126751793, "wf": -1.1377528613700862, "force_rmse": 0.10477382277255226, "potential_error_power_eV2": 0.27105993002004575, "stored_deformation_potential_mean_eV": -3.581790839801117e-14, "gaussian_lowpass_error_power_eV2": 0.24653928536359318, "planar_error_power_eV2": 0.26383394364706947, "loader_frame_1based": 212, "EF_vac_WF_centered_errors_eV": [0.4740950365490283, -0.6664783273317026, -1.1405733638807312], "relative_WF_squared_error_fraction": 0.04689544720414619}, {"index": 298, "atoms": 185, "composition": [64, 91, 30], "charge": 0.0, "weight": 1.0, "ef": -0.49866906888841034, "vac": 0.5925797077762684, "wf": 1.0912487766646786, "force_rmse": 0.13890948556914007, "potential_error_power_eV2": 0.3259843590260167, "stored_deformation_potential_mean_eV": -7.094704027482397e-14, "gaussian_lowpass_error_power_eV2": 0.30448625340239915, "planar_error_power_eV2": 0.3214886988786256, "loader_frame_1based": 299, "EF_vac_WF_centered_errors_eV": [-0.4863477810342888, 0.6020804931197451, 1.0884282741540336], "relative_WF_squared_error_fraction": 0.04270550494460063}, {"index": 35, "atoms": 75, "composition": [14, 43, 18], "charge": 0.0, "weight": 1.0, "ef": 0.3565621463196287, "vac": -0.7183148758275397, "wf": -1.0748770221471684, "force_rmse": 0.2734245203921782, "potential_error_power_eV2": 0.24440713397479233, "stored_deformation_potential_mean_eV": -4.530744579115239e-14, "gaussian_lowpass_error_power_eV2": 0.20979438614809567, "planar_error_power_eV2": 0.2300089495612436, "loader_frame_1based": 36, "EF_vac_WF_centered_errors_eV": [0.36888343417375025, -0.7088140904840631, -1.0776975246578133], "relative_WF_squared_error_fraction": 0.041867593807504766}, {"index": 134, "atoms": 180, "composition": [0, 120, 60], "charge": 0.0, "weight": 1.0, "ef": 0.2096708155447491, "vac": -0.7277981531518982, "wf": -0.9374689686966464, "force_rmse": 0.43067061394748607, "potential_error_power_eV2": 0.8727021665161537, "stored_deformation_potential_mean_eV": -4.632205743448059e-14, "gaussian_lowpass_error_power_eV2": 0.6582740750010704, "planar_error_power_eV2": 0.7945513061468391, "loader_frame_1based": 135, "EF_vac_WF_centered_errors_eV": [0.22199210339887063, -0.7182973678084216, -0.9402894712072913], "relative_WF_squared_error_fraction": 0.03187185769991017}], "WF_centered_squared_error_share_largest_10_structures": 0.5071714988520798, "WF_centered_squared_error_share_largest_10_percent": 0.7851363837696986, "independent_single_anchor_EF_vac_WF_RMSE_eV": [0.1715977125376214, 0.2742094705463483, 0.4100302634076465], "relative_error_scope": "One whole-split offset for RMSE_rel; no fitted offset is applied to predictions. Single-anchor expectation assumes independent configurations.", "WF_squared_error_share_largest_10_percent": 0.7842039870113116, "largest_WF_errors": [{"index": 206, "atoms": 183, "composition": [63, 90, 30], "charge": 0.0, "weight": 1.0, "ef": 0.6383909729248021, "vac": -0.9882929010049324, "wf": -1.6266838739297347, "force_rmse": 0.11962726889038143, "potential_error_power_eV2": 0.4834788270631513, "stored_deformation_potential_mean_eV": -1.79033983761625e-15, "gaussian_lowpass_error_power_eV2": 0.44620067513162404, "planar_error_power_eV2": 0.4789080403658723}, {"index": 304, "atoms": 180, "composition": [60, 90, 30], "charge": 0.0, "weight": 1.0, "ef": -0.484351340022658, "vac": 1.0579218020694405, "wf": 1.5422731420920988, "force_rmse": 0.1967696093498437, "potential_error_power_eV2": 0.6170193335595701, "stored_deformation_potential_mean_eV": 3.4053226704110426e-14, "gaussian_lowpass_error_power_eV2": 0.5623166584128088, "planar_error_power_eV2": 0.6085445099212208}, {"index": 240, "atoms": 183, "composition": [63, 90, 30], "charge": 0.0, "weight": 1.0, "ef": 0.33800387103680507, "vac": -0.8674076395435728, "wf": -1.2054115105803778, "force_rmse": 0.13533462893727313, "potential_error_power_eV2": 0.21540840722104676, "stored_deformation_potential_mean_eV": -9.735419555064175e-14, "gaussian_lowpass_error_power_eV2": 0.19254738841110663, "planar_error_power_eV2": 0.20891151883191045}, {"index": 147, "atoms": 186, "composition": [66, 90, 30], "charge": 0.0, "weight": 1.0, "ef": -0.4587086522361144, "vac": 0.7410675911707219, "wf": 1.1997762434068364, "force_rmse": 0.199413707264276, "potential_error_power_eV2": 0.21748359343231716, "stored_deformation_potential_mean_eV": 5.296572984662304e-14, "gaussian_lowpass_error_power_eV2": 0.2012937176222322, "planar_error_power_eV2": 0.21424099223675563}, {"index": 211, "atoms": 181, "composition": [61, 90, 30], "charge": 0.0, "weight": 1.0, "ef": 0.4617737486949067, "vac": -0.6759791126751793, "wf": -1.1377528613700862, "force_rmse": 0.10477382277255226, "potential_error_power_eV2": 0.27105993002004575, "stored_deformation_potential_mean_eV": -3.581790839801117e-14, "gaussian_lowpass_error_power_eV2": 0.24653928536359318, "planar_error_power_eV2": 0.26383394364706947}, {"index": 298, "atoms": 185, "composition": [64, 91, 30], "charge": 0.0, "weight": 1.0, "ef": -0.49866906888841034, "vac": 0.5925797077762684, "wf": 1.0912487766646786, "force_rmse": 0.13890948556914007, "potential_error_power_eV2": 0.3259843590260167, "stored_deformation_potential_mean_eV": -7.094704027482397e-14, "gaussian_lowpass_error_power_eV2": 0.30448625340239915, "planar_error_power_eV2": 0.3214886988786256}, {"index": 35, "atoms": 75, "composition": [14, 43, 18], "charge": 0.0, "weight": 1.0, "ef": 0.3565621463196287, "vac": -0.7183148758275397, "wf": -1.0748770221471684, "force_rmse": 0.2734245203921782, "potential_error_power_eV2": 0.24440713397479233, "stored_deformation_potential_mean_eV": -4.530744579115239e-14, "gaussian_lowpass_error_power_eV2": 0.20979438614809567, "planar_error_power_eV2": 0.2300089495612436}, {"index": 134, "atoms": 180, "composition": [0, 120, 60], "charge": 0.0, "weight": 1.0, "ef": 0.2096708155447491, "vac": -0.7277981531518982, "wf": -0.9374689686966464, "force_rmse": 0.43067061394748607, "potential_error_power_eV2": 0.8727021665161537, "stored_deformation_potential_mean_eV": -4.632205743448059e-14, "gaussian_lowpass_error_power_eV2": 0.6582740750010704, "planar_error_power_eV2": 0.7945513061468391}], "composition_cohorts": [{"element_counts": "(60, 90, 30)", "graphs": 1, "wf_rmse_eV": 1.5422731420920988}, {"element_counts": "(14, 43, 18)", "graphs": 1, "wf_rmse_eV": 1.0748770221471684}, {"element_counts": "(63, 90, 30)", "graphs": 7, "wf_rmse_eV": 0.8126008848457691}, {"element_counts": "(23, 128, 60)", "graphs": 1, "wf_rmse_eV": 0.7250187831765018}, {"element_counts": "(0, 120, 60)", "graphs": 2, "wf_rmse_eV": 0.6654807373873888}, {"element_counts": "(19, 57, 24)", "graphs": 1, "wf_rmse_eV": 0.5637803098523761}, {"element_counts": "(61, 90, 30)", "graphs": 10, "wf_rmse_eV": 0.5549950774745922}, {"element_counts": "(62, 90, 30)", "graphs": 3, "wf_rmse_eV": 0.5514969322150359}, {"element_counts": "(65, 90, 30)", "graphs": 10, "wf_rmse_eV": 0.5461908057725177}, {"element_counts": "(64, 91, 30)", "graphs": 5, "wf_rmse_eV": 0.5428571215453328}, {"element_counts": "(66, 90, 30)", "graphs": 10, "wf_rmse_eV": 0.47956636573550937}, {"element_counts": "(0, 36, 18)", "graphs": 1, "wf_rmse_eV": 0.45470005499248867}], "scope": "Full supplied split; diagnostic only, no reference-dependent correction or exclusion is applied. Large error alone does not establish bad reference data.", "atomic_numbers": [1, 8, 77]}
2026-10-09 04:58:11.202 INFO: Epoch 120: loss=54.4367, RMSE_E_per_atom=500.6475 meV, RMSE_F=202.8529 meV/A, RMSE_dip_per_atom=0.8999 meA, RMSE_rho=0.1344 me/A^3, RMSE_EF(abs/rel)=121.9619/121.3379 meV, RMSE_ESP=182.2593 mV, RMSE_ESPvac(abs/rel)=194.1280/193.8954 mV, RMSE_WF(abs/rel)=289.9489/289.9352 meV
2026-10-09 04:58:11.202 INFO: 50-step electronic residual maximum: 0.24466
2026-10-09 04:58:11.211 INFO: Optimizer epoch 120: lr=[0.001, 0.001, 0.001, 0.001, 0.001, 0.001, 0.001, 0.001], mean gradient norm=2182.6, clipped=346/346
2026-10-09 04:58:11.211 INFO: Epoch timing: train=204.245s, validation=45.231s, updates=346, train/update=0.59030s, peak allocated=15261.5 MiB, backbone=CuEq
2026-10-09 04:58:11.211 INFO: Optimization budget: graphs=1384/1384, updates=346, mean retained gradient=0.011391, min retained gradient=0.00045946
2026-10-09 04:58:11.212 INFO: Optimizer time scales {"updates_per_epoch": 346, "groups": [{"name": "embedding", "lr": 0.001, "parameter_update_range": [41866.0, 41866.0], "moment_memory_epochs": [0.02890173410404625, 2.8901734104046217], "AdamW_decay_only_retention_per_epoch": 1.0}, {"name": "interactions_no_decay", "lr": 0.001, "parameter_update_range": [41866.0, 41866.0], "moment_memory_epochs": [0.02890173410404625, 2.8901734104046217], "AdamW_decay_only_retention_per_epoch": 1.0}, {"name": "products", "lr": 0.001, "parameter_update_range": [41866.0, 41866.0], "moment_memory_epochs": [0.02890173410404625, 2.8901734104046217], "AdamW_decay_only_retention_per_epoch": 0.9996540596781468}, {"name": "readouts", "lr": 0.001, "parameter_update_range": [41866.0, 41866.0], "moment_memory_epochs": [0.02890173410404625, 2.8901734104046217], "AdamW_decay_only_retention_per_epoch": 1.0}, {"name": "lr_source_maps", "lr": 0.001, "parameter_update_range": [41866.0, 41866.0], "moment_memory_epochs": [0.02890173410404625, 2.8901734104046217], "AdamW_decay_only_retention_per_epoch": 1.0}, {"name": "field_dependent_charges_map", "lr": 0.001, "parameter_update_range": [41866.0, 41866.0], "moment_memory_epochs": [0.02890173410404625, 2.8901734104046217], "AdamW_decay_only_retention_per_epoch": 0.9965459616620003}, {"name": "electronic_references", "lr": 0.001, "parameter_update_range": [41866.0, 41866.0], "moment_memory_epochs": [0.02890173410404625, 2.8901734104046217], "AdamW_decay_only_retention_per_epoch": 1.0}, {"name": "layer_feature_mixer", "lr": 0.001, "parameter_update_range": [41866.0, 41866.0], "moment_memory_epochs": [0.02890173410404625, 2.8901734104046217], "AdamW_decay_only_retention_per_epoch": 0.9996540596781468}], "EMA_asymptotic_memory_epochs": 0.2890173410404622}
2026-10-09 04:58:11.212 INFO: Batching: optimizer graphs=4, device graphs<=4; one clipping/Adam/EMA update per optimizer batch
2026-10-09 04:58:11.212 INFO: 50-step finite-budget validation residual 0.24466 exceeds equilibrium tolerance 1e-06; metrics describe the exported finite trajectory, not a converged root
2026-10-09 05:15:15.678 INFO: Training-only scalar reference calibration {'fermi_level': {'observed_training_graphs': 61, 'shift_eV': -0.041189214623281116, 'reference_eV': -0.16639257444292793, 'panel_RMSE_before_eV': 0.08714441391332305, 'panel_RMSE_after_eV': 0.07679581678069357}, 'vacuum_potential': {'observed_training_graphs': 61, 'shift_eV': 0.011482567187893826, 'reference_eV': 0.01984127272105101, 'panel_RMSE_before_eV': 0.07999398822634973, 'panel_RMSE_after_eV': 0.07916557839827158}, 'seconds': 9.001623332995223}; constants saved with the model; relative errors and physical fixed-Q trajectory unchanged
2026-10-09 05:15:51.296 INFO: Full validation audit {"graphs": 350, "index_convention": "supplied loader order, zero based", "force_rmse_by_element_column_eV_A": {"0": 0.1636599379128257, "1": 0.19757800774959386, "2": 0.2576579605167714}, "force_target_rms_by_element_column_eV_A": {"0": 0.7583041629256339, "1": 0.8719660684898465, "2": 0.9586983364634067}, "force_rmse_over_target_rms_by_element_column": {"0": 0.21582360471476889, "1": 0.22658910121557618, "2": 0.26875811787392845}, "density_observers": {"density_RMSE_e_A3": 0.0013512184831513002, "farfield_RMSE_e_A3": 0.000130508306384926, "scope": "Different Gaussian resolutions of the same error; smaller farfield RMSE is not an accuracy gain."}, "stored_potential_gauge": {"deformation_mean_range_eV": [-1.923389086888605e-13, 1.7333365232548237e-13], "scope": "Stored k=0 is retained for audit; RMSE_ESP compares fields modulo a uniform offset. Scalar EF/vacuum errors use their stored label convention."}, "potential_error_power_fractions": {"normal_reciprocal_line": 0.8608856415746862, "Gaussian_lowpass": 0.7436089088842008, "Gaussian_width_A": 1.5}, "observed_EF_vac_WF": 330, "EF_vac_WF_rmse_eV": [0.12096633181129765, 0.18513827611189274, 0.28280805118953184], "EF_vac_WF_relative_rmse_eV": [0.12042972705487588, 0.18475346861367883, 0.28280751792955283], "EF_vac_WF_bias_eV": [-0.011381312462500083, -0.011930512013229373, -0.000549199550729264], "EF_vac_covariance_eV2": -0.01567146443708842, "WF_absolute_error_quantiles_eV": {"median": 0.09045958542978383, "p90": 0.3941116386150073, "p99": 1.1578776569660931, "max": 1.7538341840943747}, "WF_identity_max_error_eV": 1.5543122344752192e-15, "absolute_relative_bias_identity_max_error_eV2": 1.3877787807814457e-17, "WF_variance_components_eV2": {"EF": 0.014503319158511899, "vacuum": 0.034133844164785605, "covariance_contribution": 0.03134292887417684}, "largest_relative_WF_errors": [{"index": 206, "atoms": 183, "composition": [63, 90, 30], "charge": 0.0, "weight": 1.0, "ef": 0.6815434943240388, "vac": -1.0722906897703357, "wf": -1.7538341840943747, "force_rmse": 0.11580186835242878, "potential_error_power_eV2": 0.5851092269973065, "stored_deformation_potential_mean_eV": -1.79033983761625e-15, "gaussian_lowpass_error_power_eV2": 0.5413191612031869, "planar_error_power_eV2": 0.579812541548343, "loader_frame_1based": 207, "EF_vac_WF_centered_errors_eV": [0.6929248067865389, -1.0603601777571063, -1.7532849845436456], "relative_WF_squared_error_fraction": 0.11646868889369902}, {"index": 304, "atoms": 180, "composition": [60, 90, 30], "charge": 0.0, "weight": 1.0, "ef": -0.563549746516691, "vac": 1.1202079184868916, "wf": 1.6837576650035828, "force_rmse": 0.17723151330797474, "potential_error_power_eV2": 0.659188387530028, "stored_deformation_potential_mean_eV": 3.4053226704110426e-14, "gaussian_lowpass_error_power_eV2": 0.5982211210434126, "planar_error_power_eV2": 0.648240166107299, "loader_frame_1based": 305, "EF_vac_WF_centered_errors_eV": [-0.5521684340541909, 1.132138430500121, 1.684306864554312], "relative_WF_squared_error_fraction": 0.10748468722276282}, {"index": 298, "atoms": 185, "composition": [64, 91, 30], "charge": 0.0, "weight": 1.0, "ef": -0.5924503598310393, "vac": 0.6255410800476682, "wf": 1.2179914398787064, "force_rmse": 0.15669203178412697, "potential_error_power_eV2": 0.38901594551463475, "stored_deformation_potential_mean_eV": -7.094704027482397e-14, "gaussian_lowpass_error_power_eV2": 0.36231981367361604, "planar_error_power_eV2": 0.3834865919980848, "loader_frame_1based": 299, "EF_vac_WF_centered_errors_eV": [-0.5810690473685393, 0.6374715920608975, 1.2185406394294356], "relative_WF_squared_error_fraction": 0.05625798791676882}, {"index": 240, "atoms": 183, "composition": [63, 90, 30], "charge": 0.0, "weight": 1.0, "ef": 0.31929835701973985, "vac": -0.8805631041190463, "wf": -1.1998614611387861, "force_rmse": 0.12734477108687942, "potential_error_power_eV2": 0.2320705145938651, "stored_deformation_potential_mean_eV": -9.735419555064175e-14, "gaussian_lowpass_error_power_eV2": 0.21123254388661433, "planar_error_power_eV2": 0.2284779435495806, "loader_frame_1based": 241, "EF_vac_WF_centered_errors_eV": [0.3306796694822399, -0.8686325921058169, -1.199312261588057], "relative_WF_squared_error_fraction": 0.054496512110224646}, {"index": 35, "atoms": 75, "composition": [14, 43, 18], "charge": 0.0, "weight": 1.0, "ef": 0.36079659374848205, "vac": -0.6942931288637864, "wf": -1.0550897226122684, "force_rmse": 0.28552061078156643, "potential_error_power_eV2": 0.22796437975246764, "stored_deformation_potential_mean_eV": -4.530744579115239e-14, "gaussian_lowpass_error_power_eV2": 0.19568853456419813, "planar_error_power_eV2": 0.21443905636469512, "loader_frame_1based": 36, "EF_vac_WF_centered_errors_eV": [0.3721779062109821, -0.682362616850557, -1.0545405230615392], "relative_WF_squared_error_fraction": 0.04213380742347697}, {"index": 147, "atoms": 186, "composition": [66, 90, 30], "charge": 0.0, "weight": 1.0, "ef": -0.4146568791498496, "vac": 0.5955778974913004, "wf": 1.0102347766411501, "force_rmse": 0.18694934321991613, "potential_error_power_eV2": 0.1499202931876884, "stored_deformation_potential_mean_eV": 5.296572984662304e-14, "gaussian_lowpass_error_power_eV2": 0.13726320521196186, "planar_error_power_eV2": 0.14649219763077614, "loader_frame_1based": 148, "EF_vac_WF_centered_errors_eV": [-0.40327556668734954, 0.6075084095045298, 1.0107839761918793], "relative_WF_squared_error_fraction": 0.03870979368987497}, {"index": 211, "atoms": 181, "composition": [61, 90, 30], "charge": 0.0, "weight": 1.0, "ef": 0.3500085652504789, "vac": -0.5988838754299834, "wf": -0.9488924406804626, "force_rmse": 0.11302893339412752, "potential_error_power_eV2": 0.19283862953756598, "stored_deformation_potential_mean_eV": -3.581790839801117e-14, "gaussian_lowpass_error_power_eV2": 0.17362838918253243, "planar_error_power_eV2": 0.18484514291314028, "loader_frame_1based": 212, "EF_vac_WF_centered_errors_eV": [0.361389877712979, -0.5869533634167541, -0.9483432411297333], "relative_WF_squared_error_fraction": 0.03407495306630922}, {"index": 19, "atoms": 185, "composition": [65, 90, 30], "charge": 0.0, "weight": 1.0, "ef": 0.2508297349231196, "vac": -0.6198063583971862, "wf": -0.8706360933203054, "force_rmse": 0.1723200889008263, "potential_error_power_eV2": 0.14862502800648408, "stored_deformation_potential_mean_eV": 2.356223350263377e-14, "gaussian_lowpass_error_power_eV2": 0.13074205075262302, "planar_error_power_eV2": 0.14113032204107454, "loader_frame_1based": 20, "EF_vac_WF_centered_errors_eV": [0.2622110473856197, -0.6078758463839569, -0.8700868937695762], "relative_WF_squared_error_fraction": 0.028683319694120923}], "WF_centered_squared_error_share_largest_10_structures": 0.526565903798268, "WF_centered_squared_error_share_largest_10_percent": 0.8020486957273165, "independent_single_anchor_EF_vac_WF_RMSE_eV": [0.17031335331389552, 0.26128086100893655, 0.3999502273970459], "relative_error_scope": "One whole-split offset for RMSE_rel; no fitted offset is applied to predictions. Single-anchor expectation assumes independent configurations.", "WF_squared_error_share_largest_10_percent": 0.802187707189209, "largest_WF_errors": [{"index": 206, "atoms": 183, "composition": [63, 90, 30], "charge": 0.0, "weight": 1.0, "ef": 0.6815434943240388, "vac": -1.0722906897703357, "wf": -1.7538341840943747, "force_rmse": 0.11580186835242878, "potential_error_power_eV2": 0.5851092269973065, "stored_deformation_potential_mean_eV": -1.79033983761625e-15, "gaussian_lowpass_error_power_eV2": 0.5413191612031869, "planar_error_power_eV2": 0.579812541548343}, {"index": 304, "atoms": 180, "composition": [60, 90, 30], "charge": 0.0, "weight": 1.0, "ef": -0.563549746516691, "vac": 1.1202079184868916, "wf": 1.6837576650035828, "force_rmse": 0.17723151330797474, "potential_error_power_eV2": 0.659188387530028, "stored_deformation_potential_mean_eV": 3.4053226704110426e-14, "gaussian_lowpass_error_power_eV2": 0.5982211210434126, "planar_error_power_eV2": 0.648240166107299}, {"index": 298, "atoms": 185, "composition": [64, 91, 30], "charge": 0.0, "weight": 1.0, "ef": -0.5924503598310393, "vac": 0.6255410800476682, "wf": 1.2179914398787064, "force_rmse": 0.15669203178412697, "potential_error_power_eV2": 0.38901594551463475, "stored_deformation_potential_mean_eV": -7.094704027482397e-14, "gaussian_lowpass_error_power_eV2": 0.36231981367361604, "planar_error_power_eV2": 0.3834865919980848}, {"index": 240, "atoms": 183, "composition": [63, 90, 30], "charge": 0.0, "weight": 1.0, "ef": 0.31929835701973985, "vac": -0.8805631041190463, "wf": -1.1998614611387861, "force_rmse": 0.12734477108687942, "potential_error_power_eV2": 0.2320705145938651, "stored_deformation_potential_mean_eV": -9.735419555064175e-14, "gaussian_lowpass_error_power_eV2": 0.21123254388661433, "planar_error_power_eV2": 0.2284779435495806}, {"index": 35, "atoms": 75, "composition": [14, 43, 18], "charge": 0.0, "weight": 1.0, "ef": 0.36079659374848205, "vac": -0.6942931288637864, "wf": -1.0550897226122684, "force_rmse": 0.28552061078156643, "potential_error_power_eV2": 0.22796437975246764, "stored_deformation_potential_mean_eV": -4.530744579115239e-14, "gaussian_lowpass_error_power_eV2": 0.19568853456419813, "planar_error_power_eV2": 0.21443905636469512}, {"index": 147, "atoms": 186, "composition": [66, 90, 30], "charge": 0.0, "weight": 1.0, "ef": -0.4146568791498496, "vac": 0.5955778974913004, "wf": 1.0102347766411501, "force_rmse": 0.18694934321991613, "potential_error_power_eV2": 0.1499202931876884, "stored_deformation_potential_mean_eV": 5.296572984662304e-14, "gaussian_lowpass_error_power_eV2": 0.13726320521196186, "planar_error_power_eV2": 0.14649219763077614}, {"index": 211, "atoms": 181, "composition": [61, 90, 30], "charge": 0.0, "weight": 1.0, "ef": 0.3500085652504789, "vac": -0.5988838754299834, "wf": -0.9488924406804626, "force_rmse": 0.11302893339412752, "potential_error_power_eV2": 0.19283862953756598, "stored_deformation_potential_mean_eV": -3.581790839801117e-14, "gaussian_lowpass_error_power_eV2": 0.17362838918253243, "planar_error_power_eV2": 0.18484514291314028}, {"index": 19, "atoms": 185, "composition": [65, 90, 30], "charge": 0.0, "weight": 1.0, "ef": 0.2508297349231196, "vac": -0.6198063583971862, "wf": -0.8706360933203054, "force_rmse": 0.1723200889008263, "potential_error_power_eV2": 0.14862502800648408, "stored_deformation_potential_mean_eV": 2.356223350263377e-14, "gaussian_lowpass_error_power_eV2": 0.13074205075262302, "planar_error_power_eV2": 0.14113032204107454}], "composition_cohorts": [{"element_counts": "(60, 90, 30)", "graphs": 1, "wf_rmse_eV": 1.6837576650035828}, {"element_counts": "(14, 43, 18)", "graphs": 1, "wf_rmse_eV": 1.0550897226122684}, {"element_counts": "(63, 90, 30)", "graphs": 7, "wf_rmse_eV": 0.8503278184593495}, {"element_counts": "(23, 128, 60)", "graphs": 1, "wf_rmse_eV": 0.730855038662571}, {"element_counts": "(40, 88, 36)", "graphs": 1, "wf_rmse_eV": 0.6077248957964754}, {"element_counts": "(64, 91, 30)", "graphs": 5, "wf_rmse_eV": 0.603521512226457}, {"element_counts": "(65, 90, 30)", "graphs": 10, "wf_rmse_eV": 0.5444070995755282}, {"element_counts": "(62, 90, 30)", "graphs": 3, "wf_rmse_eV": 0.5441331609754471}, {"element_counts": "(19, 57, 24)", "graphs": 1, "wf_rmse_eV": 0.5379647779422925}, {"element_counts": "(61, 90, 30)", "graphs": 10, "wf_rmse_eV": 0.4914890543603704}, {"element_counts": "(0, 120, 60)", "graphs": 2, "wf_rmse_eV": 0.47365178714194556}, {"element_counts": "(31, 135, 60)", "graphs": 1, "wf_rmse_eV": 0.4719135054244754}], "scope": "Full supplied split; diagnostic only, no reference-dependent correction or exclusion is applied. Large error alone does not establish bad reference data.", "atomic_numbers": [1, 8, 77]}
2026-10-09 05:15:51.298 INFO: Epoch 125: loss=54.8694, RMSE_E_per_atom=520.1602 meV, RMSE_F=196.8743 meV/A, RMSE_dip_per_atom=0.8655 meA, RMSE_rho=0.1305 me/A^3, RMSE_EF(abs/rel)=120.9663/120.4297 meV, RMSE_ESP=182.7584 mV, RMSE_ESPvac(abs/rel)=185.1383/184.7535 mV, RMSE_WF(abs/rel)=282.8081/282.8075 meV
2026-10-09 05:15:51.299 INFO: 50-step electronic residual maximum: 0.015402
2026-10-09 05:15:51.306 INFO: Optimizer epoch 125: lr=[0.001, 0.001, 0.001, 0.001, 0.001, 0.001, 0.001, 0.001], mean gradient norm=2245.2, clipped=346/346
2026-10-09 05:15:51.306 INFO: Epoch timing: train=202.488s, validation=44.631s, updates=346, train/update=0.58523s, peak allocated=14330.7 MiB, backbone=CuEq
2026-10-09 05:15:51.306 INFO: Optimization budget: graphs=1384/1384, updates=346, mean retained gradient=0.012051, min retained gradient=0.00030642
2026-10-09 05:15:51.306 INFO: Optimizer time scales {"updates_per_epoch": 346, "groups": [{"name": "embedding", "lr": 0.001, "parameter_update_range": [43596.0, 43596.0], "moment_memory_epochs": [0.02890173410404625, 2.8901734104046217], "AdamW_decay_only_retention_per_epoch": 1.0}, {"name": "interactions_no_decay", "lr": 0.001, "parameter_update_range": [43596.0, 43596.0], "moment_memory_epochs": [0.02890173410404625, 2.8901734104046217], "AdamW_decay_only_retention_per_epoch": 1.0}, {"name": "products", "lr": 0.001, "parameter_update_range": [43596.0, 43596.0], "moment_memory_epochs": [0.02890173410404625, 2.8901734104046217], "AdamW_decay_only_retention_per_epoch": 0.9996540596781468}, {"name": "readouts", "lr": 0.001, "parameter_update_range": [43596.0, 43596.0], "moment_memory_epochs": [0.02890173410404625, 2.8901734104046217], "AdamW_decay_only_retention_per_epoch": 1.0}, {"name": "lr_source_maps", "lr": 0.001, "parameter_update_range": [43596.0, 43596.0], "moment_memory_epochs": [0.02890173410404625, 2.8901734104046217], "AdamW_decay_only_retention_per_epoch": 1.0}, {"name": "field_dependent_charges_map", "lr": 0.001, "parameter_update_range": [43596.0, 43596.0], "moment_memory_epochs": [0.02890173410404625, 2.8901734104046217], "AdamW_decay_only_retention_per_epoch": 0.9965459616620003}, {"name": "electronic_references", "lr": 0.001, "parameter_update_range": [43596.0, 43596.0], "moment_memory_epochs": [0.02890173410404625, 2.8901734104046217], "AdamW_decay_only_retention_per_epoch": 1.0}, {"name": "layer_feature_mixer", "lr": 0.001, "parameter_update_range": [43596.0, 43596.0], "moment_memory_epochs": [0.02890173410404625, 2.8901734104046217], "AdamW_decay_only_retention_per_epoch": 0.9996540596781468}], "EMA_asymptotic_memory_epochs": 0.2890173410404622}
2026-10-09 05:15:51.307 INFO: Batching: optimizer graphs=4, device graphs<=4; one clipping/Adam/EMA update per optimizer batch
2026-10-09 05:15:51.307 INFO: 50-step finite-budget validation residual 0.015402 exceeds equilibrium tolerance 1e-06; metrics describe the exported finite trajectory, not a converged root
2026-10-09 05:33:01.995 INFO: Training-only scalar reference calibration {'fermi_level': {'observed_training_graphs': 61, 'shift_eV': 0.03485694942125131, 'reference_eV': -0.13153562502167662, 'panel_RMSE_before_eV': 0.07574777311762672, 'panel_RMSE_after_eV': 0.06725115768017514}, 'vacuum_potential': {'observed_training_graphs': 61, 'shift_eV': 0.000685705428644314, 'reference_eV': 0.020526978149695323, 'panel_RMSE_before_eV': 0.07173152778525745, 'panel_RMSE_after_eV': 0.0717282502677452}, 'seconds': 9.001008680002997}; constants saved with the model; relative errors and physical fixed-Q trajectory unchanged
2026-10-09 05:33:38.229 INFO: Full validation audit {"graphs": 350, "index_convention": "supplied loader order, zero based", "force_rmse_by_element_column_eV_A": {"0": 0.15779953408861067, "1": 0.193900324308762, "2": 0.2597316168410047}, "force_target_rms_by_element_column_eV_A": {"0": 0.7583041629256339, "1": 0.8719660684898465, "2": 0.9586983364634067}, "force_rmse_over_target_rms_by_element_column": {"0": 0.2080953023913254, "1": 0.22237141021390538, "2": 0.27092110934409513}, "density_observers": {"density_RMSE_e_A3": 0.0013150873067034152, "farfield_RMSE_e_A3": 0.00013444301267315207, "scope": "Different Gaussian resolutions of the same error; smaller farfield RMSE is not an accuracy gain."}, "stored_potential_gauge": {"deformation_mean_range_eV": [-1.923389086888605e-13, 1.7333365232548237e-13], "scope": "Stored k=0 is retained for audit; RMSE_ESP compares fields modulo a uniform offset. Scalar EF/vacuum errors use their stored label convention."}, "potential_error_power_fractions": {"normal_reciprocal_line": 0.8515284383661088, "Gaussian_lowpass": 0.7297807589335124, "Gaussian_width_A": 1.5}, "observed_EF_vac_WF": 330, "EF_vac_WF_rmse_eV": [0.11597076858148178, 0.17515226076545748, 0.2693746798028669], "EF_vac_WF_relative_rmse_eV": [0.11547160044359431, 0.17502489654341333, 0.269343929593154], "EF_vac_WF_bias_eV": [-0.010748425762618318, -0.006678326228797951, 0.004070099533820395], "EF_vac_covariance_eV2": -0.014289373744822143, "WF_absolute_error_quantiles_eV": {"median": 0.10187981999166196, "p90": 0.36706309839160206, "p99": 1.0228245966698217, "max": 1.7019972234137812}, "WF_identity_max_error_eV": 1.5543122344752192e-15, "absolute_relative_bias_identity_max_error_eV2": 4.163336342344337e-17, "WF_variance_components_eV2": {"EF": 0.013333690509005083, "vacuum": 0.03063371441003255, "covariance_contribution": 0.028578747489644285}, "largest_relative_WF_errors": [{"index": 206, "atoms": 183, "composition": [63, 90, 30], "charge": 0.0, "weight": 1.0, "ef": 0.6698545016133176, "vac": -1.0321427218004637, "wf": -1.7019972234137812, "force_rmse": 0.10120222234940901, "potential_error_power_eV2": 0.5173310867007785, "stored_deformation_potential_mean_eV": -1.79033983761625e-15, "gaussian_lowpass_error_power_eV2": 0.48013366831543575, "planar_error_power_eV2": 0.5125147430591206, "loader_frame_1based": 207, "EF_vac_WF_centered_errors_eV": [0.680602927375936, -1.0254643955716658, -1.7060673229476015], "relative_WF_squared_error_fraction": 0.12158052260064968}, {"index": 304, "atoms": 180, "composition": [60, 90, 30], "charge": 0.0, "weight": 1.0, "ef": -0.4823092385296064, "vac": 1.0307701759875858, "wf": 1.5130794145171924, "force_rmse": 0.1479516579138625, "potential_error_power_eV2": 0.6143104209186117, "stored_deformation_potential_mean_eV": 3.4053226704110426e-14, "gaussian_lowpass_error_power_eV2": 0.5528282772963213, "planar_error_power_eV2": 0.602970181349979, "loader_frame_1based": 305, "EF_vac_WF_centered_errors_eV": [-0.4715608127669881, 1.0374485022163837, 1.509009314983372], "relative_WF_squared_error_fraction": 0.09511642472357529}, {"index": 240, "atoms": 183, "composition": [63, 90, 30], "charge": 0.0, "weight": 1.0, "ef": 0.33813082810899076, "vac": -0.9033861414996229, "wf": -1.2415169696086137, "force_rmse": 0.11931999992214366, "potential_error_power_eV2": 0.23360318976454217, "stored_deformation_potential_mean_eV": -9.735419555064175e-14, "gaussian_lowpass_error_power_eV2": 0.2111473319748561, "planar_error_power_eV2": 0.22939320098532548, "loader_frame_1based": 241, "EF_vac_WF_centered_errors_eV": [0.34887925387160906, -0.896707815270825, -1.245587069142434], "relative_WF_squared_error_fraction": 0.06480669265523394}, {"index": 147, "atoms": 186, "composition": [66, 90, 30], "charge": 0.0, "weight": 1.0, "ef": -0.4060831864856924, "vac": 0.647622426486727, "wf": 1.0537056129724194, "force_rmse": 0.18596425422093774, "potential_error_power_eV2": 0.16477777311374756, "stored_deformation_potential_mean_eV": 5.296572984662304e-14, "gaussian_lowpass_error_power_eV2": 0.15138913238890198, "planar_error_power_eV2": 0.16111811440884813, "loader_frame_1based": 148, "EF_vac_WF_centered_errors_eV": [-0.3953347607230741, 0.6543007527155249, 1.049635513438599], "relative_WF_squared_error_fraction": 0.046020221923588754}, {"index": 298, "atoms": 185, "composition": [64, 91, 30], "charge": 0.0, "weight": 1.0, "ef": -0.47045283380083114, "vac": 0.4767665160591905, "wf": 0.9472193498600214, "force_rmse": 0.1431969942145565, "potential_error_power_eV2": 0.2920088159933382, "stored_deformation_potential_mean_eV": -7.094704027482397e-14, "gaussian_lowpass_error_power_eV2": 0.27086616738056885, "planar_error_power_eV2": 0.2866907679072703, "loader_frame_1based": 299, "EF_vac_WF_centered_errors_eV": [-0.45970440803821283, 0.48344484228798845, 0.943149250326201], "relative_WF_squared_error_fraction": 0.037156305408710774}, {"index": 166, "atoms": 182, "composition": [62, 90, 30], "charge": 0.0, "weight": 1.0, "ef": 0.41784913284337777, "vac": -0.5042361574869565, "wf": -0.922085290330334, "force_rmse": 0.13753155959540625, "potential_error_power_eV2": 0.22109708556160973, "stored_deformation_potential_mean_eV": -1.390867140180316e-14, "gaussian_lowpass_error_power_eV2": 0.18224939235448148, "planar_error_power_eV2": 0.20944307252720723, "loader_frame_1based": 167, "EF_vac_WF_centered_errors_eV": [0.4285975586059961, -0.49755783125815856, -0.9261553898641545], "relative_WF_squared_error_fraction": 0.03582938825606898}, {"index": 211, "atoms": 181, "composition": [61, 90, 30], "charge": 0.0, "weight": 1.0, "ef": 0.3630813633969755, "vac": -0.5587210827181455, "wf": -0.9218024461151213, "force_rmse": 0.11218879871290774, "potential_error_power_eV2": 0.17901713076566672, "stored_deformation_potential_mean_eV": -3.581790839801117e-14, "gaussian_lowpass_error_power_eV2": 0.16104038043735722, "planar_error_power_eV2": 0.17242582916957605, "loader_frame_1based": 212, "EF_vac_WF_centered_errors_eV": [0.3738297891595938, -0.5520427564893475, -0.9258725456489417], "relative_WF_squared_error_fraction": 0.03580750728911417}, {"index": 158, "atoms": 211, "composition": [23, 128, 60], "charge": 0.0, "weight": 1.0, "ef": 0.2579713225437028, "vac": -0.6378036260133824, "wf": -0.8957749485570847, "force_rmse": 0.15362942327865176, "potential_error_power_eV2": 0.1954946523542575, "stored_deformation_potential_mean_eV": 2.985852803069969e-15, "gaussian_lowpass_error_power_eV2": 0.17386471291006342, "planar_error_power_eV2": 0.1862339612897116, "loader_frame_1based": 159, "EF_vac_WF_centered_errors_eV": [0.2687197483063211, -0.6311252997845844, -0.8998450480909052], "relative_WF_squared_error_fraction": 0.03382261158729962}], "WF_centered_squared_error_share_largest_10_structures": 0.5172129020921701, "WF_centered_squared_error_share_largest_10_percent": 0.7643986095308001, "independent_single_anchor_EF_vac_WF_RMSE_eV": [0.16330150341625815, 0.24752258244464298, 0.38090983817350244], "relative_error_scope": "One whole-split offset for RMSE_rel; no fitted offset is applied to predictions. Single-anchor expectation assumes independent configurations.", "WF_squared_error_share_largest_10_percent": 0.7625792914796284, "largest_WF_errors": [{"index": 206, "atoms": 183, "composition": [63, 90, 30], "charge": 0.0, "weight": 1.0, "ef": 0.6698545016133176, "vac": -1.0321427218004637, "wf": -1.7019972234137812, "force_rmse": 0.10120222234940901, "potential_error_power_eV2": 0.5173310867007785, "stored_deformation_potential_mean_eV": -1.79033983761625e-15, "gaussian_lowpass_error_power_eV2": 0.48013366831543575, "planar_error_power_eV2": 0.5125147430591206}, {"index": 304, "atoms": 180, "composition": [60, 90, 30], "charge": 0.0, "weight": 1.0, "ef": -0.4823092385296064, "vac": 1.0307701759875858, "wf": 1.5130794145171924, "force_rmse": 0.1479516579138625, "potential_error_power_eV2": 0.6143104209186117, "stored_deformation_potential_mean_eV": 3.4053226704110426e-14, "gaussian_lowpass_error_power_eV2": 0.5528282772963213, "planar_error_power_eV2": 0.602970181349979}, {"index": 240, "atoms": 183, "composition": [63, 90, 30], "charge": 0.0, "weight": 1.0, "ef": 0.33813082810899076, "vac": -0.9033861414996229, "wf": -1.2415169696086137, "force_rmse": 0.11931999992214366, "potential_error_power_eV2": 0.23360318976454217, "stored_deformation_potential_mean_eV": -9.735419555064175e-14, "gaussian_lowpass_error_power_eV2": 0.2111473319748561, "planar_error_power_eV2": 0.22939320098532548}, {"index": 147, "atoms": 186, "composition": [66, 90, 30], "charge": 0.0, "weight": 1.0, "ef": -0.4060831864856924, "vac": 0.647622426486727, "wf": 1.0537056129724194, "force_rmse": 0.18596425422093774, "potential_error_power_eV2": 0.16477777311374756, "stored_deformation_potential_mean_eV": 5.296572984662304e-14, "gaussian_lowpass_error_power_eV2": 0.15138913238890198, "planar_error_power_eV2": 0.16111811440884813}, {"index": 298, "atoms": 185, "composition": [64, 91, 30], "charge": 0.0, "weight": 1.0, "ef": -0.47045283380083114, "vac": 0.4767665160591905, "wf": 0.9472193498600214, "force_rmse": 0.1431969942145565, "potential_error_power_eV2": 0.2920088159933382, "stored_deformation_potential_mean_eV": -7.094704027482397e-14, "gaussian_lowpass_error_power_eV2": 0.27086616738056885, "planar_error_power_eV2": 0.2866907679072703}, {"index": 166, "atoms": 182, "composition": [62, 90, 30], "charge": 0.0, "weight": 1.0, "ef": 0.41784913284337777, "vac": -0.5042361574869565, "wf": -0.922085290330334, "force_rmse": 0.13753155959540625, "potential_error_power_eV2": 0.22109708556160973, "stored_deformation_potential_mean_eV": -1.390867140180316e-14, "gaussian_lowpass_error_power_eV2": 0.18224939235448148, "planar_error_power_eV2": 0.20944307252720723}, {"index": 211, "atoms": 181, "composition": [61, 90, 30], "charge": 0.0, "weight": 1.0, "ef": 0.3630813633969755, "vac": -0.5587210827181455, "wf": -0.9218024461151213, "force_rmse": 0.11218879871290774, "potential_error_power_eV2": 0.17901713076566672, "stored_deformation_potential_mean_eV": -3.581790839801117e-14, "gaussian_lowpass_error_power_eV2": 0.16104038043735722, "planar_error_power_eV2": 0.17242582916957605}, {"index": 158, "atoms": 211, "composition": [23, 128, 60], "charge": 0.0, "weight": 1.0, "ef": 0.2579713225437028, "vac": -0.6378036260133824, "wf": -0.8957749485570847, "force_rmse": 0.15362942327865176, "potential_error_power_eV2": 0.1954946523542575, "stored_deformation_potential_mean_eV": 2.985852803069969e-15, "gaussian_lowpass_error_power_eV2": 0.17386471291006342, "planar_error_power_eV2": 0.1862339612897116}], "composition_cohorts": [{"element_counts": "(60, 90, 30)", "graphs": 1, "wf_rmse_eV": 1.5130794145171924}, {"element_counts": "(23, 128, 60)", "graphs": 1, "wf_rmse_eV": 0.8957749485570847}, {"element_counts": "(63, 90, 30)", "graphs": 7, "wf_rmse_eV": 0.8335139299334694}, {"element_counts": "(62, 90, 30)", "graphs": 3, "wf_rmse_eV": 0.5902021108716325}, {"element_counts": "(14, 43, 18)", "graphs": 1, "wf_rmse_eV": 0.5633310638619173}, {"element_counts": "(65, 90, 30)", "graphs": 10, "wf_rmse_eV": 0.5308125875296192}, {"element_counts": "(19, 57, 24)", "graphs": 1, "wf_rmse_eV": 0.5258295950643408}, {"element_counts": "(31, 135, 60)", "graphs": 1, "wf_rmse_eV": 0.5030192371780844}, {"element_counts": "(64, 91, 30)", "graphs": 5, "wf_rmse_eV": 0.48767739839088653}, {"element_counts": "(20, 45, 18)", "graphs": 2, "wf_rmse_eV": 0.4666998819210418}, {"element_counts": "(66, 90, 30)", "graphs": 10, "wf_rmse_eV": 0.46005319078197227}, {"element_counts": "(61, 90, 30)", "graphs": 10, "wf_rmse_eV": 0.4432395429582628}], "scope": "Full supplied split; diagnostic only, no reference-dependent correction or exclusion is applied. Large error alone does not establish bad reference data.", "atomic_numbers": [1, 8, 77]}
2026-10-09 05:33:38.232 INFO: Epoch 130: loss=51.8796, RMSE_E_per_atom=503.0356 meV, RMSE_F=193.7609 meV/A, RMSE_dip_per_atom=0.7984 meA, RMSE_rho=0.1344 me/A^3, RMSE_EF(abs/rel)=115.9708/115.4716 meV, RMSE_ESP=178.1162 mV, RMSE_ESPvac(abs/rel)=175.1523/175.0249 mV, RMSE_WF(abs/rel)=269.3747/269.3439 meV
2026-10-09 05:33:38.232 INFO: 50-step electronic residual maximum: 0.25377
2026-10-09 05:33:38.238 INFO: Optimizer epoch 130: lr=[0.001, 0.001, 0.001, 0.001, 0.001, 0.001, 0.001, 0.001], mean gradient norm=2335.9, clipped=346/346
2026-10-09 05:33:38.238 INFO: Epoch timing: train=202.802s, validation=45.245s, updates=346, train/update=0.58613s, peak allocated=15251.6 MiB, backbone=CuEq
2026-10-09 05:33:38.238 INFO: Optimization budget: graphs=1384/1384, updates=346, mean retained gradient=0.011716, min retained gradient=0.00041604
2026-10-09 05:33:38.239 INFO: Optimizer time scales {"updates_per_epoch": 346, "groups": [{"name": "embedding", "lr": 0.001, "parameter_update_range": [45326.0, 45326.0], "moment_memory_epochs": [0.02890173410404625, 2.8901734104046217], "AdamW_decay_only_retention_per_epoch": 1.0}, {"name": "interactions_no_decay", "lr": 0.001, "parameter_update_range": [45326.0, 45326.0], "moment_memory_epochs": [0.02890173410404625, 2.8901734104046217], "AdamW_decay_only_retention_per_epoch": 1.0}, {"name": "products", "lr": 0.001, "parameter_update_range": [45326.0, 45326.0], "moment_memory_epochs": [0.02890173410404625, 2.8901734104046217], "AdamW_decay_only_retention_per_epoch": 0.9996540596781468}, {"name": "readouts", "lr": 0.001, "parameter_update_range": [45326.0, 45326.0], "moment_memory_epochs": [0.02890173410404625, 2.8901734104046217], "AdamW_decay_only_retention_per_epoch": 1.0}, {"name": "lr_source_maps", "lr": 0.001, "parameter_update_range": [45326.0, 45326.0], "moment_memory_epochs": [0.02890173410404625, 2.8901734104046217], "AdamW_decay_only_retention_per_epoch": 1.0}, {"name": "field_dependent_charges_map", "lr": 0.001, "parameter_update_range": [45326.0, 45326.0], "moment_memory_epochs": [0.02890173410404625, 2.8901734104046217], "AdamW_decay_only_retention_per_epoch": 0.9965459616620003}, {"name": "electronic_references", "lr": 0.001, "parameter_update_range": [45326.0, 45326.0], "moment_memory_epochs": [0.02890173410404625, 2.8901734104046217], "AdamW_decay_only_retention_per_epoch": 1.0}, {"name": "layer_feature_mixer", "lr": 0.001, "parameter_update_range": [45326.0, 45326.0], "moment_memory_epochs": [0.02890173410404625, 2.8901734104046217], "AdamW_decay_only_retention_per_epoch": 0.9996540596781468}], "EMA_asymptotic_memory_epochs": 0.2890173410404622}
2026-10-09 05:33:38.239 INFO: Batching: optimizer graphs=4, device graphs<=4; one clipping/Adam/EMA update per optimizer batch
2026-10-09 05:33:38.239 INFO: 50-step finite-budget validation residual 0.25377 exceeds equilibrium tolerance 1e-06; metrics describe the exported finite trajectory, not a converged root
2026-10-09 05:50:43.004 INFO: Training-only scalar reference calibration {'fermi_level': {'observed_training_graphs': 61, 'shift_eV': 0.010198802321103899, 'reference_eV': -0.12133682270057272, 'panel_RMSE_before_eV': 0.07382948700125912, 'panel_RMSE_after_eV': 0.07312166287827525}, 'vacuum_potential': {'observed_training_graphs': 61, 'shift_eV': -0.011753210416806412, 'reference_eV': 0.008773767732888911, 'panel_RMSE_before_eV': 0.0745355924085452, 'panel_RMSE_after_eV': 0.0736031017049625}, 'seconds': 9.002630571980262}; constants saved with the model; relative errors and physical fixed-Q trajectory unchanged
2026-10-09 05:51:18.666 INFO: Full validation audit {"graphs": 350, "index_convention": "supplied loader order, zero based", "force_rmse_by_element_column_eV_A": {"0": 0.1310488053638753, "1": 0.18406668168609577, "2": 0.24494464306999172}, "force_target_rms_by_element_column_eV_A": {"0": 0.7583041629256339, "1": 0.8719660684898465, "2": 0.9586983364634067}, "force_rmse_over_target_rms_by_element_column": {"0": 0.172818259177521, "1": 0.21109385827923316, "2": 0.2554970982567687}, "density_observers": {"density_RMSE_e_A3": 0.0013098593782084056, "farfield_RMSE_e_A3": 0.00012987479571599693, "scope": "Different Gaussian resolutions of the same error; smaller farfield RMSE is not an accuracy gain."}, "stored_potential_gauge": {"deformation_mean_range_eV": [-1.923389086888605e-13, 1.7333365232548237e-13], "scope": "Stored k=0 is retained for audit; RMSE_ESP compares fields modulo a uniform offset. Scalar EF/vacuum errors use their stored label convention."}, "potential_error_power_fractions": {"normal_reciprocal_line": 0.8475629176757961, "Gaussian_lowpass": 0.7296463441500032, "Gaussian_width_A": 1.5}, "observed_EF_vac_WF": 330, "EF_vac_WF_rmse_eV": [0.11494774124927261, 0.17222046211418612, 0.2628605118655955], "EF_vac_WF_relative_rmse_eV": [0.11430825534552722, 0.1720055282624803, 0.2628371216023452], "EF_vac_WF_bias_eV": [-0.012108095563360493, -0.0086015009137298, 0.00350659464963079], "EF_vac_covariance_eV2": -0.01321553674960642, "WF_absolute_error_quantiles_eV": {"median": 0.08360174697506739, "p90": 0.3750782534942395, "p99": 1.0311921283943488, "max": 1.5995599504752454}, "WF_identity_max_error_eV": 9.43689570931383e-16, "absolute_relative_bias_identity_max_error_eV2": 6.938893903907228e-17, "WF_variance_components_eV2": {"EF": 0.013066377240138254, "vacuum": 0.02958590175285491, "covariance_contribution": 0.02643107349921284}, "largest_relative_WF_errors": [{"index": 304, "atoms": 180, "composition": [60, 90, 30], "charge": 0.0, "weight": 1.0, "ef": -0.5261494689611639, "vac": 1.073410481514081, "wf": 1.5995599504752454, "force_rmse": 0.14806879218742475, "potential_error_power_eV2": 0.6529772537415366, "stored_deformation_potential_mean_eV": 3.4053226704110426e-14, "gaussian_lowpass_error_power_eV2": 0.5908197989860515, "planar_error_power_eV2": 0.6414417579094438, "loader_frame_1based": 305, "EF_vac_WF_centered_errors_eV": [-0.5140413733978034, 1.082011982427811, 1.5960533558256145], "relative_WF_squared_error_fraction": 0.11173969111420357}, {"index": 206, "atoms": 183, "composition": [63, 90, 30], "charge": 0.0, "weight": 1.0, "ef": 0.6338292290620637, "vac": -0.9444617705179565, "wf": -1.5782909995800205, "force_rmse": 0.1104084142620241, "potential_error_power_eV2": 0.44817459230340956, "stored_deformation_potential_mean_eV": -1.79033983761625e-15, "gaussian_lowpass_error_power_eV2": 0.4139593305821819, "planar_error_power_eV2": 0.4432630830647291, "loader_frame_1based": 207, "EF_vac_WF_centered_errors_eV": [0.6459373246254242, -0.9358602696042267, -1.5817975942296514], "relative_WF_squared_error_fraction": 0.10975251388127417}, {"index": 298, "atoms": 185, "composition": [64, 91, 30], "charge": 0.0, "weight": 1.0, "ef": -0.5287766508843035, "vac": 0.5434695420845514, "wf": 1.072246192968854, "force_rmse": 0.13932104917511362, "potential_error_power_eV2": 0.33476498537357147, "stored_deformation_potential_mean_eV": -7.094704027482397e-14, "gaussian_lowpass_error_power_eV2": 0.3118542420766433, "planar_error_power_eV2": 0.3291595493850289, "loader_frame_1based": 299, "EF_vac_WF_centered_errors_eV": [-0.516668555320943, 0.5520710429982812, 1.0687395983192232], "relative_WF_squared_error_fraction": 0.05010216086185901}, {"index": 147, "atoms": 186, "composition": [66, 90, 30], "charge": 0.0, "weight": 1.0, "ef": -0.3939122968660749, "vac": 0.6440254843608222, "wf": 1.0379377812268973, "force_rmse": 0.18448459086059457, "potential_error_power_eV2": 0.15902941437154747, "stored_deformation_potential_mean_eV": 5.296572984662304e-14, "gaussian_lowpass_error_power_eV2": 0.14599684946178368, "planar_error_power_eV2": 0.15547327206139122, "loader_frame_1based": 148, "EF_vac_WF_centered_errors_eV": [-0.38180420130271436, 0.652626985274552, 1.0344311865772664], "relative_WF_squared_error_fraction": 0.046937058142668346}, {"index": 211, "atoms": 181, "composition": [61, 90, 30], "charge": 0.0, "weight": 1.0, "ef": 0.40193665184293154, "vac": -0.6127402575475931, "wf": -1.0146769093905248, "force_rmse": 0.10372983186244927, "potential_error_power_eV2": 0.21057057812027455, "stored_deformation_potential_mean_eV": -3.581790839801117e-14, "gaussian_lowpass_error_power_eV2": 0.19112362671414865, "planar_error_power_eV2": 0.20400055292305924, "loader_frame_1based": 212, "EF_vac_WF_centered_errors_eV": [0.41404474740629205, -0.6041387566338633, -1.0181835040401557], "relative_WF_squared_error_fraction": 0.04547416867605365}, {"index": 240, "atoms": 183, "composition": [63, 90, 30], "charge": 0.0, "weight": 1.0, "ef": 0.2441477579749851, "vac": -0.717584114341939, "wf": -0.9617318723169239, "force_rmse": 0.12942336932587312, "potential_error_power_eV2": 0.14065113386275413, "stored_deformation_potential_mean_eV": -9.735419555064175e-14, "gaussian_lowpass_error_power_eV2": 0.12375904908633743, "planar_error_power_eV2": 0.13590303528959521, "loader_frame_1based": 241, "EF_vac_WF_centered_errors_eV": [0.2562558535383456, -0.7089826134282092, -0.9652384669665547], "relative_WF_squared_error_fraction": 0.04086786006043833}, {"index": 166, "atoms": 182, "composition": [62, 90, 30], "charge": 0.0, "weight": 1.0, "ef": 0.33724464177789804, "vac": -0.4328197210070863, "wf": -0.7700643627849839, "force_rmse": 0.13967680093153076, "potential_error_power_eV2": 0.17932622864904496, "stored_deformation_potential_mean_eV": -1.390867140180316e-14, "gaussian_lowpass_error_power_eV2": 0.14310003593460893, "planar_error_power_eV2": 0.16748426544838682, "loader_frame_1based": 167, "EF_vac_WF_centered_errors_eV": [0.34935273734125855, -0.4242182200933565, -0.7735709574346147], "relative_WF_squared_error_fraction": 0.026249012401746506}, {"index": 15, "atoms": 183, "composition": [63, 90, 30], "charge": 0.0, "weight": 1.0, "ef": -0.3202393970890032, "vac": 0.4267969176167581, "wf": 0.7470363147057615, "force_rmse": 0.19821363842055006, "potential_error_power_eV2": 0.22949847520687355, "stored_deformation_potential_mean_eV": -9.128905447121337e-14, "gaussian_lowpass_error_power_eV2": 0.19796099684804241, "planar_error_power_eV2": 0.2201746525829959, "loader_frame_1based": 16, "EF_vac_WF_centered_errors_eV": [-0.30813130152564266, 0.4353984185304879, 0.7435297200561307], "relative_WF_squared_error_fraction": 0.02424986473467375}], "WF_centered_squared_error_share_largest_10_structures": 0.5002362529069941, "WF_centered_squared_error_share_largest_10_percent": 0.7836578527212953, "independent_single_anchor_EF_vac_WF_RMSE_eV": [0.1616562850008514, 0.24325255087194833, 0.37170782206514297], "relative_error_scope": "One whole-split offset for RMSE_rel; no fitted offset is applied to predictions. Single-anchor expectation assumes independent configurations.", "WF_squared_error_share_largest_10_percent": 0.7832350870026394, "largest_WF_errors": [{"index": 304, "atoms": 180, "composition": [60, 90, 30], "charge": 0.0, "weight": 1.0, "ef": -0.5261494689611639, "vac": 1.073410481514081, "wf": 1.5995599504752454, "force_rmse": 0.14806879218742475, "potential_error_power_eV2": 0.6529772537415366, "stored_deformation_potential_mean_eV": 3.4053226704110426e-14, "gaussian_lowpass_error_power_eV2": 0.5908197989860515, "planar_error_power_eV2": 0.6414417579094438}, {"index": 206, "atoms": 183, "composition": [63, 90, 30], "charge": 0.0, "weight": 1.0, "ef": 0.6338292290620637, "vac": -0.9444617705179565, "wf": -1.5782909995800205, "force_rmse": 0.1104084142620241, "potential_error_power_eV2": 0.44817459230340956, "stored_deformation_potential_mean_eV": -1.79033983761625e-15, "gaussian_lowpass_error_power_eV2": 0.4139593305821819, "planar_error_power_eV2": 0.4432630830647291}, {"index": 298, "atoms": 185, "composition": [64, 91, 30], "charge": 0.0, "weight": 1.0, "ef": -0.5287766508843035, "vac": 0.5434695420845514, "wf": 1.072246192968854, "force_rmse": 0.13932104917511362, "potential_error_power_eV2": 0.33476498537357147, "stored_deformation_potential_mean_eV": -7.094704027482397e-14, "gaussian_lowpass_error_power_eV2": 0.3118542420766433, "planar_error_power_eV2": 0.3291595493850289}, {"index": 147, "atoms": 186, "composition": [66, 90, 30], "charge": 0.0, "weight": 1.0, "ef": -0.3939122968660749, "vac": 0.6440254843608222, "wf": 1.0379377812268973, "force_rmse": 0.18448459086059457, "potential_error_power_eV2": 0.15902941437154747, "stored_deformation_potential_mean_eV": 5.296572984662304e-14, "gaussian_lowpass_error_power_eV2": 0.14599684946178368, "planar_error_power_eV2": 0.15547327206139122}, {"index": 211, "atoms": 181, "composition": [61, 90, 30], "charge": 0.0, "weight": 1.0, "ef": 0.40193665184293154, "vac": -0.6127402575475931, "wf": -1.0146769093905248, "force_rmse": 0.10372983186244927, "potential_error_power_eV2": 0.21057057812027455, "stored_deformation_potential_mean_eV": -3.581790839801117e-14, "gaussian_lowpass_error_power_eV2": 0.19112362671414865, "planar_error_power_eV2": 0.20400055292305924}, {"index": 240, "atoms": 183, "composition": [63, 90, 30], "charge": 0.0, "weight": 1.0, "ef": 0.2441477579749851, "vac": -0.717584114341939, "wf": -0.9617318723169239, "force_rmse": 0.12942336932587312, "potential_error_power_eV2": 0.14065113386275413, "stored_deformation_potential_mean_eV": -9.735419555064175e-14, "gaussian_lowpass_error_power_eV2": 0.12375904908633743, "planar_error_power_eV2": 0.13590303528959521}, {"index": 166, "atoms": 182, "composition": [62, 90, 30], "charge": 0.0, "weight": 1.0, "ef": 0.33724464177789804, "vac": -0.4328197210070863, "wf": -0.7700643627849839, "force_rmse": 0.13967680093153076, "potential_error_power_eV2": 0.17932622864904496, "stored_deformation_potential_mean_eV": -1.390867140180316e-14, "gaussian_lowpass_error_power_eV2": 0.14310003593460893, "planar_error_power_eV2": 0.16748426544838682}, {"index": 15, "atoms": 183, "composition": [63, 90, 30], "charge": 0.0, "weight": 1.0, "ef": -0.3202393970890032, "vac": 0.4267969176167581, "wf": 0.7470363147057615, "force_rmse": 0.19821363842055006, "potential_error_power_eV2": 0.22949847520687355, "stored_deformation_potential_mean_eV": -9.128905447121337e-14, "gaussian_lowpass_error_power_eV2": 0.19796099684804241, "planar_error_power_eV2": 0.2201746525829959}], "composition_cohorts": [{"element_counts": "(60, 90, 30)", "graphs": 1, "wf_rmse_eV": 1.5995599504752454}, {"element_counts": "(63, 90, 30)", "graphs": 7, "wf_rmse_eV": 0.7671838331893776}, {"element_counts": "(23, 128, 60)", "graphs": 1, "wf_rmse_eV": 0.6941357379636832}, {"element_counts": "(14, 43, 18)", "graphs": 1, "wf_rmse_eV": 0.6005180731139674}, {"element_counts": "(40, 88, 36)", "graphs": 1, "wf_rmse_eV": 0.5598590943886297}, {"element_counts": "(64, 91, 30)", "graphs": 5, "wf_rmse_eV": 0.5437350927339977}, {"element_counts": "(62, 90, 30)", "graphs": 3, "wf_rmse_eV": 0.5250116665306822}, {"element_counts": "(66, 90, 30)", "graphs": 10, "wf_rmse_eV": 0.5156657379226324}, {"element_counts": "(21, 44, 18)", "graphs": 1, "wf_rmse_eV": 0.47638527476790316}, {"element_counts": "(61, 90, 30)", "graphs": 10, "wf_rmse_eV": 0.47343780169490957}, {"element_counts": "(20, 45, 18)", "graphs": 2, "wf_rmse_eV": 0.46295639519287646}, {"element_counts": "(65, 90, 30)", "graphs": 10, "wf_rmse_eV": 0.4553517581634503}], "scope": "Full supplied split; diagnostic only, no reference-dependent correction or exclusion is applied. Large error alone does not establish bad reference data.", "atomic_numbers": [1, 8, 77]}
2026-10-09 05:51:18.669 INFO: Epoch 135: loss=48.1891, RMSE_E_per_atom=495.8909 meV, RMSE_F=178.2856 meV/A, RMSE_dip_per_atom=0.8327 meA, RMSE_rho=0.1299 me/A^3, RMSE_EF(abs/rel)=114.9477/114.3083 meV, RMSE_ESP=179.4314 mV, RMSE_ESPvac(abs/rel)=172.2205/172.0055 mV, RMSE_WF(abs/rel)=262.8605/262.8371 meV
2026-10-09 05:51:18.669 INFO: 50-step electronic residual maximum: 1.2437
2026-10-09 05:51:18.675 INFO: Optimizer epoch 135: lr=[0.001, 0.001, 0.001, 0.001, 0.001, 0.001, 0.001, 0.001], mean gradient norm=1880.6, clipped=346/346
2026-10-09 05:51:18.675 INFO: Epoch timing: train=200.558s, validation=44.674s, updates=346, train/update=0.57965s, peak allocated=14505.1 MiB, backbone=CuEq
2026-10-09 05:51:18.675 INFO: Optimization budget: graphs=1384/1384, updates=346, mean retained gradient=0.013795, min retained gradient=0.0004395
2026-10-09 05:51:18.675 INFO: Optimizer time scales {"updates_per_epoch": 346, "groups": [{"name": "embedding", "lr": 0.001, "parameter_update_range": [47056.0, 47056.0], "moment_memory_epochs": [0.02890173410404625, 2.8901734104046217], "AdamW_decay_only_retention_per_epoch": 1.0}, {"name": "interactions_no_decay", "lr": 0.001, "parameter_update_range": [47056.0, 47056.0], "moment_memory_epochs": [0.02890173410404625, 2.8901734104046217], "AdamW_decay_only_retention_per_epoch": 1.0}, {"name": "products", "lr": 0.001, "parameter_update_range": [47056.0, 47056.0], "moment_memory_epochs": [0.02890173410404625, 2.8901734104046217], "AdamW_decay_only_retention_per_epoch": 0.9996540596781468}, {"name": "readouts", "lr": 0.001, "parameter_update_range": [47056.0, 47056.0], "moment_memory_epochs": [0.02890173410404625, 2.8901734104046217], "AdamW_decay_only_retention_per_epoch": 1.0}, {"name": "lr_source_maps", "lr": 0.001, "parameter_update_range": [47056.0, 47056.0], "moment_memory_epochs": [0.02890173410404625, 2.8901734104046217], "AdamW_decay_only_retention_per_epoch": 1.0}, {"name": "field_dependent_charges_map", "lr": 0.001, "parameter_update_range": [47056.0, 47056.0], "moment_memory_epochs": [0.02890173410404625, 2.8901734104046217], "AdamW_decay_only_retention_per_epoch": 0.9965459616620003}, {"name": "electronic_references", "lr": 0.001, "parameter_update_range": [47056.0, 47056.0], "moment_memory_epochs": [0.02890173410404625, 2.8901734104046217], "AdamW_decay_only_retention_per_epoch": 1.0}, {"name": "layer_feature_mixer", "lr": 0.001, "parameter_update_range": [47056.0, 47056.0], "moment_memory_epochs": [0.02890173410404625, 2.8901734104046217], "AdamW_decay_only_retention_per_epoch": 0.9996540596781468}], "EMA_asymptotic_memory_epochs": 0.2890173410404622}
2026-10-09 05:51:18.675 INFO: Batching: optimizer graphs=4, device graphs<=4; one clipping/Adam/EMA update per optimizer batch
2026-10-09 05:51:18.676 INFO: 50-step finite-budget validation residual 1.2437 exceeds equilibrium tolerance 1e-06; metrics describe the exported finite trajectory, not a converged root
2026-10-09 06:08:31.146 INFO: Training-only scalar reference calibration {'fermi_level': {'observed_training_graphs': 61, 'shift_eV': 0.060658754622612616, 'reference_eV': -0.060678068077960105, 'panel_RMSE_before_eV': 0.09527332275321355, 'panel_RMSE_after_eV': 0.07346782640089246}, 'vacuum_potential': {'observed_training_graphs': 61, 'shift_eV': -0.008412481548873139, 'reference_eV': 0.00036128618401577196, 'panel_RMSE_before_eV': 0.07109615766707357, 'panel_RMSE_after_eV': 0.07059669814666443}, 'seconds': 8.998248396004783}; constants saved with the model; relative errors and physical fixed-Q trajectory unchanged
2026-10-09 06:09:07.330 INFO: Full validation audit {"graphs": 350, "index_convention": "supplied loader order, zero based", "force_rmse_by_element_column_eV_A": {"0": 0.16626041429568042, "1": 0.19666198827541992, "2": 0.25700123294833127}, "force_target_rms_by_element_column_eV_A": {"0": 0.7583041629256339, "1": 0.8719660684898465, "2": 0.9586983364634067}, "force_rmse_over_target_rms_by_element_column": {"0": 0.21925293625479597, "1": 0.22553857928900578, "2": 0.26807309783846794}, "density_observers": {"density_RMSE_e_A3": 0.0013317362263158663, "farfield_RMSE_e_A3": 0.00012400770943265185, "scope": "Different Gaussian resolutions of the same error; smaller farfield RMSE is not an accuracy gain."}, "stored_potential_gauge": {"deformation_mean_range_eV": [-1.923389086888605e-13, 1.7333365232548237e-13], "scope": "Stored k=0 is retained for audit; RMSE_ESP compares fields modulo a uniform offset. Scalar EF/vacuum errors use their stored label convention."}, "potential_error_power_fractions": {"normal_reciprocal_line": 0.862391837403744, "Gaussian_lowpass": 0.7358094990737076, "Gaussian_width_A": 1.5}, "observed_EF_vac_WF": 330, "EF_vac_WF_rmse_eV": [0.11698139175745628, 0.17902247308782357, 0.27575876176917447], "EF_vac_WF_relative_rmse_eV": [0.11668558677509443, 0.1783634262080549, 0.2756690545055457], "EF_vac_WF_bias_eV": [-0.00831383524393976, -0.015347119006649743, -0.007033283762709857], "EF_vac_covariance_eV2": -0.015282194821128608, "WF_absolute_error_quantiles_eV": {"median": 0.08554903072529152, "p90": 0.37600491822997345, "p99": 1.1500024579716581, "max": 1.7670164147543863}, "WF_identity_max_error_eV": 8.881784197001252e-16, "absolute_relative_bias_identity_max_error_eV2": 6.938893903907228e-18, "WF_variance_components_eV2": {"EF": 0.013615526161048089, "vacuum": 0.031813511808676254, "covariance_contribution": 0.030564389642257217}, "largest_relative_WF_errors": [{"index": 206, "atoms": 183, "composition": [63, 90, 30], "charge": 0.0, "weight": 1.0, "ef": 0.7151297373221954, "vac": -1.0518866774321909, "wf": -1.7670164147543863, "force_rmse": 0.1023956101504792, "potential_error_power_eV2": 0.586331547979956, "stored_deformation_potential_mean_eV": -1.79033983761625e-15, "gaussian_lowpass_error_power_eV2": 0.5424168398555137, "planar_error_power_eV2": 0.5818187122511852, "loader_frame_1based": 207, "EF_vac_WF_centered_errors_eV": [0.7234435725661352, -1.0365395584255412, -1.7599831309916765], "relative_WF_squared_error_fraction": 0.12351708596915914}, {"index": 304, "atoms": 180, "composition": [60, 90, 30], "charge": 0.0, "weight": 1.0, "ef": -0.5284641830931771, "vac": 1.048255587536569, "wf": 1.5767197706297464, "force_rmse": 0.2005340814779047, "potential_error_power_eV2": 0.6055933617489266, "stored_deformation_potential_mean_eV": 3.4053226704110426e-14, "gaussian_lowpass_error_power_eV2": 0.5506583199436406, "planar_error_power_eV2": 0.5955733368216817, "loader_frame_1based": 305, "EF_vac_WF_centered_errors_eV": [-0.5201503478492373, 1.0636027065432185, 1.5837530543924563], "relative_WF_squared_error_fraction": 0.10001956413614294}, {"index": 298, "atoms": 185, "composition": [64, 91, 30], "charge": 0.0, "weight": 1.0, "ef": -0.5843481219339024, "vac": 0.6349177586208103, "wf": 1.2192658805547127, "force_rmse": 0.1400930087586396, "potential_error_power_eV2": 0.3802977855237366, "stored_deformation_potential_mean_eV": -7.094704027482397e-14, "gaussian_lowpass_error_power_eV2": 0.35533562430669846, "planar_error_power_eV2": 0.37506111124195024, "loader_frame_1based": 299, "EF_vac_WF_centered_errors_eV": [-0.5760342866899626, 0.6502648776274601, 1.2262991643174226], "relative_WF_squared_error_fraction": 0.05996569773886006}, {"index": 211, "atoms": 181, "composition": [61, 90, 30], "charge": 0.0, "weight": 1.0, "ef": 0.4595755243880663, "vac": -0.705807592822242, "wf": -1.1653831172103088, "force_rmse": 0.10502113072588, "potential_error_power_eV2": 0.2697205270047876, "stored_deformation_potential_mean_eV": -3.581790839801117e-14, "gaussian_lowpass_error_power_eV2": 0.24586537266281588, "planar_error_power_eV2": 0.26352526406767945, "loader_frame_1based": 212, "EF_vac_WF_centered_errors_eV": [0.46788935963200606, -0.6904604738155923, -1.158349833447599], "relative_WF_squared_error_fraction": 0.05350440118437889}, {"index": 240, "atoms": 183, "composition": [63, 90, 30], "charge": 0.0, "weight": 1.0, "ef": 0.2952232561274529, "vac": -0.8171231050875125, "wf": -1.112346361214965, "force_rmse": 0.13374213764726822, "potential_error_power_eV2": 0.19705930994049428, "stored_deformation_potential_mean_eV": -9.735419555064175e-14, "gaussian_lowpass_error_power_eV2": 0.17666908400145165, "planar_error_power_eV2": 0.19222500076288718, "loader_frame_1based": 241, "EF_vac_WF_centered_errors_eV": [0.3035370913713927, -0.8017759860808628, -1.1053130774522553], "relative_WF_squared_error_fraction": 0.04871701199888122}, {"index": 35, "atoms": 75, "composition": [14, 43, 18], "charge": 0.0, "weight": 1.0, "ef": 0.36173756931900725, "vac": -0.700342850587516, "wf": -1.0620804199065228, "force_rmse": 0.26181713127421496, "potential_error_power_eV2": 0.2216909650153145, "stored_deformation_potential_mean_eV": -4.530744579115239e-14, "gaussian_lowpass_error_power_eV2": 0.19411947542269675, "planar_error_power_eV2": 0.2125656836308991, "loader_frame_1based": 36, "EF_vac_WF_centered_errors_eV": [0.370051404562947, -0.6849957315808662, -1.055047136143813], "relative_WF_squared_error_fraction": 0.044386791446038}, {"index": 166, "atoms": 182, "composition": [62, 90, 30], "charge": 0.0, "weight": 1.0, "ef": 0.3913275972822682, "vac": -0.5479621528151633, "wf": -0.9392897500974309, "force_rmse": 0.16109552691937692, "potential_error_power_eV2": 0.2183299901041707, "stored_deformation_potential_mean_eV": -1.390867140180316e-14, "gaussian_lowpass_error_power_eV2": 0.1855797525544583, "planar_error_power_eV2": 0.20907349129722863, "loader_frame_1based": 167, "EF_vac_WF_centered_errors_eV": [0.39964143252620793, -0.5326150338085135, -0.932256466334721], "relative_WF_squared_error_fraction": 0.03465619156389581}, {"index": 147, "atoms": 186, "composition": [66, 90, 30], "charge": 0.0, "weight": 1.0, "ef": -0.3633327736885731, "vac": 0.540032777508888, "wf": 0.903365551197461, "force_rmse": 0.1779488025346867, "potential_error_power_eV2": 0.12079024374247041, "stored_deformation_potential_mean_eV": 5.296572984662304e-14, "gaussian_lowpass_error_power_eV2": 0.10864396169466978, "planar_error_power_eV2": 0.11665956903411367, "loader_frame_1based": 148, "EF_vac_WF_centered_errors_eV": [-0.35501893844463334, 0.5553798965155378, 0.9103988349601708], "relative_WF_squared_error_fraction": 0.03305014835600188}], "WF_centered_squared_error_share_largest_10_structures": 0.5463737491915409, "WF_centered_squared_error_share_largest_10_percent": 0.7984623031263433, "independent_single_anchor_EF_vac_WF_RMSE_eV": [0.16501833935080118, 0.252243976374764, 0.3898549156083107], "relative_error_scope": "One whole-split offset for RMSE_rel; no fitted offset is applied to predictions. Single-anchor expectation assumes independent configurations.", "WF_squared_error_share_largest_10_percent": 0.8014100131815314, "largest_WF_errors": [{"index": 206, "atoms": 183, "composition": [63, 90, 30], "charge": 0.0, "weight": 1.0, "ef": 0.7151297373221954, "vac": -1.0518866774321909, "wf": -1.7670164147543863, "force_rmse": 0.1023956101504792, "potential_error_power_eV2": 0.586331547979956, "stored_deformation_potential_mean_eV": -1.79033983761625e-15, "gaussian_lowpass_error_power_eV2": 0.5424168398555137, "planar_error_power_eV2": 0.5818187122511852}, {"index": 304, "atoms": 180, "composition": [60, 90, 30], "charge": 0.0, "weight": 1.0, "ef": -0.5284641830931771, "vac": 1.048255587536569, "wf": 1.5767197706297464, "force_rmse": 0.2005340814779047, "potential_error_power_eV2": 0.6055933617489266, "stored_deformation_potential_mean_eV": 3.4053226704110426e-14, "gaussian_lowpass_error_power_eV2": 0.5506583199436406, "planar_error_power_eV2": 0.5955733368216817}, {"index": 298, "atoms": 185, "composition": [64, 91, 30], "charge": 0.0, "weight": 1.0, "ef": -0.5843481219339024, "vac": 0.6349177586208103, "wf": 1.2192658805547127, "force_rmse": 0.1400930087586396, "potential_error_power_eV2": 0.3802977855237366, "stored_deformation_potential_mean_eV": -7.094704027482397e-14, "gaussian_lowpass_error_power_eV2": 0.35533562430669846, "planar_error_power_eV2": 0.37506111124195024}, {"index": 211, "atoms": 181, "composition": [61, 90, 30], "charge": 0.0, "weight": 1.0, "ef": 0.4595755243880663, "vac": -0.705807592822242, "wf": -1.1653831172103088, "force_rmse": 0.10502113072588, "potential_error_power_eV2": 0.2697205270047876, "stored_deformation_potential_mean_eV": -3.581790839801117e-14, "gaussian_lowpass_error_power_eV2": 0.24586537266281588, "planar_error_power_eV2": 0.26352526406767945}, {"index": 240, "atoms": 183, "composition": [63, 90, 30], "charge": 0.0, "weight": 1.0, "ef": 0.2952232561274529, "vac": -0.8171231050875125, "wf": -1.112346361214965, "force_rmse": 0.13374213764726822, "potential_error_power_eV2": 0.19705930994049428, "stored_deformation_potential_mean_eV": -9.735419555064175e-14, "gaussian_lowpass_error_power_eV2": 0.17666908400145165, "planar_error_power_eV2": 0.19222500076288718}, {"index": 35, "atoms": 75, "composition": [14, 43, 18], "charge": 0.0, "weight": 1.0, "ef": 0.36173756931900725, "vac": -0.700342850587516, "wf": -1.0620804199065228, "force_rmse": 0.26181713127421496, "potential_error_power_eV2": 0.2216909650153145, "stored_deformation_potential_mean_eV": -4.530744579115239e-14, "gaussian_lowpass_error_power_eV2": 0.19411947542269675, "planar_error_power_eV2": 0.2125656836308991}, {"index": 166, "atoms": 182, "composition": [62, 90, 30], "charge": 0.0, "weight": 1.0, "ef": 0.3913275972822682, "vac": -0.5479621528151633, "wf": -0.9392897500974309, "force_rmse": 0.16109552691937692, "potential_error_power_eV2": 0.2183299901041707, "stored_deformation_potential_mean_eV": -1.390867140180316e-14, "gaussian_lowpass_error_power_eV2": 0.1855797525544583, "planar_error_power_eV2": 0.20907349129722863}, {"index": 147, "atoms": 186, "composition": [66, 90, 30], "charge": 0.0, "weight": 1.0, "ef": -0.3633327736885731, "vac": 0.540032777508888, "wf": 0.903365551197461, "force_rmse": 0.1779488025346867, "potential_error_power_eV2": 0.12079024374247041, "stored_deformation_potential_mean_eV": 5.296572984662304e-14, "gaussian_lowpass_error_power_eV2": 0.10864396169466978, "planar_error_power_eV2": 0.11665956903411367}], "composition_cohorts": [{"element_counts": "(60, 90, 30)", "graphs": 1, "wf_rmse_eV": 1.5767197706297464}, {"element_counts": "(14, 43, 18)", "graphs": 1, "wf_rmse_eV": 1.0620804199065228}, {"element_counts": "(63, 90, 30)", "graphs": 7, "wf_rmse_eV": 0.8454909940442087}, {"element_counts": "(23, 128, 60)", "graphs": 1, "wf_rmse_eV": 0.7569231009304893}, {"element_counts": "(62, 90, 30)", "graphs": 3, "wf_rmse_eV": 0.6213742124895153}, {"element_counts": "(64, 91, 30)", "graphs": 5, "wf_rmse_eV": 0.5913686749554798}, {"element_counts": "(40, 88, 36)", "graphs": 1, "wf_rmse_eV": 0.576470683673695}, {"element_counts": "(61, 90, 30)", "graphs": 10, "wf_rmse_eV": 0.5292116588845465}, {"element_counts": "(0, 36, 18)", "graphs": 1, "wf_rmse_eV": 0.5022567724107132}, {"element_counts": "(65, 90, 30)", "graphs": 10, "wf_rmse_eV": 0.49384372465850807}, {"element_counts": "(19, 57, 24)", "graphs": 1, "wf_rmse_eV": 0.4431796522891709}, {"element_counts": "(31, 135, 60)", "graphs": 1, "wf_rmse_eV": 0.43261440068585877}], "scope": "Full supplied split; diagnostic only, no reference-dependent correction or exclusion is applied. Large error alone does not establish bad reference data.", "atomic_numbers": [1, 8, 77]}
2026-10-09 06:09:07.333 INFO: Epoch 140: loss=52.4159, RMSE_E_per_atom=500.2667 meV, RMSE_F=197.0975 meV/A, RMSE_dip_per_atom=0.8631 meA, RMSE_rho=0.1240 me/A^3, RMSE_EF(abs/rel)=116.9814/116.6856 meV, RMSE_ESP=179.1906 mV, RMSE_ESPvac(abs/rel)=179.0225/178.3634 mV, RMSE_WF(abs/rel)=275.7588/275.6691 meV
2026-10-09 06:09:07.333 INFO: 50-step electronic residual maximum: 0.11421
2026-10-09 06:09:07.340 INFO: Optimizer epoch 140: lr=[0.001, 0.001, 0.001, 0.001, 0.001, 0.001, 0.001, 0.001], mean gradient norm=2105.4, clipped=346/346
2026-10-09 06:09:07.341 INFO: Epoch timing: train=204.565s, validation=45.193s, updates=346, train/update=0.59123s, peak allocated=14403.3 MiB, backbone=CuEq
2026-10-09 06:09:07.341 INFO: Optimization budget: graphs=1384/1384, updates=346, mean retained gradient=0.012616, min retained gradient=0.00044053
2026-10-09 06:09:07.341 INFO: Optimizer time scales {"updates_per_epoch": 346, "groups": [{"name": "embedding", "lr": 0.001, "parameter_update_range": [48786.0, 48786.0], "moment_memory_epochs": [0.02890173410404625, 2.8901734104046217], "AdamW_decay_only_retention_per_epoch": 1.0}, {"name": "interactions_no_decay", "lr": 0.001, "parameter_update_range": [48786.0, 48786.0], "moment_memory_epochs": [0.02890173410404625, 2.8901734104046217], "AdamW_decay_only_retention_per_epoch": 1.0}, {"name": "products", "lr": 0.001, "parameter_update_range": [48786.0, 48786.0], "moment_memory_epochs": [0.02890173410404625, 2.8901734104046217], "AdamW_decay_only_retention_per_epoch": 0.9996540596781468}, {"name": "readouts", "lr": 0.001, "parameter_update_range": [48786.0, 48786.0], "moment_memory_epochs": [0.02890173410404625, 2.8901734104046217], "AdamW_decay_only_retention_per_epoch": 1.0}, {"name": "lr_source_maps", "lr": 0.001, "parameter_update_range": [48786.0, 48786.0], "moment_memory_epochs": [0.02890173410404625, 2.8901734104046217], "AdamW_decay_only_retention_per_epoch": 1.0}, {"name": "field_dependent_charges_map", "lr": 0.001, "parameter_update_range": [48786.0, 48786.0], "moment_memory_epochs": [0.02890173410404625, 2.8901734104046217], "AdamW_decay_only_retention_per_epoch": 0.9965459616620003}, {"name": "electronic_references", "lr": 0.001, "parameter_update_range": [48786.0, 48786.0], "moment_memory_epochs": [0.02890173410404625, 2.8901734104046217], "AdamW_decay_only_retention_per_epoch": 1.0}, {"name": "layer_feature_mixer", "lr": 0.001, "parameter_update_range": [48786.0, 48786.0], "moment_memory_epochs": [0.02890173410404625, 2.8901734104046217], "AdamW_decay_only_retention_per_epoch": 0.9996540596781468}], "EMA_asymptotic_memory_epochs": 0.2890173410404622}
2026-10-09 06:09:07.341 INFO: Batching: optimizer graphs=4, device graphs<=4; one clipping/Adam/EMA update per optimizer batch
2026-10-09 06:09:07.341 INFO: 50-step finite-budget validation residual 0.11421 exceeds equilibrium tolerance 1e-06; metrics describe the exported finite trajectory, not a converged root
2026-10-09 06:26:09.586 INFO: Training-only scalar reference calibration {'fermi_level': {'observed_training_graphs': 61, 'shift_eV': -0.005637289938906569, 'reference_eV': -0.06631535801686668, 'panel_RMSE_before_eV': 0.08070290738397128, 'panel_RMSE_after_eV': 0.08050577757136781}, 'vacuum_potential': {'observed_training_graphs': 61, 'shift_eV': -0.0024526638821701107, 'reference_eV': -0.0020913776981543388, 'panel_RMSE_before_eV': 0.09418906778740908, 'panel_RMSE_after_eV': 0.09415712894169108}, 'seconds': 9.008482459001243}; constants saved with the model; relative errors and physical fixed-Q trajectory unchanged
2026-10-09 06:26:45.790 INFO: Full validation audit {"graphs": 350, "index_convention": "supplied loader order, zero based", "force_rmse_by_element_column_eV_A": {"0": 0.15291579607888522, "1": 0.19425700606672702, "2": 0.26642912799551516}, "force_target_rms_by_element_column_eV_A": {"0": 0.7583041629256339, "1": 0.8719660684898465, "2": 0.9586983364634067}, "force_rmse_over_target_rms_by_element_column": {"0": 0.20165496057534044, "1": 0.2227804648444173, "2": 0.27790715584044895}, "density_observers": {"density_RMSE_e_A3": 0.0013243986821113182, "farfield_RMSE_e_A3": 0.00012885981737293536, "scope": "Different Gaussian resolutions of the same error; smaller farfield RMSE is not an accuracy gain."}, "stored_potential_gauge": {"deformation_mean_range_eV": [-1.923389086888605e-13, 1.7333365232548237e-13], "scope": "Stored k=0 is retained for audit; RMSE_ESP compares fields modulo a uniform offset. Scalar EF/vacuum errors use their stored label convention."}, "potential_error_power_fractions": {"normal_reciprocal_line": 0.8702109940080048, "Gaussian_lowpass": 0.7636296753824253, "Gaussian_width_A": 1.5}, "observed_EF_vac_WF": 330, "EF_vac_WF_rmse_eV": [0.11900809722220926, 0.185335462766677, 0.2838090059494113], "EF_vac_WF_relative_rmse_eV": [0.11899093462774785, 0.18481250823584097, 0.2835597546710185], "EF_vac_WF_bias_eV": [-0.0020210593424838234, -0.013912963685552447, -0.011891904343068655], "EF_vac_covariance_eV2": -0.016045814372540244, "WF_absolute_error_quantiles_eV": {"median": 0.09117848150495256, "p90": 0.4048240099385545, "p99": 1.1589813931347546, "max": 1.8646891999813828}, "WF_identity_max_error_eV": 1.1102230246251565e-15, "absolute_relative_bias_identity_max_error_eV2": 5.551115123125783e-17, "WF_variance_components_eV2": {"EF": 0.01415884252358497, "vacuum": 0.0341556632004228, "covariance_contribution": 0.03209162874508049}, "largest_relative_WF_errors": [{"index": 206, "atoms": 183, "composition": [63, 90, 30], "charge": 0.0, "weight": 1.0, "ef": 0.7630684410534202, "vac": -1.1016207589279619, "wf": -1.8646891999813828, "force_rmse": 0.12475989283937296, "potential_error_power_eV2": 0.6410648805417952, "stored_deformation_potential_mean_eV": -1.79033983761625e-15, "gaussian_lowpass_error_power_eV2": 0.5965910798368591, "planar_error_power_eV2": 0.63643604122662, "loader_frame_1based": 207, "EF_vac_WF_centered_errors_eV": [0.7650895003959041, -1.0877077952424095, -1.852797295638314], "relative_WF_squared_error_fraction": 0.12937569402344531}, {"index": 304, "atoms": 180, "composition": [60, 90, 30], "charge": 0.0, "weight": 1.0, "ef": -0.5466737238989856, "vac": 1.1127480796365194, "wf": 1.6594218035355057, "force_rmse": 0.1642547334482263, "potential_error_power_eV2": 0.667480876980445, "stored_deformation_potential_mean_eV": 3.4053226704110426e-14, "gaussian_lowpass_error_power_eV2": 0.6033010568269903, "planar_error_power_eV2": 0.6560133659319857, "loader_frame_1based": 305, "EF_vac_WF_centered_errors_eV": [-0.5446526645565017, 1.1266610433220718, 1.6713137078785745], "relative_WF_squared_error_fraction": 0.10527198854900337}, {"index": 298, "atoms": 185, "composition": [64, 91, 30], "charge": 0.0, "weight": 1.0, "ef": -0.5926234871562348, "vac": 0.6696162440709301, "wf": 1.2622397312271643, "force_rmse": 0.1401841556302702, "potential_error_power_eV2": 0.40710275638724774, "stored_deformation_potential_mean_eV": -7.094704027482397e-14, "gaussian_lowpass_error_power_eV2": 0.38207081697126416, "planar_error_power_eV2": 0.402813226385684, "loader_frame_1based": 299, "EF_vac_WF_centered_errors_eV": [-0.5906024278137509, 0.6835292077564825, 1.274131635570233], "relative_WF_squared_error_fraction": 0.06118225421933071}, {"index": 240, "atoms": 183, "composition": [63, 90, 30], "charge": 0.0, "weight": 1.0, "ef": 0.3250383824333549, "vac": -0.8408338532236188, "wf": -1.1658722356569733, "force_rmse": 0.1298180876759089, "potential_error_power_eV2": 0.19976396784513978, "stored_deformation_potential_mean_eV": -9.735419555064175e-14, "gaussian_lowpass_error_power_eV2": 0.18011802363935156, "planar_error_power_eV2": 0.19435954501789116, "loader_frame_1based": 241, "EF_vac_WF_centered_errors_eV": [0.32705944177583873, -0.8269208895380664, -1.1539803313139045], "relative_WF_squared_error_fraction": 0.050187283551458295}, {"index": 134, "atoms": 180, "composition": [0, 120, 60], "charge": 0.0, "weight": 1.0, "ef": 0.2500454952043429, "vac": -0.8920652145139476, "wf": -1.14211070971829, "force_rmse": 0.5440468178896107, "potential_error_power_eV2": 0.9414846918235423, "stored_deformation_potential_mean_eV": -4.632205743448059e-14, "gaussian_lowpass_error_power_eV2": 0.7208869604146511, "planar_error_power_eV2": 0.8524742230833395, "loader_frame_1based": 135, "EF_vac_WF_centered_errors_eV": [0.2520665545468267, -0.8781522508283952, -1.1302188053752213], "relative_WF_squared_error_fraction": 0.04814175678669412}, {"index": 147, "atoms": 186, "composition": [66, 90, 30], "charge": 0.0, "weight": 1.0, "ef": -0.3915948907253023, "vac": 0.61585650055037, "wf": 1.0074513912756724, "force_rmse": 0.20743642615883698, "potential_error_power_eV2": 0.15881046533898527, "stored_deformation_potential_mean_eV": 5.296572984662304e-14, "gaussian_lowpass_error_power_eV2": 0.14506718110558484, "planar_error_power_eV2": 0.15499192984153146, "loader_frame_1based": 148, "EF_vac_WF_centered_errors_eV": [-0.3895738313828185, 0.6297694642359224, 1.0193432956187412], "relative_WF_squared_error_fraction": 0.03915956131063676}, {"index": 211, "atoms": 181, "composition": [61, 90, 30], "charge": 0.0, "weight": 1.0, "ef": 0.4033807322782474, "vac": -0.5768307917178954, "wf": -0.9802115239961431, "force_rmse": 0.09618151579871208, "potential_error_power_eV2": 0.2029673327090649, "stored_deformation_potential_mean_eV": -3.581790839801117e-14, "gaussian_lowpass_error_power_eV2": 0.18452695566351657, "planar_error_power_eV2": 0.19574653493410332, "loader_frame_1based": 212, "EF_vac_WF_centered_errors_eV": [0.4054017916207312, -0.562917828032343, -0.9683196196530744], "relative_WF_squared_error_fraction": 0.03533737937979766}, {"index": 158, "atoms": 211, "composition": [23, 128, 60], "charge": 0.0, "weight": 1.0, "ef": 0.2750372843822424, "vac": -0.6277176623847591, "wf": -0.9027549467670006, "force_rmse": 0.16004774666796828, "potential_error_power_eV2": 0.190124365711939, "stored_deformation_potential_mean_eV": 2.985852803069969e-15, "gaussian_lowpass_error_power_eV2": 0.16887486410929797, "planar_error_power_eV2": 0.17990269682608484, "loader_frame_1based": 159, "EF_vac_WF_centered_errors_eV": [0.2770583437247262, -0.6138046986992067, -0.890863042423932], "relative_WF_squared_error_fraction": 0.02991016172844806}], "WF_centered_squared_error_share_largest_10_structures": 0.5536023764846432, "WF_centered_squared_error_share_largest_10_percent": 0.810758413192499, "independent_single_anchor_EF_vac_WF_RMSE_eV": [0.16827859355001135, 0.26136435564331567, 0.401014050798942], "relative_error_scope": "One whole-split offset for RMSE_rel; no fitted offset is applied to predictions. Single-anchor expectation assumes independent configurations.", "WF_squared_error_share_largest_10_percent": 0.8140231115326944, "largest_WF_errors": [{"index": 206, "atoms": 183, "composition": [63, 90, 30], "charge": 0.0, "weight": 1.0, "ef": 0.7630684410534202, "vac": -1.1016207589279619, "wf": -1.8646891999813828, "force_rmse": 0.12475989283937296, "potential_error_power_eV2": 0.6410648805417952, "stored_deformation_potential_mean_eV": -1.79033983761625e-15, "gaussian_lowpass_error_power_eV2": 0.5965910798368591, "planar_error_power_eV2": 0.63643604122662}, {"index": 304, "atoms": 180, "composition": [60, 90, 30], "charge": 0.0, "weight": 1.0, "ef": -0.5466737238989856, "vac": 1.1127480796365194, "wf": 1.6594218035355057, "force_rmse": 0.1642547334482263, "potential_error_power_eV2": 0.667480876980445, "stored_deformation_potential_mean_eV": 3.4053226704110426e-14, "gaussian_lowpass_error_power_eV2": 0.6033010568269903, "planar_error_power_eV2": 0.6560133659319857}, {"index": 298, "atoms": 185, "composition": [64, 91, 30], "charge": 0.0, "weight": 1.0, "ef": -0.5926234871562348, "vac": 0.6696162440709301, "wf": 1.2622397312271643, "force_rmse": 0.1401841556302702, "potential_error_power_eV2": 0.40710275638724774, "stored_deformation_potential_mean_eV": -7.094704027482397e-14, "gaussian_lowpass_error_power_eV2": 0.38207081697126416, "planar_error_power_eV2": 0.402813226385684}, {"index": 240, "atoms": 183, "composition": [63, 90, 30], "charge": 0.0, "weight": 1.0, "ef": 0.3250383824333549, "vac": -0.8408338532236188, "wf": -1.1658722356569733, "force_rmse": 0.1298180876759089, "potential_error_power_eV2": 0.19976396784513978, "stored_deformation_potential_mean_eV": -9.735419555064175e-14, "gaussian_lowpass_error_power_eV2": 0.18011802363935156, "planar_error_power_eV2": 0.19435954501789116}, {"index": 134, "atoms": 180, "composition": [0, 120, 60], "charge": 0.0, "weight": 1.0, "ef": 0.2500454952043429, "vac": -0.8920652145139476, "wf": -1.14211070971829, "force_rmse": 0.5440468178896107, "potential_error_power_eV2": 0.9414846918235423, "stored_deformation_potential_mean_eV": -4.632205743448059e-14, "gaussian_lowpass_error_power_eV2": 0.7208869604146511, "planar_error_power_eV2": 0.8524742230833395}, {"index": 147, "atoms": 186, "composition": [66, 90, 30], "charge": 0.0, "weight": 1.0, "ef": -0.3915948907253023, "vac": 0.61585650055037, "wf": 1.0074513912756724, "force_rmse": 0.20743642615883698, "potential_error_power_eV2": 0.15881046533898527, "stored_deformation_potential_mean_eV": 5.296572984662304e-14, "gaussian_lowpass_error_power_eV2": 0.14506718110558484, "planar_error_power_eV2": 0.15499192984153146}, {"index": 211, "atoms": 181, "composition": [61, 90, 30], "charge": 0.0, "weight": 1.0, "ef": 0.4033807322782474, "vac": -0.5768307917178954, "wf": -0.9802115239961431, "force_rmse": 0.09618151579871208, "potential_error_power_eV2": 0.2029673327090649, "stored_deformation_potential_mean_eV": -3.581790839801117e-14, "gaussian_lowpass_error_power_eV2": 0.18452695566351657, "planar_error_power_eV2": 0.19574653493410332}, {"index": 158, "atoms": 211, "composition": [23, 128, 60], "charge": 0.0, "weight": 1.0, "ef": 0.2750372843822424, "vac": -0.6277176623847591, "wf": -0.9027549467670006, "force_rmse": 0.16004774666796828, "potential_error_power_eV2": 0.190124365711939, "stored_deformation_potential_mean_eV": 2.985852803069969e-15, "gaussian_lowpass_error_power_eV2": 0.16887486410929797, "planar_error_power_eV2": 0.17990269682608484}], "composition_cohorts": [{"element_counts": "(60, 90, 30)", "graphs": 1, "wf_rmse_eV": 1.6594218035355057}, {"element_counts": "(23, 128, 60)", "graphs": 1, "wf_rmse_eV": 0.9027549467670006}, {"element_counts": "(63, 90, 30)", "graphs": 7, "wf_rmse_eV": 0.8658575544496206}, {"element_counts": "(14, 43, 18)", "graphs": 1, "wf_rmse_eV": 0.8449058916219938}, {"element_counts": "(0, 120, 60)", "graphs": 2, "wf_rmse_eV": 0.808568046912432}, {"element_counts": "(64, 91, 30)", "graphs": 5, "wf_rmse_eV": 0.607479009940294}, {"element_counts": "(62, 90, 30)", "graphs": 3, "wf_rmse_eV": 0.5765283945192778}, {"element_counts": "(61, 90, 30)", "graphs": 10, "wf_rmse_eV": 0.5212915279632725}, {"element_counts": "(31, 135, 60)", "graphs": 1, "wf_rmse_eV": 0.5062099697129527}, {"element_counts": "(19, 57, 24)", "graphs": 1, "wf_rmse_eV": 0.472713185019348}, {"element_counts": "(20, 45, 18)", "graphs": 2, "wf_rmse_eV": 0.4500989484344035}, {"element_counts": "(66, 90, 30)", "graphs": 10, "wf_rmse_eV": 0.44758860581251136}], "scope": "Full supplied split; diagnostic only, no reference-dependent correction or exclusion is applied. Large error alone does not establish bad reference data.", "atomic_numbers": [1, 8, 77]}
2026-10-09 06:26:45.793 INFO: Epoch 145: loss=51.6131, RMSE_E_per_atom=496.1207 meV, RMSE_F=193.8981 meV/A, RMSE_dip_per_atom=0.8443 meA, RMSE_rho=0.1289 me/A^3, RMSE_EF(abs/rel)=119.0081/118.9909 meV, RMSE_ESP=177.3704 mV, RMSE_ESPvac(abs/rel)=185.3355/184.8125 mV, RMSE_WF(abs/rel)=283.8090/283.5598 meV
2026-10-09 06:26:45.793 INFO: 50-step electronic residual maximum: 0.048302
2026-10-09 06:26:45.799 INFO: Optimizer epoch 145: lr=[0.001, 0.001, 0.001, 0.001, 0.001, 0.001, 0.001, 0.001], mean gradient norm=1807.2, clipped=346/346
2026-10-09 06:26:45.799 INFO: Epoch timing: train=203.539s, validation=45.222s, updates=346, train/update=0.58826s, peak allocated=14533.9 MiB, backbone=CuEq
2026-10-09 06:26:45.799 INFO: Optimization budget: graphs=1384/1384, updates=346, mean retained gradient=0.013947, min retained gradient=0.00042592
2026-10-09 06:26:45.799 INFO: Optimizer time scales {"updates_per_epoch": 346, "groups": [{"name": "embedding", "lr": 0.001, "parameter_update_range": [50516.0, 50516.0], "moment_memory_epochs": [0.02890173410404625, 2.8901734104046217], "AdamW_decay_only_retention_per_epoch": 1.0}, {"name": "interactions_no_decay", "lr": 0.001, "parameter_update_range": [50516.0, 50516.0], "moment_memory_epochs": [0.02890173410404625, 2.8901734104046217], "AdamW_decay_only_retention_per_epoch": 1.0}, {"name": "products", "lr": 0.001, "parameter_update_range": [50516.0, 50516.0], "moment_memory_epochs": [0.02890173410404625, 2.8901734104046217], "AdamW_decay_only_retention_per_epoch": 0.9996540596781468}, {"name": "readouts", "lr": 0.001, "parameter_update_range": [50516.0, 50516.0], "moment_memory_epochs": [0.02890173410404625, 2.8901734104046217], "AdamW_decay_only_retention_per_epoch": 1.0}, {"name": "lr_source_maps", "lr": 0.001, "parameter_update_range": [50516.0, 50516.0], "moment_memory_epochs": [0.02890173410404625, 2.8901734104046217], "AdamW_decay_only_retention_per_epoch": 1.0}, {"name": "field_dependent_charges_map", "lr": 0.001, "parameter_update_range": [50516.0, 50516.0], "moment_memory_epochs": [0.02890173410404625, 2.8901734104046217], "AdamW_decay_only_retention_per_epoch": 0.9965459616620003}, {"name": "electronic_references", "lr": 0.001, "parameter_update_range": [50516.0, 50516.0], "moment_memory_epochs": [0.02890173410404625, 2.8901734104046217], "AdamW_decay_only_retention_per_epoch": 1.0}, {"name": "layer_feature_mixer", "lr": 0.001, "parameter_update_range": [50516.0, 50516.0], "moment_memory_epochs": [0.02890173410404625, 2.8901734104046217], "AdamW_decay_only_retention_per_epoch": 0.9996540596781468}], "EMA_asymptotic_memory_epochs": 0.2890173410404622}
2026-10-09 06:26:45.799 INFO: Batching: optimizer graphs=4, device graphs<=4; one clipping/Adam/EMA update per optimizer batch
2026-10-09 06:26:45.799 INFO: 50-step finite-budget validation residual 0.048302 exceeds equilibrium tolerance 1e-06; metrics describe the exported finite trajectory, not a converged root
2026-10-09 06:43:52.216 INFO: Training-only scalar reference calibration {'fermi_level': {'observed_training_graphs': 61, 'shift_eV': 0.055077902750891874, 'reference_eV': -0.011237455265974805, 'panel_RMSE_before_eV': 0.08866419439113594, 'panel_RMSE_after_eV': 0.06948211277438561}, 'vacuum_potential': {'observed_training_graphs': 61, 'shift_eV': -0.020789960951612257, 'reference_eV': -0.022881338649766596, 'panel_RMSE_before_eV': 0.07341816129466304, 'panel_RMSE_after_eV': 0.07041309488667286}, 'seconds': 9.009842558996752}; constants saved with the model; relative errors and physical fixed-Q trajectory unchanged
2026-10-09 06:44:28.425 INFO: Full validation audit {"graphs": 350, "index_convention": "supplied loader order, zero based", "force_rmse_by_element_column_eV_A": {"0": 0.15722550928819282, "1": 0.1902962863011081, "2": 0.2542916099903865}, "force_target_rms_by_element_column_eV_A": {"0": 0.7583041629256339, "1": 0.8719660684898465, "2": 0.9586983364634067}, "force_rmse_over_target_rms_by_element_column": {"0": 0.2073383174920164, "1": 0.21823817827072242, "2": 0.26524674166897627}, "density_observers": {"density_RMSE_e_A3": 0.0013723994378864162, "farfield_RMSE_e_A3": 0.00013437695014762474, "scope": "Different Gaussian resolutions of the same error; smaller farfield RMSE is not an accuracy gain."}, "stored_potential_gauge": {"deformation_mean_range_eV": [-1.923389086888605e-13, 1.7333365232548237e-13], "scope": "Stored k=0 is retained for audit; RMSE_ESP compares fields modulo a uniform offset. Scalar EF/vacuum errors use their stored label convention."}, "potential_error_power_fractions": {"normal_reciprocal_line": 0.8505613938411728, "Gaussian_lowpass": 0.7336183766888411, "Gaussian_width_A": 1.5}, "observed_EF_vac_WF": 330, "EF_vac_WF_rmse_eV": [0.1167782483209609, 0.17848608089980603, 0.2732008008999423], "EF_vac_WF_relative_rmse_eV": [0.11669602590508729, 0.17759618809406363, 0.27287101867432517], "EF_vac_WF_bias_eV": [-0.004381417450003656, -0.01780098450732667, -0.01341956705732309], "EF_vac_covariance_eV2": -0.014650112172390557, "WF_absolute_error_quantiles_eV": {"median": 0.08012182981109639, "p90": 0.41266340406123553, "p99": 1.2054656716205034, "max": 1.6195871164225473}, "WF_identity_max_error_eV": 1.3322676295501878e-15, "absolute_relative_bias_identity_max_error_eV2": 2.0816681711721685e-17, "WF_variance_components_eV2": {"EF": 0.01361796246204081, "vacuum": 0.03154040602554203, "covariance_contribution": 0.029300224344781113}, "largest_relative_WF_errors": [{"index": 206, "atoms": 183, "composition": [63, 90, 30], "charge": 0.0, "weight": 1.0, "ef": 0.6463420131011239, "vac": -0.9732451033214229, "wf": -1.6195871164225473, "force_rmse": 0.10390957513389162, "potential_error_power_eV2": 0.4742482521311976, "stored_deformation_potential_mean_eV": -1.79033983761625e-15, "gaussian_lowpass_error_power_eV2": 0.4391694223070875, "planar_error_power_eV2": 0.4704586048236284, "loader_frame_1based": 207, "EF_vac_WF_centered_errors_eV": [0.6507234305511276, -0.9554441188140962, -1.606167549365224], "relative_WF_squared_error_fraction": 0.10499120743736795}, {"index": 304, "atoms": 180, "composition": [60, 90, 30], "charge": 0.0, "weight": 1.0, "ef": -0.45144780562199216, "vac": 0.9533158908773904, "wf": 1.4047636964993826, "force_rmse": 0.12932317677240898, "potential_error_power_eV2": 0.5355563237400052, "stored_deformation_potential_mean_eV": 3.4053226704110426e-14, "gaussian_lowpass_error_power_eV2": 0.4847621629884592, "planar_error_power_eV2": 0.5252529181325877, "loader_frame_1based": 305, "EF_vac_WF_centered_errors_eV": [-0.4470663881719885, 0.9711168753847171, 1.4181832635567058], "relative_WF_squared_error_fraction": 0.08185325368286735}, {"index": 240, "atoms": 183, "composition": [63, 90, 30], "charge": 0.0, "weight": 1.0, "ef": 0.36574916592300855, "vac": -0.9207256163652229, "wf": -1.2864747822882316, "force_rmse": 0.12186449916472432, "potential_error_power_eV2": 0.24375568929198702, "stored_deformation_potential_mean_eV": -9.735419555064175e-14, "gaussian_lowpass_error_power_eV2": 0.22202740571801172, "planar_error_power_eV2": 0.2399793656589809, "loader_frame_1based": 241, "EF_vac_WF_centered_errors_eV": [0.3701305833730122, -0.9029246318578962, -1.2730552152309085], "relative_WF_squared_error_fraction": 0.06595773242131754}, {"index": 147, "atoms": 186, "composition": [66, 90, 30], "charge": 0.0, "weight": 1.0, "ef": -0.4514033909551235, "vac": 0.7711239686393871, "wf": 1.2225273595945105, "force_rmse": 0.19931565074334032, "potential_error_power_eV2": 0.23114146220786366, "stored_deformation_potential_mean_eV": 5.296572984662304e-14, "gaussian_lowpass_error_power_eV2": 0.21340933388721517, "planar_error_power_eV2": 0.2275109060687215, "loader_frame_1based": 148, "EF_vac_WF_centered_errors_eV": [-0.44702197350511985, 0.7889249531467138, 1.2359469266518337], "relative_WF_squared_error_fraction": 0.06216857024833851}, {"index": 298, "atoms": 185, "composition": [64, 91, 30], "charge": 0.0, "weight": 1.0, "ef": -0.5463192818820546, "vac": 0.6173746709055399, "wf": 1.163693952787594, "force_rmse": 0.1421177831477308, "potential_error_power_eV2": 0.36973759046238497, "stored_deformation_potential_mean_eV": -7.094704027482397e-14, "gaussian_lowpass_error_power_eV2": 0.3454900382921799, "planar_error_power_eV2": 0.36423763140464865, "loader_frame_1based": 299, "EF_vac_WF_centered_errors_eV": [-0.5419378644320509, 0.6351756554128666, 1.1771135198449172], "relative_WF_squared_error_fraction": 0.056390757881555814}, {"index": 211, "atoms": 181, "composition": [61, 90, 30], "charge": 0.0, "weight": 1.0, "ef": 0.4199048808857255, "vac": -0.5810473139416694, "wf": -1.0009521948273954, "force_rmse": 0.09725717483104358, "potential_error_power_eV2": 0.19524532744780418, "stored_deformation_potential_mean_eV": -3.581790839801117e-14, "gaussian_lowpass_error_power_eV2": 0.1766488587939011, "planar_error_power_eV2": 0.18807262358907265, "loader_frame_1based": 212, "EF_vac_WF_centered_errors_eV": [0.4242862983357291, -0.5632463294343427, -0.9875326277700723], "relative_WF_squared_error_fraction": 0.03968936428242155}, {"index": 166, "atoms": 182, "composition": [62, 90, 30], "charge": 0.0, "weight": 1.0, "ef": 0.4279866896306759, "vac": -0.5280842465599553, "wf": -0.9560709361906312, "force_rmse": 0.13067360389604052, "potential_error_power_eV2": 0.20900554839378876, "stored_deformation_potential_mean_eV": -1.390867140180316e-14, "gaussian_lowpass_error_power_eV2": 0.17712511943194095, "planar_error_power_eV2": 0.1998144355349356, "loader_frame_1based": 167, "EF_vac_WF_centered_errors_eV": [0.4323681070806795, -0.5102832620526286, -0.9426513691333082], "relative_WF_squared_error_fraction": 0.03616374856215541}, {"index": 193, "atoms": 185, "composition": [65, 90, 30], "charge": 0.0, "weight": 1.0, "ef": 0.297163604821094, "vac": -0.5985886518554917, "wf": -0.8957522566765856, "force_rmse": 0.11756744136459037, "potential_error_power_eV2": 0.13215665627412246, "stored_deformation_potential_mean_eV": 2.0509542453129138e-14, "gaussian_lowpass_error_power_eV2": 0.1196508183834041, "planar_error_power_eV2": 0.12935082787572816, "loader_frame_1based": 194, "EF_vac_WF_centered_errors_eV": [0.30154502227109764, -0.580787667348165, -0.8823326896192626], "relative_WF_squared_error_fraction": 0.03168370603639339}], "WF_centered_squared_error_share_largest_10_structures": 0.5263949185092183, "WF_centered_squared_error_share_largest_10_percent": 0.7966970784294881, "independent_single_anchor_EF_vac_WF_RMSE_eV": [0.1650331025100165, 0.251158937828388, 0.38589789538779273], "relative_error_scope": "One whole-split offset for RMSE_rel; no fitted offset is applied to predictions. Single-anchor expectation assumes independent configurations.", "WF_squared_error_share_largest_10_percent": 0.7964284961447099, "largest_WF_errors": [{"index": 206, "atoms": 183, "composition": [63, 90, 30], "charge": 0.0, "weight": 1.0, "ef": 0.6463420131011239, "vac": -0.9732451033214229, "wf": -1.6195871164225473, "force_rmse": 0.10390957513389162, "potential_error_power_eV2": 0.4742482521311976, "stored_deformation_potential_mean_eV": -1.79033983761625e-15, "gaussian_lowpass_error_power_eV2": 0.4391694223070875, "planar_error_power_eV2": 0.4704586048236284}, {"index": 304, "atoms": 180, "composition": [60, 90, 30], "charge": 0.0, "weight": 1.0, "ef": -0.45144780562199216, "vac": 0.9533158908773904, "wf": 1.4047636964993826, "force_rmse": 0.12932317677240898, "potential_error_power_eV2": 0.5355563237400052, "stored_deformation_potential_mean_eV": 3.4053226704110426e-14, "gaussian_lowpass_error_power_eV2": 0.4847621629884592, "planar_error_power_eV2": 0.5252529181325877}, {"index": 240, "atoms": 183, "composition": [63, 90, 30], "charge": 0.0, "weight": 1.0, "ef": 0.36574916592300855, "vac": -0.9207256163652229, "wf": -1.2864747822882316, "force_rmse": 0.12186449916472432, "potential_error_power_eV2": 0.24375568929198702, "stored_deformation_potential_mean_eV": -9.735419555064175e-14, "gaussian_lowpass_error_power_eV2": 0.22202740571801172, "planar_error_power_eV2": 0.2399793656589809}, {"index": 147, "atoms": 186, "composition": [66, 90, 30], "charge": 0.0, "weight": 1.0, "ef": -0.4514033909551235, "vac": 0.7711239686393871, "wf": 1.2225273595945105, "force_rmse": 0.19931565074334032, "potential_error_power_eV2": 0.23114146220786366, "stored_deformation_potential_mean_eV": 5.296572984662304e-14, "gaussian_lowpass_error_power_eV2": 0.21340933388721517, "planar_error_power_eV2": 0.2275109060687215}, {"index": 298, "atoms": 185, "composition": [64, 91, 30], "charge": 0.0, "weight": 1.0, "ef": -0.5463192818820546, "vac": 0.6173746709055399, "wf": 1.163693952787594, "force_rmse": 0.1421177831477308, "potential_error_power_eV2": 0.36973759046238497, "stored_deformation_potential_mean_eV": -7.094704027482397e-14, "gaussian_lowpass_error_power_eV2": 0.3454900382921799, "planar_error_power_eV2": 0.36423763140464865}, {"index": 211, "atoms": 181, "composition": [61, 90, 30], "charge": 0.0, "weight": 1.0, "ef": 0.4199048808857255, "vac": -0.5810473139416694, "wf": -1.0009521948273954, "force_rmse": 0.09725717483104358, "potential_error_power_eV2": 0.19524532744780418, "stored_deformation_potential_mean_eV": -3.581790839801117e-14, "gaussian_lowpass_error_power_eV2": 0.1766488587939011, "planar_error_power_eV2": 0.18807262358907265}, {"index": 166, "atoms": 182, "composition": [62, 90, 30], "charge": 0.0, "weight": 1.0, "ef": 0.4279866896306759, "vac": -0.5280842465599553, "wf": -0.9560709361906312, "force_rmse": 0.13067360389604052, "potential_error_power_eV2": 0.20900554839378876, "stored_deformation_potential_mean_eV": -1.390867140180316e-14, "gaussian_lowpass_error_power_eV2": 0.17712511943194095, "planar_error_power_eV2": 0.1998144355349356}, {"index": 193, "atoms": 185, "composition": [65, 90, 30], "charge": 0.0, "weight": 1.0, "ef": 0.297163604821094, "vac": -0.5985886518554917, "wf": -0.8957522566765856, "force_rmse": 0.11756744136459037, "potential_error_power_eV2": 0.13215665627412246, "stored_deformation_potential_mean_eV": 2.0509542453129138e-14, "gaussian_lowpass_error_power_eV2": 0.1196508183834041, "planar_error_power_eV2": 0.12935082787572816}], "composition_cohorts": [{"element_counts": "(60, 90, 30)", "graphs": 1, "wf_rmse_eV": 1.4047636964993826}, {"element_counts": "(63, 90, 30)", "graphs": 7, "wf_rmse_eV": 0.8210247699154212}, {"element_counts": "(14, 43, 18)", "graphs": 1, "wf_rmse_eV": 0.7091627917010213}, {"element_counts": "(23, 128, 60)", "graphs": 1, "wf_rmse_eV": 0.6496178787093019}, {"element_counts": "(62, 90, 30)", "graphs": 3, "wf_rmse_eV": 0.6275377509746196}, {"element_counts": "(0, 120, 60)", "graphs": 2, "wf_rmse_eV": 0.5932979230590958}, {"element_counts": "(64, 91, 30)", "graphs": 5, "wf_rmse_eV": 0.5858188410882366}, {"element_counts": "(66, 90, 30)", "graphs": 10, "wf_rmse_eV": 0.5381113037628731}, {"element_counts": "(61, 90, 30)", "graphs": 10, "wf_rmse_eV": 0.5099028937658852}, {"element_counts": "(0, 36, 18)", "graphs": 1, "wf_rmse_eV": 0.5061696058456224}, {"element_counts": "(65, 90, 30)", "graphs": 10, "wf_rmse_eV": 0.48719727763987053}, {"element_counts": "(40, 88, 36)", "graphs": 1, "wf_rmse_eV": 0.44438381376650504}], "scope": "Full supplied split; diagnostic only, no reference-dependent correction or exclusion is applied. Large error alone does not establish bad reference data.", "atomic_numbers": [1, 8, 77]}
2026-10-09 06:44:28.428 INFO: Epoch 150: loss=50.3365, RMSE_E_per_atom=492.7491 meV, RMSE_F=190.7401 meV/A, RMSE_dip_per_atom=0.7800 meA, RMSE_rho=0.1344 me/A^3, RMSE_EF(abs/rel)=116.7782/116.6960 meV, RMSE_ESP=176.6176 mV, RMSE_ESPvac(abs/rel)=178.4861/177.5962 mV, RMSE_WF(abs/rel)=273.2008/272.8710 meV
2026-10-09 06:44:28.428 INFO: 50-step electronic residual maximum: 0.015367
2026-10-09 06:44:28.435 INFO: Optimizer epoch 150: lr=[0.001, 0.001, 0.001, 0.001, 0.001, 0.001, 0.001, 0.001], mean gradient norm=5771.3, clipped=346/346
2026-10-09 06:44:28.435 INFO: Epoch timing: train=204.790s, validation=45.230s, updates=346, train/update=0.59188s, peak allocated=14519.9 MiB, backbone=CuEq
2026-10-09 06:44:28.435 INFO: Optimization budget: graphs=1384/1384, updates=346, mean retained gradient=0.012893, min retained gradient=7.8068e-06
2026-10-09 06:44:28.436 INFO: Optimizer time scales {"updates_per_epoch": 346, "groups": [{"name": "embedding", "lr": 0.001, "parameter_update_range": [52246.0, 52246.0], "moment_memory_epochs": [0.02890173410404625, 2.8901734104046217], "AdamW_decay_only_retention_per_epoch": 1.0}, {"name": "interactions_no_decay", "lr": 0.001, "parameter_update_range": [52246.0, 52246.0], "moment_memory_epochs": [0.02890173410404625, 2.8901734104046217], "AdamW_decay_only_retention_per_epoch": 1.0}, {"name": "products", "lr": 0.001, "parameter_update_range": [52246.0, 52246.0], "moment_memory_epochs": [0.02890173410404625, 2.8901734104046217], "AdamW_decay_only_retention_per_epoch": 0.9996540596781468}, {"name": "readouts", "lr": 0.001, "parameter_update_range": [52246.0, 52246.0], "moment_memory_epochs": [0.02890173410404625, 2.8901734104046217], "AdamW_decay_only_retention_per_epoch": 1.0}, {"name": "lr_source_maps", "lr": 0.001, "parameter_update_range": [52246.0, 52246.0], "moment_memory_epochs": [0.02890173410404625, 2.8901734104046217], "AdamW_decay_only_retention_per_epoch": 1.0}, {"name": "field_dependent_charges_map", "lr": 0.001, "parameter_update_range": [52246.0, 52246.0], "moment_memory_epochs": [0.02890173410404625, 2.8901734104046217], "AdamW_decay_only_retention_per_epoch": 0.9965459616620003}, {"name": "electronic_references", "lr": 0.001, "parameter_update_range": [52246.0, 52246.0], "moment_memory_epochs": [0.02890173410404625, 2.8901734104046217], "AdamW_decay_only_retention_per_epoch": 1.0}, {"name": "layer_feature_mixer", "lr": 0.001, "parameter_update_range": [52246.0, 52246.0], "moment_memory_epochs": [0.02890173410404625, 2.8901734104046217], "AdamW_decay_only_retention_per_epoch": 0.9996540596781468}], "EMA_asymptotic_memory_epochs": 0.2890173410404622}
2026-10-09 06:44:28.436 INFO: Batching: optimizer graphs=4, device graphs<=4; one clipping/Adam/EMA update per optimizer batch
2026-10-09 06:44:28.436 INFO: 50-step finite-budget validation residual 0.015367 exceeds equilibrium tolerance 1e-06; metrics describe the exported finite trajectory, not a converged root
2026-10-09 06:46:50.138 INFO: Full training audit {"graphs": 1384, "index_convention": "supplied loader order, zero based", "force_rmse_by_element_column_eV_A": {"0": 0.10649635492707714, "1": 0.16580147828197797, "2": 0.23284260758514924}, "force_target_rms_by_element_column_eV_A": {"0": 0.7571064396258198, "1": 0.8677033017166068, "2": 0.9535818187475488}, "force_rmse_over_target_rms_by_element_column": {"0": 0.1406623287733627, "1": 0.19108084290329114, "2": 0.24417685300561714}, "density_observers": {"density_RMSE_e_A3": 0.0013770240584940721, "farfield_RMSE_e_A3": 0.00013414942587237672, "scope": "Different Gaussian resolutions of the same error; smaller farfield RMSE is not an accuracy gain."}, "stored_potential_gauge": {"deformation_mean_range_eV": [-1.8911908162794102e-13, 1.6773131068768066e-13], "scope": "Stored k=0 is retained for audit; RMSE_ESP compares fields modulo a uniform offset. Scalar EF/vacuum errors use their stored label convention."}, "potential_error_power_fractions": {"normal_reciprocal_line": 0.7618346240742809, "Gaussian_lowpass": 0.6213766253409218, "Gaussian_width_A": 1.5}, "observed_EF_vac_WF": 1307, "EF_vac_WF_rmse_eV": [0.07016277822744171, 0.07875754957667994, 0.12002332254634215], "EF_vac_WF_relative_rmse_eV": [0.06896439758246191, 0.07875556815951046, 0.119264963083832], "EF_vac_WF_bias_eV": [-0.012912293161220065, 0.0005586583892641448, 0.013470951550484153], "EF_vac_covariance_eV2": -0.0016328018846743185, "WF_absolute_error_quantiles_eV": {"median": 0.06904742332304092, "p90": 0.19266473415375016, "p99": 0.34816781446983336, "max": 0.81156383429949}, "WF_identity_max_error_eV": 1.3322676295501878e-15, "absolute_relative_bias_identity_max_error_eV2": 1.734723475976807e-17, "WF_variance_components_eV2": {"EF": 0.004756088133911874, "vacuum": 0.006202439516127302, "covariance_contribution": 0.003265603769348637}, "largest_relative_WF_errors": [{"index": 1318, "atoms": 186, "composition": [66, 90, 30], "charge": 0.0, "weight": 1.0, "ef": -0.3960222095205352, "vac": 0.41554162477895495, "wf": 0.81156383429949, "force_rmse": 0.2281911834729463, "potential_error_power_eV2": 0.11892440688616113, "stored_deformation_potential_mean_eV": 5.1280046546805924e-14, "gaussian_lowpass_error_power_eV2": 0.10184265889535916, "planar_error_power_eV2": 0.11363044366143285, "loader_frame_1based": 1319, "EF_vac_WF_centered_errors_eV": [-0.38310991635931513, 0.4149829663896908, 0.7980928827490058], "relative_WF_squared_error_fraction": 0.03426143366291662}, {"index": 434, "atoms": 180, "composition": [60, 90, 30], "charge": 0.0, "weight": 1.0, "ef": -0.289044927294807, "vac": 0.4720593109794544, "wf": 0.7611042382742612, "force_rmse": 0.09432600248395714, "potential_error_power_eV2": 0.17394433706732002, "stored_deformation_potential_mean_eV": 2.322228286250548e-14, "gaussian_lowpass_error_power_eV2": 0.16192486387864977, "planar_error_power_eV2": 0.17180512880645699, "loader_frame_1based": 435, "EF_vac_WF_centered_errors_eV": [-0.27613263413358696, 0.47150065259019025, 0.747633286723777], "relative_WF_squared_error_fraction": 0.030066018096917436}, {"index": 1359, "atoms": 186, "composition": [66, 90, 30], "charge": 0.0, "weight": 1.0, "ef": -0.1869821661599546, "vac": 0.3570347280883497, "wf": 0.5440168942483039, "force_rmse": 0.3470210907992388, "potential_error_power_eV2": 0.039892982079747924, "stored_deformation_potential_mean_eV": -4.421484118769506e-14, "gaussian_lowpass_error_power_eV2": 0.03112586574572833, "planar_error_power_eV2": 0.03513955004276906, "loader_frame_1based": 1360, "EF_vac_WF_centered_errors_eV": [-0.17406987299873455, 0.3564760696990855, 0.5305459426978197], "relative_WF_squared_error_fraction": 0.01514065458062122}, {"index": 372, "atoms": 90, "composition": [0, 60, 30], "charge": 0.0, "weight": 1.0, "ef": 0.2217249577102785, "vac": -0.26586155569730874, "wf": -0.48758651340758785, "force_rmse": 0.2738873107966399, "potential_error_power_eV2": 0.5816490400712946, "stored_deformation_potential_mean_eV": -1.1857990328616565e-13, "gaussian_lowpass_error_power_eV2": 0.33247962266484515, "planar_error_power_eV2": 0.4610818972244391, "loader_frame_1based": 373, "EF_vac_WF_centered_errors_eV": [0.23463725087149856, -0.2664202140865729, -0.501057464958072], "relative_WF_squared_error_fraction": 0.013504351386312001}, {"index": 1060, "atoms": 180, "composition": [60, 90, 30], "charge": 0.0, "weight": 1.0, "ef": -0.19325162953806307, "vac": 0.29069744812350073, "wf": 0.48394907766156336, "force_rmse": 0.09625522764920807, "potential_error_power_eV2": 0.15301491246414503, "stored_deformation_potential_mean_eV": -6.446850241757224e-14, "gaussian_lowpass_error_power_eV2": 0.1301383565319481, "planar_error_power_eV2": 0.1463443118187697, "loader_frame_1based": 1061, "EF_vac_WF_centered_errors_eV": [-0.18033933637684302, 0.29013878973423657, 0.4704781261110792], "relative_WF_squared_error_fraction": 0.011906319419314582}, {"index": 1198, "atoms": 182, "composition": [62, 90, 30], "charge": 0.0, "weight": 1.0, "ef": -0.21789857671515467, "vac": 0.2434009699679871, "wf": 0.46129954668314177, "force_rmse": 0.11196692350884883, "potential_error_power_eV2": 0.13888317667807643, "stored_deformation_potential_mean_eV": 2.1108219871684888e-14, "gaussian_lowpass_error_power_eV2": 0.1275468373045169, "planar_error_power_eV2": 0.13633602729903374, "loader_frame_1based": 1199, "EF_vac_WF_centered_errors_eV": [-0.2049862835539346, 0.24284231157872296, 0.4478285951326576], "relative_WF_squared_error_fraction": 0.010787537002004851}, {"index": 815, "atoms": 72, "composition": [0, 48, 24], "charge": 0.0, "weight": 1.0, "ef": 0.13816228139987285, "vac": -0.2935543370121074, "wf": -0.43171661841198095, "force_rmse": 0.24127345201210795, "potential_error_power_eV2": 0.09172007522101255, "stored_deformation_potential_mean_eV": -4.849006576765809e-14, "gaussian_lowpass_error_power_eV2": 0.055067198452796146, "planar_error_power_eV2": 0.07731271102985922, "loader_frame_1based": 816, "EF_vac_WF_centered_errors_eV": [0.1510745745610929, -0.2941129954013716, -0.4451875699624651], "relative_WF_squared_error_fraction": 0.01066067530489864}, {"index": 857, "atoms": 144, "composition": [0, 96, 48], "charge": 0.0, "weight": 1.0, "ef": 0.1653389654766726, "vac": -0.2595370301633855, "wf": -0.4248759956400576, "force_rmse": 0.23229528382905482, "potential_error_power_eV2": 0.5088414835304582, "stored_deformation_potential_mean_eV": 6.532060049108112e-14, "gaussian_lowpass_error_power_eV2": 0.24445315173265442, "planar_error_power_eV2": 0.37721357757775087, "loader_frame_1based": 858, "EF_vac_WF_centered_errors_eV": [0.17825125863789265, -0.26009568855264964, -0.4383469471905418], "relative_WF_squared_error_fraction": 0.010335574669095916}], "WF_centered_squared_error_share_largest_10_structures": 0.15602009623117602, "WF_centered_squared_error_share_largest_10_percent": 0.5457420948072933, "independent_single_anchor_EF_vac_WF_RMSE_eV": [0.09753038638200792, 0.1113771926035784, 0.16866612830908173], "relative_error_scope": "One whole-split offset for RMSE_rel; no fitted offset is applied to predictions. Single-anchor expectation assumes independent configurations.", "WF_squared_error_share_largest_10_percent": 0.556240244854474, "largest_WF_errors": [{"index": 1318, "atoms": 186, "composition": [66, 90, 30], "charge": 0.0, "weight": 1.0, "ef": -0.3960222095205352, "vac": 0.41554162477895495, "wf": 0.81156383429949, "force_rmse": 0.2281911834729463, "potential_error_power_eV2": 0.11892440688616113, "stored_deformation_potential_mean_eV": 5.1280046546805924e-14, "gaussian_lowpass_error_power_eV2": 0.10184265889535916, "planar_error_power_eV2": 0.11363044366143285}, {"index": 434, "atoms": 180, "composition": [60, 90, 30], "charge": 0.0, "weight": 1.0, "ef": -0.289044927294807, "vac": 0.4720593109794544, "wf": 0.7611042382742612, "force_rmse": 0.09432600248395714, "potential_error_power_eV2": 0.17394433706732002, "stored_deformation_potential_mean_eV": 2.322228286250548e-14, "gaussian_lowpass_error_power_eV2": 0.16192486387864977, "planar_error_power_eV2": 0.17180512880645699}, {"index": 1359, "atoms": 186, "composition": [66, 90, 30], "charge": 0.0, "weight": 1.0, "ef": -0.1869821661599546, "vac": 0.3570347280883497, "wf": 0.5440168942483039, "force_rmse": 0.3470210907992388, "potential_error_power_eV2": 0.039892982079747924, "stored_deformation_potential_mean_eV": -4.421484118769506e-14, "gaussian_lowpass_error_power_eV2": 0.03112586574572833, "planar_error_power_eV2": 0.03513955004276906}, {"index": 372, "atoms": 90, "composition": [0, 60, 30], "charge": 0.0, "weight": 1.0, "ef": 0.2217249577102785, "vac": -0.26586155569730874, "wf": -0.48758651340758785, "force_rmse": 0.2738873107966399, "potential_error_power_eV2": 0.5816490400712946, "stored_deformation_potential_mean_eV": -1.1857990328616565e-13, "gaussian_lowpass_error_power_eV2": 0.33247962266484515, "planar_error_power_eV2": 0.4610818972244391}, {"index": 1060, "atoms": 180, "composition": [60, 90, 30], "charge": 0.0, "weight": 1.0, "ef": -0.19325162953806307, "vac": 0.29069744812350073, "wf": 0.48394907766156336, "force_rmse": 0.09625522764920807, "potential_error_power_eV2": 0.15301491246414503, "stored_deformation_potential_mean_eV": -6.446850241757224e-14, "gaussian_lowpass_error_power_eV2": 0.1301383565319481, "planar_error_power_eV2": 0.1463443118187697}, {"index": 1198, "atoms": 182, "composition": [62, 90, 30], "charge": 0.0, "weight": 1.0, "ef": -0.21789857671515467, "vac": 0.2434009699679871, "wf": 0.46129954668314177, "force_rmse": 0.11196692350884883, "potential_error_power_eV2": 0.13888317667807643, "stored_deformation_potential_mean_eV": 2.1108219871684888e-14, "gaussian_lowpass_error_power_eV2": 0.1275468373045169, "planar_error_power_eV2": 0.13633602729903374}, {"index": 815, "atoms": 72, "composition": [0, 48, 24], "charge": 0.0, "weight": 1.0, "ef": 0.13816228139987285, "vac": -0.2935543370121074, "wf": -0.43171661841198095, "force_rmse": 0.24127345201210795, "potential_error_power_eV2": 0.09172007522101255, "stored_deformation_potential_mean_eV": -4.849006576765809e-14, "gaussian_lowpass_error_power_eV2": 0.055067198452796146, "planar_error_power_eV2": 0.07731271102985922}, {"index": 857, "atoms": 144, "composition": [0, 96, 48], "charge": 0.0, "weight": 1.0, "ef": 0.1653389654766726, "vac": -0.2595370301633855, "wf": -0.4248759956400576, "force_rmse": 0.23229528382905482, "potential_error_power_eV2": 0.5088414835304582, "stored_deformation_potential_mean_eV": 6.532060049108112e-14, "gaussian_lowpass_error_power_eV2": 0.24445315173265442, "planar_error_power_eV2": 0.37721357757775087}], "composition_cohorts": [{"element_counts": "(60, 90, 30)", "graphs": 9, "wf_rmse_eV": 0.34015189161903403}, {"element_counts": "(0, 60, 30)", "graphs": 7, "wf_rmse_eV": 0.2581636647362872}, {"element_counts": "(66, 90, 30)", "graphs": 29, "wf_rmse_eV": 0.24813224526769795}, {"element_counts": "(38, 133, 60)", "graphs": 1, "wf_rmse_eV": 0.24661474013313356}, {"element_counts": "(36, 134, 60)", "graphs": 1, "wf_rmse_eV": 0.2452728653606311}, {"element_counts": "(43, 88, 36)", "graphs": 1, "wf_rmse_eV": 0.24366682942255213}, {"element_counts": "(4, 72, 36)", "graphs": 6, "wf_rmse_eV": 0.2382601462950878}, {"element_counts": "(0, 48, 24)", "graphs": 5, "wf_rmse_eV": 0.23660566489449972}, {"element_counts": "(2, 36, 18)", "graphs": 7, "wf_rmse_eV": 0.233966739682259}, {"element_counts": "(28, 104, 48)", "graphs": 1, "wf_rmse_eV": 0.21838770451998535}, {"element_counts": "(20, 57, 24)", "graphs": 6, "wf_rmse_eV": 0.2108443469644816}, {"element_counts": "(0, 54, 30)", "graphs": 1, "wf_rmse_eV": 0.2103475044052523}], "scope": "Full supplied split; diagnostic only, no reference-dependent correction or exclusion is applied. Large error alone does not establish bad reference data.", "atomic_numbers": [1, 8, 77]}
2026-10-09 06:46:50.164 INFO: Full-split generalization {"epoch": 150, "training_graphs": 1384, "validation_graphs": 350, "train": {"rmse_e_per_atom": 0.5952912195785799, "rmse_f": 0.16150686062365247, "rmse_mu_per_atom": 0.0005742599857668995, "rmse_fermi_level": 0.07016277822744169, "rmse_fermi_level_rel": 0.06896439758246188, "rmse_rho": 0.00013414942587237672, "rmse_esp": 0.1311561209669161, "rmse_esp_vac": 0.07875754957667994, "rmse_esp_vac_rel": 0.07875556815951049, "rmse_wf_abs": 0.12002332254634224, "rmse_wf_rel": 0.11926496308383201}, "validation": {"rmse_e_per_atom": 0.49274906843865435, "rmse_f": 0.19074008185387228, "rmse_mu_per_atom": 0.0007799783087792685, "rmse_fermi_level": 0.11677824832096093, "rmse_fermi_level_rel": 0.11669602590508735, "rmse_rho": 0.00013437695014762474, "rmse_esp": 0.17661756455589547, "rmse_esp_vac": 0.178486080899806, "rmse_esp_vac_rel": 0.17759618809406358, "rmse_wf_abs": 0.27320080089994236, "rmse_wf_rel": 0.2728710186743252}, "weighted_training_objectives": {"energy_per_atom": 35.437163610735276, "forces": 13.042233014253947, "dipole": 0.01361035250590761, "fourier_density": 0.17996068461888304, "fourier_potential/spatial": 1.7201928067088332, "vacuum_potential": 0.6207188704118213, "fermi_level": 0.47597298553007805}, "weighted_validation_objectives": {"energy_per_atom": 24.28016444471617, "forces": 18.190889412810957, "dipole": 0.03596408063896068, "fourier_density": 0.1805716473097722, "fourier_potential/spatial": 3.1193764109655904, "vacuum_potential": 3.1636273521060376, "fermi_level": 1.3659354445208114}, "seconds": 141.72753005102277, "scope": "Whole splits at the same EMA parameters and deployment step count; read-only, native units."}
2026-10-09 06:47:13.813 INFO: Electronic diagnostic {"references": {"response_field": "neutral", "proto_fitted": false, "scalar_offsets_EF_vacuum_eV": [-0.011237455265974805, -0.022881338649766596], "scope": "Training-fitted, serialized references. Relative losses remove one constant error, not a separate offset for each structure. No DFT EF enters the free trajectory."}, "train": {"graphs": 32, "charge_span": [0.0, 0.0], "step_comparison": [[{"steps": 24, "WF_eV": 3.4905982690825947, "EF_eV": -2.580694331367373, "residual": 1.0663678252920139e-07}, {"steps": 50, "WF_eV": 3.4905980673984756, "EF_eV": -2.5806942892820794, "residual": 8.63814228480031e-14}, {"steps": 100, "WF_eV": 3.4905980673982553, "EF_eV": -2.5806942892820386, "residual": 3.3306690738754696e-16}], [{"steps": 24, "WF_eV": 4.014777095562602, "EF_eV": -2.854443787673674, "residual": 8.033638739662896e-08}, {"steps": 50, "WF_eV": 4.014776830544039, "EF_eV": -2.854443711329521, "residual": 7.342043639724238e-14}, {"steps": 100, "WF_eV": 4.014776830543833, "EF_eV": -2.8544437113294747, "residual": 4.3021142204224816e-16}]], "dEF_dQ_and_dWF_dQ_eV_per_e": [[-813.8424506896795, 792.8157130135153], [-1095.7070794155136, 1078.5580940275092]], "force_RMSE_by_atomic_number_eV_A": {"1": 0.11099634984892189, "8": 0.16835552919502028, "77": 0.23335997542378872}, "force_RMSE_eV_A": 0.1602039975069391, "charge_response_identifiability": "Single-charge data do not determine capacitance; slopes above are predictions, not validation.", "EF_vac_WF_RMSE": [0.05412410650729515, 0.050669880004222706, 0.08051560150405457], "EF_vac_WF_bias": [-0.017771286942360087, 0.015701193195529803, 0.03347248013788984], "EF_vac_covariance": -0.0002139228107369946, "WF_relative_RMSE_eV": 0.07322810361451595, "WF_error_variance_from_EF_vac_covariance": 0.005362355158978298, "reference_WF_identity_max_error_eV": 8.881784197001252e-16, "Gaussian_lowpass_potential_error_power_fraction": 0.6121025995263694, "reference_conditioning": {"EF_given_DFT_field_eV_RMSE": 0.050085819426937614, "vacuum_given_DFT_EF_eV_RMSE": 0.05607069048210213, "charge_error_e_RMSE": 0.0014375206735685753, "scope": "Oracle conditional errors, not deployment metrics; charge error measures the departure from the prescribed fixed-Q ensemble.", "dmu_dQ_eV_per_e_range": [-1385.6342284364068, -23.501426952156894]}}, "validation": {"graphs": 16, "charge_span": [0.0, 0.0], "step_comparison": [[{"steps": 24, "WF_eV": 4.812473346274324, "EF_eV": -2.5295065423236607, "residual": 6.349666137120402e-07}, {"steps": 50, "WF_eV": 4.812473322791233, "EF_eV": -2.5295065212938392, "residual": 4.798376973536023e-12}, {"steps": 100, "WF_eV": 4.812473322791261, "EF_eV": -2.5295065212938455, "residual": 3.3306690738754696e-16}], [{"steps": 24, "WF_eV": 5.239927381072723, "EF_eV": -5.26280871972249, "residual": 5.166664787185915e-05}, {"steps": 50, "WF_eV": 5.239927678254295, "EF_eV": -5.262809016904062, "residual": 2.651119515584277e-08}, {"steps": 100, "WF_eV": 5.239927678390209, "EF_eV": -5.2628090170399755, "residual": 1.2073675392798577e-14}]], "dEF_dQ_and_dWF_dQ_eV_per_e": [[-1063.6126127134446, 1048.0278742038695], [-1112.8568000814803, 1112.8568000814803]], "force_RMSE_by_atomic_number_eV_A": {"1": 0.12363432742938428, "8": 0.16218165826562125, "77": 0.21411726947025483}, "force_RMSE_eV_A": 0.15499114203994263, "charge_response_identifiability": "Single-charge data do not determine capacitance; slopes above are predictions, not validation.", "EF_vac_WF_RMSE": [0.11083971160149483, 0.18553491473253703, 0.2553006688240459], "EF_vac_WF_bias": [-0.038210431559256484, -0.0851251399523784, -0.046914708393121986], "EF_vac_covariance": -0.012487560958768915, "WF_relative_RMSE_eV": 0.25095306660488026, "WF_error_variance_from_EF_vac_covariance": 0.06297744163839353, "reference_WF_identity_max_error_eV": 4.440892098500626e-16, "Gaussian_lowpass_potential_error_power_fraction": 0.7006789256240675, "reference_conditioning": {"EF_given_DFT_field_eV_RMSE": 0.06768403136930712, "vacuum_given_DFT_EF_eV_RMSE": 0.2197264918688658, "charge_error_e_RMSE": 0.003043565202009438, "scope": "Oracle conditional errors, not deployment metrics; charge error measures the departure from the prescribed fixed-Q ensemble.", "dmu_dQ_eV_per_e_range": [-1312.2822688106835, -28.241553444819306]}}, "model_field_EF_readout_probe": {"selected_ridge": 10.0, "relative": true, "training_before": 0.0511233827678229, "training_after": 0.04996369264842863, "development_before": 0.10404520454090099, "development_after": 0.10217693842937413, "development_absolute_after": 0.10828783320832962, "selection": "training inner split only; diagnostic readout NOT installed"}, "epoch": 150, "WF_generalization": {"panel_relative_gap_eV": 0.1777249629903643, "validation_covariance_amplification_eV2": 0.02497512191753783, "bias_only_correction_is_insufficient": true}, "response_weight_norms": {"vector_out.weight": 18.850740474294025, "scalar_out.weight": 8.013061987965594, "state_scalar.weight": 6.919221748646085, "state_vector.weight": 4.366348997900927, "neighbor_scalar.weight": 5.44056188094819, "neighbor_vector.weight": 2.685079064336111, "common_level.weight": 0.5272698768424552}, "regularization": {"field_weight_decay": 0.01}, "objective_gradients": {"training_indices": [1038, 346], "atoms": 375, "terms": {"energy_per_atom": {"weighted_loss": 5.042798332472688, "gradient_norm": 1231.9346394500635}, "forces": {"weighted_loss": 4.095586051131282, "gradient_norm": 30.708622729235802}, "dipole": {"weighted_loss": 1.2129279216933898e-05, "gradient_norm": 0.04013712386599284}, "fourier_density": {"weighted_loss": 0.08971857415618685, "gradient_norm": 2.343595189124186}, "fourier_potential": {"weighted_loss": 1.6268652744778809, "gradient_norm": 46.018335359915966}, "vacuum_potential": {"weighted_loss": 0.0, "gradient_norm": 0.0, "relative": true, "observed_labels": 1, "pair_weight": 0.0}, "fermi_level": {"weighted_loss": 0.0, "gradient_norm": 0.0, "relative": true, "observed_labels": 1, "pair_weight": 0.0}, "density_observer_density": {"weighted_loss": 11.102465634853342, "gradient_norm": 75.16112253581541}}, "cosines": {"energy_per_atom / forces": -0.5074797808881684, "energy_per_atom / dipole": -0.0041057243776069785, "energy_per_atom / fourier_density": 0.0013219514091156238, "energy_per_atom / fourier_potential": -0.0006267662986507611, "energy_per_atom / vacuum_potential": null, "energy_per_atom / fermi_level": null, "energy_per_atom / density_observer_density": -0.010134970588485828, "forces / dipole": -0.1070178075648932, "forces / fourier_density": 0.07294424643322502, "forces / fourier_potential": 0.11178249783329025, "forces / vacuum_potential": null, "forces / fermi_level": null, "forces / density_observer_density": -0.012486005784833514, "dipole / fourier_density": -0.17032949317913662, "dipole / fourier_potential": -0.6908189491745815, "dipole / vacuum_potential": null, "dipole / fermi_level": null, "dipole / density_observer_density": 0.37620879137463065, "fourier_density / fourier_potential": -0.14694228515833777, "fourier_density / vacuum_potential": null, "fourier_density / fermi_level": null, "fourier_density / density_observer_density": 0.2164674573131827, "fourier_potential / vacuum_potential": null, "fourier_potential / fermi_level": null, "fourier_potential / density_observer_density": -0.5681330299995339, "vacuum_potential / fermi_level": null, "vacuum_potential / density_observer_density": null, "fermi_level / density_observer_density": null}, "scope": "Training pair for relative losses, otherwise one graph; before clipping, diagnostic only.", "parameter_state": "EMA"}, "scope": "Deterministic panels, not whole-dataset metrics. Validation is development data, never used for fitting or selecting the probe."}
2026-10-09 07:04:22.906 INFO: Training-only scalar reference calibration {'fermi_level': {'observed_training_graphs': 61, 'shift_eV': -0.00892594387660522, 'reference_eV': -0.020163399142580023, 'panel_RMSE_before_eV': 0.06924410676289931, 'panel_RMSE_after_eV': 0.06866639532772557}, 'vacuum_potential': {'observed_training_graphs': 61, 'shift_eV': 0.024660862655924688, 'reference_eV': 0.0017795240061580925, 'panel_RMSE_before_eV': 0.07203658465634871, 'panel_RMSE_after_eV': 0.06768390785125304}, 'seconds': 9.014221832010662}; constants saved with the model; relative errors and physical fixed-Q trajectory unchanged
2026-10-09 07:04:59.364 INFO: Full validation audit {"graphs": 350, "index_convention": "supplied loader order, zero based", "force_rmse_by_element_column_eV_A": {"0": 0.17515315651811536, "1": 0.19196641009836896, "2": 0.25362829531866254}, "force_target_rms_by_element_column_eV_A": {"0": 0.7583041629256339, "1": 0.8719660684898465, "2": 0.9586983364634067}, "force_rmse_over_target_rms_by_element_column": {"0": 0.2309800803972277, "1": 0.22015353238553717, "2": 0.26455485075136925}, "density_observers": {"density_RMSE_e_A3": 0.001334271489042071, "farfield_RMSE_e_A3": 0.00011961817571749156, "scope": "Different Gaussian resolutions of the same error; smaller farfield RMSE is not an accuracy gain."}, "stored_potential_gauge": {"deformation_mean_range_eV": [-1.923389086888605e-13, 1.7333365232548237e-13], "scope": "Stored k=0 is retained for audit; RMSE_ESP compares fields modulo a uniform offset. Scalar EF/vacuum errors use their stored label convention."}, "potential_error_power_fractions": {"normal_reciprocal_line": 0.8540649078736618, "Gaussian_lowpass": 0.738402923196459, "Gaussian_width_A": 1.5}, "observed_EF_vac_WF": 330, "EF_vac_WF_rmse_eV": [0.11824771153391168, 0.1788125051184744, 0.27541515382153486], "EF_vac_WF_relative_rmse_eV": [0.11807384830457293, 0.17783816155615925, 0.27514341697296507], "EF_vac_WF_bias_eV": [-0.006409963303786168, -0.018641359421185718, -0.012231396117399545], "EF_vac_covariance_eV2": -0.015068027272216546, "WF_absolute_error_quantiles_eV": {"median": 0.0844975947115496, "p90": 0.387185630263004, "p99": 1.1420420501550368, "max": 1.7630920181105}, "WF_identity_max_error_eV": 1.2212453270876722e-15, "absolute_relative_bias_identity_max_error_eV2": 2.7755575615628914e-17, "WF_variance_components_eV2": {"EF": 0.013941433653451294, "vacuum": 0.03162641170567461, "covariance_contribution": 0.03013605454443309}, "largest_relative_WF_errors": [{"index": 206, "atoms": 183, "composition": [63, 90, 30], "charge": 0.0, "weight": 1.0, "ef": 0.7322719832832424, "vac": -1.0308200348272574, "wf": -1.7630920181105, "force_rmse": 0.10555276451322328, "potential_error_power_eV2": 0.5985049605545648, "stored_deformation_potential_mean_eV": -1.79033983761625e-15, "gaussian_lowpass_error_power_eV2": 0.5550055476217391, "planar_error_power_eV2": 0.5948175619400643, "loader_frame_1based": 207, "EF_vac_WF_centered_errors_eV": [0.7386819465870286, -1.0121786754060718, -1.7508606219931004], "relative_WF_squared_error_fraction": 0.12270745754987515}, {"index": 304, "atoms": 180, "composition": [60, 90, 30], "charge": 0.0, "weight": 1.0, "ef": -0.42303015141331923, "vac": 0.9219334777878423, "wf": 1.3449636292011613, "force_rmse": 0.1432645536578947, "potential_error_power_eV2": 0.5025006848643535, "stored_deformation_potential_mean_eV": 3.4053226704110426e-14, "gaussian_lowpass_error_power_eV2": 0.45360341489024714, "planar_error_power_eV2": 0.4913454739057936, "loader_frame_1based": 305, "EF_vac_WF_centered_errors_eV": [-0.41662018810953305, 0.940574837209028, 1.357195025318561], "relative_WF_squared_error_fraction": 0.0737313737167454}, {"index": 240, "atoms": 183, "composition": [63, 90, 30], "charge": 0.0, "weight": 1.0, "ef": 0.37074025782680886, "vac": -0.8896585867980527, "wf": -1.260398844624861, "force_rmse": 0.12421812571374731, "potential_error_power_eV2": 0.23850527342758118, "stored_deformation_potential_mean_eV": -9.735419555064175e-14, "gaussian_lowpass_error_power_eV2": 0.21507759616795924, "planar_error_power_eV2": 0.23264445532681569, "loader_frame_1based": 241, "EF_vac_WF_centered_errors_eV": [0.37715022113059504, -0.8710172273768669, -1.2481674485074614], "relative_WF_squared_error_fraction": 0.06236106332051589}, {"index": 298, "atoms": 185, "composition": [64, 91, 30], "charge": 0.0, "weight": 1.0, "ef": -0.5298049700071663, "vac": 0.6164141963486021, "wf": 1.1462191663557677, "force_rmse": 0.143438496197775, "potential_error_power_eV2": 0.34136180882310724, "stored_deformation_potential_mean_eV": -7.094704027482397e-14, "gaussian_lowpass_error_power_eV2": 0.31921728413474476, "planar_error_power_eV2": 0.33661352936231764, "loader_frame_1based": 299, "EF_vac_WF_centered_errors_eV": [-0.5233950067033801, 0.6350555557697878, 1.1584505624731674], "relative_WF_squared_error_fraction": 0.05371836883484742}, {"index": 147, "atoms": 186, "composition": [66, 90, 30], "charge": 0.0, "weight": 1.0, "ef": -0.430049763107974, "vac": 0.7017655542797576, "wf": 1.1318153173877312, "force_rmse": 0.17683677739397452, "potential_error_power_eV2": 0.19516670361250715, "stored_deformation_potential_mean_eV": 5.296572984662304e-14, "gaussian_lowpass_error_power_eV2": 0.1798961317041027, "planar_error_power_eV2": 0.19201467819703918, "loader_frame_1based": 148, "EF_vac_WF_centered_errors_eV": [-0.4236397998041878, 0.7204069137009433, 1.1440467135051309], "relative_WF_squared_error_fraction": 0.05239083532861733}, {"index": 158, "atoms": 211, "composition": [23, 128, 60], "charge": 0.0, "weight": 1.0, "ef": 0.282634513241546, "vac": -0.6808175670855467, "wf": -0.9634520803270927, "force_rmse": 0.14767248572949815, "potential_error_power_eV2": 0.1944637621569228, "stored_deformation_potential_mean_eV": 2.985852803069969e-15, "gaussian_lowpass_error_power_eV2": 0.1735302634255639, "planar_error_power_eV2": 0.18696609425904043, "loader_frame_1based": 159, "EF_vac_WF_centered_errors_eV": [0.28904447654533216, -0.662176207664361, -0.9512206842096932], "relative_WF_squared_error_fraction": 0.03621849317562599}, {"index": 166, "atoms": 182, "composition": [62, 90, 30], "charge": 0.0, "weight": 1.0, "ef": 0.4343852993487658, "vac": -0.5278586190780707, "wf": -0.9622439184268359, "force_rmse": 0.13302791184101145, "potential_error_power_eV2": 0.23498854383703166, "stored_deformation_potential_mean_eV": -1.390867140180316e-14, "gaussian_lowpass_error_power_eV2": 0.20001319651011465, "planar_error_power_eV2": 0.22368060784157123, "loader_frame_1based": 167, "EF_vac_WF_centered_errors_eV": [0.440795262652552, -0.509217259656885, -0.9500125223094363], "relative_WF_squared_error_fraction": 0.036126548129660194}, {"index": 211, "atoms": 181, "composition": [61, 90, 30], "charge": 0.0, "weight": 1.0, "ef": 0.40067528940308084, "vac": -0.5580132010372969, "wf": -0.9586884904403781, "force_rmse": 0.10111416157709661, "potential_error_power_eV2": 0.18715853154734402, "stored_deformation_potential_mean_eV": -3.581790839801117e-14, "gaussian_lowpass_error_power_eV2": 0.16857093670057804, "planar_error_power_eV2": 0.18038188284674872, "loader_frame_1based": 212, "EF_vac_WF_centered_errors_eV": [0.407085252706867, -0.5393718416161112, -0.9464570943229785], "relative_WF_squared_error_fraction": 0.035856646452562674}], "WF_centered_squared_error_share_largest_10_structures": 0.5183142672111837, "WF_centered_squared_error_share_largest_10_percent": 0.7938330859494428, "independent_single_anchor_EF_vac_WF_RMSE_eV": [0.16698163763391052, 0.251501139980218, 0.38911155188084284], "relative_error_scope": "One whole-split offset for RMSE_rel; no fitted offset is applied to predictions. Single-anchor expectation assumes independent configurations.", "WF_squared_error_share_largest_10_percent": 0.7965628159506284, "largest_WF_errors": [{"index": 206, "atoms": 183, "composition": [63, 90, 30], "charge": 0.0, "weight": 1.0, "ef": 0.7322719832832424, "vac": -1.0308200348272574, "wf": -1.7630920181105, "force_rmse": 0.10555276451322328, "potential_error_power_eV2": 0.5985049605545648, "stored_deformation_potential_mean_eV": -1.79033983761625e-15, "gaussian_lowpass_error_power_eV2": 0.5550055476217391, "planar_error_power_eV2": 0.5948175619400643}, {"index": 304, "atoms": 180, "composition": [60, 90, 30], "charge": 0.0, "weight": 1.0, "ef": -0.42303015141331923, "vac": 0.9219334777878423, "wf": 1.3449636292011613, "force_rmse": 0.1432645536578947, "potential_error_power_eV2": 0.5025006848643535, "stored_deformation_potential_mean_eV": 3.4053226704110426e-14, "gaussian_lowpass_error_power_eV2": 0.45360341489024714, "planar_error_power_eV2": 0.4913454739057936}, {"index": 240, "atoms": 183, "composition": [63, 90, 30], "charge": 0.0, "weight": 1.0, "ef": 0.37074025782680886, "vac": -0.8896585867980527, "wf": -1.260398844624861, "force_rmse": 0.12421812571374731, "potential_error_power_eV2": 0.23850527342758118, "stored_deformation_potential_mean_eV": -9.735419555064175e-14, "gaussian_lowpass_error_power_eV2": 0.21507759616795924, "planar_error_power_eV2": 0.23264445532681569}, {"index": 298, "atoms": 185, "composition": [64, 91, 30], "charge": 0.0, "weight": 1.0, "ef": -0.5298049700071663, "vac": 0.6164141963486021, "wf": 1.1462191663557677, "force_rmse": 0.143438496197775, "potential_error_power_eV2": 0.34136180882310724, "stored_deformation_potential_mean_eV": -7.094704027482397e-14, "gaussian_lowpass_error_power_eV2": 0.31921728413474476, "planar_error_power_eV2": 0.33661352936231764}, {"index": 147, "atoms": 186, "composition": [66, 90, 30], "charge": 0.0, "weight": 1.0, "ef": -0.430049763107974, "vac": 0.7017655542797576, "wf": 1.1318153173877312, "force_rmse": 0.17683677739397452, "potential_error_power_eV2": 0.19516670361250715, "stored_deformation_potential_mean_eV": 5.296572984662304e-14, "gaussian_lowpass_error_power_eV2": 0.1798961317041027, "planar_error_power_eV2": 0.19201467819703918}, {"index": 158, "atoms": 211, "composition": [23, 128, 60], "charge": 0.0, "weight": 1.0, "ef": 0.282634513241546, "vac": -0.6808175670855467, "wf": -0.9634520803270927, "force_rmse": 0.14767248572949815, "potential_error_power_eV2": 0.1944637621569228, "stored_deformation_potential_mean_eV": 2.985852803069969e-15, "gaussian_lowpass_error_power_eV2": 0.1735302634255639, "planar_error_power_eV2": 0.18696609425904043}, {"index": 166, "atoms": 182, "composition": [62, 90, 30], "charge": 0.0, "weight": 1.0, "ef": 0.4343852993487658, "vac": -0.5278586190780707, "wf": -0.9622439184268359, "force_rmse": 0.13302791184101145, "potential_error_power_eV2": 0.23498854383703166, "stored_deformation_potential_mean_eV": -1.390867140180316e-14, "gaussian_lowpass_error_power_eV2": 0.20001319651011465, "planar_error_power_eV2": 0.22368060784157123}, {"index": 211, "atoms": 181, "composition": [61, 90, 30], "charge": 0.0, "weight": 1.0, "ef": 0.40067528940308084, "vac": -0.5580132010372969, "wf": -0.9586884904403781, "force_rmse": 0.10111416157709661, "potential_error_power_eV2": 0.18715853154734402, "stored_deformation_potential_mean_eV": -3.581790839801117e-14, "gaussian_lowpass_error_power_eV2": 0.16857093670057804, "planar_error_power_eV2": 0.18038188284674872}], "composition_cohorts": [{"element_counts": "(60, 90, 30)", "graphs": 1, "wf_rmse_eV": 1.3449636292011613}, {"element_counts": "(23, 128, 60)", "graphs": 1, "wf_rmse_eV": 0.9634520803270927}, {"element_counts": "(63, 90, 30)", "graphs": 7, "wf_rmse_eV": 0.8436815723070937}, {"element_counts": "(62, 90, 30)", "graphs": 3, "wf_rmse_eV": 0.6789057756165587}, {"element_counts": "(14, 43, 18)", "graphs": 1, "wf_rmse_eV": 0.6641518915449263}, {"element_counts": "(64, 91, 30)", "graphs": 5, "wf_rmse_eV": 0.5855552276536301}, {"element_counts": "(0, 120, 60)", "graphs": 2, "wf_rmse_eV": 0.5427877681001998}, {"element_counts": "(66, 90, 30)", "graphs": 10, "wf_rmse_eV": 0.5417983293663986}, {"element_counts": "(19, 57, 24)", "graphs": 1, "wf_rmse_eV": 0.5166650836741926}, {"element_counts": "(65, 90, 30)", "graphs": 10, "wf_rmse_eV": 0.4960318661528016}, {"element_counts": "(61, 90, 30)", "graphs": 10, "wf_rmse_eV": 0.4901627608833954}, {"element_counts": "(31, 135, 60)", "graphs": 1, "wf_rmse_eV": 0.48245282609115403}], "scope": "Full supplied split; diagnostic only, no reference-dependent correction or exclusion is applied. Large error alone does not establish bad reference data.", "atomic_numbers": [1, 8, 77]}
2026-10-09 07:04:59.367 INFO: Epoch 155: loss=50.8845, RMSE_E_per_atom=485.6785 meV, RMSE_F=197.0146 meV/A, RMSE_dip_per_atom=0.8147 meA, RMSE_rho=0.1196 me/A^3, RMSE_EF(abs/rel)=118.2477/118.0738 meV, RMSE_ESP=177.0193 mV, RMSE_ESPvac(abs/rel)=178.8125/177.8382 mV, RMSE_WF(abs/rel)=275.4152/275.1434 meV
2026-10-09 07:04:59.367 INFO: 50-step electronic residual maximum: 0.0023176
2026-10-09 07:04:59.380 INFO: Optimizer epoch 155: lr=[0.001, 0.001, 0.001, 0.001, 0.001, 0.001, 0.001, 0.001], mean gradient norm=2108.2, clipped=346/346
2026-10-09 07:04:59.380 INFO: Epoch timing: train=204.655s, validation=45.489s, updates=346, train/update=0.59149s, peak allocated=15275.6 MiB, backbone=CuEq
2026-10-09 07:04:59.380 INFO: Optimization budget: graphs=1384/1384, updates=346, mean retained gradient=0.014147, min retained gradient=0.00010403
2026-10-09 07:04:59.381 INFO: Optimizer time scales {"updates_per_epoch": 346, "groups": [{"name": "embedding", "lr": 0.001, "parameter_update_range": [53976.0, 53976.0], "moment_memory_epochs": [0.02890173410404625, 2.8901734104046217], "AdamW_decay_only_retention_per_epoch": 1.0}, {"name": "interactions_no_decay", "lr": 0.001, "parameter_update_range": [53976.0, 53976.0], "moment_memory_epochs": [0.02890173410404625, 2.8901734104046217], "AdamW_decay_only_retention_per_epoch": 1.0}, {"name": "products", "lr": 0.001, "parameter_update_range": [53976.0, 53976.0], "moment_memory_epochs": [0.02890173410404625, 2.8901734104046217], "AdamW_decay_only_retention_per_epoch": 0.9996540596781468}, {"name": "readouts", "lr": 0.001, "parameter_update_range": [53976.0, 53976.0], "moment_memory_epochs": [0.02890173410404625, 2.8901734104046217], "AdamW_decay_only_retention_per_epoch": 1.0}, {"name": "lr_source_maps", "lr": 0.001, "parameter_update_range": [53976.0, 53976.0], "moment_memory_epochs": [0.02890173410404625, 2.8901734104046217], "AdamW_decay_only_retention_per_epoch": 1.0}, {"name": "field_dependent_charges_map", "lr": 0.001, "parameter_update_range": [53976.0, 53976.0], "moment_memory_epochs": [0.02890173410404625, 2.8901734104046217], "AdamW_decay_only_retention_per_epoch": 0.9965459616620003}, {"name": "electronic_references", "lr": 0.001, "parameter_update_range": [53976.0, 53976.0], "moment_memory_epochs": [0.02890173410404625, 2.8901734104046217], "AdamW_decay_only_retention_per_epoch": 1.0}, {"name": "layer_feature_mixer", "lr": 0.001, "parameter_update_range": [53976.0, 53976.0], "moment_memory_epochs": [0.02890173410404625, 2.8901734104046217], "AdamW_decay_only_retention_per_epoch": 0.9996540596781468}], "EMA_asymptotic_memory_epochs": 0.2890173410404622}
2026-10-09 07:04:59.381 INFO: Batching: optimizer graphs=4, device graphs<=4; one clipping/Adam/EMA update per optimizer batch
2026-10-09 07:04:59.381 INFO: 50-step finite-budget validation residual 0.0023176 exceeds equilibrium tolerance 1e-06; metrics describe the exported finite trajectory, not a converged root
2026-10-09 07:22:07.602 INFO: Training-only scalar reference calibration {'fermi_level': {'observed_training_graphs': 61, 'shift_eV': -0.0026437122703079, 'reference_eV': -0.022807111412887923, 'panel_RMSE_before_eV': 0.06378758752157007, 'panel_RMSE_after_eV': 0.06373277890735493}, 'vacuum_potential': {'observed_training_graphs': 61, 'shift_eV': 0.0005920932621660014, 'reference_eV': 0.0023716172683240938, 'panel_RMSE_before_eV': 0.06174631441376471, 'panel_RMSE_after_eV': 0.06174347551970479}, 'seconds': 9.01843586799805}; constants saved with the model; relative errors and physical fixed-Q trajectory unchanged
2026-10-09 07:22:43.809 INFO: Full validation audit {"graphs": 350, "index_convention": "supplied loader order, zero based", "force_rmse_by_element_column_eV_A": {"0": 0.1698287569843304, "1": 0.19339004945474556, "2": 0.24814775072426531}, "force_target_rms_by_element_column_eV_A": {"0": 0.7583041629256339, "1": 0.8719660684898465, "2": 0.9586983364634067}, "force_rmse_over_target_rms_by_element_column": {"0": 0.22395862410818038, "1": 0.2217862098575427, "2": 0.25883819892675597}, "density_observers": {"density_RMSE_e_A3": 0.0014160874663357848, "farfield_RMSE_e_A3": 0.00012515293662926222, "scope": "Different Gaussian resolutions of the same error; smaller farfield RMSE is not an accuracy gain."}, "stored_potential_gauge": {"deformation_mean_range_eV": [-1.923389086888605e-13, 1.7333365232548237e-13], "scope": "Stored k=0 is retained for audit; RMSE_ESP compares fields modulo a uniform offset. Scalar EF/vacuum errors use their stored label convention."}, "potential_error_power_fractions": {"normal_reciprocal_line": 0.8544916130536853, "Gaussian_lowpass": 0.738248285907061, "Gaussian_width_A": 1.5}, "observed_EF_vac_WF": 330, "EF_vac_WF_rmse_eV": [0.11263446205075159, 0.172676390454823, 0.26504220587058025], "EF_vac_WF_relative_rmse_eV": [0.11241503444476798, 0.17235979022046924, 0.26502008185647064], "EF_vac_WF_bias_eV": [-0.007027237881545053, -0.01045172405215156, -0.00342448617060643], "EF_vac_covariance_eV2": -0.013945303266573917, "WF_absolute_error_quantiles_eV": {"median": 0.08698502543025022, "p90": 0.38990623049614326, "p99": 1.1005038783814856, "max": 1.7019362369904263}, "WF_identity_max_error_eV": 1.5543122344752192e-15, "absolute_relative_bias_identity_max_error_eV2": 1.3877787807814457e-17, "WF_variance_components_eV2": {"EF": 0.012637139969218373, "vacuum": 0.029707897284844173, "covariance_contribution": 0.027890606533147833}, "largest_relative_WF_errors": [{"index": 206, "atoms": 183, "composition": [63, 90, 30], "charge": 0.0, "weight": 1.0, "ef": 0.6821436427462657, "vac": -1.01979259424416, "wf": -1.7019362369904263, "force_rmse": 0.09491489888047064, "potential_error_power_eV2": 0.5252284109269962, "stored_deformation_potential_mean_eV": -1.79033983761625e-15, "gaussian_lowpass_error_power_eV2": 0.4872212486079644, "planar_error_power_eV2": 0.5213686100017041, "loader_frame_1based": 207, "EF_vac_WF_centered_errors_eV": [0.6891708806278107, -1.0093408701920084, -1.6985117508198198], "relative_WF_squared_error_fraction": 0.12447026212836454}, {"index": 304, "atoms": 180, "composition": [60, 90, 30], "charge": 0.0, "weight": 1.0, "ef": -0.47319088783640906, "vac": 0.9909804510832547, "wf": 1.4641713389196642, "force_rmse": 0.13316582277082342, "potential_error_power_eV2": 0.5611519038466807, "stored_deformation_potential_mean_eV": 3.4053226704110426e-14, "gaussian_lowpass_error_power_eV2": 0.5061533555815815, "planar_error_power_eV2": 0.5500560174453945, "loader_frame_1based": 305, "EF_vac_WF_centered_errors_eV": [-0.466163649954864, 1.0014321751354063, 1.4675958250902708], "relative_WF_squared_error_fraction": 0.0929268953588266}, {"index": 298, "atoms": 185, "composition": [64, 91, 30], "charge": 0.0, "weight": 1.0, "ef": -0.5071842635959012, "vac": 0.6146793291465755, "wf": 1.1218635927424758, "force_rmse": 0.13923183711386627, "potential_error_power_eV2": 0.31744402570960945, "stored_deformation_potential_mean_eV": -7.094704027482397e-14, "gaussian_lowpass_error_power_eV2": 0.2960471681942199, "planar_error_power_eV2": 0.31180312237249, "loader_frame_1based": 299, "EF_vac_WF_centered_errors_eV": [-0.5001570257143562, 0.6251310531987271, 1.1252880789130824], "relative_WF_squared_error_fraction": 0.05463311065024512}, {"index": 240, "atoms": 183, "composition": [63, 90, 30], "charge": 0.0, "weight": 1.0, "ef": 0.31126649794928263, "vac": -0.8122125459842131, "wf": -1.1234790439334956, "force_rmse": 0.11531200726671378, "potential_error_power_eV2": 0.19004349884651528, "stored_deformation_potential_mean_eV": -9.735419555064175e-14, "gaussian_lowpass_error_power_eV2": 0.17010582498777138, "planar_error_power_eV2": 0.1845155251999918, "loader_frame_1based": 241, "EF_vac_WF_centered_errors_eV": [0.3182937358308277, -0.8017608219320616, -1.120054557762889], "relative_WF_squared_error_fraction": 0.05412611398894376}, {"index": 147, "atoms": 186, "composition": [66, 90, 30], "charge": 0.0, "weight": 1.0, "ef": -0.4138062990185734, "vac": 0.6344031062722171, "wf": 1.0482094052907907, "force_rmse": 0.17561882324698264, "potential_error_power_eV2": 0.16924341242940613, "stored_deformation_potential_mean_eV": 5.296572984662304e-14, "gaussian_lowpass_error_power_eV2": 0.155430634140508, "planar_error_power_eV2": 0.1656414934333927, "loader_frame_1based": 148, "EF_vac_WF_centered_errors_eV": [-0.40677906113702833, 0.6448548303243686, 1.0516338914613972], "relative_WF_squared_error_fraction": 0.04771529797436365}, {"index": 211, "atoms": 181, "composition": [61, 90, 30], "charge": 0.0, "weight": 1.0, "ef": 0.4211648241980537, "vac": -0.56425878522374, "wf": -0.9854236094217939, "force_rmse": 0.12344361006455638, "potential_error_power_eV2": 0.1988537178291613, "stored_deformation_potential_mean_eV": -3.581790839801117e-14, "gaussian_lowpass_error_power_eV2": 0.18083971314495922, "planar_error_power_eV2": 0.1931351413084647, "loader_frame_1based": 212, "EF_vac_WF_centered_errors_eV": [0.42819206207959876, -0.5538070611715884, -0.9819991232511874], "relative_WF_squared_error_fraction": 0.041605494928837625}, {"index": 166, "atoms": 182, "composition": [62, 90, 30], "charge": 0.0, "weight": 1.0, "ef": 0.4002507339817546, "vac": -0.48975449164613316, "wf": -0.8900052256278874, "force_rmse": 0.13203839752226937, "potential_error_power_eV2": 0.21327864002114025, "stored_deformation_potential_mean_eV": -1.390867140180316e-14, "gaussian_lowpass_error_power_eV2": 0.1796439947835877, "planar_error_power_eV2": 0.2025589514657512, "loader_frame_1based": 167, "EF_vac_WF_centered_errors_eV": [0.40727797186329967, -0.4793027675939816, -0.886580739457281], "relative_WF_squared_error_fraction": 0.033912911536639716}, {"index": 158, "atoms": 211, "composition": [23, 128, 60], "charge": 0.0, "weight": 1.0, "ef": 0.2222717031461412, "vac": -0.5793695703407957, "wf": -0.8016412734869363, "force_rmse": 0.14876291208921763, "potential_error_power_eV2": 0.1605838777282339, "stored_deformation_potential_mean_eV": 2.985852803069969e-15, "gaussian_lowpass_error_power_eV2": 0.1403478711965566, "planar_error_power_eV2": 0.14910232233996104, "loader_frame_1based": 159, "EF_vac_WF_centered_errors_eV": [0.22929894102768625, -0.5689178462886442, -0.7982167873163298], "relative_WF_squared_error_fraction": 0.027489713078825116}], "WF_centered_squared_error_share_largest_10_structures": 0.5207410270870632, "WF_centered_squared_error_share_largest_10_percent": 0.7931928102026566, "independent_single_anchor_EF_vac_WF_RMSE_eV": [0.15897886632642952, 0.24375355293756915, 0.3747949940626486], "relative_error_scope": "One whole-split offset for RMSE_rel; no fitted offset is applied to predictions. Single-anchor expectation assumes independent configurations.", "WF_squared_error_share_largest_10_percent": 0.7937821082021412, "largest_WF_errors": [{"index": 206, "atoms": 183, "composition": [63, 90, 30], "charge": 0.0, "weight": 1.0, "ef": 0.6821436427462657, "vac": -1.01979259424416, "wf": -1.7019362369904263, "force_rmse": 0.09491489888047064, "potential_error_power_eV2": 0.5252284109269962, "stored_deformation_potential_mean_eV": -1.79033983761625e-15, "gaussian_lowpass_error_power_eV2": 0.4872212486079644, "planar_error_power_eV2": 0.5213686100017041}, {"index": 304, "atoms": 180, "composition": [60, 90, 30], "charge": 0.0, "weight": 1.0, "ef": -0.47319088783640906, "vac": 0.9909804510832547, "wf": 1.4641713389196642, "force_rmse": 0.13316582277082342, "potential_error_power_eV2": 0.5611519038466807, "stored_deformation_potential_mean_eV": 3.4053226704110426e-14, "gaussian_lowpass_error_power_eV2": 0.5061533555815815, "planar_error_power_eV2": 0.5500560174453945}, {"index": 240, "atoms": 183, "composition": [63, 90, 30], "charge": 0.0, "weight": 1.0, "ef": 0.31126649794928263, "vac": -0.8122125459842131, "wf": -1.1234790439334956, "force_rmse": 0.11531200726671378, "potential_error_power_eV2": 0.19004349884651528, "stored_deformation_potential_mean_eV": -9.735419555064175e-14, "gaussian_lowpass_error_power_eV2": 0.17010582498777138, "planar_error_power_eV2": 0.1845155251999918}, {"index": 298, "atoms": 185, "composition": [64, 91, 30], "charge": 0.0, "weight": 1.0, "ef": -0.5071842635959012, "vac": 0.6146793291465755, "wf": 1.1218635927424758, "force_rmse": 0.13923183711386627, "potential_error_power_eV2": 0.31744402570960945, "stored_deformation_potential_mean_eV": -7.094704027482397e-14, "gaussian_lowpass_error_power_eV2": 0.2960471681942199, "planar_error_power_eV2": 0.31180312237249}, {"index": 147, "atoms": 186, "composition": [66, 90, 30], "charge": 0.0, "weight": 1.0, "ef": -0.4138062990185734, "vac": 0.6344031062722171, "wf": 1.0482094052907907, "force_rmse": 0.17561882324698264, "potential_error_power_eV2": 0.16924341242940613, "stored_deformation_potential_mean_eV": 5.296572984662304e-14, "gaussian_lowpass_error_power_eV2": 0.155430634140508, "planar_error_power_eV2": 0.1656414934333927}, {"index": 211, "atoms": 181, "composition": [61, 90, 30], "charge": 0.0, "weight": 1.0, "ef": 0.4211648241980537, "vac": -0.56425878522374, "wf": -0.9854236094217939, "force_rmse": 0.12344361006455638, "potential_error_power_eV2": 0.1988537178291613, "stored_deformation_potential_mean_eV": -3.581790839801117e-14, "gaussian_lowpass_error_power_eV2": 0.18083971314495922, "planar_error_power_eV2": 0.1931351413084647}, {"index": 166, "atoms": 182, "composition": [62, 90, 30], "charge": 0.0, "weight": 1.0, "ef": 0.4002507339817546, "vac": -0.48975449164613316, "wf": -0.8900052256278874, "force_rmse": 0.13203839752226937, "potential_error_power_eV2": 0.21327864002114025, "stored_deformation_potential_mean_eV": -1.390867140180316e-14, "gaussian_lowpass_error_power_eV2": 0.1796439947835877, "planar_error_power_eV2": 0.2025589514657512}, {"index": 158, "atoms": 211, "composition": [23, 128, 60], "charge": 0.0, "weight": 1.0, "ef": 0.2222717031461412, "vac": -0.5793695703407957, "wf": -0.8016412734869363, "force_rmse": 0.14876291208921763, "potential_error_power_eV2": 0.1605838777282339, "stored_deformation_potential_mean_eV": 2.985852803069969e-15, "gaussian_lowpass_error_power_eV2": 0.1403478711965566, "planar_error_power_eV2": 0.14910232233996104}], "composition_cohorts": [{"element_counts": "(60, 90, 30)", "graphs": 1, "wf_rmse_eV": 1.4641713389196642}, {"element_counts": "(23, 128, 60)", "graphs": 1, "wf_rmse_eV": 0.8016412734869363}, {"element_counts": "(63, 90, 30)", "graphs": 7, "wf_rmse_eV": 0.7966549674545886}, {"element_counts": "(14, 43, 18)", "graphs": 1, "wf_rmse_eV": 0.6264329733118323}, {"element_counts": "(64, 91, 30)", "graphs": 5, "wf_rmse_eV": 0.5746267648907568}, {"element_counts": "(62, 90, 30)", "graphs": 3, "wf_rmse_eV": 0.5719060658057838}, {"element_counts": "(40, 88, 36)", "graphs": 1, "wf_rmse_eV": 0.5512631560073524}, {"element_counts": "(61, 90, 30)", "graphs": 10, "wf_rmse_eV": 0.5213660766745903}, {"element_counts": "(19, 57, 24)", "graphs": 1, "wf_rmse_eV": 0.4942351946858565}, {"element_counts": "(20, 45, 18)", "graphs": 2, "wf_rmse_eV": 0.47625424097361546}, {"element_counts": "(66, 90, 30)", "graphs": 10, "wf_rmse_eV": 0.45827158613637425}, {"element_counts": "(0, 36, 18)", "graphs": 1, "wf_rmse_eV": 0.4502606846401198}], "scope": "Full supplied split; diagnostic only, no reference-dependent correction or exclusion is applied. Large error alone does not establish bad reference data.", "atomic_numbers": [1, 8, 77]}
2026-10-09 07:22:43.811 INFO: Epoch 160: loss=50.2027, RMSE_E_per_atom=487.0866 meV, RMSE_F=194.8975 meV/A, RMSE_dip_per_atom=0.8015 meA, RMSE_rho=0.1252 me/A^3, RMSE_EF(abs/rel)=112.6345/112.4150 meV, RMSE_ESP=174.4561 mV, RMSE_ESPvac(abs/rel)=172.6764/172.3598 mV, RMSE_WF(abs/rel)=265.0422/265.0201 meV
2026-10-09 07:22:43.812 INFO: 50-step electronic residual maximum: 0.036162
2026-10-09 07:22:43.820 INFO: Optimizer epoch 160: lr=[0.001, 0.001, 0.001, 0.001, 0.001, 0.001, 0.001, 0.001], mean gradient norm=1862.7, clipped=346/346
2026-10-09 07:22:43.820 INFO: Epoch timing: train=204.532s, validation=45.237s, updates=346, train/update=0.59113s, peak allocated=14783.0 MiB, backbone=CuEq
2026-10-09 07:22:43.820 INFO: Optimization budget: graphs=1384/1384, updates=346, mean retained gradient=0.013859, min retained gradient=0.00047219
2026-10-09 07:22:43.820 INFO: Optimizer time scales {"updates_per_epoch": 346, "groups": [{"name": "embedding", "lr": 0.001, "parameter_update_range": [55706.0, 55706.0], "moment_memory_epochs": [0.02890173410404625, 2.8901734104046217], "AdamW_decay_only_retention_per_epoch": 1.0}, {"name": "interactions_no_decay", "lr": 0.001, "parameter_update_range": [55706.0, 55706.0], "moment_memory_epochs": [0.02890173410404625, 2.8901734104046217], "AdamW_decay_only_retention_per_epoch": 1.0}, {"name": "products", "lr": 0.001, "parameter_update_range": [55706.0, 55706.0], "moment_memory_epochs": [0.02890173410404625, 2.8901734104046217], "AdamW_decay_only_retention_per_epoch": 0.9996540596781468}, {"name": "readouts", "lr": 0.001, "parameter_update_range": [55706.0, 55706.0], "moment_memory_epochs": [0.02890173410404625, 2.8901734104046217], "AdamW_decay_only_retention_per_epoch": 1.0}, {"name": "lr_source_maps", "lr": 0.001, "parameter_update_range": [55706.0, 55706.0], "moment_memory_epochs": [0.02890173410404625, 2.8901734104046217], "AdamW_decay_only_retention_per_epoch": 1.0}, {"name": "field_dependent_charges_map", "lr": 0.001, "parameter_update_range": [55706.0, 55706.0], "moment_memory_epochs": [0.02890173410404625, 2.8901734104046217], "AdamW_decay_only_retention_per_epoch": 0.9965459616620003}, {"name": "electronic_references", "lr": 0.001, "parameter_update_range": [55706.0, 55706.0], "moment_memory_epochs": [0.02890173410404625, 2.8901734104046217], "AdamW_decay_only_retention_per_epoch": 1.0}, {"name": "layer_feature_mixer", "lr": 0.001, "parameter_update_range": [55706.0, 55706.0], "moment_memory_epochs": [0.02890173410404625, 2.8901734104046217], "AdamW_decay_only_retention_per_epoch": 0.9996540596781468}], "EMA_asymptotic_memory_epochs": 0.2890173410404622}
2026-10-09 07:22:43.820 INFO: Batching: optimizer graphs=4, device graphs<=4; one clipping/Adam/EMA update per optimizer batch
2026-10-09 07:22:43.820 INFO: 50-step finite-budget validation residual 0.036162 exceeds equilibrium tolerance 1e-06; metrics describe the exported finite trajectory, not a converged root
