2026-10-07 22:35:21.533 INFO: MACE version: 0.3.16
2026-10-07 22:35:21.797 INFO: CUDA version: 12.8, CUDA device: 0
2026-10-07 22:35:21.798 INFO: Configuration: Namespace(config='config.yaml', name='fit_0', seed=7777, work_dir='.', log_dir='./logs', model_dir='.', checkpoints_dir='checkpoints_RhMnCOH_scratch_v371', results_dir='./results', downloads_dir='./downloads', device='cuda', default_dtype='float64', distributed=False, launcher='slurm', log_level='INFO', plot=True, plot_frequency=0, plot_interaction_e=False, r_max=6.0, radial_type='bessel', num_radial_basis=8, num_cutoff_basis=5, pair_repulsion=False, distance_transform='None', apply_cutoff=True, use_last_readout_only=False, use_embedding_readout=False, interaction='RealAgnosticResidualInteractionBlock', interaction_first='RealAgnosticResidualInteractionBlock', max_ell=3, correlation=3, use_reduced_cg=False, use_so3=False, use_agnostic_product=False, num_interactions=2, MLP_irreps='64x0e', radial_MLP='[64, 64, 64]', hidden_irreps='64x0e + 64x1o', edge_irreps=None, use_edge_irreps_first=False, num_channels=None, max_L=None, gate='silu', num_recursion_steps=1, field_si=False, add_local_electron_energy=False, fixedpoint_update_config=None, scaling='rms_forces_scaling', avg_num_neighbors=1, compute_avg_num_neighbors=True, compute_stress=False, compute_forces=True, train_file='/fs/cephfs/data/qm_inorganics/shuang/electrocatalysis/RhMnCOH/ml_training/data/RhMnCOH_train.xyz', valid_file='/fs/cephfs/data/qm_inorganics/shuang/electrocatalysis/RhMnCOH/ml_training/data/RhMnCOH_valid.xyz', valid_fraction=0.1, test_file=None, test_dir=None, multi_processed_test=False, num_workers=0, pin_memory=True, atomic_numbers=None, mean=None, std=None, statistics_file=None, les_arguments=None, E0s='{1:-1.12217525, 6:-2.37145689, 25:-11.61962124, 8:-3.21812464, 45:-18.69127246}', pseudolabel_replay=False, pseudolabel_replay_compute_stress=False, foundation_filter_elements=True, multiheads_finetuning=True, foundation_head=None, weight_pt_head=1.0, real_pt_data_ratio_threshold=0.1, num_samples_pt=10000, force_mh_ft_lr=False, subselect_pt='random', filter_type_pt='none', allow_random_padding_pt=True, pt_train_file=None, pt_valid_file=None, foundation_model_elements=False, keep_isolated_atoms=False, lora=False, lora_rank=4, lora_alpha=1.0, energy_key=None, forces_key=None, virials_key=None, stress_key=None, dipole_key=None, polarizability_key=None, head_key=None, charges_key=None, elec_temp_key=None, total_spin_key=None, total_charge_key=None, embedding_specs=None, skip_evaluate_heads='pt_head', forces_weight=100.0, swa_forces_weight=100.0, energy_weight=1.0, swa_energy_weight=1000.0, virials_weight=1.0, swa_virials_weight=10.0, stress_weight=1.0, swa_stress_weight=10.0, dipole_weight=1.0, swa_dipole_weight=1.0, swa_polarizability_weight=1.0, polarizability_weight=1.0, config_type_weights={'Default': 1.0}, huber_delta=0.01, beta=0.9, beta1_schedulefree=0.9, beta2_schedulefree=0.98, batch_size=8, valid_batch_size=4, lr=0.003, swa_lr=0.001, weight_decay=0.001, lr_params_factors='{"embedding_lr_factor": 1.0, "interactions_lr_factor": 1.0, "products_lr_factor": 1.0, "readouts_lr_factor": 1.0}', freeze=None, scheduler='none', lr_factor=0.8, scheduler_patience=50, lr_scheduler_gamma=0.9993, swa=False, start_swa=None, lbfgs=False, ema=True, ema_decay=0.99, max_num_epochs=500, patience=1000, foundation_model=None, foundation_model_kwargs='{}', foundation_model_readout=True, eval_interval=5, keep_checkpoints=False, save_all_checkpoints=False, save_cpu=True, clip_grad=10.0, dry_run=False, enable_cueq=True, only_cueq=False, enable_oeq=False, wandb=False, wandb_dir=None, wandb_project='', wandb_entity='', wandb_name='', wandb_log_hypers=['num_channels', 'max_L', 'correlation', 'lr', 'swa_lr', 'weight_decay', 'batch_size', 'max_num_epochs', 'start_swa', 'energy_weight', 'forces_weight'], amsgrad=False, atomic_multipoles_key=None, electrostatic_potentials_key=None, external_field_key=None, fermi_level_key=None, include_local_electron_energy=False, atomic_multipoles_max_l=1, atomic_multipoles_smearing_width=1.5, kspace_cutoff_factor=1.0, atomic_formal_charges='{}', formal_charges_from_data=False, field_feature_max_l=1, field_feature_widths='[1.5, 3.0]', dont_include_pbc_corrections=False, include_electrostatic_self_interaction=True, valid_set_seed=7777, quadrupole_feature_corrections=False, electrostatic_pbc_method='mixed_periodic', static_bond_transfer_block='OxidationDependentSymmetricPredictionSourceBlock', oxidation_state_mixer='SumOxidationStateMixer', return_electrostatic_potentials=False, train_schedule=[{'name': 'stage1', 'start': 0, 'end': 49, 'lr': 0.003, 'loss': {'energy_per_atom': {'weight': 100}, 'forces': {'weight': 500}, 'dipole': {'weight': 10}, 'fourier_density': {'weight': 10}}, 'fixed_point_training_options': FixedPointTrainingOptions(mode='unroll_scf', scf=FixedPointSCFOptions(num_scf_steps=12, scf_tolerance=1e-06, mixing_parameter=0.5, constant_charge=True, use_autograd_forces=True, initial_density='local_guess', initial_fermi_level='zero'), linear_solve='inverse', fixedpoint_scf_stability=False, reference_conditioning='none')}, {'name': 'stage2', 'start': 50, 'end': 499, 'lr': 0.001, 'loss': {'energy_per_atom': {'weight': 100}, 'forces': {'weight': 500}, 'dipole': {'weight': 10}, 'fourier_density': {'weight': 10}}, 'fixed_point_training_options': FixedPointTrainingOptions(mode='unroll_scf', scf=FixedPointSCFOptions(num_scf_steps=25, scf_tolerance=1e-06, mixing_parameter=0.5, constant_charge=True, use_autograd_forces=True, initial_density='local_guess', initial_fermi_level='zero'), linear_solve='inverse', fixedpoint_scf_stability=False, reference_conditioning='none')}, {'name': 'stage3', 'start': 500, 'end': 550, 'lr': 0.001, 'loss': {'energy_per_atom': {'weight': 100}, 'forces': {'weight': 500}, 'dipole': {'weight': 10}, 'fourier_density': {'weight': 10}}, 'fixed_point_training_options': FixedPointTrainingOptions(mode='unroll_scf', scf=FixedPointSCFOptions(num_scf_steps=50, scf_tolerance=1e-06, mixing_parameter=0.5, constant_charge=True, use_autograd_forces=True, initial_density='local_guess', initial_fermi_level='zero'), linear_solve='inverse', fixedpoint_scf_stability=False, reference_conditioning='none')}], fixed_point_update_config={'type': <class 'mace_scf.electrostatics.coupled.CoupledResponse'>, 'potential_widths': []}, field_readout_config={'type': <class 'mace_scf.electrostatics.field_blocks.StrictQuadraticFieldEnergyReadout'>}, field_block_weight_decay=0.01, local_charges_weight_decay=0.0, field_feature_norms='None', fermi_level_offset=None, field_norm_factor=1.0, oxidation_state_range='(-6.0, 6.0)', polarizable_charges=False, beta_two=0.999, log_on_test_sets=False, scf_convergence_summary=False, use_linear_final_readout=False, include_field_si=False, use_linear_local_charges=False, atom_density_scaling='None', allow_low_density_pbc=False, override_pbc_checks=False, low_density_pbc_max_volume_per_atom=100.0, wandb_watch='off', wandb_watch_log_freq=50, debug_log_grad_summary=False, fixedpoint_initial_charge_head_scale=0.01, heads={'default': {'arrays_keys': {'forces': 'vasp_forces'}, 'info_keys': {'dipole': 'vasp_dipole', 'dipole_correction_zfrac': 'dipole_correction_zfrac', 'dipole_weight': 'config_dipole_weight', 'energy': 'vasp_free_energy', 'fourier_density': 'vasp_rho_fftn_shifted_1.5', 'total_charge': 'total_charge', 'vacuum_xfrac': 'vacuum_xfrac', 'vacuum_yfrac': 'vacuum_yfrac', 'vacuum_zfrac': 'vacuum_zfrac', 'dipole_correction_xfrac': 'dipole_correction_xfrac', 'dipole_correction_yfrac': 'dipole_correction_yfrac', 'stress': 'none', 'head': 'head'}}}, error_table='ElectrostaticRMSE', compute_polarizability=True, restart_latest=False, model='FixedPoint', optimizer='adamw', qeq_charges='autograd', train_hardness=False, read_enegs=False, read_hardness=False, enegs_key=None, default_hardness=2.0)
2026-10-07 22:35:21.798 INFO: Using the key specifications to parse data:
2026-10-07 22:35:21.798 INFO: KeySpecification(info_keys={'dipole': 'vasp_dipole', 'dipole_correction_zfrac': 'dipole_correction_zfrac', 'dipole_weight': 'config_dipole_weight', 'energy': 'vasp_free_energy', 'fourier_density': 'vasp_rho_fftn_shifted_1.5', 'total_charge': 'total_charge', 'vacuum_xfrac': 'vacuum_xfrac', 'vacuum_yfrac': 'vacuum_yfrac', 'vacuum_zfrac': 'vacuum_zfrac', 'dipole_correction_xfrac': 'dipole_correction_xfrac', 'dipole_correction_yfrac': 'dipole_correction_yfrac', 'stress': 'none', 'head': 'head'}, arrays_keys={'forces': 'vasp_forces'})
2026-10-07 22:36:17.927 INFO: Training set 1/1 [dipole components: 1125, dipole_correction_zfrac: 1125, dipole_weight: 1125, energy: 1125, fourier_density: 1125, total_charge: 1125, vacuum_xfrac: 0, vacuum_yfrac: 0, vacuum_zfrac: 0, dipole_correction_xfrac: 0, dipole_correction_yfrac: 0, stress: 0, head: 1125, forces: 1125]
2026-10-07 22:36:17.930 INFO: Total Training set [dipole components: 1125, dipole_correction_zfrac: 1125, dipole_weight: 1125, energy: 1125, fourier_density: 1125, total_charge: 1125, vacuum_xfrac: 0, vacuum_yfrac: 0, vacuum_zfrac: 0, dipole_correction_xfrac: 0, dipole_correction_yfrac: 0, stress: 0, head: 1125, forces: 1125]
2026-10-07 22:36:21.924 INFO: Validation set 1/1 [dipole components: 279, dipole_correction_zfrac: 279, dipole_weight: 279, energy: 279, fourier_density: 279, total_charge: 279, vacuum_xfrac: 0, vacuum_yfrac: 0, vacuum_zfrac: 0, dipole_correction_xfrac: 0, dipole_correction_yfrac: 0, stress: 0, head: 279, forces: 279]
2026-10-07 22:36:21.925 INFO: Total Validation set [dipole components: 279, dipole_correction_zfrac: 279, dipole_weight: 279, energy: 279, fourier_density: 279, total_charge: 279, vacuum_xfrac: 0, vacuum_yfrac: 0, vacuum_zfrac: 0, dipole_correction_xfrac: 0, dipole_correction_yfrac: 0, stress: 0, head: 279, forces: 279]
2026-10-07 22:36:21.925 INFO: Total number of configurations: train=1125, valid=279, tests=[]
2026-10-07 22:36:21.956 INFO: AtomicNumberTable: (1, 6, 8, 25, 45)
2026-10-07 22:36:21.956 INFO: Isolated Atomic Energies (E0s) not in training file, using command line argument
2026-10-07 22:36:35.630 INFO: Atomic energies: [-1.12217525, -2.37145689, -3.21812464, -11.61962124, -18.69127246]
2026-10-07 22:36:36.842 INFO: Average number of neighbors: 60.4280614334471
2026-10-07 22:36:36.851 INFO: No observed Fermi levels; using the zero electronic gauge reference
2026-10-07 22:36:36.851 INFO: using Fermi level offset 0.0
2026-10-07 22:36:36.851 INFO: using normalization for field features None
2026-10-07 22:36:36.852 INFO: using atom density scaling factors [1. 1. 1. 1. 1.]
2026-10-07 22:36:36.852 INFO: Building model
2026-10-07 22:36:36.852 INFO: Hidden irreps: 64x0e + 64x1o
2026-10-07 22:36:37.707 INFO: Rescaled initial FixedPoint charge heads by 0.01 to keep initial charge predictions small
2026-10-07 22:36:39.148 INFO: Fixed training-geometry readout units by layer/irrep: [[1.0202817362768926, 1.0000015679610617], [1.0045313518345942, 1.000000374362888]]; initial energy function preserved by inverse weight transformation
2026-10-07 22:36:40.247 INFO: Electronic response CoupledResponse: 4 coarse + 0 regular coefficients per atom; deployment uses 50 steps
2026-10-07 22:36:41.249 INFO: SCF CUDA linear algebra: cuSOLVER/cuBLAS selected (process-wide); exact cached matrix-solve derivatives; torch=2.9.1+cu128 CUDA=12.8
2026-10-07 22:36:42.908 INFO: Coupled total-field response: screened moment seed, 0 local potential channels, Gaussian receiver widths [1.5, 0.0, 3.0]
2026-10-07 22:36:51.159 INFO: Training-only total-energy reference: 4.92601 -> 0.0383896 eV/atom on 64 graphs
2026-10-07 22:36:53.564 INFO: CuEquivariance ACTIVE: 2 interaction/product layers, O3_e3nn, ir_mul, fused CUDA convolution=True; electronic response/readouts retain their original coordinates
2026-10-07 22:36:53.565 INFO: No external LR schedule: the learning rate follows the explicit training stages.
2026-10-07 22:36:53.566 INFO: restart_latest is False; starting from initialized model and optimizer.
2026-10-07 22:36:53.566 INFO: FixedPointCore(
  (node_embedding): LinearNodeEmbeddingBlock(
    (linear): Linear(5x0e -> 64x0e | 320 weights)
  )
  (radial_embedding): RadialEmbeddingBlock(
    (bessel_fn): BesselBasis(r_max=6.0, num_basis=8, trainable=False)
    (cutoff_fn): PolynomialCutoff(p=5, r_max=6.0)
  )
  (spherical_harmonics): SphericalHarmonics()
  (atomic_energies_fn): AtomicEnergiesBlock(energies=[[-3.8086, -8.8409, -9.3736, -14.6498, -23.9703]])
  (interactions): ModuleList(
    (0): RealAgnosticResidualInteractionBlock(
      (linear_up): Linear(
        shared_weights=True, internal_weights=True, weight_numel=4096
        (transpose_in): TransposeIrrepsLayout((irrep,mul) -> (irrep,mul))
        (transpose_out): TransposeIrrepsLayout((irrep,mul) -> (irrep,mul))
        (f): ╭ a=[4096:1⨯(64,64)] b=[64:1⨯(1,64)] -> C=[64:1⨯(1,64)]
        ╰─ []·a[uv]·b[iu]➜C[iv] ─ num_paths=1 i=1 u=64 v=64
        SegmentedPolynomial(
          (m): SegmentedPolynomialNaive(
            (graphs): ModuleList(
              (0): uv,iu,iv operands=[(64, 64)],[(1, 64)],[(1, 64)] paths=[op0[0]*op1[0]*op2[0]*0.12]
            )
          )
          (fallback): SegmentedPolynomialNaive(
            (graphs): ModuleList(
              (0): uv,iu,iv operands=[(64, 64)],[(1, 64)],[(1, 64)] paths=[op0[0]*op1[0]*op2[0]*0.12]
            )
          )
        )
      )
      (conv_tp): FusedConvolution(
        (fused): ╭ a=[256:4⨯(64)] b=[64:1⨯(64)] c=[16:16⨯()] -> D=[1024:16⨯(64)]
        ╰─ []·a[u]·b[u]·c[]➜D[u] ─ num_paths=16 u=64
        SegmentedPolynomial(
          (m): SegmentedPolynomialFromUniform1dJit()
          (fallback): SegmentedPolynomialFromUniform1dJit()
        )
        (unfused): ChannelWiseTensorProduct(
          shared_weights=False, internal_weights=False, weight_numel=256
          (transpose_in1): TransposeIrrepsLayout((irrep,mul) -> (irrep,mul))
          (transpose_in2): TransposeIrrepsLayout((irrep,mul) -> (irrep,mul))
          (transpose_out): TransposeIrrepsLayout((irrep,mul) -> (irrep,mul))
          (f): ╭ a=[256:4⨯(64,1)] b=[64:1⨯(1,64)] c=[16:(1,1)+(3,1)+(5,1)+...] -> D=[1024:(1,64,1)+(3,64,1)+...]
          ╰─ [ijk]·a[uv]·b[iu]·c[jv]➜D[kuv] ─ num_paths=4 i=1 j={1, 3, 5, 7} k={1, 3, 5, 7} u=64 v=1
          SegmentedPolynomial(
            (m): SegmentedPolynomialFromUniform1dJit()
            (fallback): SegmentedPolynomialFromUniform1dJit()
          )
        )
      )
      (conv_tp_weights): FullyConnectedNet[8, 64, 64, 64, 256]
      (linear): Linear(
        shared_weights=True, internal_weights=True, weight_numel=16384
        (transpose_in): TransposeIrrepsLayout((irrep,mul) -> (irrep,mul))
        (transpose_out): TransposeIrrepsLayout((irrep,mul) -> (irrep,mul))
        (f): ╭ a=[16384:4⨯(64,64)] b=[1024:(1,64)+(3,64)+(5,64)+...] -> C=[1024:(1,64)+(3,64)+(5,64)+...]
        ╰─ []·a[uv]·b[iu]➜C[iv] ─ num_paths=4 i={1, 3, 5, 7} u=64 v=64
        SegmentedPolynomial(
          (m): SegmentedPolynomialNaive(
            (graphs): ModuleList(
              (0): uv,iu,iv sizes=16384,1024,1024 num_segments=4,4,4 num_paths=4 i={1, 3, 5, 7} u=64 v=64
            )
          )
          (fallback): SegmentedPolynomialNaive(
            (graphs): ModuleList(
              (0): uv,iu,iv sizes=16384,1024,1024 num_segments=4,4,4 num_paths=4 i={1, 3, 5, 7} u=64 v=64
            )
          )
        )
      )
      (skip_tp): FullyConnectedTensorProduct(
        shared_weights=True, internal_weights=True, weight_numel=20480
        (transpose_in1): TransposeIrrepsLayout((irrep,mul) -> (irrep,mul))
        (transpose_in2): TransposeIrrepsLayout((irrep,mul) -> (irrep,mul))
        (transpose_out): TransposeIrrepsLayout((irrep,mul) -> (irrep,mul))
        (f): ╭ a=[20480:1⨯(64,5,64)] b=[64:1⨯(1,64)] c=[5:1⨯(1,5)] -> D=[256:(1,64)+(3,64)]
        ╰─ [ijk]·a[uvw]·b[iu]·c[jv]➜D[kw] ─ num_paths=1 i=1 j=1 k={1, 3} u=64 v=5 w=64
        SegmentedPolynomial(
          (m): SegmentedPolynomialNaive(
            (graphs): ModuleList(
              (0): uvw,iu,jv,kw+ijk sizes=20480,64,5,256 num_segments=1,1,1,2 num_paths=1 i=1 j=1 k={1, 3} u=64 v=5 w=64
            )
          )
          (fallback): SegmentedPolynomialNaive(
            (graphs): ModuleList(
              (0): uvw,iu,jv,kw+ijk sizes=20480,64,5,256 num_segments=1,1,1,2 num_paths=1 i=1 j=1 k={1, 3} u=64 v=5 w=64
            )
          )
        )
      )
      (reshape): reshape_irreps()
    )
    (1): RealAgnosticResidualInteractionBlock(
      (linear_up): Linear(
        shared_weights=True, internal_weights=True, weight_numel=8192
        (transpose_in): TransposeIrrepsLayout((irrep,mul) -> (irrep,mul))
        (transpose_out): TransposeIrrepsLayout((irrep,mul) -> (irrep,mul))
        (f): ╭ a=[8192:2⨯(64,64)] b=[256:(1,64)+(3,64)] -> C=[256:(1,64)+(3,64)]
        ╰─ []·a[uv]·b[iu]➜C[iv] ─ num_paths=2 i={1, 3} u=64 v=64
        SegmentedPolynomial(
          (m): SegmentedPolynomialNaive(
            (graphs): ModuleList(
              (0): uv,iu,iv sizes=8192,256,256 num_segments=2,2,2 num_paths=2 i={1, 3} u=64 v=64
            )
          )
          (fallback): SegmentedPolynomialNaive(
            (graphs): ModuleList(
              (0): uv,iu,iv sizes=8192,256,256 num_segments=2,2,2 num_paths=2 i={1, 3} u=64 v=64
            )
          )
        )
      )
      (conv_tp): FusedConvolution(
        (fused): ╭ a=[640:10⨯(64)] b=[256:4⨯(64)] c=[16:16⨯()] -> D=[2560:40⨯(64)]
        ╰─ []·a[u]·b[u]·c[]➜D[u] ─ num_paths=86 u=64
        SegmentedPolynomial(
          (m): SegmentedPolynomialFromUniform1dJit()
          (fallback): SegmentedPolynomialFromUniform1dJit()
        )
        (unfused): ChannelWiseTensorProduct(
          shared_weights=False, internal_weights=False, weight_numel=640
          (transpose_in1): TransposeIrrepsLayout((irrep,mul) -> (irrep,mul))
          (transpose_in2): TransposeIrrepsLayout((irrep,mul) -> (irrep,mul))
          (transpose_out): TransposeIrrepsLayout((irrep,mul) -> (irrep,mul))
          (f): ╭ a=[640:10⨯(64,1)] b=[256:(1,64)+(3,64)] c=[16:(1,1)+(3,1)+(5,1)+...] -> D=[2560:(1,64,1)+(1,64,1)+...]
          ╰─ [ijk]·a[uv]·b[iu]·c[jv]➜D[kuv] ─ num_paths=10 i={1, 3} j={1, 3, 5, 7} k={1, 3, 5, 7} u=64 v=1
          SegmentedPolynomial(
            (m): SegmentedPolynomialFromUniform1dJit()
            (fallback): SegmentedPolynomialFromUniform1dJit()
          )
        )
      )
      (conv_tp_weights): FullyConnectedNet[8, 64, 64, 64, 640]
      (linear): Linear(
        shared_weights=True, internal_weights=True, weight_numel=40960
        (transpose_in): TransposeIrrepsLayout((irrep,mul) -> (irrep,mul))
        (transpose_out): TransposeIrrepsLayout((irrep,mul) -> (irrep,mul))
        (f): ╭ a=[40960:10⨯(64,64)] b=[2560:(1,64)+(1,64)+(3,64)+...] -> C=[1024:(1,64)+(3,64)+(5,64)+...]
        ╰─ []·a[uv]·b[iu]➜C[iv] ─ num_paths=10 i={1, 3, 5, 7} u=64 v=64
        SegmentedPolynomial(
          (m): SegmentedPolynomialNaive(
            (graphs): ModuleList(
              (0): uv,iu,iv sizes=40960,2560,1024 num_segments=10,10,4 num_paths=10 i={1, 3, 5, 7} u=64 v=64
            )
          )
          (fallback): SegmentedPolynomialNaive(
            (graphs): ModuleList(
              (0): uv,iu,iv sizes=40960,2560,1024 num_segments=10,10,4 num_paths=10 i={1, 3, 5, 7} u=64 v=64
            )
          )
        )
      )
      (skip_tp): FullyConnectedTensorProduct(
        shared_weights=True, internal_weights=True, weight_numel=40960
        (transpose_in1): TransposeIrrepsLayout((irrep,mul) -> (irrep,mul))
        (transpose_in2): TransposeIrrepsLayout((irrep,mul) -> (irrep,mul))
        (transpose_out): TransposeIrrepsLayout((irrep,mul) -> (irrep,mul))
        (f): ╭ a=[40960:2⨯(64,5,64)] b=[256:(1,64)+(3,64)] c=[5:1⨯(1,5)] -> D=[256:(1,64)+(3,64)]
        ╰─ [ijk]·a[uvw]·b[iu]·c[jv]➜D[kw] ─ num_paths=2 i={1, 3} j=1 k={1, 3} u=64 v=5 w=64
        SegmentedPolynomial(
          (m): SegmentedPolynomialNaive(
            (graphs): ModuleList(
              (0): uvw,iu,jv,kw+ijk sizes=40960,256,5,256 num_segments=2,2,1,2 num_paths=2 i={1, 3} j=1 k={1, 3} u=64 v=5 w=64
            )
          )
          (fallback): SegmentedPolynomialNaive(
            (graphs): ModuleList(
              (0): uvw,iu,jv,kw+ijk sizes=40960,256,5,256 num_segments=2,2,1,2 num_paths=2 i={1, 3} j=1 k={1, 3} u=64 v=5 w=64
            )
          )
        )
      )
      (reshape): reshape_irreps()
    )
  )
  (products): ModuleList(
    (0-1): 2 x EquivariantProductBasisBlock(
      (symmetric_contractions): SymmetricContraction(
        contraction_degree=3, weight_shape=(86, 64)
        (transpose_in): TransposeIrrepsLayout((irrep,mul) -> (irrep,mul))
        (transpose_out): TransposeIrrepsLayout((irrep,mul) -> (irrep,mul))
        (f): ╭ a=[1856:29⨯(64)] b=[1024:16⨯(64)] -> C=[256:4⨯(64)]
        │  []·a[u]·b[u]➜C[u] ─────────── num_paths=4 u=64
        │  []·a[u]·b[u]·b[u]➜C[u] ────── num_paths=86 u=64
        ╰─ []·a[u]·b[u]·b[u]·b[u]➜C[u] ─ num_paths=1949 u=64
        SegmentedPolynomial(
          (m): SegmentedPolynomialFromUniform1dJit()
          (fallback): SegmentedPolynomialFromUniform1dJit()
        )
      )
      (linear): Linear(
        shared_weights=True, internal_weights=True, weight_numel=8192
        (transpose_in): TransposeIrrepsLayout((irrep,mul) -> (irrep,mul))
        (transpose_out): TransposeIrrepsLayout((irrep,mul) -> (irrep,mul))
        (f): ╭ a=[8192:2⨯(64,64)] b=[256:(1,64)+(3,64)] -> C=[256:(1,64)+(3,64)]
        ╰─ []·a[uv]·b[iu]➜C[iv] ─ num_paths=2 i={1, 3} u=64 v=64
        SegmentedPolynomial(
          (m): SegmentedPolynomialNaive(
            (graphs): ModuleList(
              (0): uv,iu,iv sizes=8192,256,256 num_segments=2,2,2 num_paths=2 i={1, 3} u=64 v=64
            )
          )
          (fallback): SegmentedPolynomialNaive(
            (graphs): ModuleList(
              (0): uv,iu,iv sizes=8192,256,256 num_segments=2,2,2 num_paths=2 i={1, 3} u=64 v=64
            )
          )
        )
      )
    )
  )
  (readouts): ModuleList(
    (0): LinearReadoutBlock(
      (linear): Linear(64x0e+64x1o -> 1x0e | 64 weights)
    )
    (1): NonLinearReadoutBlock(
      (linear_1): Linear(64x0e+64x1o -> 64x0e | 4096 weights)
      (non_linearity): Activation [x] (64x0e -> 64x0e)
      (linear_2): Linear(64x0e -> 1x0e | 64 weights)
    )
  )
  (electric_potential_descriptor): GTOElectrostaticFeatures(
    (density_basis): GTOBasis(
      (radial_spline): RadialIntegralDirect()
      (spherical_harmonics): SphericalHarmonics()
    )
    (feature_basis): GTOBasis(
      (radial_spline): RadialIntegralDirect()
      (spherical_harmonics): SphericalHarmonics()
    )
    (self_interaction_terms): GTOSelfInteractionBlock()
    (realspace_features): RealSpaceFiniteDifferenceElectrostaticFeatures(
      (self_interaction): GTOSelfInteractionBlock()
    )
    (non_periodic_correction_terms): NonPeriodicFeatureCorrections(
      (self_field): CorrectivePotentialBlock()
      (displaced_interactions): GTOInternalFieldtoFeaturesBlock()
    )
  )
  (lr_source_maps): ModuleList(
    (0-1): 2 x GeneralNonLinearBiasReadoutBlock(
      (equivariant_nonlin): Gate (64x0e -> 64x0e)
      (linear_1): Linear(64x0e+64x1o -> 64x0e | 4096 weights)
      (linear_mid): Linear(64x0e -> 64x0e | 4096 weights)
      (linear_2): Linear(64x0e -> 1x0e+1x1o | 64 weights)
    )
  )
  (field_dependent_charges_map): CoupledResponse(
    (chemical_scalar): Linear(in_features=64, out_features=64, bias=True)
    (chemical_vector): Linear(in_features=64, out_features=16, bias=False)
    (shared): Sequential(
      (0): Linear(in_features=96, out_features=64, bias=True)
      (1): SiLU()
      (2): Linear(in_features=64, out_features=64, bias=True)
      (3): SiLU()
    )
    (vector_out): Linear(in_features=64, out_features=32, bias=True)
    (scalar_out): Linear(in_features=64, out_features=2, bias=True)
    (dipole_hardness): Linear(in_features=64, out_features=1, bias=True)
    (state_scalar): Linear(in_features=3, out_features=64, bias=False)
    (state_vector): Linear(in_features=3, out_features=16, bias=False)
    (neighbor_scalar): Linear(in_features=3, out_features=64, bias=False)
    (neighbor_vector): Linear(in_features=3, out_features=16, bias=False)
    (neighbor_divergence): Linear(in_features=3, out_features=64, bias=False)
    (neighbor_gradient): Linear(in_features=3, out_features=16, bias=False)
    (local_source_scalar): EmptyProjection()
    (local_source_vector): EmptyProjection()
  )
  (local_electron_energy): Identity()
  (external_field_contribution): DisplacedGTOExternalFieldBlock()
  (external_field_contribution_internal): GTOInternalFieldtoFeaturesBlock()
  (coulomb_energy): GTOElectrostaticEnergy(
    (density_basis): GTOBasis(
      (radial_spline): RadialIntegralDirect()
      (spherical_harmonics): SphericalHarmonics()
    )
    (self_interaction_terms): GTOSelfInteractionBlock()
    (realspace_energy): RealSpaceFiniteDiffereneEnergy(
      (self_interaction): GTOSelfInteractionBlock()
    )
    (monopole_dipole_correction): MonopoleDipoleCorrectionBlock()
  )
  (layer_feature_mixer): MultiLayerFeatureMixer(
    (linears): ModuleList(
      (0-1): 2 x Linear(64x0e+64x1o -> 64x0e+64x1o | 8192 weights)
    )
  )
)
2026-10-07 22:36:53.569 INFO: Number of parameters: 333240
2026-10-07 22:36:53.569 INFO: Optimizer: AdamW (
Parameter Group 0
    amsgrad: False
    betas: (0.9, 0.999)
    capturable: False
    decoupled_weight_decay: True
    differentiable: False
    eps: 1e-08
    foreach: None
    fused: None
    lr: 0.003
    maximize: False
    name: embedding
    weight_decay: 0.0

Parameter Group 1
    amsgrad: False
    betas: (0.9, 0.999)
    capturable: False
    decoupled_weight_decay: True
    differentiable: False
    eps: 1e-08
    foreach: None
    fused: None
    lr: 0.003
    maximize: False
    name: interactions_decay
    weight_decay: 0.001

Parameter Group 2
    amsgrad: False
    betas: (0.9, 0.999)
    capturable: False
    decoupled_weight_decay: True
    differentiable: False
    eps: 1e-08
    foreach: None
    fused: None
    lr: 0.003
    maximize: False
    name: interactions_no_decay
    weight_decay: 0.0

Parameter Group 3
    amsgrad: False
    betas: (0.9, 0.999)
    capturable: False
    decoupled_weight_decay: True
    differentiable: False
    eps: 1e-08
    foreach: None
    fused: None
    lr: 0.003
    maximize: False
    name: products
    weight_decay: 0.001

Parameter Group 4
    amsgrad: False
    betas: (0.9, 0.999)
    capturable: False
    decoupled_weight_decay: True
    differentiable: False
    eps: 1e-08
    foreach: None
    fused: None
    lr: 0.003
    maximize: False
    name: readouts
    weight_decay: 0.0

Parameter Group 5
    amsgrad: False
    betas: (0.9, 0.999)
    capturable: False
    decoupled_weight_decay: True
    differentiable: False
    eps: 1e-08
    foreach: None
    fused: None
    lr: 0.003
    maximize: False
    name: lr_source_maps
    weight_decay: 0.0

Parameter Group 6
    amsgrad: False
    betas: (0.9, 0.999)
    capturable: False
    decoupled_weight_decay: True
    differentiable: False
    eps: 1e-08
    foreach: None
    fused: None
    lr: 0.003
    maximize: False
    name: field_dependent_charges_map
    weight_decay: 0.01

Parameter Group 7
    amsgrad: False
    betas: (0.9, 0.999)
    capturable: False
    decoupled_weight_decay: True
    differentiable: False
    eps: 1e-08
    foreach: None
    fused: None
    lr: 0.003
    maximize: False
    name: electronic_references
    weight_decay: 0.0

Parameter Group 8
    amsgrad: False
    betas: (0.9, 0.999)
    capturable: False
    decoupled_weight_decay: True
    differentiable: False
    eps: 1e-08
    foreach: None
    fused: None
    lr: 0.003
    maximize: False
    name: layer_feature_mixer
    weight_decay: 0.001
)
2026-10-07 22:36:53.569 INFO: WeightedLoss(energy_per_atom_weight=100, forces_weight=500, dipole_weight=10, fourier_density_weight=10, fourier_density options: reference=density, )
2026-10-07 22:36:53.569 INFO: FixedPointWrapper: mode=unroll_scf, scf_options=FixedPointSCFOptions(num_scf_steps=12, scf_tolerance=1e-06, mixing_parameter=0.5, constant_charge=True, use_autograd_forces=True, initial_density='local_guess', initial_fermi_level='zero'), linear_solve=inverse, fixedpoint_scf_stability=False
2026-10-07 22:36:53.569 INFO: Setting global learning rate to 0.003
2026-10-07 22:36:53.595 INFO: Runtime inventory {"parameters": 333240, "parameter_MiB": 2.54241943359375, "optimizer_MiB": 0.0, "batch_size": 8, "layout": "ir_mul", "blocks": {"node_embedding": 320, "radial_embedding": 0, "spherical_harmonics": 0, "atomic_energies_fn": 0, "interactions": 205824, "products": 71424, "readouts": 4224, "electric_potential_descriptor": 0, "lr_source_maps": 16512, "field_dependent_charges_map": 18552, "local_electron_energy": 0, "external_field_contribution": 0, "external_field_contribution_internal": 0, "coulomb_energy": 0, "layer_feature_mixer": 16384}, "optimizer_groups": [{"name": "embedding", "lr": 0.003, "weight_decay": 0.0, "parameters": 320}, {"name": "interactions_decay", "lr": 0.003, "weight_decay": 0.001, "parameters": 57344}, {"name": "interactions_no_decay", "lr": 0.003, "weight_decay": 0.0, "parameters": 148480}, {"name": "products", "lr": 0.003, "weight_decay": 0.001, "parameters": 71424}, {"name": "readouts", "lr": 0.003, "weight_decay": 0.0, "parameters": 4224}, {"name": "lr_source_maps", "lr": 0.003, "weight_decay": 0.0, "parameters": 16512}, {"name": "field_dependent_charges_map", "lr": 0.003, "weight_decay": 0.01, "parameters": 18320}, {"name": "electronic_references", "lr": 0.003, "weight_decay": 0.0, "parameters": 232}, {"name": "layer_feature_mixer", "lr": 0.003, "weight_decay": 0.001, "parameters": 16384}], "gpu": "NVIDIA H100 NVL", "device_MiB": 95319.4375}
2026-10-07 22:36:53.609 INFO: CoupledResponse mode=unroll_scf: 12 training steps; 50 validation/deployment steps
2026-10-07 22:40:06.759 INFO: Full validation audit {"graphs": 279, "index_convention": "supplied loader order, zero based", "force_rmse_by_element_column_eV_A": {"0": 0.4251036698942418, "1": 1.1244738621213082, "2": 0.4840097628168105, "3": 0.4049247574180449, "4": 0.3224497694962868}, "force_target_rms_by_element_column_eV_A": {"0": 0.6667205065800093, "1": 1.485388937044054, "2": 0.6623370749424797, "3": 0.6101502819784279, "4": 0.42143582945433244}, "force_rmse_over_target_rms_by_element_column": {"0": 0.6376040120242312, "1": 0.757023183678093, "2": 0.7307604860543916, "3": 0.6636475789293516, "4": 0.7651218690014776}, "density_observers": {"density_RMSE_e_A3": 0.0006395568440390228, "farfield_RMSE_e_A3": 0.00017410636715265034, "scope": "Different Gaussian resolutions of the same error; smaller farfield RMSE is not an accuracy gain."}, "largest_force_errors": [{"index": 248, "atoms": 175, "composition": [8, 7, 58, 54, 48], "charge": -0.0, "force_rmse": 1.3007761647418552}, {"index": 227, "atoms": 171, "composition": [7, 7, 55, 54, 48], "charge": -0.0, "force_rmse": 0.9068344069869523}, {"index": 224, "atoms": 174, "composition": [2, 9, 61, 54, 48], "charge": -0.0, "force_rmse": 0.8793365660866582}, {"index": 250, "atoms": 179, "composition": [13, 8, 56, 54, 48], "charge": -0.0, "force_rmse": 0.8710044224535632}, {"index": 225, "atoms": 169, "composition": [3, 6, 58, 54, 48], "charge": -0.0, "force_rmse": 0.8574492485350305}, {"index": 169, "atoms": 347, "composition": [12, 8, 164, 150, 13], "charge": -0.0, "force_rmse": 0.8572766423410045}, {"index": 152, "atoms": 342, "composition": [17, 13, 149, 150, 13], "charge": -0.0, "force_rmse": 0.795786740163371}, {"index": 191, "atoms": 336, "composition": [1, 12, 160, 150, 13], "charge": -0.0, "force_rmse": 0.7760089267649312}], "atomic_numbers": [1, 6, 8, 25, 45]}
2026-10-07 22:40:06.786 INFO: Epoch 0: loss=105.594, RMSE_E_per_atom=33.5360 meV, RMSE_F=445.5593 meV/A, RMSE_dip_per_atom=3.1933 meA, RMSE_rho=0.6396 me/A^3
2026-10-07 22:40:06.787 INFO: 50-step electronic residual maximum: 4.7792e-16
2026-10-07 22:40:06.793 INFO: Optimizer epoch 0: lr=[0.003, 0.003, 0.003, 0.003, 0.003, 0.003, 0.003, 0.003, 0.003], mean gradient norm=33.553, clipped=92/141
2026-10-07 22:40:06.793 INFO: Epoch timing: train=153.582s, validation=39.615s, updates=141, train/update=1.08923s, peak allocated=11296.3 MiB, backbone=CuEq
2026-10-07 22:40:06.793 INFO: Optimization budget: graphs=1125/1125, updates=141, mean retained gradient=0.6884, min retained gradient=0.022905
2026-10-07 22:40:06.793 INFO: Optimizer time scales {"updates_per_epoch": 141, "groups": [{"name": "embedding", "lr": 0.003, "parameter_update_range": [141.0, 141.0], "moment_memory_epochs": [0.07092198581560286, 7.092198581560277], "AdamW_decay_only_retention_per_epoch": 1.0}, {"name": "interactions_decay", "lr": 0.003, "parameter_update_range": [141.0, 141.0], "moment_memory_epochs": [0.07092198581560286, 7.092198581560277], "AdamW_decay_only_retention_per_epoch": 0.9995770888176574}, {"name": "interactions_no_decay", "lr": 0.003, "parameter_update_range": [141.0, 141.0], "moment_memory_epochs": [0.07092198581560286, 7.092198581560277], "AdamW_decay_only_retention_per_epoch": 1.0}, {"name": "products", "lr": 0.003, "parameter_update_range": [141.0, 141.0], "moment_memory_epochs": [0.07092198581560286, 7.092198581560277], "AdamW_decay_only_retention_per_epoch": 0.9995770888176574}, {"name": "readouts", "lr": 0.003, "parameter_update_range": [141.0, 141.0], "moment_memory_epochs": [0.07092198581560286, 7.092198581560277], "AdamW_decay_only_retention_per_epoch": 1.0}, {"name": "lr_source_maps", "lr": 0.003, "parameter_update_range": [141.0, 141.0], "moment_memory_epochs": [0.07092198581560286, 7.092198581560277], "AdamW_decay_only_retention_per_epoch": 1.0}, {"name": "field_dependent_charges_map", "lr": 0.003, "parameter_update_range": [141.0, 141.0], "moment_memory_epochs": [0.07092198581560286, 7.092198581560277], "AdamW_decay_only_retention_per_epoch": 0.9957788706654026}, {"name": "electronic_references", "lr": 0.003, "parameter_update_range": [141.0, 141.0], "moment_memory_epochs": [0.07092198581560286, 7.092198581560277], "AdamW_decay_only_retention_per_epoch": 1.0}, {"name": "layer_feature_mixer", "lr": 0.003, "parameter_update_range": [141.0, 141.0], "moment_memory_epochs": [0.07092198581560286, 7.092198581560277], "AdamW_decay_only_retention_per_epoch": 0.9995770888176574}], "EMA_asymptotic_memory_epochs": 0.7092198581560277}
2026-10-07 22:40:06.793 INFO: Batching: optimizer graphs=8, device graphs<=8; one clipping/Adam/EMA update per optimizer batch
2026-10-07 22:41:59.525 INFO: Full training audit {"graphs": 1125, "index_convention": "supplied loader order, zero based", "force_rmse_by_element_column_eV_A": {"0": 0.4363685781715937, "1": 1.1510623220632303, "2": 0.5199191619614801, "3": 0.410869391358925, "4": 0.31098761551078785}, "force_target_rms_by_element_column_eV_A": {"0": 0.6774065086832185, "1": 1.538190971915685, "2": 0.6998679669900058, "3": 0.6220774482464436, "4": 0.4134908179035577}, "force_rmse_over_target_rms_by_element_column": {"0": 0.6441753549428273, "1": 0.7483221154455749, "2": 0.7428817812558989, "3": 0.6604794829279104, "4": 0.7521028328694892}, "density_observers": {"density_RMSE_e_A3": 0.0006446983241775984, "farfield_RMSE_e_A3": 0.00017462384431072862, "scope": "Different Gaussian resolutions of the same error; smaller farfield RMSE is not an accuracy gain."}, "largest_force_errors": [{"index": 1039, "atoms": 177, "composition": [11, 7, 57, 54, 48], "charge": -0.0, "force_rmse": 1.3200261083335205}, {"index": 1030, "atoms": 172, "composition": [4, 8, 58, 54, 48], "charge": -0.0, "force_rmse": 1.2925112009044364}, {"index": 1064, "atoms": 179, "composition": [9, 9, 59, 54, 48], "charge": -0.0, "force_rmse": 1.2423397454431577}, {"index": 563, "atoms": 177, "composition": [13, 6, 56, 54, 48], "charge": -0.0, "force_rmse": 1.232004106751582}, {"index": 1117, "atoms": 169, "composition": [6, 5, 56, 54, 48], "charge": -0.0, "force_rmse": 1.180283079840048}, {"index": 1046, "atoms": 170, "composition": [5, 6, 57, 54, 48], "charge": -0.0, "force_rmse": 1.1265951498925002}, {"index": 923, "atoms": 176, "composition": [2, 9, 63, 54, 48], "charge": -0.0, "force_rmse": 1.0157192421162273}, {"index": 907, "atoms": 172, "composition": [4, 5, 61, 54, 48], "charge": -0.0, "force_rmse": 1.00637976849173}], "atomic_numbers": [1, 6, 8, 25, 45]}
2026-10-07 22:41:59.558 INFO: Full-split generalization {"epoch": 0, "training_graphs": 1125, "validation_graphs": 279, "train": {"rmse_e_per_atom": 0.03134194037206497, "rmse_f": 0.45687571583068154, "rmse_mu_per_atom": 0.003058446085110896, "rmse_rho": 0.0006446983241775984}, "validation": {"rmse_e_per_atom": 0.033535971993446705, "rmse_f": 0.4455593196183725, "rmse_mu_per_atom": 0.003193251313720906, "rmse_rho": 0.0006395568440390228}, "weighted_training_objectives": {"energy_per_atom": 0.09823172262860767, "forces": 104.3677098578988, "dipole": 2.160334757634766, "fourier_density": 4.156359291974039}, "weighted_validation_objectives": {"energy_per_atom": 0.11246614175452413, "forces": 99.26155364939352, "dipole": 2.1294621582119677, "fourier_density": 4.09032956757155}, "seconds": 112.71768852199602, "scope": "Whole splits at the same EMA parameters and deployment step count; read-only, native units."}
2026-10-07 22:42:20.858 INFO: Electronic diagnostic {"train": {"graphs": 32, "charge_span": [-0.0, -0.0], "step_comparison": [[{"steps": 12, "WF_eV": 1.0379317817509919, "EF_eV": -0.6805696668075019, "residual": 4.172183415231123e-06}, {"steps": 50, "WF_eV": 1.0379326528393373, "EF_eV": -0.6805709871498521, "residual": 3.9898639947466563e-17}, {"steps": 100, "WF_eV": 1.0379326528393373, "EF_eV": -0.6805709871498521, "residual": 2.7755575615628914e-17}], [{"steps": 12, "WF_eV": 1.0406558063731892, "EF_eV": -0.7037727144339473, "residual": 6.1451366151349385e-06}, {"steps": 50, "WF_eV": 1.0406565648594404, "EF_eV": -0.7037741504491422, "residual": 4.163336342344337e-17}, {"steps": 100, "WF_eV": 1.0406565648594404, "EF_eV": -0.7037741504491422, "residual": 2.7755575615628914e-17}]], "dEF_dQ_and_dWF_dQ_eV_per_e": [[-0.4076861243950125, -0.03673249367429632], [-0.5578276058234855, -0.033955132793739295]], "force_RMSE_by_atomic_number_eV_A": {"1": 0.46636271569858995, "8": 0.483410118153107, "45": 0.30573424685539013, "6": 1.1920069595935885, "25": 0.35049814968284543}, "force_RMSE_eV_A": 0.4362747933281263, "charge_response_identifiability": "Single-charge data do not determine capacitance; slopes above are predictions, not validation."}, "validation": {"graphs": 16, "charge_span": [-0.0, -0.0], "step_comparison": [[{"steps": 12, "WF_eV": 1.0320943690975222, "EF_eV": -0.6822230999743806, "residual": 1.1009953920990134e-06}, {"steps": 50, "WF_eV": 1.0320952180064804, "EF_eV": -0.682224326225642, "residual": 3.469446951953614e-17}, {"steps": 100, "WF_eV": 1.0320952180064804, "EF_eV": -0.6822243262256416, "residual": 5.0306980803327406e-17}], [{"steps": 12, "WF_eV": 1.036478478170158, "EF_eV": -0.7871699243530647, "residual": 5.539247562082097e-06}, {"steps": 50, "WF_eV": 1.036479130547305, "EF_eV": -0.7871708830405009, "residual": 4.7704895589362195e-17}, {"steps": 100, "WF_eV": 1.036479130547305, "EF_eV": -0.7871708830405009, "residual": 2.7755575615628914e-17}]], "dEF_dQ_and_dWF_dQ_eV_per_e": [[-0.6322620313638838, -0.031194394774325396], [-0.5890546649147621, -0.0297345710079]], "force_RMSE_by_atomic_number_eV_A": {"6": 1.2803086238370422, "8": 0.4998235681702405, "45": 0.2944457455120531, "1": 0.3903166307241706, "25": 0.36931681083473855}, "force_RMSE_eV_A": 0.4497719752682379, "charge_response_identifiability": "Single-charge data do not determine capacitance; slopes above are predictions, not validation."}, "epoch": 0, "response_weight_norms": {"vector_out.weight": 1.808810325357148, "scalar_out.weight": 0.6187090459943638, "state_scalar.weight": 4.8004728758462, "state_vector.weight": 2.7181404082244898, "neighbor_scalar.weight": 1.449805700416572, "neighbor_vector.weight": 0.3999266795978237}, "regularization": {"field_weight_decay": 0.01}, "objective_gradients": {"training_index": 0, "atoms": 159, "terms": {"energy_per_atom": {"weighted_loss": 0.001888759419408275, "gradient_norm": 0.527160661020771}, "forces": {"weighted_loss": 8.029215843632679, "gradient_norm": 6.441535853310687}, "dipole": {"weighted_loss": 1.0076667464462479, "gradient_norm": 3.5275797792352663}, "fourier_density": {"weighted_loss": 1.4451516388261068, "gradient_norm": 2.758178631812699}, "density_observer_farfield": {"weighted_loss": 0.19997737125898638, "gradient_norm": 0.7593184862110869}}, "cosines": {"energy_per_atom / forces": 0.5466220077749081, "energy_per_atom / dipole": -0.009699759986371771, "energy_per_atom / fourier_density": -0.020872964915576303, "energy_per_atom / density_observer_farfield": 0.05806932595573391, "forces / dipole": -0.005410353648107147, "forces / fourier_density": -0.0027689548740972604, "forces / density_observer_farfield": 0.0686414071982656, "dipole / fourier_density": 0.761653174718385, "dipole / density_observer_farfield": -0.3014100583780638, "fourier_density / density_observer_farfield": -0.4816578238159743}, "scope": "One training graph, before clipping; diagnostic only.", "parameter_state": "EMA"}, "scope": "Deterministic panels, not whole-dataset metrics. Validation is development data, never used for fitting or selecting the probe."}
2026-10-07 22:47:35.391 INFO: Full validation audit {"graphs": 279, "index_convention": "supplied loader order, zero based", "force_rmse_by_element_column_eV_A": {"0": 0.22185889116315516, "1": 0.49107602164770947, "2": 0.21283459953345055, "3": 0.19181303442755313, "4": 0.17936605427110244}, "force_target_rms_by_element_column_eV_A": {"0": 0.6667205065800093, "1": 1.485388937044054, "2": 0.6623370749424797, "3": 0.6101502819784279, "4": 0.42143582945433244}, "force_rmse_over_target_rms_by_element_column": {"0": 0.3327614629722374, "1": 0.3306043349326124, "2": 0.32133879800090315, "3": 0.3143701479668164, "4": 0.42560703607793005}, "density_observers": {"density_RMSE_e_A3": 0.00039555270291343234, "farfield_RMSE_e_A3": 0.0001249323520053312, "scope": "Different Gaussian resolutions of the same error; smaller farfield RMSE is not an accuracy gain."}, "largest_force_errors": [{"index": 248, "atoms": 175, "composition": [8, 7, 58, 54, 48], "charge": -0.0, "force_rmse": 0.6343712266433053}, {"index": 250, "atoms": 179, "composition": [13, 8, 56, 54, 48], "charge": -0.0, "force_rmse": 0.5603787426307847}, {"index": 169, "atoms": 347, "composition": [12, 8, 164, 150, 13], "charge": -0.0, "force_rmse": 0.44794528077308227}, {"index": 145, "atoms": 346, "composition": [25, 5, 153, 150, 13], "charge": -0.0, "force_rmse": 0.432221986211488}, {"index": 152, "atoms": 342, "composition": [17, 13, 149, 150, 13], "charge": -0.0, "force_rmse": 0.3771213930786849}, {"index": 155, "atoms": 349, "composition": [0, 13, 173, 150, 13], "charge": -0.0, "force_rmse": 0.3745644478399312}, {"index": 227, "atoms": 171, "composition": [7, 7, 55, 54, 48], "charge": -0.0, "force_rmse": 0.35814446248912746}, {"index": 253, "atoms": 171, "composition": [8, 7, 54, 54, 48], "charge": -0.0, "force_rmse": 0.34584581716819646}], "atomic_numbers": [1, 6, 8, 25, 45]}
2026-10-07 22:47:35.411 INFO: Epoch 5: loss=24.3982, RMSE_E_per_atom=21.9864 meV, RMSE_F=211.3116 meV/A, RMSE_dip_per_atom=1.5899 meA, RMSE_rho=0.3956 me/A^3
2026-10-07 22:47:35.411 INFO: 50-step electronic residual maximum: 9.9226e-16
2026-10-07 22:47:35.419 INFO: Optimizer epoch 5: lr=[0.003, 0.003, 0.003, 0.003, 0.003, 0.003, 0.003, 0.003, 0.003], mean gradient norm=17.967, clipped=132/141
2026-10-07 22:47:35.419 INFO: Epoch timing: train=56.815s, validation=28.139s, updates=141, train/update=0.40294s, peak allocated=11089.5 MiB, backbone=CuEq
2026-10-07 22:47:35.419 INFO: Optimization budget: graphs=1125/1125, updates=141, mean retained gradient=0.62281, min retained gradient=0.22031
2026-10-07 22:47:35.420 INFO: Optimizer time scales {"updates_per_epoch": 141, "groups": [{"name": "embedding", "lr": 0.003, "parameter_update_range": [846.0, 846.0], "moment_memory_epochs": [0.07092198581560286, 7.092198581560277], "AdamW_decay_only_retention_per_epoch": 1.0}, {"name": "interactions_decay", "lr": 0.003, "parameter_update_range": [846.0, 846.0], "moment_memory_epochs": [0.07092198581560286, 7.092198581560277], "AdamW_decay_only_retention_per_epoch": 0.9995770888176574}, {"name": "interactions_no_decay", "lr": 0.003, "parameter_update_range": [846.0, 846.0], "moment_memory_epochs": [0.07092198581560286, 7.092198581560277], "AdamW_decay_only_retention_per_epoch": 1.0}, {"name": "products", "lr": 0.003, "parameter_update_range": [846.0, 846.0], "moment_memory_epochs": [0.07092198581560286, 7.092198581560277], "AdamW_decay_only_retention_per_epoch": 0.9995770888176574}, {"name": "readouts", "lr": 0.003, "parameter_update_range": [846.0, 846.0], "moment_memory_epochs": [0.07092198581560286, 7.092198581560277], "AdamW_decay_only_retention_per_epoch": 1.0}, {"name": "lr_source_maps", "lr": 0.003, "parameter_update_range": [846.0, 846.0], "moment_memory_epochs": [0.07092198581560286, 7.092198581560277], "AdamW_decay_only_retention_per_epoch": 1.0}, {"name": "field_dependent_charges_map", "lr": 0.003, "parameter_update_range": [846.0, 846.0], "moment_memory_epochs": [0.07092198581560286, 7.092198581560277], "AdamW_decay_only_retention_per_epoch": 0.9957788706654026}, {"name": "electronic_references", "lr": 0.003, "parameter_update_range": [846.0, 846.0], "moment_memory_epochs": [0.07092198581560286, 7.092198581560277], "AdamW_decay_only_retention_per_epoch": 1.0}, {"name": "layer_feature_mixer", "lr": 0.003, "parameter_update_range": [846.0, 846.0], "moment_memory_epochs": [0.07092198581560286, 7.092198581560277], "AdamW_decay_only_retention_per_epoch": 0.9995770888176574}], "EMA_asymptotic_memory_epochs": 0.7092198581560277}
2026-10-07 22:47:35.420 INFO: Batching: optimizer graphs=8, device graphs<=8; one clipping/Adam/EMA update per optimizer batch
2026-10-07 22:52:49.133 INFO: Full validation audit {"graphs": 279, "index_convention": "supplied loader order, zero based", "force_rmse_by_element_column_eV_A": {"0": 0.16976311735942584, "1": 0.37220625856630324, "2": 0.16242820676298284, "3": 0.1459502216730675, "4": 0.14401684477633167}, "force_target_rms_by_element_column_eV_A": {"0": 0.6667205065800093, "1": 1.485388937044054, "2": 0.6623370749424797, "3": 0.6101502819784279, "4": 0.42143582945433244}, "force_rmse_over_target_rms_by_element_column": {"0": 0.25462411262890045, "1": 0.25057831607861525, "2": 0.2452349610311167, "3": 0.2392037273175064, "4": 0.34172900050477933}, "density_observers": {"density_RMSE_e_A3": 0.00030329049630069575, "farfield_RMSE_e_A3": 9.575520493103757e-05, "scope": "Different Gaussian resolutions of the same error; smaller farfield RMSE is not an accuracy gain."}, "largest_force_errors": [{"index": 250, "atoms": 179, "composition": [13, 8, 56, 54, 48], "charge": -0.0, "force_rmse": 0.3807678061898404}, {"index": 145, "atoms": 346, "composition": [25, 5, 153, 150, 13], "charge": -0.0, "force_rmse": 0.36304440902447493}, {"index": 248, "atoms": 175, "composition": [8, 7, 58, 54, 48], "charge": -0.0, "force_rmse": 0.3357155100411933}, {"index": 152, "atoms": 342, "composition": [17, 13, 149, 150, 13], "charge": -0.0, "force_rmse": 0.26893526330034256}, {"index": 169, "atoms": 347, "composition": [12, 8, 164, 150, 13], "charge": -0.0, "force_rmse": 0.2612932736632422}, {"index": 231, "atoms": 181, "composition": [12, 10, 57, 54, 48], "charge": -0.0, "force_rmse": 0.2592382505035571}, {"index": 175, "atoms": 352, "composition": [9, 16, 164, 150, 13], "charge": -0.0, "force_rmse": 0.25607447575996556}, {"index": 160, "atoms": 360, "composition": [21, 18, 158, 150, 13], "charge": -0.0, "force_rmse": 0.24656812940483575}], "atomic_numbers": [1, 6, 8, 25, 45]}
2026-10-07 22:52:49.154 INFO: Epoch 10: loss=14.5594, RMSE_E_per_atom=14.0452 meV, RMSE_F=163.2728 meV/A, RMSE_dip_per_atom=1.2273 meA, RMSE_rho=0.3033 me/A^3
2026-10-07 22:52:49.154 INFO: 50-step electronic residual maximum: 1.9151e-15
2026-10-07 22:52:49.171 INFO: Optimizer epoch 10: lr=[0.003, 0.003, 0.003, 0.003, 0.003, 0.003, 0.003, 0.003, 0.003], mean gradient norm=13.847, clipped=112/141
2026-10-07 22:52:49.171 INFO: Epoch timing: train=57.079s, validation=28.169s, updates=141, train/update=0.40482s, peak allocated=11543.7 MiB, backbone=CuEq
2026-10-07 22:52:49.171 INFO: Optimization budget: graphs=1125/1125, updates=141, mean retained gradient=0.77189, min retained gradient=0.27645
2026-10-07 22:52:49.171 INFO: Optimizer time scales {"updates_per_epoch": 141, "groups": [{"name": "embedding", "lr": 0.003, "parameter_update_range": [1551.0, 1551.0], "moment_memory_epochs": [0.07092198581560286, 7.092198581560277], "AdamW_decay_only_retention_per_epoch": 1.0}, {"name": "interactions_decay", "lr": 0.003, "parameter_update_range": [1551.0, 1551.0], "moment_memory_epochs": [0.07092198581560286, 7.092198581560277], "AdamW_decay_only_retention_per_epoch": 0.9995770888176574}, {"name": "interactions_no_decay", "lr": 0.003, "parameter_update_range": [1551.0, 1551.0], "moment_memory_epochs": [0.07092198581560286, 7.092198581560277], "AdamW_decay_only_retention_per_epoch": 1.0}, {"name": "products", "lr": 0.003, "parameter_update_range": [1551.0, 1551.0], "moment_memory_epochs": [0.07092198581560286, 7.092198581560277], "AdamW_decay_only_retention_per_epoch": 0.9995770888176574}, {"name": "readouts", "lr": 0.003, "parameter_update_range": [1551.0, 1551.0], "moment_memory_epochs": [0.07092198581560286, 7.092198581560277], "AdamW_decay_only_retention_per_epoch": 1.0}, {"name": "lr_source_maps", "lr": 0.003, "parameter_update_range": [1551.0, 1551.0], "moment_memory_epochs": [0.07092198581560286, 7.092198581560277], "AdamW_decay_only_retention_per_epoch": 1.0}, {"name": "field_dependent_charges_map", "lr": 0.003, "parameter_update_range": [1551.0, 1551.0], "moment_memory_epochs": [0.07092198581560286, 7.092198581560277], "AdamW_decay_only_retention_per_epoch": 0.9957788706654026}, {"name": "electronic_references", "lr": 0.003, "parameter_update_range": [1551.0, 1551.0], "moment_memory_epochs": [0.07092198581560286, 7.092198581560277], "AdamW_decay_only_retention_per_epoch": 1.0}, {"name": "layer_feature_mixer", "lr": 0.003, "parameter_update_range": [1551.0, 1551.0], "moment_memory_epochs": [0.07092198581560286, 7.092198581560277], "AdamW_decay_only_retention_per_epoch": 0.9995770888176574}], "EMA_asymptotic_memory_epochs": 0.7092198581560277}
2026-10-07 22:52:49.171 INFO: Batching: optimizer graphs=8, device graphs<=8; one clipping/Adam/EMA update per optimizer batch
2026-10-07 22:58:03.800 INFO: Full validation audit {"graphs": 279, "index_convention": "supplied loader order, zero based", "force_rmse_by_element_column_eV_A": {"0": 0.1498549024752764, "1": 0.3292413747694649, "2": 0.1449743697634609, "3": 0.13037888485939672, "4": 0.13090976312523542}, "force_target_rms_by_element_column_eV_A": {"0": 0.6667205065800093, "1": 1.485388937044054, "2": 0.6623370749424797, "3": 0.6101502819784279, "4": 0.42143582945433244}, "force_rmse_over_target_rms_by_element_column": {"0": 0.22476420178519466, "1": 0.22165331015906187, "2": 0.21888306611260003, "3": 0.21368323298424094, "4": 0.310627986459374}, "density_observers": {"density_RMSE_e_A3": 0.00027823443552798334, "farfield_RMSE_e_A3": 8.70291768721564e-05, "scope": "Different Gaussian resolutions of the same error; smaller farfield RMSE is not an accuracy gain."}, "largest_force_errors": [{"index": 250, "atoms": 179, "composition": [13, 8, 56, 54, 48], "charge": -0.0, "force_rmse": 0.32973088689333807}, {"index": 145, "atoms": 346, "composition": [25, 5, 153, 150, 13], "charge": -0.0, "force_rmse": 0.31587212615277105}, {"index": 248, "atoms": 175, "composition": [8, 7, 58, 54, 48], "charge": -0.0, "force_rmse": 0.29652721323349496}, {"index": 231, "atoms": 181, "composition": [12, 10, 57, 54, 48], "charge": -0.0, "force_rmse": 0.24584619246906542}, {"index": 152, "atoms": 342, "composition": [17, 13, 149, 150, 13], "charge": -0.0, "force_rmse": 0.23922908047205865}, {"index": 169, "atoms": 347, "composition": [12, 8, 164, 150, 13], "charge": -0.0, "force_rmse": 0.22545532798785398}, {"index": 175, "atoms": 352, "composition": [9, 16, 164, 150, 13], "charge": -0.0, "force_rmse": 0.22483658940446316}, {"index": 160, "atoms": 360, "composition": [21, 18, 158, 150, 13], "charge": -0.0, "force_rmse": 0.2198360002485703}], "atomic_numbers": [1, 6, 8, 25, 45]}
2026-10-07 22:58:03.819 INFO: Epoch 15: loss=11.71, RMSE_E_per_atom=11.5531 meV, RMSE_F=146.2505 meV/A, RMSE_dip_per_atom=1.0799 meA, RMSE_rho=0.2782 me/A^3
2026-10-07 22:58:03.819 INFO: 50-step electronic residual maximum: 7.284e-11
2026-10-07 22:58:03.825 INFO: Optimizer epoch 15: lr=[0.003, 0.003, 0.003, 0.003, 0.003, 0.003, 0.003, 0.003, 0.003], mean gradient norm=13.879, clipped=109/141
2026-10-07 22:58:03.825 INFO: Epoch timing: train=57.162s, validation=28.154s, updates=141, train/update=0.40540s, peak allocated=11082.7 MiB, backbone=CuEq
2026-10-07 22:58:03.825 INFO: Optimization budget: graphs=1125/1125, updates=141, mean retained gradient=0.76655, min retained gradient=0.22224
2026-10-07 22:58:03.825 INFO: Optimizer time scales {"updates_per_epoch": 141, "groups": [{"name": "embedding", "lr": 0.003, "parameter_update_range": [2256.0, 2256.0], "moment_memory_epochs": [0.07092198581560286, 7.092198581560277], "AdamW_decay_only_retention_per_epoch": 1.0}, {"name": "interactions_decay", "lr": 0.003, "parameter_update_range": [2256.0, 2256.0], "moment_memory_epochs": [0.07092198581560286, 7.092198581560277], "AdamW_decay_only_retention_per_epoch": 0.9995770888176574}, {"name": "interactions_no_decay", "lr": 0.003, "parameter_update_range": [2256.0, 2256.0], "moment_memory_epochs": [0.07092198581560286, 7.092198581560277], "AdamW_decay_only_retention_per_epoch": 1.0}, {"name": "products", "lr": 0.003, "parameter_update_range": [2256.0, 2256.0], "moment_memory_epochs": [0.07092198581560286, 7.092198581560277], "AdamW_decay_only_retention_per_epoch": 0.9995770888176574}, {"name": "readouts", "lr": 0.003, "parameter_update_range": [2256.0, 2256.0], "moment_memory_epochs": [0.07092198581560286, 7.092198581560277], "AdamW_decay_only_retention_per_epoch": 1.0}, {"name": "lr_source_maps", "lr": 0.003, "parameter_update_range": [2256.0, 2256.0], "moment_memory_epochs": [0.07092198581560286, 7.092198581560277], "AdamW_decay_only_retention_per_epoch": 1.0}, {"name": "field_dependent_charges_map", "lr": 0.003, "parameter_update_range": [2256.0, 2256.0], "moment_memory_epochs": [0.07092198581560286, 7.092198581560277], "AdamW_decay_only_retention_per_epoch": 0.9957788706654026}, {"name": "electronic_references", "lr": 0.003, "parameter_update_range": [2256.0, 2256.0], "moment_memory_epochs": [0.07092198581560286, 7.092198581560277], "AdamW_decay_only_retention_per_epoch": 1.0}, {"name": "layer_feature_mixer", "lr": 0.003, "parameter_update_range": [2256.0, 2256.0], "moment_memory_epochs": [0.07092198581560286, 7.092198581560277], "AdamW_decay_only_retention_per_epoch": 0.9995770888176574}], "EMA_asymptotic_memory_epochs": 0.7092198581560277}
2026-10-07 22:58:03.825 INFO: Batching: optimizer graphs=8, device graphs<=8; one clipping/Adam/EMA update per optimizer batch
2026-10-07 23:03:18.460 INFO: Full validation audit {"graphs": 279, "index_convention": "supplied loader order, zero based", "force_rmse_by_element_column_eV_A": {"0": 0.13738956811120198, "1": 0.30777870673195834, "2": 0.13516075018569054, "3": 0.12238319862010998, "4": 0.1244215567273974}, "force_target_rms_by_element_column_eV_A": {"0": 0.6667205065800093, "1": 1.485388937044054, "2": 0.6623370749424797, "3": 0.6101502819784279, "4": 0.42143582945433244}, "force_rmse_over_target_rms_by_element_column": {"0": 0.20606771016531594, "1": 0.20720411944392322, "2": 0.20406641164912667, "3": 0.20057877908911115, "4": 0.29523250761212255}, "density_observers": {"density_RMSE_e_A3": 0.0002671226751467157, "farfield_RMSE_e_A3": 8.365958915825797e-05, "scope": "Different Gaussian resolutions of the same error; smaller farfield RMSE is not an accuracy gain."}, "largest_force_errors": [{"index": 250, "atoms": 179, "composition": [13, 8, 56, 54, 48], "charge": -0.0, "force_rmse": 0.3174972872468652}, {"index": 145, "atoms": 346, "composition": [25, 5, 153, 150, 13], "charge": -0.0, "force_rmse": 0.28099830861196046}, {"index": 248, "atoms": 175, "composition": [8, 7, 58, 54, 48], "charge": -0.0, "force_rmse": 0.2600794149952629}, {"index": 231, "atoms": 181, "composition": [12, 10, 57, 54, 48], "charge": -0.0, "force_rmse": 0.23271998406298544}, {"index": 152, "atoms": 342, "composition": [17, 13, 149, 150, 13], "charge": -0.0, "force_rmse": 0.22429407799036397}, {"index": 169, "atoms": 347, "composition": [12, 8, 164, 150, 13], "charge": -0.0, "force_rmse": 0.208667704330423}, {"index": 160, "atoms": 360, "composition": [21, 18, 158, 150, 13], "charge": -0.0, "force_rmse": 0.20859114374143906}, {"index": 175, "atoms": 352, "composition": [9, 16, 164, 150, 13], "charge": -0.0, "force_rmse": 0.2072486346369029}], "atomic_numbers": [1, 6, 8, 25, 45]}
2026-10-07 23:03:18.494 INFO: Epoch 20: loss=10.3487, RMSE_E_per_atom=10.1273 meV, RMSE_F=137.3094 meV/A, RMSE_dip_per_atom=0.9936 meA, RMSE_rho=0.2671 me/A^3
2026-10-07 23:03:18.494 INFO: 50-step electronic residual maximum: 3.3605e-10
2026-10-07 23:03:18.511 INFO: Optimizer epoch 20: lr=[0.003, 0.003, 0.003, 0.003, 0.003, 0.003, 0.003, 0.003, 0.003], mean gradient norm=13.148, clipped=107/141
2026-10-07 23:03:18.511 INFO: Epoch timing: train=57.259s, validation=28.155s, updates=141, train/update=0.40609s, peak allocated=10910.4 MiB, backbone=CuEq
2026-10-07 23:03:18.511 INFO: Optimization budget: graphs=1125/1125, updates=141, mean retained gradient=0.79654, min retained gradient=0.30608
2026-10-07 23:03:18.511 INFO: Optimizer time scales {"updates_per_epoch": 141, "groups": [{"name": "embedding", "lr": 0.003, "parameter_update_range": [2961.0, 2961.0], "moment_memory_epochs": [0.07092198581560286, 7.092198581560277], "AdamW_decay_only_retention_per_epoch": 1.0}, {"name": "interactions_decay", "lr": 0.003, "parameter_update_range": [2961.0, 2961.0], "moment_memory_epochs": [0.07092198581560286, 7.092198581560277], "AdamW_decay_only_retention_per_epoch": 0.9995770888176574}, {"name": "interactions_no_decay", "lr": 0.003, "parameter_update_range": [2961.0, 2961.0], "moment_memory_epochs": [0.07092198581560286, 7.092198581560277], "AdamW_decay_only_retention_per_epoch": 1.0}, {"name": "products", "lr": 0.003, "parameter_update_range": [2961.0, 2961.0], "moment_memory_epochs": [0.07092198581560286, 7.092198581560277], "AdamW_decay_only_retention_per_epoch": 0.9995770888176574}, {"name": "readouts", "lr": 0.003, "parameter_update_range": [2961.0, 2961.0], "moment_memory_epochs": [0.07092198581560286, 7.092198581560277], "AdamW_decay_only_retention_per_epoch": 1.0}, {"name": "lr_source_maps", "lr": 0.003, "parameter_update_range": [2961.0, 2961.0], "moment_memory_epochs": [0.07092198581560286, 7.092198581560277], "AdamW_decay_only_retention_per_epoch": 1.0}, {"name": "field_dependent_charges_map", "lr": 0.003, "parameter_update_range": [2961.0, 2961.0], "moment_memory_epochs": [0.07092198581560286, 7.092198581560277], "AdamW_decay_only_retention_per_epoch": 0.9957788706654026}, {"name": "electronic_references", "lr": 0.003, "parameter_update_range": [2961.0, 2961.0], "moment_memory_epochs": [0.07092198581560286, 7.092198581560277], "AdamW_decay_only_retention_per_epoch": 1.0}, {"name": "layer_feature_mixer", "lr": 0.003, "parameter_update_range": [2961.0, 2961.0], "moment_memory_epochs": [0.07092198581560286, 7.092198581560277], "AdamW_decay_only_retention_per_epoch": 0.9995770888176574}], "EMA_asymptotic_memory_epochs": 0.7092198581560277}
2026-10-07 23:03:18.511 INFO: Batching: optimizer graphs=8, device graphs<=8; one clipping/Adam/EMA update per optimizer batch
2026-10-07 23:08:33.608 INFO: Full validation audit {"graphs": 279, "index_convention": "supplied loader order, zero based", "force_rmse_by_element_column_eV_A": {"0": 0.1292306668683108, "1": 0.29280016638236384, "2": 0.12813001665785673, "3": 0.11707623847583677, "4": 0.11998907879073814}, "force_target_rms_by_element_column_eV_A": {"0": 0.6667205065800093, "1": 1.485388937044054, "2": 0.6623370749424797, "3": 0.6101502819784279, "4": 0.42143582945433244}, "force_rmse_over_target_rms_by_element_column": {"0": 0.19383034658887094, "1": 0.19712020136964295, "2": 0.19345137318333583, "3": 0.19188098724827934, "4": 0.28471494449367973}, "density_observers": {"density_RMSE_e_A3": 0.00025995400008654125, "farfield_RMSE_e_A3": 8.233498093046908e-05, "scope": "Different Gaussian resolutions of the same error; smaller farfield RMSE is not an accuracy gain."}, "largest_force_errors": [{"index": 250, "atoms": 179, "composition": [13, 8, 56, 54, 48], "charge": -0.0, "force_rmse": 0.3182818127407152}, {"index": 145, "atoms": 346, "composition": [25, 5, 153, 150, 13], "charge": -0.0, "force_rmse": 0.25678917281243663}, {"index": 248, "atoms": 175, "composition": [8, 7, 58, 54, 48], "charge": -0.0, "force_rmse": 0.22577716943840187}, {"index": 231, "atoms": 181, "composition": [12, 10, 57, 54, 48], "charge": -0.0, "force_rmse": 0.2166293702626649}, {"index": 152, "atoms": 342, "composition": [17, 13, 149, 150, 13], "charge": -0.0, "force_rmse": 0.21332759622042932}, {"index": 169, "atoms": 347, "composition": [12, 8, 164, 150, 13], "charge": -0.0, "force_rmse": 0.21020204589111266}, {"index": 160, "atoms": 360, "composition": [21, 18, 158, 150, 13], "charge": -0.0, "force_rmse": 0.20395659871037797}, {"index": 175, "atoms": 352, "composition": [9, 16, 164, 150, 13], "charge": -0.0, "force_rmse": 0.19688660505215305}], "atomic_numbers": [1, 6, 8, 25, 45]}
2026-10-07 23:08:33.631 INFO: Epoch 25: loss=9.47405, RMSE_E_per_atom=8.8145 meV, RMSE_F=131.1431 meV/A, RMSE_dip_per_atom=0.9800 meA, RMSE_rho=0.2600 me/A^3
2026-10-07 23:08:33.631 INFO: 50-step electronic residual maximum: 3.836e-11
2026-10-07 23:08:33.640 INFO: Optimizer epoch 25: lr=[0.003, 0.003, 0.003, 0.003, 0.003, 0.003, 0.003, 0.003, 0.003], mean gradient norm=12.378, clipped=93/141
2026-10-07 23:08:33.640 INFO: Epoch timing: train=57.279s, validation=28.120s, updates=141, train/update=0.40624s, peak allocated=11214.5 MiB, backbone=CuEq
2026-10-07 23:08:33.640 INFO: Optimization budget: graphs=1125/1125, updates=141, mean retained gradient=0.82214, min retained gradient=0.34074
2026-10-07 23:08:33.640 INFO: Optimizer time scales {"updates_per_epoch": 141, "groups": [{"name": "embedding", "lr": 0.003, "parameter_update_range": [3666.0, 3666.0], "moment_memory_epochs": [0.07092198581560286, 7.092198581560277], "AdamW_decay_only_retention_per_epoch": 1.0}, {"name": "interactions_decay", "lr": 0.003, "parameter_update_range": [3666.0, 3666.0], "moment_memory_epochs": [0.07092198581560286, 7.092198581560277], "AdamW_decay_only_retention_per_epoch": 0.9995770888176574}, {"name": "interactions_no_decay", "lr": 0.003, "parameter_update_range": [3666.0, 3666.0], "moment_memory_epochs": [0.07092198581560286, 7.092198581560277], "AdamW_decay_only_retention_per_epoch": 1.0}, {"name": "products", "lr": 0.003, "parameter_update_range": [3666.0, 3666.0], "moment_memory_epochs": [0.07092198581560286, 7.092198581560277], "AdamW_decay_only_retention_per_epoch": 0.9995770888176574}, {"name": "readouts", "lr": 0.003, "parameter_update_range": [3666.0, 3666.0], "moment_memory_epochs": [0.07092198581560286, 7.092198581560277], "AdamW_decay_only_retention_per_epoch": 1.0}, {"name": "lr_source_maps", "lr": 0.003, "parameter_update_range": [3666.0, 3666.0], "moment_memory_epochs": [0.07092198581560286, 7.092198581560277], "AdamW_decay_only_retention_per_epoch": 1.0}, {"name": "field_dependent_charges_map", "lr": 0.003, "parameter_update_range": [3666.0, 3666.0], "moment_memory_epochs": [0.07092198581560286, 7.092198581560277], "AdamW_decay_only_retention_per_epoch": 0.9957788706654026}, {"name": "electronic_references", "lr": 0.003, "parameter_update_range": [3666.0, 3666.0], "moment_memory_epochs": [0.07092198581560286, 7.092198581560277], "AdamW_decay_only_retention_per_epoch": 1.0}, {"name": "layer_feature_mixer", "lr": 0.003, "parameter_update_range": [3666.0, 3666.0], "moment_memory_epochs": [0.07092198581560286, 7.092198581560277], "AdamW_decay_only_retention_per_epoch": 0.9995770888176574}], "EMA_asymptotic_memory_epochs": 0.7092198581560277}
2026-10-07 23:08:33.640 INFO: Batching: optimizer graphs=8, device graphs<=8; one clipping/Adam/EMA update per optimizer batch
2026-10-07 23:13:48.552 INFO: Full validation audit {"graphs": 279, "index_convention": "supplied loader order, zero based", "force_rmse_by_element_column_eV_A": {"0": 0.12411472239032648, "1": 0.2839513297344504, "2": 0.12360678635080033, "3": 0.11357602698284026, "4": 0.11694602590068222}, "force_target_rms_by_element_column_eV_A": {"0": 0.6667205065800093, "1": 1.485388937044054, "2": 0.6623370749424797, "3": 0.6101502819784279, "4": 0.42143582945433244}, "force_rmse_over_target_rms_by_element_column": {"0": 0.18615704956636456, "1": 0.19116294907885728, "2": 0.18662217627110017, "3": 0.18614434892100204, "4": 0.27749426538341987}, "density_observers": {"density_RMSE_e_A3": 0.0002561626783095605, "farfield_RMSE_e_A3": 8.04847900593166e-05, "scope": "Different Gaussian resolutions of the same error; smaller farfield RMSE is not an accuracy gain."}, "largest_force_errors": [{"index": 250, "atoms": 179, "composition": [13, 8, 56, 54, 48], "charge": -0.0, "force_rmse": 0.31747327626770144}, {"index": 145, "atoms": 346, "composition": [25, 5, 153, 150, 13], "charge": -0.0, "force_rmse": 0.24348781097357536}, {"index": 248, "atoms": 175, "composition": [8, 7, 58, 54, 48], "charge": -0.0, "force_rmse": 0.21906654110825094}, {"index": 152, "atoms": 342, "composition": [17, 13, 149, 150, 13], "charge": -0.0, "force_rmse": 0.21141378122653137}, {"index": 231, "atoms": 181, "composition": [12, 10, 57, 54, 48], "charge": -0.0, "force_rmse": 0.20567391423904705}, {"index": 169, "atoms": 347, "composition": [12, 8, 164, 150, 13], "charge": -0.0, "force_rmse": 0.19669084591379604}, {"index": 160, "atoms": 360, "composition": [21, 18, 158, 150, 13], "charge": -0.0, "force_rmse": 0.19531619297587188}, {"index": 261, "atoms": 179, "composition": [10, 7, 60, 54, 48], "charge": -0.0, "force_rmse": 0.19049180520782286}], "atomic_numbers": [1, 6, 8, 25, 45]}
2026-10-07 23:13:48.596 INFO: Epoch 30: loss=8.91804, RMSE_E_per_atom=8.0095 meV, RMSE_F=127.1563 meV/A, RMSE_dip_per_atom=0.9485 meA, RMSE_rho=0.2562 me/A^3
2026-10-07 23:13:48.596 INFO: 50-step electronic residual maximum: 2.13e-12
2026-10-07 23:13:48.603 INFO: Optimizer epoch 30: lr=[0.003, 0.003, 0.003, 0.003, 0.003, 0.003, 0.003, 0.003, 0.003], mean gradient norm=12.368, clipped=94/141
2026-10-07 23:13:48.603 INFO: Epoch timing: train=57.193s, validation=28.109s, updates=141, train/update=0.40562s, peak allocated=10977.3 MiB, backbone=CuEq
2026-10-07 23:13:48.603 INFO: Optimization budget: graphs=1125/1125, updates=141, mean retained gradient=0.82262, min retained gradient=0.29813
2026-10-07 23:13:48.604 INFO: Optimizer time scales {"updates_per_epoch": 141, "groups": [{"name": "embedding", "lr": 0.003, "parameter_update_range": [4371.0, 4371.0], "moment_memory_epochs": [0.07092198581560286, 7.092198581560277], "AdamW_decay_only_retention_per_epoch": 1.0}, {"name": "interactions_decay", "lr": 0.003, "parameter_update_range": [4371.0, 4371.0], "moment_memory_epochs": [0.07092198581560286, 7.092198581560277], "AdamW_decay_only_retention_per_epoch": 0.9995770888176574}, {"name": "interactions_no_decay", "lr": 0.003, "parameter_update_range": [4371.0, 4371.0], "moment_memory_epochs": [0.07092198581560286, 7.092198581560277], "AdamW_decay_only_retention_per_epoch": 1.0}, {"name": "products", "lr": 0.003, "parameter_update_range": [4371.0, 4371.0], "moment_memory_epochs": [0.07092198581560286, 7.092198581560277], "AdamW_decay_only_retention_per_epoch": 0.9995770888176574}, {"name": "readouts", "lr": 0.003, "parameter_update_range": [4371.0, 4371.0], "moment_memory_epochs": [0.07092198581560286, 7.092198581560277], "AdamW_decay_only_retention_per_epoch": 1.0}, {"name": "lr_source_maps", "lr": 0.003, "parameter_update_range": [4371.0, 4371.0], "moment_memory_epochs": [0.07092198581560286, 7.092198581560277], "AdamW_decay_only_retention_per_epoch": 1.0}, {"name": "field_dependent_charges_map", "lr": 0.003, "parameter_update_range": [4371.0, 4371.0], "moment_memory_epochs": [0.07092198581560286, 7.092198581560277], "AdamW_decay_only_retention_per_epoch": 0.9957788706654026}, {"name": "electronic_references", "lr": 0.003, "parameter_update_range": [4371.0, 4371.0], "moment_memory_epochs": [0.07092198581560286, 7.092198581560277], "AdamW_decay_only_retention_per_epoch": 1.0}, {"name": "layer_feature_mixer", "lr": 0.003, "parameter_update_range": [4371.0, 4371.0], "moment_memory_epochs": [0.07092198581560286, 7.092198581560277], "AdamW_decay_only_retention_per_epoch": 0.9995770888176574}], "EMA_asymptotic_memory_epochs": 0.7092198581560277}
2026-10-07 23:13:48.604 INFO: Batching: optimizer graphs=8, device graphs<=8; one clipping/Adam/EMA update per optimizer batch
2026-10-07 23:19:03.584 INFO: Full validation audit {"graphs": 279, "index_convention": "supplied loader order, zero based", "force_rmse_by_element_column_eV_A": {"0": 0.12055213318030689, "1": 0.2763157454372699, "2": 0.11991234197821142, "3": 0.11077765179046795, "4": 0.11482257314029928}, "force_target_rms_by_element_column_eV_A": {"0": 0.6667205065800093, "1": 1.485388937044054, "2": 0.6623370749424797, "3": 0.6101502819784279, "4": 0.42143582945433244}, "force_rmse_over_target_rms_by_element_column": {"0": 0.1808135972878466, "1": 0.18602248781194122, "2": 0.1810442847225865, "3": 0.18155797852173167, "4": 0.27245565069531336}, "density_observers": {"density_RMSE_e_A3": 0.00025179687267644677, "farfield_RMSE_e_A3": 7.945017287432483e-05, "scope": "Different Gaussian resolutions of the same error; smaller farfield RMSE is not an accuracy gain."}, "largest_force_errors": [{"index": 250, "atoms": 179, "composition": [13, 8, 56, 54, 48], "charge": -0.0, "force_rmse": 0.32551606315641785}, {"index": 145, "atoms": 346, "composition": [25, 5, 153, 150, 13], "charge": -0.0, "force_rmse": 0.23486812404983595}, {"index": 152, "atoms": 342, "composition": [17, 13, 149, 150, 13], "charge": -0.0, "force_rmse": 0.21196338505380255}, {"index": 248, "atoms": 175, "composition": [8, 7, 58, 54, 48], "charge": -0.0, "force_rmse": 0.20511728716986213}, {"index": 231, "atoms": 181, "composition": [12, 10, 57, 54, 48], "charge": -0.0, "force_rmse": 0.20163186926035354}, {"index": 169, "atoms": 347, "composition": [12, 8, 164, 150, 13], "charge": -0.0, "force_rmse": 0.19934189138501976}, {"index": 160, "atoms": 360, "composition": [21, 18, 158, 150, 13], "charge": -0.0, "force_rmse": 0.1893886404223697}, {"index": 261, "atoms": 179, "composition": [10, 7, 60, 54, 48], "charge": -0.0, "force_rmse": 0.18596952569938377}], "atomic_numbers": [1, 6, 8, 25, 45]}
2026-10-07 23:19:03.619 INFO: Epoch 35: loss=8.49083, RMSE_E_per_atom=7.5536 meV, RMSE_F=124.0336 meV/A, RMSE_dip_per_atom=0.9003 meA, RMSE_rho=0.2518 me/A^3
2026-10-07 23:19:03.619 INFO: 50-step electronic residual maximum: 2.145e-13
2026-10-07 23:19:03.627 INFO: Optimizer epoch 35: lr=[0.003, 0.003, 0.003, 0.003, 0.003, 0.003, 0.003, 0.003, 0.003], mean gradient norm=12.239, clipped=92/141
2026-10-07 23:19:03.627 INFO: Epoch timing: train=57.345s, validation=27.855s, updates=141, train/update=0.40670s, peak allocated=11217.6 MiB, backbone=CuEq
2026-10-07 23:19:03.627 INFO: Optimization budget: graphs=1125/1125, updates=141, mean retained gradient=0.83761, min retained gradient=0.32173
2026-10-07 23:19:03.627 INFO: Optimizer time scales {"updates_per_epoch": 141, "groups": [{"name": "embedding", "lr": 0.003, "parameter_update_range": [5076.0, 5076.0], "moment_memory_epochs": [0.07092198581560286, 7.092198581560277], "AdamW_decay_only_retention_per_epoch": 1.0}, {"name": "interactions_decay", "lr": 0.003, "parameter_update_range": [5076.0, 5076.0], "moment_memory_epochs": [0.07092198581560286, 7.092198581560277], "AdamW_decay_only_retention_per_epoch": 0.9995770888176574}, {"name": "interactions_no_decay", "lr": 0.003, "parameter_update_range": [5076.0, 5076.0], "moment_memory_epochs": [0.07092198581560286, 7.092198581560277], "AdamW_decay_only_retention_per_epoch": 1.0}, {"name": "products", "lr": 0.003, "parameter_update_range": [5076.0, 5076.0], "moment_memory_epochs": [0.07092198581560286, 7.092198581560277], "AdamW_decay_only_retention_per_epoch": 0.9995770888176574}, {"name": "readouts", "lr": 0.003, "parameter_update_range": [5076.0, 5076.0], "moment_memory_epochs": [0.07092198581560286, 7.092198581560277], "AdamW_decay_only_retention_per_epoch": 1.0}, {"name": "lr_source_maps", "lr": 0.003, "parameter_update_range": [5076.0, 5076.0], "moment_memory_epochs": [0.07092198581560286, 7.092198581560277], "AdamW_decay_only_retention_per_epoch": 1.0}, {"name": "field_dependent_charges_map", "lr": 0.003, "parameter_update_range": [5076.0, 5076.0], "moment_memory_epochs": [0.07092198581560286, 7.092198581560277], "AdamW_decay_only_retention_per_epoch": 0.9957788706654026}, {"name": "electronic_references", "lr": 0.003, "parameter_update_range": [5076.0, 5076.0], "moment_memory_epochs": [0.07092198581560286, 7.092198581560277], "AdamW_decay_only_retention_per_epoch": 1.0}, {"name": "layer_feature_mixer", "lr": 0.003, "parameter_update_range": [5076.0, 5076.0], "moment_memory_epochs": [0.07092198581560286, 7.092198581560277], "AdamW_decay_only_retention_per_epoch": 0.9995770888176574}], "EMA_asymptotic_memory_epochs": 0.7092198581560277}
2026-10-07 23:19:03.627 INFO: Batching: optimizer graphs=8, device graphs<=8; one clipping/Adam/EMA update per optimizer batch
2026-10-07 23:24:18.414 INFO: Full validation audit {"graphs": 279, "index_convention": "supplied loader order, zero based", "force_rmse_by_element_column_eV_A": {"0": 0.11817789771718865, "1": 0.27133357222260607, "2": 0.11713048866277614, "3": 0.10852891365668618, "4": 0.11288406475180916}, "force_target_rms_by_element_column_eV_A": {"0": 0.6667205065800093, "1": 1.485388937044054, "2": 0.6623370749424797, "3": 0.6101502819784279, "4": 0.42143582945433244}, "force_rmse_over_target_rms_by_element_column": {"0": 0.1772525316843645, "1": 0.1826683674934081, "2": 0.1768442279528868, "3": 0.17787243055068072, "4": 0.2678558795012029}, "density_observers": {"density_RMSE_e_A3": 0.0002480207704364969, "farfield_RMSE_e_A3": 8.001226748910964e-05, "scope": "Different Gaussian resolutions of the same error; smaller farfield RMSE is not an accuracy gain."}, "largest_force_errors": [{"index": 250, "atoms": 179, "composition": [13, 8, 56, 54, 48], "charge": -0.0, "force_rmse": 0.32816352375061525}, {"index": 145, "atoms": 346, "composition": [25, 5, 153, 150, 13], "charge": -0.0, "force_rmse": 0.23053453787541944}, {"index": 152, "atoms": 342, "composition": [17, 13, 149, 150, 13], "charge": -0.0, "force_rmse": 0.21231246690399916}, {"index": 231, "atoms": 181, "composition": [12, 10, 57, 54, 48], "charge": -0.0, "force_rmse": 0.20192078016780757}, {"index": 169, "atoms": 347, "composition": [12, 8, 164, 150, 13], "charge": -0.0, "force_rmse": 0.19942731688560014}, {"index": 248, "atoms": 175, "composition": [8, 7, 58, 54, 48], "charge": -0.0, "force_rmse": 0.18780905766191458}, {"index": 160, "atoms": 360, "composition": [21, 18, 158, 150, 13], "charge": -0.0, "force_rmse": 0.18522547382602092}, {"index": 214, "atoms": 328, "composition": [16, 11, 138, 150, 13], "charge": -0.0, "force_rmse": 0.18302682050223137}], "atomic_numbers": [1, 6, 8, 25, 45]}
2026-10-07 23:24:18.443 INFO: Epoch 40: loss=8.17121, RMSE_E_per_atom=7.1780 meV, RMSE_F=121.6004 meV/A, RMSE_dip_per_atom=0.8929 meA, RMSE_rho=0.2480 me/A^3
2026-10-07 23:24:18.443 INFO: 50-step electronic residual maximum: 1.7153e-14
2026-10-07 23:24:18.450 INFO: Optimizer epoch 40: lr=[0.003, 0.003, 0.003, 0.003, 0.003, 0.003, 0.003, 0.003, 0.003], mean gradient norm=10.787, clipped=69/141
2026-10-07 23:24:18.450 INFO: Epoch timing: train=57.200s, validation=28.034s, updates=141, train/update=0.40567s, peak allocated=11542.0 MiB, backbone=CuEq
2026-10-07 23:24:18.450 INFO: Optimization budget: graphs=1125/1125, updates=141, mean retained gradient=0.88798, min retained gradient=0.38203
2026-10-07 23:24:18.450 INFO: Optimizer time scales {"updates_per_epoch": 141, "groups": [{"name": "embedding", "lr": 0.003, "parameter_update_range": [5781.0, 5781.0], "moment_memory_epochs": [0.07092198581560286, 7.092198581560277], "AdamW_decay_only_retention_per_epoch": 1.0}, {"name": "interactions_decay", "lr": 0.003, "parameter_update_range": [5781.0, 5781.0], "moment_memory_epochs": [0.07092198581560286, 7.092198581560277], "AdamW_decay_only_retention_per_epoch": 0.9995770888176574}, {"name": "interactions_no_decay", "lr": 0.003, "parameter_update_range": [5781.0, 5781.0], "moment_memory_epochs": [0.07092198581560286, 7.092198581560277], "AdamW_decay_only_retention_per_epoch": 1.0}, {"name": "products", "lr": 0.003, "parameter_update_range": [5781.0, 5781.0], "moment_memory_epochs": [0.07092198581560286, 7.092198581560277], "AdamW_decay_only_retention_per_epoch": 0.9995770888176574}, {"name": "readouts", "lr": 0.003, "parameter_update_range": [5781.0, 5781.0], "moment_memory_epochs": [0.07092198581560286, 7.092198581560277], "AdamW_decay_only_retention_per_epoch": 1.0}, {"name": "lr_source_maps", "lr": 0.003, "parameter_update_range": [5781.0, 5781.0], "moment_memory_epochs": [0.07092198581560286, 7.092198581560277], "AdamW_decay_only_retention_per_epoch": 1.0}, {"name": "field_dependent_charges_map", "lr": 0.003, "parameter_update_range": [5781.0, 5781.0], "moment_memory_epochs": [0.07092198581560286, 7.092198581560277], "AdamW_decay_only_retention_per_epoch": 0.9957788706654026}, {"name": "electronic_references", "lr": 0.003, "parameter_update_range": [5781.0, 5781.0], "moment_memory_epochs": [0.07092198581560286, 7.092198581560277], "AdamW_decay_only_retention_per_epoch": 1.0}, {"name": "layer_feature_mixer", "lr": 0.003, "parameter_update_range": [5781.0, 5781.0], "moment_memory_epochs": [0.07092198581560286, 7.092198581560277], "AdamW_decay_only_retention_per_epoch": 0.9995770888176574}], "EMA_asymptotic_memory_epochs": 0.7092198581560277}
2026-10-07 23:24:18.450 INFO: Batching: optimizer graphs=8, device graphs<=8; one clipping/Adam/EMA update per optimizer batch
2026-10-07 23:29:30.870 INFO: Full validation audit {"graphs": 279, "index_convention": "supplied loader order, zero based", "force_rmse_by_element_column_eV_A": {"0": 0.11679763177346228, "1": 0.26804670708186396, "2": 0.1151921257817497, "3": 0.10648921677058858, "4": 0.11122904150190774}, "force_target_rms_by_element_column_eV_A": {"0": 0.6667205065800093, "1": 1.485388937044054, "2": 0.6623370749424797, "3": 0.6101502819784279, "4": 0.42143582945433244}, "force_rmse_over_target_rms_by_element_column": {"0": 0.17518229996041987, "1": 0.18045556984912037, "2": 0.1739176774782742, "3": 0.17452948874381333, "4": 0.26392877332220444}, "density_observers": {"density_RMSE_e_A3": 0.0002447091193130222, "farfield_RMSE_e_A3": 7.816147777206074e-05, "scope": "Different Gaussian resolutions of the same error; smaller farfield RMSE is not an accuracy gain."}, "largest_force_errors": [{"index": 250, "atoms": 179, "composition": [13, 8, 56, 54, 48], "charge": -0.0, "force_rmse": 0.32921638326119035}, {"index": 145, "atoms": 346, "composition": [25, 5, 153, 150, 13], "charge": -0.0, "force_rmse": 0.22255164226867163}, {"index": 152, "atoms": 342, "composition": [17, 13, 149, 150, 13], "charge": -0.0, "force_rmse": 0.21374762390436594}, {"index": 248, "atoms": 175, "composition": [8, 7, 58, 54, 48], "charge": -0.0, "force_rmse": 0.20174032255588473}, {"index": 169, "atoms": 347, "composition": [12, 8, 164, 150, 13], "charge": -0.0, "force_rmse": 0.19730937988558106}, {"index": 231, "atoms": 181, "composition": [12, 10, 57, 54, 48], "charge": -0.0, "force_rmse": 0.19551338272219124}, {"index": 186, "atoms": 348, "composition": [14, 17, 154, 150, 13], "charge": -0.0, "force_rmse": 0.18318689632282611}, {"index": 261, "atoms": 179, "composition": [10, 7, 60, 54, 48], "charge": -0.0, "force_rmse": 0.1817188224373695}], "atomic_numbers": [1, 6, 8, 25, 45]}
2026-10-07 23:29:30.888 INFO: Epoch 45: loss=7.91135, RMSE_E_per_atom=6.9528 meV, RMSE_F=119.7118 meV/A, RMSE_dip_per_atom=0.8667 meA, RMSE_rho=0.2447 me/A^3
2026-10-07 23:29:30.888 INFO: 50-step electronic residual maximum: 4.0154e-13
2026-10-07 23:29:30.894 INFO: Optimizer epoch 45: lr=[0.003, 0.003, 0.003, 0.003, 0.003, 0.003, 0.003, 0.003, 0.003], mean gradient norm=10.782, clipped=68/141
2026-10-07 23:29:30.894 INFO: Epoch timing: train=56.126s, validation=27.415s, updates=141, train/update=0.39806s, peak allocated=11155.8 MiB, backbone=CuEq
2026-10-07 23:29:30.894 INFO: Optimization budget: graphs=1125/1125, updates=141, mean retained gradient=0.89014, min retained gradient=0.25111
2026-10-07 23:29:30.894 INFO: Optimizer time scales {"updates_per_epoch": 141, "groups": [{"name": "embedding", "lr": 0.003, "parameter_update_range": [6486.0, 6486.0], "moment_memory_epochs": [0.07092198581560286, 7.092198581560277], "AdamW_decay_only_retention_per_epoch": 1.0}, {"name": "interactions_decay", "lr": 0.003, "parameter_update_range": [6486.0, 6486.0], "moment_memory_epochs": [0.07092198581560286, 7.092198581560277], "AdamW_decay_only_retention_per_epoch": 0.9995770888176574}, {"name": "interactions_no_decay", "lr": 0.003, "parameter_update_range": [6486.0, 6486.0], "moment_memory_epochs": [0.07092198581560286, 7.092198581560277], "AdamW_decay_only_retention_per_epoch": 1.0}, {"name": "products", "lr": 0.003, "parameter_update_range": [6486.0, 6486.0], "moment_memory_epochs": [0.07092198581560286, 7.092198581560277], "AdamW_decay_only_retention_per_epoch": 0.9995770888176574}, {"name": "readouts", "lr": 0.003, "parameter_update_range": [6486.0, 6486.0], "moment_memory_epochs": [0.07092198581560286, 7.092198581560277], "AdamW_decay_only_retention_per_epoch": 1.0}, {"name": "lr_source_maps", "lr": 0.003, "parameter_update_range": [6486.0, 6486.0], "moment_memory_epochs": [0.07092198581560286, 7.092198581560277], "AdamW_decay_only_retention_per_epoch": 1.0}, {"name": "field_dependent_charges_map", "lr": 0.003, "parameter_update_range": [6486.0, 6486.0], "moment_memory_epochs": [0.07092198581560286, 7.092198581560277], "AdamW_decay_only_retention_per_epoch": 0.9957788706654026}, {"name": "electronic_references", "lr": 0.003, "parameter_update_range": [6486.0, 6486.0], "moment_memory_epochs": [0.07092198581560286, 7.092198581560277], "AdamW_decay_only_retention_per_epoch": 1.0}, {"name": "layer_feature_mixer", "lr": 0.003, "parameter_update_range": [6486.0, 6486.0], "moment_memory_epochs": [0.07092198581560286, 7.092198581560277], "AdamW_decay_only_retention_per_epoch": 0.9995770888176574}], "EMA_asymptotic_memory_epochs": 0.7092198581560277}
2026-10-07 23:29:30.894 INFO: Batching: optimizer graphs=8, device graphs<=8; one clipping/Adam/EMA update per optimizer batch
2026-10-07 23:33:42.568 INFO: Full validation audit {"graphs": 279, "index_convention": "supplied loader order, zero based", "force_rmse_by_element_column_eV_A": {"0": 0.11494601303041146, "1": 0.2652505223809312, "2": 0.11359899972416684, "3": 0.10504583217380237, "4": 0.1100370317585278}, "force_target_rms_by_element_column_eV_A": {"0": 0.6667205065800093, "1": 1.485388937044054, "2": 0.6623370749424797, "3": 0.6101502819784279, "4": 0.42143582945433244}, "force_rmse_over_target_rms_by_element_column": {"0": 0.1724050961324638, "1": 0.17857311022443972, "2": 0.1715123673758294, "3": 0.17216386729051172, "4": 0.2611003243388247}, "density_observers": {"density_RMSE_e_A3": 0.00024284838271023055, "farfield_RMSE_e_A3": 7.755320597018041e-05, "scope": "Different Gaussian resolutions of the same error; smaller farfield RMSE is not an accuracy gain."}, "largest_force_errors": [{"index": 250, "atoms": 179, "composition": [13, 8, 56, 54, 48], "charge": -0.0, "force_rmse": 0.3299911452459268}, {"index": 145, "atoms": 346, "composition": [25, 5, 153, 150, 13], "charge": -0.0, "force_rmse": 0.22260561283256414}, {"index": 152, "atoms": 342, "composition": [17, 13, 149, 150, 13], "charge": -0.0, "force_rmse": 0.21488494523427834}, {"index": 169, "atoms": 347, "composition": [12, 8, 164, 150, 13], "charge": -0.0, "force_rmse": 0.1956286771676505}, {"index": 231, "atoms": 181, "composition": [12, 10, 57, 54, 48], "charge": -0.0, "force_rmse": 0.1934328831863749}, {"index": 248, "atoms": 175, "composition": [8, 7, 58, 54, 48], "charge": -0.0, "force_rmse": 0.19201211805434676}, {"index": 186, "atoms": 348, "composition": [14, 17, 154, 150, 13], "charge": -0.0, "force_rmse": 0.18055559267692592}, {"index": 214, "atoms": 328, "composition": [16, 11, 138, 150, 13], "charge": -0.0, "force_rmse": 0.1793412935857911}], "atomic_numbers": [1, 6, 8, 25, 45]}
2026-10-07 23:33:42.586 INFO: Epoch 49: loss=7.72533, RMSE_E_per_atom=6.5755 meV, RMSE_F=118.2396 meV/A, RMSE_dip_per_atom=0.8496 meA, RMSE_rho=0.2428 me/A^3
2026-10-07 23:33:42.586 INFO: 50-step electronic residual maximum: 1.8751e-10
2026-10-07 23:33:42.592 INFO: Optimizer epoch 49: lr=[0.003, 0.003, 0.003, 0.003, 0.003, 0.003, 0.003, 0.003, 0.003], mean gradient norm=9.5964, clipped=50/141
2026-10-07 23:33:42.592 INFO: Epoch timing: train=56.156s, validation=27.380s, updates=141, train/update=0.39827s, peak allocated=11253.6 MiB, backbone=CuEq
2026-10-07 23:33:42.592 INFO: Optimization budget: graphs=1125/1125, updates=141, mean retained gradient=0.92617, min retained gradient=0.42851
2026-10-07 23:33:42.592 INFO: Optimizer time scales {"updates_per_epoch": 141, "groups": [{"name": "embedding", "lr": 0.003, "parameter_update_range": [7050.0, 7050.0], "moment_memory_epochs": [0.07092198581560286, 7.092198581560277], "AdamW_decay_only_retention_per_epoch": 1.0}, {"name": "interactions_decay", "lr": 0.003, "parameter_update_range": [7050.0, 7050.0], "moment_memory_epochs": [0.07092198581560286, 7.092198581560277], "AdamW_decay_only_retention_per_epoch": 0.9995770888176574}, {"name": "interactions_no_decay", "lr": 0.003, "parameter_update_range": [7050.0, 7050.0], "moment_memory_epochs": [0.07092198581560286, 7.092198581560277], "AdamW_decay_only_retention_per_epoch": 1.0}, {"name": "products", "lr": 0.003, "parameter_update_range": [7050.0, 7050.0], "moment_memory_epochs": [0.07092198581560286, 7.092198581560277], "AdamW_decay_only_retention_per_epoch": 0.9995770888176574}, {"name": "readouts", "lr": 0.003, "parameter_update_range": [7050.0, 7050.0], "moment_memory_epochs": [0.07092198581560286, 7.092198581560277], "AdamW_decay_only_retention_per_epoch": 1.0}, {"name": "lr_source_maps", "lr": 0.003, "parameter_update_range": [7050.0, 7050.0], "moment_memory_epochs": [0.07092198581560286, 7.092198581560277], "AdamW_decay_only_retention_per_epoch": 1.0}, {"name": "field_dependent_charges_map", "lr": 0.003, "parameter_update_range": [7050.0, 7050.0], "moment_memory_epochs": [0.07092198581560286, 7.092198581560277], "AdamW_decay_only_retention_per_epoch": 0.9957788706654026}, {"name": "electronic_references", "lr": 0.003, "parameter_update_range": [7050.0, 7050.0], "moment_memory_epochs": [0.07092198581560286, 7.092198581560277], "AdamW_decay_only_retention_per_epoch": 1.0}, {"name": "layer_feature_mixer", "lr": 0.003, "parameter_update_range": [7050.0, 7050.0], "moment_memory_epochs": [0.07092198581560286, 7.092198581560277], "AdamW_decay_only_retention_per_epoch": 0.9995770888176574}], "EMA_asymptotic_memory_epochs": 0.7092198581560277}
2026-10-07 23:33:42.592 INFO: Batching: optimizer graphs=8, device graphs<=8; one clipping/Adam/EMA update per optimizer batch
2026-10-07 23:33:42.670 INFO: WeightedLoss(energy_per_atom_weight=100, forces_weight=500, dipole_weight=10, fourier_density_weight=10, fourier_density options: reference=density, )
2026-10-07 23:33:42.670 INFO: FixedPointWrapper: mode=unroll_scf, scf_options=FixedPointSCFOptions(num_scf_steps=25, scf_tolerance=1e-06, mixing_parameter=0.5, constant_charge=True, use_autograd_forces=True, initial_density='local_guess', initial_fermi_level='zero'), linear_solve=inverse, fixedpoint_scf_stability=False
2026-10-07 23:33:42.670 INFO: Setting global learning rate to 0.001
2026-10-07 23:33:42.671 INFO: Runtime inventory {"parameters": 333240, "parameter_MiB": 2.54241943359375, "optimizer_MiB": 5.085227966308594, "batch_size": 8, "layout": "ir_mul", "blocks": {"node_embedding": 320, "radial_embedding": 0, "spherical_harmonics": 0, "atomic_energies_fn": 0, "interactions": 205824, "products": 71424, "readouts": 4224, "electric_potential_descriptor": 0, "lr_source_maps": 16512, "field_dependent_charges_map": 18552, "local_electron_energy": 0, "external_field_contribution": 0, "external_field_contribution_internal": 0, "coulomb_energy": 0, "layer_feature_mixer": 16384}, "optimizer_groups": [{"name": "embedding", "lr": 0.001, "weight_decay": 0.0, "parameters": 320}, {"name": "interactions_decay", "lr": 0.001, "weight_decay": 0.001, "parameters": 57344}, {"name": "interactions_no_decay", "lr": 0.001, "weight_decay": 0.0, "parameters": 148480}, {"name": "products", "lr": 0.001, "weight_decay": 0.001, "parameters": 71424}, {"name": "readouts", "lr": 0.001, "weight_decay": 0.0, "parameters": 4224}, {"name": "lr_source_maps", "lr": 0.001, "weight_decay": 0.0, "parameters": 16512}, {"name": "field_dependent_charges_map", "lr": 0.001, "weight_decay": 0.01, "parameters": 18320}, {"name": "electronic_references", "lr": 0.001, "weight_decay": 0.0, "parameters": 232}, {"name": "layer_feature_mixer", "lr": 0.001, "weight_decay": 0.001, "parameters": 16384}], "gpu": "NVIDIA H100 NVL", "device_MiB": 95319.4375}
2026-10-07 23:33:42.685 INFO: CoupledResponse mode=unroll_scf: 25 training steps; 50 validation/deployment steps
2026-10-07 23:35:37.081 INFO: Full validation audit {"graphs": 279, "index_convention": "supplied loader order, zero based", "force_rmse_by_element_column_eV_A": {"0": 0.11507025518443031, "1": 0.2645008685531907, "2": 0.11303239316312769, "3": 0.10471086889023423, "4": 0.10972820315165518}, "force_target_rms_by_element_column_eV_A": {"0": 0.6667205065800093, "1": 1.485388937044054, "2": 0.6623370749424797, "3": 0.6101502819784279, "4": 0.42143582945433244}, "force_rmse_over_target_rms_by_element_column": {"0": 0.17259144431403714, "1": 0.17806842501436113, "2": 0.17065690180931503, "3": 0.17161488240357203, "4": 0.26036752331601537}, "density_observers": {"density_RMSE_e_A3": 0.0002424340324330057, "farfield_RMSE_e_A3": 7.64263735620011e-05, "scope": "Different Gaussian resolutions of the same error; smaller farfield RMSE is not an accuracy gain."}, "largest_force_errors": [{"index": 250, "atoms": 179, "composition": [13, 8, 56, 54, 48], "charge": -0.0, "force_rmse": 0.331269714807938}, {"index": 145, "atoms": 346, "composition": [25, 5, 153, 150, 13], "charge": -0.0, "force_rmse": 0.22154963862782276}, {"index": 152, "atoms": 342, "composition": [17, 13, 149, 150, 13], "charge": -0.0, "force_rmse": 0.21303022104592}, {"index": 169, "atoms": 347, "composition": [12, 8, 164, 150, 13], "charge": -0.0, "force_rmse": 0.1964565537653007}, {"index": 231, "atoms": 181, "composition": [12, 10, 57, 54, 48], "charge": -0.0, "force_rmse": 0.19399168045522946}, {"index": 248, "atoms": 175, "composition": [8, 7, 58, 54, 48], "charge": -0.0, "force_rmse": 0.18811054627940002}, {"index": 186, "atoms": 348, "composition": [14, 17, 154, 150, 13], "charge": -0.0, "force_rmse": 0.18171230909317673}, {"index": 214, "atoms": 328, "composition": [16, 11, 138, 150, 13], "charge": -0.0, "force_rmse": 0.17879052960321087}], "atomic_numbers": [1, 6, 8, 25, 45]}
2026-10-07 23:35:37.099 INFO: Epoch 50: loss=7.6789, RMSE_E_per_atom=6.6628 meV, RMSE_F=117.8451 meV/A, RMSE_dip_per_atom=0.8431 meA, RMSE_rho=0.2424 me/A^3
2026-10-07 23:35:37.099 INFO: 50-step electronic residual maximum: 2.1525e-07
2026-10-07 23:35:37.104 INFO: Optimizer epoch 50: lr=[0.001, 0.001, 0.001, 0.001, 0.001, 0.001, 0.001, 0.001, 0.001], mean gradient norm=6.2739, clipped=13/141
2026-10-07 23:35:37.104 INFO: Epoch timing: train=86.860s, validation=27.573s, updates=141, train/update=0.61603s, peak allocated=12487.6 MiB, backbone=CuEq
2026-10-07 23:35:37.105 INFO: Optimization budget: graphs=1125/1125, updates=141, mean retained gradient=0.98355, min retained gradient=0.61218
2026-10-07 23:35:37.105 INFO: Optimizer time scales {"updates_per_epoch": 141, "groups": [{"name": "embedding", "lr": 0.001, "parameter_update_range": [7191.0, 7191.0], "moment_memory_epochs": [0.07092198581560286, 7.092198581560277], "AdamW_decay_only_retention_per_epoch": 1.0}, {"name": "interactions_decay", "lr": 0.001, "parameter_update_range": [7191.0, 7191.0], "moment_memory_epochs": [0.07092198581560286, 7.092198581560277], "AdamW_decay_only_retention_per_epoch": 0.9998590098695387}, {"name": "interactions_no_decay", "lr": 0.001, "parameter_update_range": [7191.0, 7191.0], "moment_memory_epochs": [0.07092198581560286, 7.092198581560277], "AdamW_decay_only_retention_per_epoch": 1.0}, {"name": "products", "lr": 0.001, "parameter_update_range": [7191.0, 7191.0], "moment_memory_epochs": [0.07092198581560286, 7.092198581560277], "AdamW_decay_only_retention_per_epoch": 0.9998590098695387}, {"name": "readouts", "lr": 0.001, "parameter_update_range": [7191.0, 7191.0], "moment_memory_epochs": [0.07092198581560286, 7.092198581560277], "AdamW_decay_only_retention_per_epoch": 1.0}, {"name": "lr_source_maps", "lr": 0.001, "parameter_update_range": [7191.0, 7191.0], "moment_memory_epochs": [0.07092198581560286, 7.092198581560277], "AdamW_decay_only_retention_per_epoch": 1.0}, {"name": "field_dependent_charges_map", "lr": 0.001, "parameter_update_range": [7191.0, 7191.0], "moment_memory_epochs": [0.07092198581560286, 7.092198581560277], "AdamW_decay_only_retention_per_epoch": 0.9985909865428542}, {"name": "electronic_references", "lr": 0.001, "parameter_update_range": [7191.0, 7191.0], "moment_memory_epochs": [0.07092198581560286, 7.092198581560277], "AdamW_decay_only_retention_per_epoch": 1.0}, {"name": "layer_feature_mixer", "lr": 0.001, "parameter_update_range": [7191.0, 7191.0], "moment_memory_epochs": [0.07092198581560286, 7.092198581560277], "AdamW_decay_only_retention_per_epoch": 0.9998590098695387}], "EMA_asymptotic_memory_epochs": 0.7092198581560277}
2026-10-07 23:35:37.105 INFO: Batching: optimizer graphs=8, device graphs<=8; one clipping/Adam/EMA update per optimizer batch
2026-10-07 23:37:27.533 INFO: Full training audit {"graphs": 1125, "index_convention": "supplied loader order, zero based", "force_rmse_by_element_column_eV_A": {"0": 0.08980584311215081, "1": 0.2024464882434822, "2": 0.1002728844648753, "3": 0.09767436307158424, "4": 0.10018994704286419}, "force_target_rms_by_element_column_eV_A": {"0": 0.6774065086832185, "1": 1.538190971915685, "2": 0.6998679669900058, "3": 0.6220774482464436, "4": 0.4134908179035577}, "force_rmse_over_target_rms_by_element_column": {"0": 0.13257304434042202, "1": 0.13161336397089396, "2": 0.14327400194658033, "3": 0.15701318758125007, "4": 0.24230271315536786}, "density_observers": {"density_RMSE_e_A3": 0.00023659283973482558, "farfield_RMSE_e_A3": 7.525036831886079e-05, "scope": "Different Gaussian resolutions of the same error; smaller farfield RMSE is not an accuracy gain."}, "largest_force_errors": [{"index": 797, "atoms": 350, "composition": [10, 20, 157, 150, 13], "charge": -0.0, "force_rmse": 0.18796297655083138}, {"index": 882, "atoms": 350, "composition": [17, 16, 154, 150, 13], "charge": -0.0, "force_rmse": 0.16758569829831638}, {"index": 590, "atoms": 341, "composition": [12, 11, 155, 150, 13], "charge": -0.0, "force_rmse": 0.16405158932593597}, {"index": 563, "atoms": 177, "composition": [13, 6, 56, 54, 48], "charge": -0.0, "force_rmse": 0.16403810294700252}, {"index": 740, "atoms": 333, "composition": [13, 7, 150, 150, 13], "charge": -0.0, "force_rmse": 0.15914012662652213}, {"index": 1039, "atoms": 177, "composition": [11, 7, 57, 54, 48], "charge": -0.0, "force_rmse": 0.15711789438070048}, {"index": 682, "atoms": 334, "composition": [12, 9, 150, 150, 13], "charge": -0.0, "force_rmse": 0.1558100176095863}, {"index": 807, "atoms": 350, "composition": [22, 14, 151, 150, 13], "charge": -0.0, "force_rmse": 0.1531509037703195}], "atomic_numbers": [1, 6, 8, 25, 45]}
2026-10-07 23:37:27.553 INFO: Full-split generalization {"epoch": 50, "training_graphs": 1125, "validation_graphs": 279, "train": {"rmse_e_per_atom": 0.0065262845522947545, "rmse_f": 0.10429038321148233, "rmse_mu_per_atom": 0.0005682280809651565, "rmse_rho": 0.0002365928397348255}, "validation": {"rmse_e_per_atom": 0.006662817581980159, "rmse_f": 0.11784507936566037, "rmse_mu_per_atom": 0.0008431169810030081, "rmse_rho": 0.00024243403243300572}, "weighted_training_objectives": {"energy_per_atom": 0.004259239005752113, "forces": 5.438242015198916, "dipole": 0.05338545258963411, "fourier_density": 0.5597617181378883}, "weighted_validation_objectives": {"energy_per_atom": 0.004439313813074393, "forces": 6.9437313653493975, "dipole": 0.14298193790626443, "fourier_density": 0.5877426008172768}, "seconds": 110.40868417899765, "scope": "Whole splits at the same EMA parameters and deployment step count; read-only, native units."}
2026-10-07 23:37:48.651 INFO: Electronic diagnostic {"train": {"graphs": 32, "charge_span": [-0.0, -0.0], "step_comparison": [[{"steps": 25, "WF_eV": 1.7869733044699423, "EF_eV": -0.9636831109226476, "residual": 1.6096864897952035e-07}, {"steps": 50, "WF_eV": 1.7869733569661144, "EF_eV": -0.9636830660975478, "residual": 3.821387650759789e-13}, {"steps": 100, "WF_eV": 1.7869733569659907, "EF_eV": -0.9636830660976563, "residual": 9.575673587391975e-16}], [{"steps": 25, "WF_eV": 1.781383141812816, "EF_eV": -0.8983640895602795, "residual": 1.5180067523823393e-07}, {"steps": 50, "WF_eV": 1.7813832118876816, "EF_eV": -0.8983640274537882, "residual": 2.5056345887009e-13}, {"steps": 100, "WF_eV": 1.781383211887568, "EF_eV": -0.8983640274538918, "residual": 8.673617379884035e-16}]], "dEF_dQ_and_dWF_dQ_eV_per_e": [[-0.2907706977527458, -0.06153753013580232], [-0.38217774343844435, -0.07237745292302256]], "force_RMSE_by_atomic_number_eV_A": {"1": 0.09591898829622657, "8": 0.09409440058281439, "45": 0.10252126833143738, "6": 0.18764289180934748, "25": 0.08628528094495037}, "force_RMSE_eV_A": 0.10000209452631074, "charge_response_identifiability": "Single-charge data do not determine capacitance; slopes above are predictions, not validation."}, "validation": {"graphs": 16, "charge_span": [-0.0, -0.0], "step_comparison": [[{"steps": 25, "WF_eV": 1.7777790225653574, "EF_eV": -1.0679745290444542, "residual": 1.3984419083845623e-07}, {"steps": 50, "WF_eV": 1.7777791170723511, "EF_eV": -1.0679744869110424, "residual": 3.1508129438861943e-13}, {"steps": 100, "WF_eV": 1.7777791170721384, "EF_eV": -1.0679744869111374, "residual": 7.840950111415168e-16}], [{"steps": 25, "WF_eV": 1.7678578897569421, "EF_eV": -1.1383921140874653, "residual": 1.9679369017699955e-07}, {"steps": 50, "WF_eV": 1.7678580141346714, "EF_eV": -1.1383920413168958, "residual": 3.896466482800065e-13}, {"steps": 100, "WF_eV": 1.7678580141344267, "EF_eV": -1.1383920413170419, "residual": 8.94249951866044e-16}]], "dEF_dQ_and_dWF_dQ_eV_per_e": [[-0.45297139654495444, -0.08161017187516828], [-0.3879780029811375, -0.08531484050389171]], "force_RMSE_by_atomic_number_eV_A": {"6": 0.25387291397351186, "8": 0.10723600617864593, "45": 0.10665809975055945, "1": 0.10724025523596184, "25": 0.10654410188233598}, "force_RMSE_eV_A": 0.11457992567221072, "charge_response_identifiability": "Single-charge data do not determine capacitance; slopes above are predictions, not validation."}, "epoch": 50, "response_weight_norms": {"vector_out.weight": 1.9839543846438445, "scalar_out.weight": 3.108732757658741, "state_scalar.weight": 5.025229332221628, "state_vector.weight": 3.5306539972826103, "neighbor_scalar.weight": 2.720962086598599, "neighbor_vector.weight": 5.533615743314515}, "regularization": {"field_weight_decay": 0.01}, "objective_gradients": {"training_index": 281, "atoms": 278, "terms": {"energy_per_atom": {"weighted_loss": 0.00574526739988761, "gradient_norm": 1.8915904940179338}, "forces": {"weighted_loss": 2.0952105123915454, "gradient_norm": 6.994133445610103}, "dipole": {"weighted_loss": 0.0004071019021154306, "gradient_norm": 0.2102141526665335}, "fourier_density": {"weighted_loss": 0.3882717081956119, "gradient_norm": 0.336941556110483}, "density_observer_farfield": {"weighted_loss": 0.041939498952736506, "gradient_norm": 0.43263107479757784}}, "cosines": {"energy_per_atom / forces": 0.1234576210739095, "energy_per_atom / dipole": -0.020631475397561026, "energy_per_atom / fourier_density": 0.005318304351607311, "energy_per_atom / density_observer_farfield": 0.04125208470546656, "forces / dipole": 0.14647549455263464, "forces / fourier_density": -0.046731284208925195, "forces / density_observer_farfield": -0.09605684177160573, "dipole / fourier_density": 0.05988908930724035, "dipole / density_observer_farfield": 0.13593492321429806, "fourier_density / density_observer_farfield": 0.5945621660406031}, "scope": "One training graph, before clipping; diagnostic only.", "parameter_state": "EMA"}, "scope": "Deterministic panels, not whole-dataset metrics. Validation is development data, never used for fitting or selecting the probe."}
2026-10-07 23:45:27.799 INFO: Full validation audit {"graphs": 279, "index_convention": "supplied loader order, zero based", "force_rmse_by_element_column_eV_A": {"0": 0.11468924493413474, "1": 0.2625274958501919, "2": 0.11196154988170215, "3": 0.10382727192012, "4": 0.1088790072556168}, "force_target_rms_by_element_column_eV_A": {"0": 0.6667205065800093, "1": 1.485388937044054, "2": 0.6623370749424797, "3": 0.6101502819784279, "4": 0.42143582945433244}, "force_rmse_over_target_rms_by_element_column": {"0": 0.17201997509037398, "1": 0.17673990246125404, "2": 0.1690401369898029, "3": 0.1701667195554797, "4": 0.2583525169100866}, "density_observers": {"density_RMSE_e_A3": 0.00024019498581030638, "farfield_RMSE_e_A3": 7.632853498451024e-05, "scope": "Different Gaussian resolutions of the same error; smaller farfield RMSE is not an accuracy gain."}, "largest_force_errors": [{"index": 250, "atoms": 179, "composition": [13, 8, 56, 54, 48], "charge": -0.0, "force_rmse": 0.33176051556233355}, {"index": 145, "atoms": 346, "composition": [25, 5, 153, 150, 13], "charge": -0.0, "force_rmse": 0.22035542189332}, {"index": 152, "atoms": 342, "composition": [17, 13, 149, 150, 13], "charge": -0.0, "force_rmse": 0.21631941519409636}, {"index": 169, "atoms": 347, "composition": [12, 8, 164, 150, 13], "charge": -0.0, "force_rmse": 0.19557724905335874}, {"index": 231, "atoms": 181, "composition": [12, 10, 57, 54, 48], "charge": -0.0, "force_rmse": 0.18892018799681665}, {"index": 186, "atoms": 348, "composition": [14, 17, 154, 150, 13], "charge": -0.0, "force_rmse": 0.18199264896614903}, {"index": 214, "atoms": 328, "composition": [16, 11, 138, 150, 13], "charge": -0.0, "force_rmse": 0.1789345381012976}, {"index": 160, "atoms": 360, "composition": [21, 18, 158, 150, 13], "charge": -0.0, "force_rmse": 0.17369619879875722}], "atomic_numbers": [1, 6, 8, 25, 45]}
2026-10-07 23:45:27.821 INFO: Epoch 55: loss=7.53991, RMSE_E_per_atom=6.2214 meV, RMSE_F=116.8853 meV/A, RMSE_dip_per_atom=0.7963 meA, RMSE_rho=0.2402 me/A^3
2026-10-07 23:45:27.821 INFO: 50-step electronic residual maximum: 0.0062082
2026-10-07 23:45:27.831 INFO: Optimizer epoch 55: lr=[0.001, 0.001, 0.001, 0.001, 0.001, 0.001, 0.001, 0.001, 0.001], mean gradient norm=5.6606, clipped=6/141
2026-10-07 23:45:27.831 INFO: Epoch timing: train=86.308s, validation=27.300s, updates=141, train/update=0.61211s, peak allocated=12209.8 MiB, backbone=CuEq
2026-10-07 23:45:27.831 INFO: Optimization budget: graphs=1125/1125, updates=141, mean retained gradient=0.99442, min retained gradient=0.65265
2026-10-07 23:45:27.831 INFO: Optimizer time scales {"updates_per_epoch": 141, "groups": [{"name": "embedding", "lr": 0.001, "parameter_update_range": [7896.0, 7896.0], "moment_memory_epochs": [0.07092198581560286, 7.092198581560277], "AdamW_decay_only_retention_per_epoch": 1.0}, {"name": "interactions_decay", "lr": 0.001, "parameter_update_range": [7896.0, 7896.0], "moment_memory_epochs": [0.07092198581560286, 7.092198581560277], "AdamW_decay_only_retention_per_epoch": 0.9998590098695387}, {"name": "interactions_no_decay", "lr": 0.001, "parameter_update_range": [7896.0, 7896.0], "moment_memory_epochs": [0.07092198581560286, 7.092198581560277], "AdamW_decay_only_retention_per_epoch": 1.0}, {"name": "products", "lr": 0.001, "parameter_update_range": [7896.0, 7896.0], "moment_memory_epochs": [0.07092198581560286, 7.092198581560277], "AdamW_decay_only_retention_per_epoch": 0.9998590098695387}, {"name": "readouts", "lr": 0.001, "parameter_update_range": [7896.0, 7896.0], "moment_memory_epochs": [0.07092198581560286, 7.092198581560277], "AdamW_decay_only_retention_per_epoch": 1.0}, {"name": "lr_source_maps", "lr": 0.001, "parameter_update_range": [7896.0, 7896.0], "moment_memory_epochs": [0.07092198581560286, 7.092198581560277], "AdamW_decay_only_retention_per_epoch": 1.0}, {"name": "field_dependent_charges_map", "lr": 0.001, "parameter_update_range": [7896.0, 7896.0], "moment_memory_epochs": [0.07092198581560286, 7.092198581560277], "AdamW_decay_only_retention_per_epoch": 0.9985909865428542}, {"name": "electronic_references", "lr": 0.001, "parameter_update_range": [7896.0, 7896.0], "moment_memory_epochs": [0.07092198581560286, 7.092198581560277], "AdamW_decay_only_retention_per_epoch": 1.0}, {"name": "layer_feature_mixer", "lr": 0.001, "parameter_update_range": [7896.0, 7896.0], "moment_memory_epochs": [0.07092198581560286, 7.092198581560277], "AdamW_decay_only_retention_per_epoch": 0.9998590098695387}], "EMA_asymptotic_memory_epochs": 0.7092198581560277}
2026-10-07 23:45:27.831 INFO: Batching: optimizer graphs=8, device graphs<=8; one clipping/Adam/EMA update per optimizer batch
2026-10-07 23:45:27.831 INFO: 50-step finite-budget validation residual 0.0062082 exceeds equilibrium tolerance 1e-06; metrics describe the exported finite trajectory, not a converged root
2026-10-07 23:53:07.329 INFO: Full validation audit {"graphs": 279, "index_convention": "supplied loader order, zero based", "force_rmse_by_element_column_eV_A": {"0": 0.11425407639535, "1": 0.2613641859678113, "2": 0.11114024690931615, "3": 0.1032254546944617, "4": 0.10824361048245879}, "force_target_rms_by_element_column_eV_A": {"0": 0.6667205065800093, "1": 1.485388937044054, "2": 0.6623370749424797, "3": 0.6101502819784279, "4": 0.42143582945433244}, "force_rmse_over_target_rms_by_element_column": {"0": 0.17136727499417181, "1": 0.17595673392312314, "2": 0.16780012944159597, "3": 0.16918037693885926, "4": 0.25684482171962136}, "density_observers": {"density_RMSE_e_A3": 0.00023850643022716166, "farfield_RMSE_e_A3": 7.494125575064332e-05, "scope": "Different Gaussian resolutions of the same error; smaller farfield RMSE is not an accuracy gain."}, "largest_force_errors": [{"index": 250, "atoms": 179, "composition": [13, 8, 56, 54, 48], "charge": -0.0, "force_rmse": 0.3336970443918231}, {"index": 145, "atoms": 346, "composition": [25, 5, 153, 150, 13], "charge": -0.0, "force_rmse": 0.2205830769871664}, {"index": 152, "atoms": 342, "composition": [17, 13, 149, 150, 13], "charge": -0.0, "force_rmse": 0.21485649366826454}, {"index": 169, "atoms": 347, "composition": [12, 8, 164, 150, 13], "charge": -0.0, "force_rmse": 0.19479993459212122}, {"index": 231, "atoms": 181, "composition": [12, 10, 57, 54, 48], "charge": -0.0, "force_rmse": 0.18831691051095936}, {"index": 186, "atoms": 348, "composition": [14, 17, 154, 150, 13], "charge": -0.0, "force_rmse": 0.18205658438477038}, {"index": 214, "atoms": 328, "composition": [16, 11, 138, 150, 13], "charge": -0.0, "force_rmse": 0.1790659099376041}, {"index": 160, "atoms": 360, "composition": [21, 18, 158, 150, 13], "charge": -0.0, "force_rmse": 0.17354490925530142}], "atomic_numbers": [1, 6, 8, 25, 45]}
2026-10-07 23:53:07.351 INFO: Epoch 60: loss=7.44887, RMSE_E_per_atom=6.1410 meV, RMSE_F=116.1928 meV/A, RMSE_dip_per_atom=0.7829 meA, RMSE_rho=0.2385 me/A^3
2026-10-07 23:53:07.352 INFO: 50-step electronic residual maximum: 0.00041477
2026-10-07 23:53:07.358 INFO: Optimizer epoch 60: lr=[0.001, 0.001, 0.001, 0.001, 0.001, 0.001, 0.001, 0.001, 0.001], mean gradient norm=5.8219, clipped=5/141
2026-10-07 23:53:07.358 INFO: Epoch timing: train=86.460s, validation=27.313s, updates=141, train/update=0.61319s, peak allocated=12142.8 MiB, backbone=CuEq
2026-10-07 23:53:07.358 INFO: Optimization budget: graphs=1125/1125, updates=141, mean retained gradient=0.99672, min retained gradient=0.83994
2026-10-07 23:53:07.359 INFO: Optimizer time scales {"updates_per_epoch": 141, "groups": [{"name": "embedding", "lr": 0.001, "parameter_update_range": [8601.0, 8601.0], "moment_memory_epochs": [0.07092198581560286, 7.092198581560277], "AdamW_decay_only_retention_per_epoch": 1.0}, {"name": "interactions_decay", "lr": 0.001, "parameter_update_range": [8601.0, 8601.0], "moment_memory_epochs": [0.07092198581560286, 7.092198581560277], "AdamW_decay_only_retention_per_epoch": 0.9998590098695387}, {"name": "interactions_no_decay", "lr": 0.001, "parameter_update_range": [8601.0, 8601.0], "moment_memory_epochs": [0.07092198581560286, 7.092198581560277], "AdamW_decay_only_retention_per_epoch": 1.0}, {"name": "products", "lr": 0.001, "parameter_update_range": [8601.0, 8601.0], "moment_memory_epochs": [0.07092198581560286, 7.092198581560277], "AdamW_decay_only_retention_per_epoch": 0.9998590098695387}, {"name": "readouts", "lr": 0.001, "parameter_update_range": [8601.0, 8601.0], "moment_memory_epochs": [0.07092198581560286, 7.092198581560277], "AdamW_decay_only_retention_per_epoch": 1.0}, {"name": "lr_source_maps", "lr": 0.001, "parameter_update_range": [8601.0, 8601.0], "moment_memory_epochs": [0.07092198581560286, 7.092198581560277], "AdamW_decay_only_retention_per_epoch": 1.0}, {"name": "field_dependent_charges_map", "lr": 0.001, "parameter_update_range": [8601.0, 8601.0], "moment_memory_epochs": [0.07092198581560286, 7.092198581560277], "AdamW_decay_only_retention_per_epoch": 0.9985909865428542}, {"name": "electronic_references", "lr": 0.001, "parameter_update_range": [8601.0, 8601.0], "moment_memory_epochs": [0.07092198581560286, 7.092198581560277], "AdamW_decay_only_retention_per_epoch": 1.0}, {"name": "layer_feature_mixer", "lr": 0.001, "parameter_update_range": [8601.0, 8601.0], "moment_memory_epochs": [0.07092198581560286, 7.092198581560277], "AdamW_decay_only_retention_per_epoch": 0.9998590098695387}], "EMA_asymptotic_memory_epochs": 0.7092198581560277}
2026-10-07 23:53:07.359 INFO: Batching: optimizer graphs=8, device graphs<=8; one clipping/Adam/EMA update per optimizer batch
2026-10-07 23:53:07.359 INFO: 50-step finite-budget validation residual 0.00041477 exceeds equilibrium tolerance 1e-06; metrics describe the exported finite trajectory, not a converged root
2026-10-08 00:00:53.369 INFO: Full validation audit {"graphs": 279, "index_convention": "supplied loader order, zero based", "force_rmse_by_element_column_eV_A": {"0": 0.113374829716382, "1": 0.2602308936422655, "2": 0.1104540459974661, "3": 0.10267626990739614, "4": 0.10762577577872395}, "force_target_rms_by_element_column_eV_A": {"0": 0.6667205065800093, "1": 1.485388937044054, "2": 0.6623370749424797, "3": 0.6101502819784279, "4": 0.42143582945433244}, "force_rmse_over_target_rms_by_element_column": {"0": 0.1700485114788899, "1": 0.17519377393514782, "2": 0.1667640996950962, "3": 0.16828029575675307, "4": 0.25537879851856893}, "density_observers": {"density_RMSE_e_A3": 0.00023672710131811668, "farfield_RMSE_e_A3": 7.477562775119422e-05, "scope": "Different Gaussian resolutions of the same error; smaller farfield RMSE is not an accuracy gain."}, "largest_force_errors": [{"index": 250, "atoms": 179, "composition": [13, 8, 56, 54, 48], "charge": -0.0, "force_rmse": 0.3343423254587199}, {"index": 145, "atoms": 346, "composition": [25, 5, 153, 150, 13], "charge": -0.0, "force_rmse": 0.22057682853541466}, {"index": 152, "atoms": 342, "composition": [17, 13, 149, 150, 13], "charge": -0.0, "force_rmse": 0.21693007838970915}, {"index": 169, "atoms": 347, "composition": [12, 8, 164, 150, 13], "charge": -0.0, "force_rmse": 0.19177894782783628}, {"index": 231, "atoms": 181, "composition": [12, 10, 57, 54, 48], "charge": -0.0, "force_rmse": 0.1872484788371004}, {"index": 186, "atoms": 348, "composition": [14, 17, 154, 150, 13], "charge": -0.0, "force_rmse": 0.18210905010943274}, {"index": 214, "atoms": 328, "composition": [16, 11, 138, 150, 13], "charge": -0.0, "force_rmse": 0.17849377666367755}, {"index": 160, "atoms": 360, "composition": [21, 18, 158, 150, 13], "charge": -0.0, "force_rmse": 0.17391593638021863}], "atomic_numbers": [1, 6, 8, 25, 45]}
2026-10-08 00:00:53.400 INFO: Epoch 65: loss=7.36193, RMSE_E_per_atom=6.0573 meV, RMSE_F=115.5422 meV/A, RMSE_dip_per_atom=0.7565 meA, RMSE_rho=0.2367 me/A^3
2026-10-08 00:00:53.400 INFO: 50-step electronic residual maximum: 0.0014563
2026-10-08 00:00:53.411 INFO: Optimizer epoch 65: lr=[0.001, 0.001, 0.001, 0.001, 0.001, 0.001, 0.001, 0.001, 0.001], mean gradient norm=6.9119, clipped=18/141
2026-10-08 00:00:53.411 INFO: Epoch timing: train=88.011s, validation=27.767s, updates=141, train/update=0.62419s, peak allocated=12876.8 MiB, backbone=CuEq
2026-10-08 00:00:53.412 INFO: Optimization budget: graphs=1125/1125, updates=141, mean retained gradient=0.97495, min retained gradient=0.23676
2026-10-08 00:00:53.412 INFO: Optimizer time scales {"updates_per_epoch": 141, "groups": [{"name": "embedding", "lr": 0.001, "parameter_update_range": [9306.0, 9306.0], "moment_memory_epochs": [0.07092198581560286, 7.092198581560277], "AdamW_decay_only_retention_per_epoch": 1.0}, {"name": "interactions_decay", "lr": 0.001, "parameter_update_range": [9306.0, 9306.0], "moment_memory_epochs": [0.07092198581560286, 7.092198581560277], "AdamW_decay_only_retention_per_epoch": 0.9998590098695387}, {"name": "interactions_no_decay", "lr": 0.001, "parameter_update_range": [9306.0, 9306.0], "moment_memory_epochs": [0.07092198581560286, 7.092198581560277], "AdamW_decay_only_retention_per_epoch": 1.0}, {"name": "products", "lr": 0.001, "parameter_update_range": [9306.0, 9306.0], "moment_memory_epochs": [0.07092198581560286, 7.092198581560277], "AdamW_decay_only_retention_per_epoch": 0.9998590098695387}, {"name": "readouts", "lr": 0.001, "parameter_update_range": [9306.0, 9306.0], "moment_memory_epochs": [0.07092198581560286, 7.092198581560277], "AdamW_decay_only_retention_per_epoch": 1.0}, {"name": "lr_source_maps", "lr": 0.001, "parameter_update_range": [9306.0, 9306.0], "moment_memory_epochs": [0.07092198581560286, 7.092198581560277], "AdamW_decay_only_retention_per_epoch": 1.0}, {"name": "field_dependent_charges_map", "lr": 0.001, "parameter_update_range": [9306.0, 9306.0], "moment_memory_epochs": [0.07092198581560286, 7.092198581560277], "AdamW_decay_only_retention_per_epoch": 0.9985909865428542}, {"name": "electronic_references", "lr": 0.001, "parameter_update_range": [9306.0, 9306.0], "moment_memory_epochs": [0.07092198581560286, 7.092198581560277], "AdamW_decay_only_retention_per_epoch": 1.0}, {"name": "layer_feature_mixer", "lr": 0.001, "parameter_update_range": [9306.0, 9306.0], "moment_memory_epochs": [0.07092198581560286, 7.092198581560277], "AdamW_decay_only_retention_per_epoch": 0.9998590098695387}], "EMA_asymptotic_memory_epochs": 0.7092198581560277}
2026-10-08 00:00:53.412 INFO: Batching: optimizer graphs=8, device graphs<=8; one clipping/Adam/EMA update per optimizer batch
2026-10-08 00:00:53.412 INFO: 50-step finite-budget validation residual 0.0014563 exceeds equilibrium tolerance 1e-06; metrics describe the exported finite trajectory, not a converged root
2026-10-08 00:08:41.317 INFO: Full validation audit {"graphs": 279, "index_convention": "supplied loader order, zero based", "force_rmse_by_element_column_eV_A": {"0": 0.1130660706176483, "1": 0.2598804928797119, "2": 0.10990663296402613, "3": 0.10209932214483394, "4": 0.10702768590050937}, "force_target_rms_by_element_column_eV_A": {"0": 0.6667205065800093, "1": 1.485388937044054, "2": 0.6623370749424797, "3": 0.6101502819784279, "4": 0.42143582945433244}, "force_rmse_over_target_rms_by_element_column": {"0": 0.16958541023078594, "1": 0.1749578756099247, "2": 0.1659376126175194, "3": 0.16733471271007902, "4": 0.25395962663897587}, "density_observers": {"density_RMSE_e_A3": 0.0002346160980957002, "farfield_RMSE_e_A3": 7.365407297545831e-05, "scope": "Different Gaussian resolutions of the same error; smaller farfield RMSE is not an accuracy gain."}, "largest_force_errors": [{"index": 250, "atoms": 179, "composition": [13, 8, 56, 54, 48], "charge": -0.0, "force_rmse": 0.333425028137209}, {"index": 145, "atoms": 346, "composition": [25, 5, 153, 150, 13], "charge": -0.0, "force_rmse": 0.21984759335263274}, {"index": 152, "atoms": 342, "composition": [17, 13, 149, 150, 13], "charge": -0.0, "force_rmse": 0.21735168555034884}, {"index": 169, "atoms": 347, "composition": [12, 8, 164, 150, 13], "charge": -0.0, "force_rmse": 0.19348184269723606}, {"index": 231, "atoms": 181, "composition": [12, 10, 57, 54, 48], "charge": -0.0, "force_rmse": 0.18630521066713776}, {"index": 186, "atoms": 348, "composition": [14, 17, 154, 150, 13], "charge": -0.0, "force_rmse": 0.1821945675411736}, {"index": 214, "atoms": 328, "composition": [16, 11, 138, 150, 13], "charge": -0.0, "force_rmse": 0.1780545737978946}, {"index": 160, "atoms": 360, "composition": [21, 18, 158, 150, 13], "charge": -0.0, "force_rmse": 0.17400933400639768}], "atomic_numbers": [1, 6, 8, 25, 45]}
2026-10-08 00:08:41.351 INFO: Epoch 70: loss=7.28939, RMSE_E_per_atom=5.9186 meV, RMSE_F=115.0092 meV/A, RMSE_dip_per_atom=0.7507 meA, RMSE_rho=0.2346 me/A^3
2026-10-08 00:08:41.351 INFO: 50-step electronic residual maximum: 0.0032673
2026-10-08 00:08:41.358 INFO: Optimizer epoch 70: lr=[0.001, 0.001, 0.001, 0.001, 0.001, 0.001, 0.001, 0.001, 0.001], mean gradient norm=6.6373, clipped=12/141
2026-10-08 00:08:41.358 INFO: Epoch timing: train=88.042s, validation=27.718s, updates=141, train/update=0.62441s, peak allocated=12422.7 MiB, backbone=CuEq
2026-10-08 00:08:41.359 INFO: Optimization budget: graphs=1125/1125, updates=141, mean retained gradient=0.98883, min retained gradient=0.63558
2026-10-08 00:08:41.359 INFO: Optimizer time scales {"updates_per_epoch": 141, "groups": [{"name": "embedding", "lr": 0.001, "parameter_update_range": [10011.0, 10011.0], "moment_memory_epochs": [0.07092198581560286, 7.092198581560277], "AdamW_decay_only_retention_per_epoch": 1.0}, {"name": "interactions_decay", "lr": 0.001, "parameter_update_range": [10011.0, 10011.0], "moment_memory_epochs": [0.07092198581560286, 7.092198581560277], "AdamW_decay_only_retention_per_epoch": 0.9998590098695387}, {"name": "interactions_no_decay", "lr": 0.001, "parameter_update_range": [10011.0, 10011.0], "moment_memory_epochs": [0.07092198581560286, 7.092198581560277], "AdamW_decay_only_retention_per_epoch": 1.0}, {"name": "products", "lr": 0.001, "parameter_update_range": [10011.0, 10011.0], "moment_memory_epochs": [0.07092198581560286, 7.092198581560277], "AdamW_decay_only_retention_per_epoch": 0.9998590098695387}, {"name": "readouts", "lr": 0.001, "parameter_update_range": [10011.0, 10011.0], "moment_memory_epochs": [0.07092198581560286, 7.092198581560277], "AdamW_decay_only_retention_per_epoch": 1.0}, {"name": "lr_source_maps", "lr": 0.001, "parameter_update_range": [10011.0, 10011.0], "moment_memory_epochs": [0.07092198581560286, 7.092198581560277], "AdamW_decay_only_retention_per_epoch": 1.0}, {"name": "field_dependent_charges_map", "lr": 0.001, "parameter_update_range": [10011.0, 10011.0], "moment_memory_epochs": [0.07092198581560286, 7.092198581560277], "AdamW_decay_only_retention_per_epoch": 0.9985909865428542}, {"name": "electronic_references", "lr": 0.001, "parameter_update_range": [10011.0, 10011.0], "moment_memory_epochs": [0.07092198581560286, 7.092198581560277], "AdamW_decay_only_retention_per_epoch": 1.0}, {"name": "layer_feature_mixer", "lr": 0.001, "parameter_update_range": [10011.0, 10011.0], "moment_memory_epochs": [0.07092198581560286, 7.092198581560277], "AdamW_decay_only_retention_per_epoch": 0.9998590098695387}], "EMA_asymptotic_memory_epochs": 0.7092198581560277}
2026-10-08 00:08:41.359 INFO: Batching: optimizer graphs=8, device graphs<=8; one clipping/Adam/EMA update per optimizer batch
2026-10-08 00:08:41.359 INFO: 50-step finite-budget validation residual 0.0032673 exceeds equilibrium tolerance 1e-06; metrics describe the exported finite trajectory, not a converged root
2026-10-08 00:16:29.142 INFO: Full validation audit {"graphs": 279, "index_convention": "supplied loader order, zero based", "force_rmse_by_element_column_eV_A": {"0": 0.11255737184240436, "1": 0.25870051401776095, "2": 0.10927678478574412, "3": 0.1017129726892909, "4": 0.10648429943482761}, "force_target_rms_by_element_column_eV_A": {"0": 0.6667205065800093, "1": 1.485388937044054, "2": 0.6623370749424797, "3": 0.6101502819784279, "4": 0.42143582945433244}, "force_rmse_over_target_rms_by_element_column": {"0": 0.16882242368661415, "1": 0.17416348510887583, "2": 0.16498666452460659, "3": 0.16670150894544206, "4": 0.2526702572315732}, "density_observers": {"density_RMSE_e_A3": 0.00023249389652627708, "farfield_RMSE_e_A3": 7.330365113701685e-05, "scope": "Different Gaussian resolutions of the same error; smaller farfield RMSE is not an accuracy gain."}, "largest_force_errors": [{"index": 250, "atoms": 179, "composition": [13, 8, 56, 54, 48], "charge": -0.0, "force_rmse": 0.33330840901528264}, {"index": 145, "atoms": 346, "composition": [25, 5, 153, 150, 13], "charge": -0.0, "force_rmse": 0.2208748594196723}, {"index": 152, "atoms": 342, "composition": [17, 13, 149, 150, 13], "charge": -0.0, "force_rmse": 0.21839681242201436}, {"index": 169, "atoms": 347, "composition": [12, 8, 164, 150, 13], "charge": -0.0, "force_rmse": 0.19533740594202897}, {"index": 231, "atoms": 181, "composition": [12, 10, 57, 54, 48], "charge": -0.0, "force_rmse": 0.18573203329305157}, {"index": 186, "atoms": 348, "composition": [14, 17, 154, 150, 13], "charge": -0.0, "force_rmse": 0.18072904655649988}, {"index": 214, "atoms": 328, "composition": [16, 11, 138, 150, 13], "charge": -0.0, "force_rmse": 0.17740340060825005}, {"index": 160, "atoms": 360, "composition": [21, 18, 158, 150, 13], "charge": -0.0, "force_rmse": 0.1739990933091041}], "atomic_numbers": [1, 6, 8, 25, 45]}
2026-10-08 00:16:29.170 INFO: Epoch 75: loss=7.21634, RMSE_E_per_atom=5.8326 meV, RMSE_F=114.4492 meV/A, RMSE_dip_per_atom=0.7382 meA, RMSE_rho=0.2325 me/A^3
2026-10-08 00:16:29.171 INFO: 50-step electronic residual maximum: 0.0026963
2026-10-08 00:16:29.177 INFO: Optimizer epoch 75: lr=[0.001, 0.001, 0.001, 0.001, 0.001, 0.001, 0.001, 0.001, 0.001], mean gradient norm=6.8401, clipped=15/141
2026-10-08 00:16:29.177 INFO: Epoch timing: train=88.115s, validation=27.772s, updates=141, train/update=0.62493s, peak allocated=12117.7 MiB, backbone=CuEq
2026-10-08 00:16:29.178 INFO: Optimization budget: graphs=1125/1125, updates=141, mean retained gradient=0.98239, min retained gradient=0.61329
2026-10-08 00:16:29.178 INFO: Optimizer time scales {"updates_per_epoch": 141, "groups": [{"name": "embedding", "lr": 0.001, "parameter_update_range": [10716.0, 10716.0], "moment_memory_epochs": [0.07092198581560286, 7.092198581560277], "AdamW_decay_only_retention_per_epoch": 1.0}, {"name": "interactions_decay", "lr": 0.001, "parameter_update_range": [10716.0, 10716.0], "moment_memory_epochs": [0.07092198581560286, 7.092198581560277], "AdamW_decay_only_retention_per_epoch": 0.9998590098695387}, {"name": "interactions_no_decay", "lr": 0.001, "parameter_update_range": [10716.0, 10716.0], "moment_memory_epochs": [0.07092198581560286, 7.092198581560277], "AdamW_decay_only_retention_per_epoch": 1.0}, {"name": "products", "lr": 0.001, "parameter_update_range": [10716.0, 10716.0], "moment_memory_epochs": [0.07092198581560286, 7.092198581560277], "AdamW_decay_only_retention_per_epoch": 0.9998590098695387}, {"name": "readouts", "lr": 0.001, "parameter_update_range": [10716.0, 10716.0], "moment_memory_epochs": [0.07092198581560286, 7.092198581560277], "AdamW_decay_only_retention_per_epoch": 1.0}, {"name": "lr_source_maps", "lr": 0.001, "parameter_update_range": [10716.0, 10716.0], "moment_memory_epochs": [0.07092198581560286, 7.092198581560277], "AdamW_decay_only_retention_per_epoch": 1.0}, {"name": "field_dependent_charges_map", "lr": 0.001, "parameter_update_range": [10716.0, 10716.0], "moment_memory_epochs": [0.07092198581560286, 7.092198581560277], "AdamW_decay_only_retention_per_epoch": 0.9985909865428542}, {"name": "electronic_references", "lr": 0.001, "parameter_update_range": [10716.0, 10716.0], "moment_memory_epochs": [0.07092198581560286, 7.092198581560277], "AdamW_decay_only_retention_per_epoch": 1.0}, {"name": "layer_feature_mixer", "lr": 0.001, "parameter_update_range": [10716.0, 10716.0], "moment_memory_epochs": [0.07092198581560286, 7.092198581560277], "AdamW_decay_only_retention_per_epoch": 0.9998590098695387}], "EMA_asymptotic_memory_epochs": 0.7092198581560277}
2026-10-08 00:16:29.178 INFO: Batching: optimizer graphs=8, device graphs<=8; one clipping/Adam/EMA update per optimizer batch
2026-10-08 00:16:29.178 INFO: 50-step finite-budget validation residual 0.0026963 exceeds equilibrium tolerance 1e-06; metrics describe the exported finite trajectory, not a converged root
2026-10-08 00:24:14.754 INFO: Full validation audit {"graphs": 279, "index_convention": "supplied loader order, zero based", "force_rmse_by_element_column_eV_A": {"0": 0.11174701274880332, "1": 0.25742712432020415, "2": 0.10860255666241415, "3": 0.10121329353358714, "4": 0.10593769419691172}, "force_target_rms_by_element_column_eV_A": {"0": 0.6667205065800093, "1": 1.485388937044054, "2": 0.6623370749424797, "3": 0.6101502819784279, "4": 0.42143582945433244}, "force_rmse_over_target_rms_by_element_column": {"0": 0.1676069832050279, "1": 0.17330620815884623, "2": 0.16396871135719782, "3": 0.1658825645468858, "4": 0.2513732501910859}, "density_observers": {"density_RMSE_e_A3": 0.00022961882609989293, "farfield_RMSE_e_A3": 7.195568992257328e-05, "scope": "Different Gaussian resolutions of the same error; smaller farfield RMSE is not an accuracy gain."}, "largest_force_errors": [{"index": 250, "atoms": 179, "composition": [13, 8, 56, 54, 48], "charge": -0.0, "force_rmse": 0.33223241338694526}, {"index": 145, "atoms": 346, "composition": [25, 5, 153, 150, 13], "charge": -0.0, "force_rmse": 0.21958148667186592}, {"index": 152, "atoms": 342, "composition": [17, 13, 149, 150, 13], "charge": -0.0, "force_rmse": 0.21881560679695955}, {"index": 169, "atoms": 347, "composition": [12, 8, 164, 150, 13], "charge": -0.0, "force_rmse": 0.19097069160896482}, {"index": 231, "atoms": 181, "composition": [12, 10, 57, 54, 48], "charge": -0.0, "force_rmse": 0.18715785420672232}, {"index": 186, "atoms": 348, "composition": [14, 17, 154, 150, 13], "charge": -0.0, "force_rmse": 0.18094714632136993}, {"index": 214, "atoms": 328, "composition": [16, 11, 138, 150, 13], "charge": -0.0, "force_rmse": 0.1771400184385486}, {"index": 160, "atoms": 360, "composition": [21, 18, 158, 150, 13], "charge": -0.0, "force_rmse": 0.17367033790295985}], "atomic_numbers": [1, 6, 8, 25, 45]}
2026-10-08 00:24:14.777 INFO: Epoch 80: loss=7.12396, RMSE_E_per_atom=5.7545 meV, RMSE_F=113.8308 meV/A, RMSE_dip_per_atom=0.7163 meA, RMSE_rho=0.2296 me/A^3
2026-10-08 00:24:14.777 INFO: 50-step electronic residual maximum: 0.020304
2026-10-08 00:24:14.786 INFO: Optimizer epoch 80: lr=[0.001, 0.001, 0.001, 0.001, 0.001, 0.001, 0.001, 0.001, 0.001], mean gradient norm=6.5136, clipped=12/141
2026-10-08 00:24:14.786 INFO: Epoch timing: train=86.614s, validation=27.355s, updates=141, train/update=0.61428s, peak allocated=12272.9 MiB, backbone=CuEq
2026-10-08 00:24:14.786 INFO: Optimization budget: graphs=1125/1125, updates=141, mean retained gradient=0.99083, min retained gradient=0.61473
2026-10-08 00:24:14.786 INFO: Optimizer time scales {"updates_per_epoch": 141, "groups": [{"name": "embedding", "lr": 0.001, "parameter_update_range": [11421.0, 11421.0], "moment_memory_epochs": [0.07092198581560286, 7.092198581560277], "AdamW_decay_only_retention_per_epoch": 1.0}, {"name": "interactions_decay", "lr": 0.001, "parameter_update_range": [11421.0, 11421.0], "moment_memory_epochs": [0.07092198581560286, 7.092198581560277], "AdamW_decay_only_retention_per_epoch": 0.9998590098695387}, {"name": "interactions_no_decay", "lr": 0.001, "parameter_update_range": [11421.0, 11421.0], "moment_memory_epochs": [0.07092198581560286, 7.092198581560277], "AdamW_decay_only_retention_per_epoch": 1.0}, {"name": "products", "lr": 0.001, "parameter_update_range": [11421.0, 11421.0], "moment_memory_epochs": [0.07092198581560286, 7.092198581560277], "AdamW_decay_only_retention_per_epoch": 0.9998590098695387}, {"name": "readouts", "lr": 0.001, "parameter_update_range": [11421.0, 11421.0], "moment_memory_epochs": [0.07092198581560286, 7.092198581560277], "AdamW_decay_only_retention_per_epoch": 1.0}, {"name": "lr_source_maps", "lr": 0.001, "parameter_update_range": [11421.0, 11421.0], "moment_memory_epochs": [0.07092198581560286, 7.092198581560277], "AdamW_decay_only_retention_per_epoch": 1.0}, {"name": "field_dependent_charges_map", "lr": 0.001, "parameter_update_range": [11421.0, 11421.0], "moment_memory_epochs": [0.07092198581560286, 7.092198581560277], "AdamW_decay_only_retention_per_epoch": 0.9985909865428542}, {"name": "electronic_references", "lr": 0.001, "parameter_update_range": [11421.0, 11421.0], "moment_memory_epochs": [0.07092198581560286, 7.092198581560277], "AdamW_decay_only_retention_per_epoch": 1.0}, {"name": "layer_feature_mixer", "lr": 0.001, "parameter_update_range": [11421.0, 11421.0], "moment_memory_epochs": [0.07092198581560286, 7.092198581560277], "AdamW_decay_only_retention_per_epoch": 0.9998590098695387}], "EMA_asymptotic_memory_epochs": 0.7092198581560277}
2026-10-08 00:24:14.786 INFO: Batching: optimizer graphs=8, device graphs<=8; one clipping/Adam/EMA update per optimizer batch
2026-10-08 00:24:14.786 INFO: 50-step finite-budget validation residual 0.020304 exceeds equilibrium tolerance 1e-06; metrics describe the exported finite trajectory, not a converged root
2026-10-08 00:31:58.991 INFO: Full validation audit {"graphs": 279, "index_convention": "supplied loader order, zero based", "force_rmse_by_element_column_eV_A": {"0": 0.11156624424697964, "1": 0.25753060269678646, "2": 0.10822933120316502, "3": 0.10079134253554076, "4": 0.10555527505354587}, "force_target_rms_by_element_column_eV_A": {"0": 0.6667205065800093, "1": 1.485388937044054, "2": 0.6623370749424797, "3": 0.6101502819784279, "4": 0.42143582945433244}, "force_rmse_over_target_rms_by_element_column": {"0": 0.1673358523487851, "1": 0.17337587232154575, "2": 0.16340521359545535, "3": 0.16519101197285732, "4": 0.25046583056361615}, "density_observers": {"density_RMSE_e_A3": 0.00022805742497936866, "farfield_RMSE_e_A3": 7.154693842964416e-05, "scope": "Different Gaussian resolutions of the same error; smaller farfield RMSE is not an accuracy gain."}, "largest_force_errors": [{"index": 250, "atoms": 179, "composition": [13, 8, 56, 54, 48], "charge": -0.0, "force_rmse": 0.33267177697197586}, {"index": 145, "atoms": 346, "composition": [25, 5, 153, 150, 13], "charge": -0.0, "force_rmse": 0.22148019278085238}, {"index": 152, "atoms": 342, "composition": [17, 13, 149, 150, 13], "charge": -0.0, "force_rmse": 0.21913035346419552}, {"index": 169, "atoms": 347, "composition": [12, 8, 164, 150, 13], "charge": -0.0, "force_rmse": 0.1908648712783903}, {"index": 231, "atoms": 181, "composition": [12, 10, 57, 54, 48], "charge": -0.0, "force_rmse": 0.1857085053589315}, {"index": 186, "atoms": 348, "composition": [14, 17, 154, 150, 13], "charge": -0.0, "force_rmse": 0.18310544442837826}, {"index": 214, "atoms": 328, "composition": [16, 11, 138, 150, 13], "charge": -0.0, "force_rmse": 0.1763825751043298}, {"index": 160, "atoms": 360, "composition": [21, 18, 158, 150, 13], "charge": -0.0, "force_rmse": 0.17328526154633483}], "atomic_numbers": [1, 6, 8, 25, 45]}
2026-10-08 00:31:59.013 INFO: Epoch 85: loss=7.08034, RMSE_E_per_atom=5.7553 meV, RMSE_F=113.4957 meV/A, RMSE_dip_per_atom=0.7180 meA, RMSE_rho=0.2281 me/A^3
2026-10-08 00:31:59.013 INFO: 50-step electronic residual maximum: 0.018474
2026-10-08 00:31:59.020 INFO: Optimizer epoch 85: lr=[0.001, 0.001, 0.001, 0.001, 0.001, 0.001, 0.001, 0.001, 0.001], mean gradient norm=6.3435, clipped=10/141
2026-10-08 00:31:59.020 INFO: Epoch timing: train=87.879s, validation=27.713s, updates=141, train/update=0.62325s, peak allocated=12327.6 MiB, backbone=CuEq
2026-10-08 00:31:59.020 INFO: Optimization budget: graphs=1125/1125, updates=141, mean retained gradient=0.98871, min retained gradient=0.67159
2026-10-08 00:31:59.021 INFO: Optimizer time scales {"updates_per_epoch": 141, "groups": [{"name": "embedding", "lr": 0.001, "parameter_update_range": [12126.0, 12126.0], "moment_memory_epochs": [0.07092198581560286, 7.092198581560277], "AdamW_decay_only_retention_per_epoch": 1.0}, {"name": "interactions_decay", "lr": 0.001, "parameter_update_range": [12126.0, 12126.0], "moment_memory_epochs": [0.07092198581560286, 7.092198581560277], "AdamW_decay_only_retention_per_epoch": 0.9998590098695387}, {"name": "interactions_no_decay", "lr": 0.001, "parameter_update_range": [12126.0, 12126.0], "moment_memory_epochs": [0.07092198581560286, 7.092198581560277], "AdamW_decay_only_retention_per_epoch": 1.0}, {"name": "products", "lr": 0.001, "parameter_update_range": [12126.0, 12126.0], "moment_memory_epochs": [0.07092198581560286, 7.092198581560277], "AdamW_decay_only_retention_per_epoch": 0.9998590098695387}, {"name": "readouts", "lr": 0.001, "parameter_update_range": [12126.0, 12126.0], "moment_memory_epochs": [0.07092198581560286, 7.092198581560277], "AdamW_decay_only_retention_per_epoch": 1.0}, {"name": "lr_source_maps", "lr": 0.001, "parameter_update_range": [12126.0, 12126.0], "moment_memory_epochs": [0.07092198581560286, 7.092198581560277], "AdamW_decay_only_retention_per_epoch": 1.0}, {"name": "field_dependent_charges_map", "lr": 0.001, "parameter_update_range": [12126.0, 12126.0], "moment_memory_epochs": [0.07092198581560286, 7.092198581560277], "AdamW_decay_only_retention_per_epoch": 0.9985909865428542}, {"name": "electronic_references", "lr": 0.001, "parameter_update_range": [12126.0, 12126.0], "moment_memory_epochs": [0.07092198581560286, 7.092198581560277], "AdamW_decay_only_retention_per_epoch": 1.0}, {"name": "layer_feature_mixer", "lr": 0.001, "parameter_update_range": [12126.0, 12126.0], "moment_memory_epochs": [0.07092198581560286, 7.092198581560277], "AdamW_decay_only_retention_per_epoch": 0.9998590098695387}], "EMA_asymptotic_memory_epochs": 0.7092198581560277}
2026-10-08 00:31:59.021 INFO: Batching: optimizer graphs=8, device graphs<=8; one clipping/Adam/EMA update per optimizer batch
2026-10-08 00:31:59.021 INFO: 50-step finite-budget validation residual 0.018474 exceeds equilibrium tolerance 1e-06; metrics describe the exported finite trajectory, not a converged root
2026-10-08 00:39:46.400 INFO: Full validation audit {"graphs": 279, "index_convention": "supplied loader order, zero based", "force_rmse_by_element_column_eV_A": {"0": 0.11102979787873302, "1": 0.25664614140523234, "2": 0.10768132929804197, "3": 0.10034488772411482, "4": 0.10508402151925512}, "force_target_rms_by_element_column_eV_A": {"0": 0.6667205065800093, "1": 1.485388937044054, "2": 0.6623370749424797, "3": 0.6101502819784279, "4": 0.42143582945433244}, "force_rmse_over_target_rms_by_element_column": {"0": 0.16653124777617587, "1": 0.17278043144441482, "2": 0.16257783743631368, "3": 0.1644592991070068, "4": 0.24934762109646927}, "density_observers": {"density_RMSE_e_A3": 0.0002264380452303738, "farfield_RMSE_e_A3": 7.04000232355309e-05, "scope": "Different Gaussian resolutions of the same error; smaller farfield RMSE is not an accuracy gain."}, "largest_force_errors": [{"index": 250, "atoms": 179, "composition": [13, 8, 56, 54, 48], "charge": -0.0, "force_rmse": 0.3321625280575228}, {"index": 152, "atoms": 342, "composition": [17, 13, 149, 150, 13], "charge": -0.0, "force_rmse": 0.2201575357899629}, {"index": 145, "atoms": 346, "composition": [25, 5, 153, 150, 13], "charge": -0.0, "force_rmse": 0.21797099952090526}, {"index": 169, "atoms": 347, "composition": [12, 8, 164, 150, 13], "charge": -0.0, "force_rmse": 0.19606892343835458}, {"index": 231, "atoms": 181, "composition": [12, 10, 57, 54, 48], "charge": -0.0, "force_rmse": 0.1861182345664482}, {"index": 186, "atoms": 348, "composition": [14, 17, 154, 150, 13], "charge": -0.0, "force_rmse": 0.17936515760335042}, {"index": 214, "atoms": 328, "composition": [16, 11, 138, 150, 13], "charge": -0.0, "force_rmse": 0.175888568209019}, {"index": 160, "atoms": 360, "composition": [21, 18, 158, 150, 13], "charge": -0.0, "force_rmse": 0.1729765993258968}], "atomic_numbers": [1, 6, 8, 25, 45]}
2026-10-08 00:39:46.426 INFO: Epoch 90: loss=7.01284, RMSE_E_per_atom=5.6607 meV, RMSE_F=112.9899 meV/A, RMSE_dip_per_atom=0.6998 meA, RMSE_rho=0.2264 me/A^3
2026-10-08 00:39:46.426 INFO: 50-step electronic residual maximum: 0.0091169
2026-10-08 00:39:46.444 INFO: Optimizer epoch 90: lr=[0.001, 0.001, 0.001, 0.001, 0.001, 0.001, 0.001, 0.001, 0.001], mean gradient norm=7.0006, clipped=18/141
2026-10-08 00:39:46.444 INFO: Epoch timing: train=87.950s, validation=27.718s, updates=141, train/update=0.62376s, peak allocated=12283.2 MiB, backbone=CuEq
2026-10-08 00:39:46.444 INFO: Optimization budget: graphs=1125/1125, updates=141, mean retained gradient=0.97627, min retained gradient=0.6179
2026-10-08 00:39:46.444 INFO: Optimizer time scales {"updates_per_epoch": 141, "groups": [{"name": "embedding", "lr": 0.001, "parameter_update_range": [12831.0, 12831.0], "moment_memory_epochs": [0.07092198581560286, 7.092198581560277], "AdamW_decay_only_retention_per_epoch": 1.0}, {"name": "interactions_decay", "lr": 0.001, "parameter_update_range": [12831.0, 12831.0], "moment_memory_epochs": [0.07092198581560286, 7.092198581560277], "AdamW_decay_only_retention_per_epoch": 0.9998590098695387}, {"name": "interactions_no_decay", "lr": 0.001, "parameter_update_range": [12831.0, 12831.0], "moment_memory_epochs": [0.07092198581560286, 7.092198581560277], "AdamW_decay_only_retention_per_epoch": 1.0}, {"name": "products", "lr": 0.001, "parameter_update_range": [12831.0, 12831.0], "moment_memory_epochs": [0.07092198581560286, 7.092198581560277], "AdamW_decay_only_retention_per_epoch": 0.9998590098695387}, {"name": "readouts", "lr": 0.001, "parameter_update_range": [12831.0, 12831.0], "moment_memory_epochs": [0.07092198581560286, 7.092198581560277], "AdamW_decay_only_retention_per_epoch": 1.0}, {"name": "lr_source_maps", "lr": 0.001, "parameter_update_range": [12831.0, 12831.0], "moment_memory_epochs": [0.07092198581560286, 7.092198581560277], "AdamW_decay_only_retention_per_epoch": 1.0}, {"name": "field_dependent_charges_map", "lr": 0.001, "parameter_update_range": [12831.0, 12831.0], "moment_memory_epochs": [0.07092198581560286, 7.092198581560277], "AdamW_decay_only_retention_per_epoch": 0.9985909865428542}, {"name": "electronic_references", "lr": 0.001, "parameter_update_range": [12831.0, 12831.0], "moment_memory_epochs": [0.07092198581560286, 7.092198581560277], "AdamW_decay_only_retention_per_epoch": 1.0}, {"name": "layer_feature_mixer", "lr": 0.001, "parameter_update_range": [12831.0, 12831.0], "moment_memory_epochs": [0.07092198581560286, 7.092198581560277], "AdamW_decay_only_retention_per_epoch": 0.9998590098695387}], "EMA_asymptotic_memory_epochs": 0.7092198581560277}
2026-10-08 00:39:46.444 INFO: Batching: optimizer graphs=8, device graphs<=8; one clipping/Adam/EMA update per optimizer batch
2026-10-08 00:39:46.444 INFO: 50-step finite-budget validation residual 0.0091169 exceeds equilibrium tolerance 1e-06; metrics describe the exported finite trajectory, not a converged root
2026-10-08 00:47:33.473 INFO: Full validation audit {"graphs": 279, "index_convention": "supplied loader order, zero based", "force_rmse_by_element_column_eV_A": {"0": 0.1107819571382944, "1": 0.2560933129283543, "2": 0.10720696607390658, "3": 0.10000876279467202, "4": 0.10465656209243504}, "force_target_rms_by_element_column_eV_A": {"0": 0.6667205065800093, "1": 1.485388937044054, "2": 0.6623370749424797, "3": 0.6101502819784279, "4": 0.42143582945433244}, "force_rmse_over_target_rms_by_element_column": {"0": 0.1661595166864724, "1": 0.17240825385301697, "2": 0.16186164134510647, "3": 0.16390841035161213, "4": 0.24833332806074526}, "density_observers": {"density_RMSE_e_A3": 0.00022530597006842148, "farfield_RMSE_e_A3": 7.007846745853313e-05, "scope": "Different Gaussian resolutions of the same error; smaller farfield RMSE is not an accuracy gain."}, "largest_force_errors": [{"index": 250, "atoms": 179, "composition": [13, 8, 56, 54, 48], "charge": -0.0, "force_rmse": 0.3299616276006864}, {"index": 152, "atoms": 342, "composition": [17, 13, 149, 150, 13], "charge": -0.0, "force_rmse": 0.22044951953433412}, {"index": 145, "atoms": 346, "composition": [25, 5, 153, 150, 13], "charge": -0.0, "force_rmse": 0.21899149755206557}, {"index": 169, "atoms": 347, "composition": [12, 8, 164, 150, 13], "charge": -0.0, "force_rmse": 0.18925594686566694}, {"index": 231, "atoms": 181, "composition": [12, 10, 57, 54, 48], "charge": -0.0, "force_rmse": 0.18779372588641222}, {"index": 186, "atoms": 348, "composition": [14, 17, 154, 150, 13], "charge": -0.0, "force_rmse": 0.18039503457976794}, {"index": 214, "atoms": 328, "composition": [16, 11, 138, 150, 13], "charge": -0.0, "force_rmse": 0.17604217648980283}, {"index": 160, "atoms": 360, "composition": [21, 18, 158, 150, 13], "charge": -0.0, "force_rmse": 0.17323380471846625}], "atomic_numbers": [1, 6, 8, 25, 45]}
2026-10-08 00:47:33.495 INFO: Epoch 95: loss=6.958, RMSE_E_per_atom=5.5886 meV, RMSE_F=112.5810 meV/A, RMSE_dip_per_atom=0.6981 meA, RMSE_rho=0.2253 me/A^3
2026-10-08 00:47:33.495 INFO: 50-step electronic residual maximum: 0.0060635
2026-10-08 00:47:33.501 INFO: Optimizer epoch 95: lr=[0.001, 0.001, 0.001, 0.001, 0.001, 0.001, 0.001, 0.001, 0.001], mean gradient norm=6.3323, clipped=7/141
2026-10-08 00:47:33.501 INFO: Epoch timing: train=87.841s, validation=27.710s, updates=141, train/update=0.62298s, peak allocated=12096.9 MiB, backbone=CuEq
2026-10-08 00:47:33.501 INFO: Optimization budget: graphs=1125/1125, updates=141, mean retained gradient=0.99593, min retained gradient=0.86062
2026-10-08 00:47:33.501 INFO: Optimizer time scales {"updates_per_epoch": 141, "groups": [{"name": "embedding", "lr": 0.001, "parameter_update_range": [13536.0, 13536.0], "moment_memory_epochs": [0.07092198581560286, 7.092198581560277], "AdamW_decay_only_retention_per_epoch": 1.0}, {"name": "interactions_decay", "lr": 0.001, "parameter_update_range": [13536.0, 13536.0], "moment_memory_epochs": [0.07092198581560286, 7.092198581560277], "AdamW_decay_only_retention_per_epoch": 0.9998590098695387}, {"name": "interactions_no_decay", "lr": 0.001, "parameter_update_range": [13536.0, 13536.0], "moment_memory_epochs": [0.07092198581560286, 7.092198581560277], "AdamW_decay_only_retention_per_epoch": 1.0}, {"name": "products", "lr": 0.001, "parameter_update_range": [13536.0, 13536.0], "moment_memory_epochs": [0.07092198581560286, 7.092198581560277], "AdamW_decay_only_retention_per_epoch": 0.9998590098695387}, {"name": "readouts", "lr": 0.001, "parameter_update_range": [13536.0, 13536.0], "moment_memory_epochs": [0.07092198581560286, 7.092198581560277], "AdamW_decay_only_retention_per_epoch": 1.0}, {"name": "lr_source_maps", "lr": 0.001, "parameter_update_range": [13536.0, 13536.0], "moment_memory_epochs": [0.07092198581560286, 7.092198581560277], "AdamW_decay_only_retention_per_epoch": 1.0}, {"name": "field_dependent_charges_map", "lr": 0.001, "parameter_update_range": [13536.0, 13536.0], "moment_memory_epochs": [0.07092198581560286, 7.092198581560277], "AdamW_decay_only_retention_per_epoch": 0.9985909865428542}, {"name": "electronic_references", "lr": 0.001, "parameter_update_range": [13536.0, 13536.0], "moment_memory_epochs": [0.07092198581560286, 7.092198581560277], "AdamW_decay_only_retention_per_epoch": 1.0}, {"name": "layer_feature_mixer", "lr": 0.001, "parameter_update_range": [13536.0, 13536.0], "moment_memory_epochs": [0.07092198581560286, 7.092198581560277], "AdamW_decay_only_retention_per_epoch": 0.9998590098695387}], "EMA_asymptotic_memory_epochs": 0.7092198581560277}
2026-10-08 00:47:33.501 INFO: Batching: optimizer graphs=8, device graphs<=8; one clipping/Adam/EMA update per optimizer batch
2026-10-08 00:47:33.501 INFO: 50-step finite-budget validation residual 0.0060635 exceeds equilibrium tolerance 1e-06; metrics describe the exported finite trajectory, not a converged root
2026-10-08 00:55:20.683 INFO: Full validation audit {"graphs": 279, "index_convention": "supplied loader order, zero based", "force_rmse_by_element_column_eV_A": {"0": 0.11015403413821973, "1": 0.2546972542635937, "2": 0.1068049901238513, "3": 0.09962015505251706, "4": 0.10429998663968205}, "force_target_rms_by_element_column_eV_A": {"0": 0.6667205065800093, "1": 1.485388937044054, "2": 0.6623370749424797, "3": 0.6101502819784279, "4": 0.42143582945433244}, "force_rmse_over_target_rms_by_element_column": {"0": 0.16521770824668758, "1": 0.17146839316741178, "2": 0.16125473594110176, "3": 0.16327150538961674, "4": 0.2474872313887687}, "density_observers": {"density_RMSE_e_A3": 0.00022453061702848104, "farfield_RMSE_e_A3": 6.921407931877544e-05, "scope": "Different Gaussian resolutions of the same error; smaller farfield RMSE is not an accuracy gain."}, "largest_force_errors": [{"index": 250, "atoms": 179, "composition": [13, 8, 56, 54, 48], "charge": -0.0, "force_rmse": 0.3273787697989383}, {"index": 152, "atoms": 342, "composition": [17, 13, 149, 150, 13], "charge": -0.0, "force_rmse": 0.2200587511545101}, {"index": 145, "atoms": 346, "composition": [25, 5, 153, 150, 13], "charge": -0.0, "force_rmse": 0.21930861811813776}, {"index": 231, "atoms": 181, "composition": [12, 10, 57, 54, 48], "charge": -0.0, "force_rmse": 0.18661913736009494}, {"index": 169, "atoms": 347, "composition": [12, 8, 164, 150, 13], "charge": -0.0, "force_rmse": 0.18454431374635913}, {"index": 186, "atoms": 348, "composition": [14, 17, 154, 150, 13], "charge": -0.0, "force_rmse": 0.18171020769146665}, {"index": 214, "atoms": 328, "composition": [16, 11, 138, 150, 13], "charge": -0.0, "force_rmse": 0.17553212027880244}, {"index": 160, "atoms": 360, "composition": [21, 18, 158, 150, 13], "charge": -0.0, "force_rmse": 0.17246981878104156}], "atomic_numbers": [1, 6, 8, 25, 45]}
2026-10-08 00:55:20.703 INFO: Epoch 100: loss=6.90285, RMSE_E_per_atom=5.4920 meV, RMSE_F=112.1280 meV/A, RMSE_dip_per_atom=0.6948 meA, RMSE_rho=0.2245 me/A^3
2026-10-08 00:55:20.703 INFO: 50-step electronic residual maximum: 0.0033018
2026-10-08 00:55:20.712 INFO: Optimizer epoch 100: lr=[0.001, 0.001, 0.001, 0.001, 0.001, 0.001, 0.001, 0.001, 0.001], mean gradient norm=7.0932, clipped=18/141
2026-10-08 00:55:20.712 INFO: Epoch timing: train=87.821s, validation=27.700s, updates=141, train/update=0.62285s, peak allocated=12680.7 MiB, backbone=CuEq
2026-10-08 00:55:20.712 INFO: Optimization budget: graphs=1125/1125, updates=141, mean retained gradient=0.97753, min retained gradient=0.51374
2026-10-08 00:55:20.713 INFO: Optimizer time scales {"updates_per_epoch": 141, "groups": [{"name": "embedding", "lr": 0.001, "parameter_update_range": [14241.0, 14241.0], "moment_memory_epochs": [0.07092198581560286, 7.092198581560277], "AdamW_decay_only_retention_per_epoch": 1.0}, {"name": "interactions_decay", "lr": 0.001, "parameter_update_range": [14241.0, 14241.0], "moment_memory_epochs": [0.07092198581560286, 7.092198581560277], "AdamW_decay_only_retention_per_epoch": 0.9998590098695387}, {"name": "interactions_no_decay", "lr": 0.001, "parameter_update_range": [14241.0, 14241.0], "moment_memory_epochs": [0.07092198581560286, 7.092198581560277], "AdamW_decay_only_retention_per_epoch": 1.0}, {"name": "products", "lr": 0.001, "parameter_update_range": [14241.0, 14241.0], "moment_memory_epochs": [0.07092198581560286, 7.092198581560277], "AdamW_decay_only_retention_per_epoch": 0.9998590098695387}, {"name": "readouts", "lr": 0.001, "parameter_update_range": [14241.0, 14241.0], "moment_memory_epochs": [0.07092198581560286, 7.092198581560277], "AdamW_decay_only_retention_per_epoch": 1.0}, {"name": "lr_source_maps", "lr": 0.001, "parameter_update_range": [14241.0, 14241.0], "moment_memory_epochs": [0.07092198581560286, 7.092198581560277], "AdamW_decay_only_retention_per_epoch": 1.0}, {"name": "field_dependent_charges_map", "lr": 0.001, "parameter_update_range": [14241.0, 14241.0], "moment_memory_epochs": [0.07092198581560286, 7.092198581560277], "AdamW_decay_only_retention_per_epoch": 0.9985909865428542}, {"name": "electronic_references", "lr": 0.001, "parameter_update_range": [14241.0, 14241.0], "moment_memory_epochs": [0.07092198581560286, 7.092198581560277], "AdamW_decay_only_retention_per_epoch": 1.0}, {"name": "layer_feature_mixer", "lr": 0.001, "parameter_update_range": [14241.0, 14241.0], "moment_memory_epochs": [0.07092198581560286, 7.092198581560277], "AdamW_decay_only_retention_per_epoch": 0.9998590098695387}], "EMA_asymptotic_memory_epochs": 0.7092198581560277}
2026-10-08 00:55:20.713 INFO: Batching: optimizer graphs=8, device graphs<=8; one clipping/Adam/EMA update per optimizer batch
2026-10-08 00:55:20.713 INFO: 50-step finite-budget validation residual 0.0033018 exceeds equilibrium tolerance 1e-06; metrics describe the exported finite trajectory, not a converged root
2026-10-08 00:57:11.680 INFO: Full training audit {"graphs": 1125, "index_convention": "supplied loader order, zero based", "force_rmse_by_element_column_eV_A": {"0": 0.07979562192929934, "1": 0.17248558444691295, "2": 0.09032198542684006, "3": 0.08925440279175703, "4": 0.0921927423079218}, "force_target_rms_by_element_column_eV_A": {"0": 0.6774065086832185, "1": 1.538190971915685, "2": 0.6998679669900058, "3": 0.6220774482464436, "4": 0.4134908179035577}, "force_rmse_over_target_rms_by_element_column": {"0": 0.11779577093879809, "1": 0.11213535093896497, "2": 0.12905575006568326, "3": 0.1434779592852204, "4": 0.22296200620693046}, "density_observers": {"density_RMSE_e_A3": 0.00021642881634925836, "farfield_RMSE_e_A3": 6.792248483596751e-05, "scope": "Different Gaussian resolutions of the same error; smaller farfield RMSE is not an accuracy gain."}, "largest_force_errors": [{"index": 797, "atoms": 350, "composition": [10, 20, 157, 150, 13], "charge": -0.0, "force_rmse": 0.1714543537509501}, {"index": 590, "atoms": 341, "composition": [12, 11, 155, 150, 13], "charge": -0.0, "force_rmse": 0.14999312440385879}, {"index": 882, "atoms": 350, "composition": [17, 16, 154, 150, 13], "charge": -0.0, "force_rmse": 0.14619882991211547}, {"index": 740, "atoms": 333, "composition": [13, 7, 150, 150, 13], "charge": -0.0, "force_rmse": 0.1408893801493378}, {"index": 807, "atoms": 350, "composition": [22, 14, 151, 150, 13], "charge": -0.0, "force_rmse": 0.14070589591296195}, {"index": 682, "atoms": 334, "composition": [12, 9, 150, 150, 13], "charge": -0.0, "force_rmse": 0.14028604630434383}, {"index": 651, "atoms": 327, "composition": [13, 9, 142, 150, 13], "charge": -0.0, "force_rmse": 0.13846342802453354}, {"index": 880, "atoms": 340, "composition": [9, 13, 155, 150, 13], "charge": -0.0, "force_rmse": 0.1365225409694918}], "atomic_numbers": [1, 6, 8, 25, 45]}
2026-10-08 00:57:11.704 INFO: Full-split generalization {"epoch": 100, "training_graphs": 1125, "validation_graphs": 279, "train": {"rmse_e_per_atom": 0.005510756999912787, "rmse_f": 0.0943174033817063, "rmse_mu_per_atom": 0.0003696721959009061, "rmse_rho": 0.0002164288163492584}, "validation": {"rmse_e_per_atom": 0.005492046969421186, "rmse_f": 0.11212796031518533, "rmse_mu_per_atom": 0.0006947962994560611, "rmse_rho": 0.00022453061702848106}, "weighted_training_objectives": {"energy_per_atom": 0.0030368442712087767, "forces": 4.4478862903337495, "dipole": 0.02284875811475754, "fourier_density": 0.46841432546341}, "weighted_validation_objectives": {"energy_per_atom": 0.003016257991432842, "forces": 6.286339742221889, "dipole": 0.10935263992601545, "fourier_density": 0.5041399798319044}, "seconds": 110.94643520200043, "scope": "Whole splits at the same EMA parameters and deployment step count; read-only, native units."}
2026-10-08 00:57:32.968 INFO: Electronic diagnostic {"train": {"graphs": 32, "charge_span": [-0.0, -0.0], "step_comparison": [[{"steps": 25, "WF_eV": 1.8283992350087388, "EF_eV": -0.9896609624224489, "residual": 0.00017855575846906224}, {"steps": 50, "WF_eV": 1.8282993990443157, "EF_eV": -0.9896125932118088, "residual": 2.1371087593168026e-07}, {"steps": 100, "WF_eV": 1.828299488485727, "EF_eV": -0.9896126394354587, "residual": 3.883681570782116e-13}], [{"steps": 25, "WF_eV": 1.8202980446964188, "EF_eV": -0.9012332594534543, "residual": 0.00020246561660798058}, {"steps": 50, "WF_eV": 1.8201812715823367, "EF_eV": -0.9011760735062945, "residual": 3.3877651059964486e-07}, {"steps": 100, "WF_eV": 1.8201813981865256, "EF_eV": -0.901176139257539, "residual": 1.0416164458737498e-12}]], "dEF_dQ_and_dWF_dQ_eV_per_e": [[-0.331420052947351, -0.02729579732529963], [-0.39626187081225894, -0.029536796051576886]], "force_RMSE_by_atomic_number_eV_A": {"1": 0.0858509909002359, "8": 0.0832075297176933, "45": 0.09343902232827499, "6": 0.15793552490559282, "25": 0.079265293590188}, "force_RMSE_eV_A": 0.0897572710872286, "charge_response_identifiability": "Single-charge data do not determine capacitance; slopes above are predictions, not validation."}, "validation": {"graphs": 16, "charge_span": [-0.0, -0.0], "step_comparison": [[{"steps": 25, "WF_eV": 1.8243751692338033, "EF_eV": -1.1109218084560273, "residual": 0.00027333169103452466}, {"steps": 50, "WF_eV": 1.8242438639508909, "EF_eV": -1.1108522610506855, "residual": 7.118812906936611e-07}, {"steps": 100, "WF_eV": 1.8242439424327597, "EF_eV": -1.1108523349012813, "residual": 2.9602275491980024e-12}], [{"steps": 25, "WF_eV": 1.8211106631953564, "EF_eV": -1.189075092820867, "residual": 0.00038222273376514564}, {"steps": 50, "WF_eV": 1.8210175366641679, "EF_eV": -1.188993095246234, "residual": 9.587318613255708e-07}, {"steps": 100, "WF_eV": 1.821017579025029, "EF_eV": -1.1889932086400383, "residual": 5.795305207945134e-12}]], "dEF_dQ_and_dWF_dQ_eV_per_e": [[-0.4964161713600257, -0.04046771190283627], [-0.43379215464610654, -0.041437036976810226]], "force_RMSE_by_atomic_number_eV_A": {"6": 0.2365400967073456, "8": 0.09959339863441131, "45": 0.09978385658632387, "1": 0.10203590892890586, "25": 0.09966221963782115}, "force_RMSE_eV_A": 0.10697297887608767, "charge_response_identifiability": "Single-charge data do not determine capacitance; slopes above are predictions, not validation."}, "epoch": 100, "response_weight_norms": {"vector_out.weight": 2.9448637974304, "scalar_out.weight": 3.5218003427329414, "state_scalar.weight": 5.0865078694581, "state_vector.weight": 3.344687543811969, "neighbor_scalar.weight": 3.008368555714073, "neighbor_vector.weight": 5.705204940499992}, "regularization": {"field_weight_decay": 0.01}, "objective_gradients": {"training_index": 562, "atoms": 176, "terms": {"energy_per_atom": {"weighted_loss": 0.000473478399809543, "gradient_norm": 0.5522475925854434}, "forces": {"weighted_loss": 2.45847181398864, "gradient_norm": 5.208030510222452}, "dipole": {"weighted_loss": 0.00019830582686873596, "gradient_norm": 0.142761911637021}, "fourier_density": {"weighted_loss": 0.30797864533841934, "gradient_norm": 0.4795100578047359}, "density_observer_farfield": {"weighted_loss": 0.037283789066916456, "gradient_norm": 0.6472970152336326}}, "cosines": {"energy_per_atom / forces": -0.05145676782144695, "energy_per_atom / dipole": 0.011940287310939351, "energy_per_atom / fourier_density": -0.0011011395749722366, "energy_per_atom / density_observer_farfield": -0.048638451792506324, "forces / dipole": -0.004762854238328014, "forces / fourier_density": -8.130468803562597e-06, "forces / density_observer_farfield": 0.05132045538135859, "dipole / fourier_density": 0.1552960852169602, "dipole / density_observer_farfield": 0.21174333905071824, "fourier_density / density_observer_farfield": -0.46347329418338035}, "scope": "One training graph, before clipping; diagnostic only.", "parameter_state": "EMA"}, "scope": "Deterministic panels, not whole-dataset metrics. Validation is development data, never used for fitting or selecting the probe."}
2026-10-08 01:05:17.403 INFO: Full validation audit {"graphs": 279, "index_convention": "supplied loader order, zero based", "force_rmse_by_element_column_eV_A": {"0": 0.10975850896878964, "1": 0.25479748337648117, "2": 0.10639004909608354, "3": 0.09930557618099736, "4": 0.10395081965224215}, "force_target_rms_by_element_column_eV_A": {"0": 0.6667205065800093, "1": 1.485388937044054, "2": 0.6623370749424797, "3": 0.6101502819784279, "4": 0.42143582945433244}, "force_rmse_over_target_rms_by_element_column": {"0": 0.16462446840251513, "1": 0.17153586984667593, "2": 0.16062825579456338, "3": 0.1627559293408773, "4": 0.24665871382325466}, "density_observers": {"density_RMSE_e_A3": 0.0002237820809085254, "farfield_RMSE_e_A3": 6.967200700611583e-05, "scope": "Different Gaussian resolutions of the same error; smaller farfield RMSE is not an accuracy gain."}, "largest_force_errors": [{"index": 250, "atoms": 179, "composition": [13, 8, 56, 54, 48], "charge": -0.0, "force_rmse": 0.32745106952111036}, {"index": 152, "atoms": 342, "composition": [17, 13, 149, 150, 13], "charge": -0.0, "force_rmse": 0.22024283958601132}, {"index": 145, "atoms": 346, "composition": [25, 5, 153, 150, 13], "charge": -0.0, "force_rmse": 0.21758031618558699}, {"index": 231, "atoms": 181, "composition": [12, 10, 57, 54, 48], "charge": -0.0, "force_rmse": 0.18845510862431816}, {"index": 169, "atoms": 347, "composition": [12, 8, 164, 150, 13], "charge": -0.0, "force_rmse": 0.18521921766801666}, {"index": 186, "atoms": 348, "composition": [14, 17, 154, 150, 13], "charge": -0.0, "force_rmse": 0.1811498441840046}, {"index": 214, "atoms": 328, "composition": [16, 11, 138, 150, 13], "charge": -0.0, "force_rmse": 0.17532808106968512}, {"index": 160, "atoms": 360, "composition": [21, 18, 158, 150, 13], "charge": -0.0, "force_rmse": 0.17286573914558015}], "atomic_numbers": [1, 6, 8, 25, 45]}
2026-10-08 01:05:17.424 INFO: Epoch 105: loss=6.85972, RMSE_E_per_atom=5.4546 meV, RMSE_F=111.8103 meV/A, RMSE_dip_per_atom=0.6853 meA, RMSE_rho=0.2238 me/A^3
2026-10-08 01:05:17.424 INFO: 50-step electronic residual maximum: 0.0030705
2026-10-08 01:05:17.429 INFO: Optimizer epoch 105: lr=[0.001, 0.001, 0.001, 0.001, 0.001, 0.001, 0.001, 0.001, 0.001], mean gradient norm=6.89, clipped=17/141
2026-10-08 01:05:17.429 INFO: Epoch timing: train=86.912s, validation=27.306s, updates=141, train/update=0.61639s, peak allocated=12705.4 MiB, backbone=CuEq
2026-10-08 01:05:17.429 INFO: Optimization budget: graphs=1125/1125, updates=141, mean retained gradient=0.98315, min retained gradient=0.70587
2026-10-08 01:05:17.430 INFO: Optimizer time scales {"updates_per_epoch": 141, "groups": [{"name": "embedding", "lr": 0.001, "parameter_update_range": [14946.0, 14946.0], "moment_memory_epochs": [0.07092198581560286, 7.092198581560277], "AdamW_decay_only_retention_per_epoch": 1.0}, {"name": "interactions_decay", "lr": 0.001, "parameter_update_range": [14946.0, 14946.0], "moment_memory_epochs": [0.07092198581560286, 7.092198581560277], "AdamW_decay_only_retention_per_epoch": 0.9998590098695387}, {"name": "interactions_no_decay", "lr": 0.001, "parameter_update_range": [14946.0, 14946.0], "moment_memory_epochs": [0.07092198581560286, 7.092198581560277], "AdamW_decay_only_retention_per_epoch": 1.0}, {"name": "products", "lr": 0.001, "parameter_update_range": [14946.0, 14946.0], "moment_memory_epochs": [0.07092198581560286, 7.092198581560277], "AdamW_decay_only_retention_per_epoch": 0.9998590098695387}, {"name": "readouts", "lr": 0.001, "parameter_update_range": [14946.0, 14946.0], "moment_memory_epochs": [0.07092198581560286, 7.092198581560277], "AdamW_decay_only_retention_per_epoch": 1.0}, {"name": "lr_source_maps", "lr": 0.001, "parameter_update_range": [14946.0, 14946.0], "moment_memory_epochs": [0.07092198581560286, 7.092198581560277], "AdamW_decay_only_retention_per_epoch": 1.0}, {"name": "field_dependent_charges_map", "lr": 0.001, "parameter_update_range": [14946.0, 14946.0], "moment_memory_epochs": [0.07092198581560286, 7.092198581560277], "AdamW_decay_only_retention_per_epoch": 0.9985909865428542}, {"name": "electronic_references", "lr": 0.001, "parameter_update_range": [14946.0, 14946.0], "moment_memory_epochs": [0.07092198581560286, 7.092198581560277], "AdamW_decay_only_retention_per_epoch": 1.0}, {"name": "layer_feature_mixer", "lr": 0.001, "parameter_update_range": [14946.0, 14946.0], "moment_memory_epochs": [0.07092198581560286, 7.092198581560277], "AdamW_decay_only_retention_per_epoch": 0.9998590098695387}], "EMA_asymptotic_memory_epochs": 0.7092198581560277}
2026-10-08 01:05:17.430 INFO: Batching: optimizer graphs=8, device graphs<=8; one clipping/Adam/EMA update per optimizer batch
2026-10-08 01:05:17.430 INFO: 50-step finite-budget validation residual 0.0030705 exceeds equilibrium tolerance 1e-06; metrics describe the exported finite trajectory, not a converged root
2026-10-08 01:13:01.393 INFO: Full validation audit {"graphs": 279, "index_convention": "supplied loader order, zero based", "force_rmse_by_element_column_eV_A": {"0": 0.10925313235970815, "1": 0.25394590475364404, "2": 0.10585136914162496, "3": 0.09895222837999097, "4": 0.10358396121513933}, "force_target_rms_by_element_column_eV_A": {"0": 0.6667205065800093, "1": 1.485388937044054, "2": 0.6623370749424797, "3": 0.6101502819784279, "4": 0.42143582945433244}, "force_rmse_over_target_rms_by_element_column": {"0": 0.163866464705173, "1": 0.17096256638278198, "2": 0.15981495396557344, "3": 0.1621768133239828, "4": 0.24578821726965638}, "density_observers": {"density_RMSE_e_A3": 0.00022279832924340995, "farfield_RMSE_e_A3": 6.900397248588101e-05, "scope": "Different Gaussian resolutions of the same error; smaller farfield RMSE is not an accuracy gain."}, "largest_force_errors": [{"index": 250, "atoms": 179, "composition": [13, 8, 56, 54, 48], "charge": -0.0, "force_rmse": 0.3250384519599187}, {"index": 152, "atoms": 342, "composition": [17, 13, 149, 150, 13], "charge": -0.0, "force_rmse": 0.221611192378171}, {"index": 145, "atoms": 346, "composition": [25, 5, 153, 150, 13], "charge": -0.0, "force_rmse": 0.2177317334970068}, {"index": 231, "atoms": 181, "composition": [12, 10, 57, 54, 48], "charge": -0.0, "force_rmse": 0.18783570995245805}, {"index": 169, "atoms": 347, "composition": [12, 8, 164, 150, 13], "charge": -0.0, "force_rmse": 0.1860396158566726}, {"index": 186, "atoms": 348, "composition": [14, 17, 154, 150, 13], "charge": -0.0, "force_rmse": 0.18008460095545886}, {"index": 214, "atoms": 328, "composition": [16, 11, 138, 150, 13], "charge": -0.0, "force_rmse": 0.1751043976041092}, {"index": 160, "atoms": 360, "composition": [21, 18, 158, 150, 13], "charge": -0.0, "force_rmse": 0.17014452569734823}], "atomic_numbers": [1, 6, 8, 25, 45]}
2026-10-08 01:13:01.415 INFO: Epoch 110: loss=6.80957, RMSE_E_per_atom=5.4464 meV, RMSE_F=111.3688 meV/A, RMSE_dip_per_atom=0.6839 meA, RMSE_rho=0.2228 me/A^3
2026-10-08 01:13:01.415 INFO: 50-step electronic residual maximum: 0.013984
2026-10-08 01:13:01.420 INFO: Optimizer epoch 110: lr=[0.001, 0.001, 0.001, 0.001, 0.001, 0.001, 0.001, 0.001, 0.001], mean gradient norm=6.1887, clipped=10/141
2026-10-08 01:13:01.420 INFO: Epoch timing: train=88.144s, validation=27.760s, updates=141, train/update=0.62513s, peak allocated=12146.5 MiB, backbone=CuEq
2026-10-08 01:13:01.420 INFO: Optimization budget: graphs=1125/1125, updates=141, mean retained gradient=0.98906, min retained gradient=0.65181
2026-10-08 01:13:01.420 INFO: Optimizer time scales {"updates_per_epoch": 141, "groups": [{"name": "embedding", "lr": 0.001, "parameter_update_range": [15651.0, 15651.0], "moment_memory_epochs": [0.07092198581560286, 7.092198581560277], "AdamW_decay_only_retention_per_epoch": 1.0}, {"name": "interactions_decay", "lr": 0.001, "parameter_update_range": [15651.0, 15651.0], "moment_memory_epochs": [0.07092198581560286, 7.092198581560277], "AdamW_decay_only_retention_per_epoch": 0.9998590098695387}, {"name": "interactions_no_decay", "lr": 0.001, "parameter_update_range": [15651.0, 15651.0], "moment_memory_epochs": [0.07092198581560286, 7.092198581560277], "AdamW_decay_only_retention_per_epoch": 1.0}, {"name": "products", "lr": 0.001, "parameter_update_range": [15651.0, 15651.0], "moment_memory_epochs": [0.07092198581560286, 7.092198581560277], "AdamW_decay_only_retention_per_epoch": 0.9998590098695387}, {"name": "readouts", "lr": 0.001, "parameter_update_range": [15651.0, 15651.0], "moment_memory_epochs": [0.07092198581560286, 7.092198581560277], "AdamW_decay_only_retention_per_epoch": 1.0}, {"name": "lr_source_maps", "lr": 0.001, "parameter_update_range": [15651.0, 15651.0], "moment_memory_epochs": [0.07092198581560286, 7.092198581560277], "AdamW_decay_only_retention_per_epoch": 1.0}, {"name": "field_dependent_charges_map", "lr": 0.001, "parameter_update_range": [15651.0, 15651.0], "moment_memory_epochs": [0.07092198581560286, 7.092198581560277], "AdamW_decay_only_retention_per_epoch": 0.9985909865428542}, {"name": "electronic_references", "lr": 0.001, "parameter_update_range": [15651.0, 15651.0], "moment_memory_epochs": [0.07092198581560286, 7.092198581560277], "AdamW_decay_only_retention_per_epoch": 1.0}, {"name": "layer_feature_mixer", "lr": 0.001, "parameter_update_range": [15651.0, 15651.0], "moment_memory_epochs": [0.07092198581560286, 7.092198581560277], "AdamW_decay_only_retention_per_epoch": 0.9998590098695387}], "EMA_asymptotic_memory_epochs": 0.7092198581560277}
2026-10-08 01:13:01.420 INFO: Batching: optimizer graphs=8, device graphs<=8; one clipping/Adam/EMA update per optimizer batch
2026-10-08 01:13:01.420 INFO: 50-step finite-budget validation residual 0.013984 exceeds equilibrium tolerance 1e-06; metrics describe the exported finite trajectory, not a converged root
2026-10-08 01:20:49.810 INFO: Full validation audit {"graphs": 279, "index_convention": "supplied loader order, zero based", "force_rmse_by_element_column_eV_A": {"0": 0.10894412892449848, "1": 0.25360056096261574, "2": 0.10544921702593128, "3": 0.09866911663244515, "4": 0.10325408518492812}, "force_target_rms_by_element_column_eV_A": {"0": 0.6667205065800093, "1": 1.485388937044054, "2": 0.6623370749424797, "3": 0.6101502819784279, "4": 0.42143582945433244}, "force_rmse_over_target_rms_by_element_column": {"0": 0.16340299698195157, "1": 0.17073007253392136, "2": 0.15920778258576113, "3": 0.1617128100187187, "4": 0.2450054740685424}, "density_observers": {"density_RMSE_e_A3": 0.00022248415870174842, "farfield_RMSE_e_A3": 6.855820676650766e-05, "scope": "Different Gaussian resolutions of the same error; smaller farfield RMSE is not an accuracy gain."}, "largest_force_errors": [{"index": 250, "atoms": 179, "composition": [13, 8, 56, 54, 48], "charge": -0.0, "force_rmse": 0.3227880516009329}, {"index": 152, "atoms": 342, "composition": [17, 13, 149, 150, 13], "charge": -0.0, "force_rmse": 0.22081589976515847}, {"index": 145, "atoms": 346, "composition": [25, 5, 153, 150, 13], "charge": -0.0, "force_rmse": 0.21718879918163497}, {"index": 231, "atoms": 181, "composition": [12, 10, 57, 54, 48], "charge": -0.0, "force_rmse": 0.1893634181437735}, {"index": 169, "atoms": 347, "composition": [12, 8, 164, 150, 13], "charge": -0.0, "force_rmse": 0.18519826048230031}, {"index": 186, "atoms": 348, "composition": [14, 17, 154, 150, 13], "charge": -0.0, "force_rmse": 0.18004840885432627}, {"index": 214, "atoms": 328, "composition": [16, 11, 138, 150, 13], "charge": -0.0, "force_rmse": 0.17455829935671713}, {"index": 160, "atoms": 360, "composition": [21, 18, 158, 150, 13], "charge": -0.0, "force_rmse": 0.1698432310304605}], "atomic_numbers": [1, 6, 8, 25, 45]}
2026-10-08 01:20:49.833 INFO: Epoch 115: loss=6.76795, RMSE_E_per_atom=5.4090 meV, RMSE_F=111.0393 meV/A, RMSE_dip_per_atom=0.6856 meA, RMSE_rho=0.2225 me/A^3
2026-10-08 01:20:49.833 INFO: 50-step electronic residual maximum: 0.028201
2026-10-08 01:20:49.841 INFO: Optimizer epoch 115: lr=[0.001, 0.001, 0.001, 0.001, 0.001, 0.001, 0.001, 0.001, 0.001], mean gradient norm=6.1444, clipped=6/141
2026-10-08 01:20:49.841 INFO: Epoch timing: train=88.126s, validation=27.737s, updates=141, train/update=0.62501s, peak allocated=12210.8 MiB, backbone=CuEq
2026-10-08 01:20:49.841 INFO: Optimization budget: graphs=1125/1125, updates=141, mean retained gradient=0.99293, min retained gradient=0.68637
2026-10-08 01:20:49.841 INFO: Optimizer time scales {"updates_per_epoch": 141, "groups": [{"name": "embedding", "lr": 0.001, "parameter_update_range": [16356.0, 16356.0], "moment_memory_epochs": [0.07092198581560286, 7.092198581560277], "AdamW_decay_only_retention_per_epoch": 1.0}, {"name": "interactions_decay", "lr": 0.001, "parameter_update_range": [16356.0, 16356.0], "moment_memory_epochs": [0.07092198581560286, 7.092198581560277], "AdamW_decay_only_retention_per_epoch": 0.9998590098695387}, {"name": "interactions_no_decay", "lr": 0.001, "parameter_update_range": [16356.0, 16356.0], "moment_memory_epochs": [0.07092198581560286, 7.092198581560277], "AdamW_decay_only_retention_per_epoch": 1.0}, {"name": "products", "lr": 0.001, "parameter_update_range": [16356.0, 16356.0], "moment_memory_epochs": [0.07092198581560286, 7.092198581560277], "AdamW_decay_only_retention_per_epoch": 0.9998590098695387}, {"name": "readouts", "lr": 0.001, "parameter_update_range": [16356.0, 16356.0], "moment_memory_epochs": [0.07092198581560286, 7.092198581560277], "AdamW_decay_only_retention_per_epoch": 1.0}, {"name": "lr_source_maps", "lr": 0.001, "parameter_update_range": [16356.0, 16356.0], "moment_memory_epochs": [0.07092198581560286, 7.092198581560277], "AdamW_decay_only_retention_per_epoch": 1.0}, {"name": "field_dependent_charges_map", "lr": 0.001, "parameter_update_range": [16356.0, 16356.0], "moment_memory_epochs": [0.07092198581560286, 7.092198581560277], "AdamW_decay_only_retention_per_epoch": 0.9985909865428542}, {"name": "electronic_references", "lr": 0.001, "parameter_update_range": [16356.0, 16356.0], "moment_memory_epochs": [0.07092198581560286, 7.092198581560277], "AdamW_decay_only_retention_per_epoch": 1.0}, {"name": "layer_feature_mixer", "lr": 0.001, "parameter_update_range": [16356.0, 16356.0], "moment_memory_epochs": [0.07092198581560286, 7.092198581560277], "AdamW_decay_only_retention_per_epoch": 0.9998590098695387}], "EMA_asymptotic_memory_epochs": 0.7092198581560277}
2026-10-08 01:20:49.841 INFO: Batching: optimizer graphs=8, device graphs<=8; one clipping/Adam/EMA update per optimizer batch
2026-10-08 01:20:49.841 INFO: 50-step finite-budget validation residual 0.028201 exceeds equilibrium tolerance 1e-06; metrics describe the exported finite trajectory, not a converged root
2026-10-08 01:28:37.710 INFO: Full validation audit {"graphs": 279, "index_convention": "supplied loader order, zero based", "force_rmse_by_element_column_eV_A": {"0": 0.10849677036523984, "1": 0.25385537078519793, "2": 0.10525517435607977, "3": 0.09840487537691152, "4": 0.10300614204696905}, "force_target_rms_by_element_column_eV_A": {"0": 0.6667205065800093, "1": 1.485388937044054, "2": 0.6623370749424797, "3": 0.6101502819784279, "4": 0.42143582945433244}, "force_rmse_over_target_rms_by_element_column": {"0": 0.162732013331616, "1": 0.1709016167108218, "2": 0.15891481594204973, "3": 0.16127973432681403, "4": 0.24441714455161428}, "density_observers": {"density_RMSE_e_A3": 0.00022195242312033427, "farfield_RMSE_e_A3": 6.819302703400763e-05, "scope": "Different Gaussian resolutions of the same error; smaller farfield RMSE is not an accuracy gain."}, "largest_force_errors": [{"index": 250, "atoms": 179, "composition": [13, 8, 56, 54, 48], "charge": -0.0, "force_rmse": 0.3233484355140038}, {"index": 152, "atoms": 342, "composition": [17, 13, 149, 150, 13], "charge": -0.0, "force_rmse": 0.22335855236453583}, {"index": 145, "atoms": 346, "composition": [25, 5, 153, 150, 13], "charge": -0.0, "force_rmse": 0.2167014218844168}, {"index": 231, "atoms": 181, "composition": [12, 10, 57, 54, 48], "charge": -0.0, "force_rmse": 0.19003241180457325}, {"index": 169, "atoms": 347, "composition": [12, 8, 164, 150, 13], "charge": -0.0, "force_rmse": 0.18625832881587598}, {"index": 186, "atoms": 348, "composition": [14, 17, 154, 150, 13], "charge": -0.0, "force_rmse": 0.1787707579350482}, {"index": 214, "atoms": 328, "composition": [16, 11, 138, 150, 13], "charge": -0.0, "force_rmse": 0.17443359317692966}, {"index": 160, "atoms": 360, "composition": [21, 18, 158, 150, 13], "charge": -0.0, "force_rmse": 0.17008940796161431}], "atomic_numbers": [1, 6, 8, 25, 45]}
2026-10-08 01:28:37.735 INFO: Epoch 120: loss=6.74624, RMSE_E_per_atom=5.3520 meV, RMSE_F=110.8396 meV/A, RMSE_dip_per_atom=0.6841 meA, RMSE_rho=0.2220 me/A^3
2026-10-08 01:28:37.735 INFO: 50-step electronic residual maximum: 0.021514
2026-10-08 01:28:37.742 INFO: Optimizer epoch 120: lr=[0.001, 0.001, 0.001, 0.001, 0.001, 0.001, 0.001, 0.001, 0.001], mean gradient norm=7.2865, clipped=19/141
2026-10-08 01:28:37.742 INFO: Epoch timing: train=88.012s, validation=27.714s, updates=141, train/update=0.62420s, peak allocated=12462.5 MiB, backbone=CuEq
2026-10-08 01:28:37.742 INFO: Optimization budget: graphs=1125/1125, updates=141, mean retained gradient=0.979, min retained gradient=0.56297
2026-10-08 01:28:37.743 INFO: Optimizer time scales {"updates_per_epoch": 141, "groups": [{"name": "embedding", "lr": 0.001, "parameter_update_range": [17061.0, 17061.0], "moment_memory_epochs": [0.07092198581560286, 7.092198581560277], "AdamW_decay_only_retention_per_epoch": 1.0}, {"name": "interactions_decay", "lr": 0.001, "parameter_update_range": [17061.0, 17061.0], "moment_memory_epochs": [0.07092198581560286, 7.092198581560277], "AdamW_decay_only_retention_per_epoch": 0.9998590098695387}, {"name": "interactions_no_decay", "lr": 0.001, "parameter_update_range": [17061.0, 17061.0], "moment_memory_epochs": [0.07092198581560286, 7.092198581560277], "AdamW_decay_only_retention_per_epoch": 1.0}, {"name": "products", "lr": 0.001, "parameter_update_range": [17061.0, 17061.0], "moment_memory_epochs": [0.07092198581560286, 7.092198581560277], "AdamW_decay_only_retention_per_epoch": 0.9998590098695387}, {"name": "readouts", "lr": 0.001, "parameter_update_range": [17061.0, 17061.0], "moment_memory_epochs": [0.07092198581560286, 7.092198581560277], "AdamW_decay_only_retention_per_epoch": 1.0}, {"name": "lr_source_maps", "lr": 0.001, "parameter_update_range": [17061.0, 17061.0], "moment_memory_epochs": [0.07092198581560286, 7.092198581560277], "AdamW_decay_only_retention_per_epoch": 1.0}, {"name": "field_dependent_charges_map", "lr": 0.001, "parameter_update_range": [17061.0, 17061.0], "moment_memory_epochs": [0.07092198581560286, 7.092198581560277], "AdamW_decay_only_retention_per_epoch": 0.9985909865428542}, {"name": "electronic_references", "lr": 0.001, "parameter_update_range": [17061.0, 17061.0], "moment_memory_epochs": [0.07092198581560286, 7.092198581560277], "AdamW_decay_only_retention_per_epoch": 1.0}, {"name": "layer_feature_mixer", "lr": 0.001, "parameter_update_range": [17061.0, 17061.0], "moment_memory_epochs": [0.07092198581560286, 7.092198581560277], "AdamW_decay_only_retention_per_epoch": 0.9998590098695387}], "EMA_asymptotic_memory_epochs": 0.7092198581560277}
2026-10-08 01:28:37.743 INFO: Batching: optimizer graphs=8, device graphs<=8; one clipping/Adam/EMA update per optimizer batch
2026-10-08 01:28:37.743 INFO: 50-step finite-budget validation residual 0.021514 exceeds equilibrium tolerance 1e-06; metrics describe the exported finite trajectory, not a converged root
2026-10-08 01:36:26.158 INFO: Full validation audit {"graphs": 279, "index_convention": "supplied loader order, zero based", "force_rmse_by_element_column_eV_A": {"0": 0.10781864481203367, "1": 0.25336545129377397, "2": 0.10480684551965454, "3": 0.0981636543653913, "4": 0.10266261137461223}, "force_target_rms_by_element_column_eV_A": {"0": 0.6667205065800093, "1": 1.485388937044054, "2": 0.6623370749424797, "3": 0.6101502819784279, "4": 0.42143582945433244}, "force_rmse_over_target_rms_by_element_column": {"0": 0.1617149071431703, "1": 0.17057179098019604, "2": 0.15823792670636236, "3": 0.16088438744483266, "4": 0.24360200106274288}, "density_observers": {"density_RMSE_e_A3": 0.00022153201337638998, "farfield_RMSE_e_A3": 6.81263059084567e-05, "scope": "Different Gaussian resolutions of the same error; smaller farfield RMSE is not an accuracy gain."}, "largest_force_errors": [{"index": 250, "atoms": 179, "composition": [13, 8, 56, 54, 48], "charge": -0.0, "force_rmse": 0.31819814398675694}, {"index": 152, "atoms": 342, "composition": [17, 13, 149, 150, 13], "charge": -0.0, "force_rmse": 0.2228387248754611}, {"index": 145, "atoms": 346, "composition": [25, 5, 153, 150, 13], "charge": -0.0, "force_rmse": 0.21587161523300208}, {"index": 231, "atoms": 181, "composition": [12, 10, 57, 54, 48], "charge": -0.0, "force_rmse": 0.19110564194282884}, {"index": 169, "atoms": 347, "composition": [12, 8, 164, 150, 13], "charge": -0.0, "force_rmse": 0.18626677459350724}, {"index": 186, "atoms": 348, "composition": [14, 17, 154, 150, 13], "charge": -0.0, "force_rmse": 0.17971339304166706}, {"index": 214, "atoms": 328, "composition": [16, 11, 138, 150, 13], "charge": -0.0, "force_rmse": 0.17362164154611803}, {"index": 160, "atoms": 360, "composition": [21, 18, 158, 150, 13], "charge": -0.0, "force_rmse": 0.16967712723703232}], "atomic_numbers": [1, 6, 8, 25, 45]}
2026-10-08 01:36:26.181 INFO: Epoch 125: loss=6.70103, RMSE_E_per_atom=5.2703 meV, RMSE_F=110.4782 meV/A, RMSE_dip_per_atom=0.6695 meA, RMSE_rho=0.2215 me/A^3
2026-10-08 01:36:26.181 INFO: 50-step electronic residual maximum: 0.0067825
2026-10-08 01:36:26.188 INFO: Optimizer epoch 125: lr=[0.001, 0.001, 0.001, 0.001, 0.001, 0.001, 0.001, 0.001, 0.001], mean gradient norm=7.2234, clipped=19/141
2026-10-08 01:36:26.188 INFO: Epoch timing: train=88.175s, validation=27.756s, updates=141, train/update=0.62536s, peak allocated=12276.0 MiB, backbone=CuEq
2026-10-08 01:36:26.188 INFO: Optimization budget: graphs=1125/1125, updates=141, mean retained gradient=0.97672, min retained gradient=0.49813
2026-10-08 01:36:26.188 INFO: Optimizer time scales {"updates_per_epoch": 141, "groups": [{"name": "embedding", "lr": 0.001, "parameter_update_range": [17766.0, 17766.0], "moment_memory_epochs": [0.07092198581560286, 7.092198581560277], "AdamW_decay_only_retention_per_epoch": 1.0}, {"name": "interactions_decay", "lr": 0.001, "parameter_update_range": [17766.0, 17766.0], "moment_memory_epochs": [0.07092198581560286, 7.092198581560277], "AdamW_decay_only_retention_per_epoch": 0.9998590098695387}, {"name": "interactions_no_decay", "lr": 0.001, "parameter_update_range": [17766.0, 17766.0], "moment_memory_epochs": [0.07092198581560286, 7.092198581560277], "AdamW_decay_only_retention_per_epoch": 1.0}, {"name": "products", "lr": 0.001, "parameter_update_range": [17766.0, 17766.0], "moment_memory_epochs": [0.07092198581560286, 7.092198581560277], "AdamW_decay_only_retention_per_epoch": 0.9998590098695387}, {"name": "readouts", "lr": 0.001, "parameter_update_range": [17766.0, 17766.0], "moment_memory_epochs": [0.07092198581560286, 7.092198581560277], "AdamW_decay_only_retention_per_epoch": 1.0}, {"name": "lr_source_maps", "lr": 0.001, "parameter_update_range": [17766.0, 17766.0], "moment_memory_epochs": [0.07092198581560286, 7.092198581560277], "AdamW_decay_only_retention_per_epoch": 1.0}, {"name": "field_dependent_charges_map", "lr": 0.001, "parameter_update_range": [17766.0, 17766.0], "moment_memory_epochs": [0.07092198581560286, 7.092198581560277], "AdamW_decay_only_retention_per_epoch": 0.9985909865428542}, {"name": "electronic_references", "lr": 0.001, "parameter_update_range": [17766.0, 17766.0], "moment_memory_epochs": [0.07092198581560286, 7.092198581560277], "AdamW_decay_only_retention_per_epoch": 1.0}, {"name": "layer_feature_mixer", "lr": 0.001, "parameter_update_range": [17766.0, 17766.0], "moment_memory_epochs": [0.07092198581560286, 7.092198581560277], "AdamW_decay_only_retention_per_epoch": 0.9998590098695387}], "EMA_asymptotic_memory_epochs": 0.7092198581560277}
2026-10-08 01:36:26.188 INFO: Batching: optimizer graphs=8, device graphs<=8; one clipping/Adam/EMA update per optimizer batch
2026-10-08 01:36:26.188 INFO: 50-step finite-budget validation residual 0.0067825 exceeds equilibrium tolerance 1e-06; metrics describe the exported finite trajectory, not a converged root
2026-10-08 01:44:12.733 INFO: Full validation audit {"graphs": 279, "index_convention": "supplied loader order, zero based", "force_rmse_by_element_column_eV_A": {"0": 0.10775061602613598, "1": 0.2527594951868376, "2": 0.10460711491693318, "3": 0.09793624679599235, "4": 0.10238402842843529}, "force_target_rms_by_element_column_eV_A": {"0": 0.6667205065800093, "1": 1.485388937044054, "2": 0.6623370749424797, "3": 0.6101502819784279, "4": 0.42143582945433244}, "force_rmse_over_target_rms_by_element_column": {"0": 0.16161287220465215, "1": 0.17016384657464378, "2": 0.15793637239168248, "3": 0.16051167997240212, "4": 0.24294096816827435}, "density_observers": {"density_RMSE_e_A3": 0.00022145395810341706, "farfield_RMSE_e_A3": 6.80787693670809e-05, "scope": "Different Gaussian resolutions of the same error; smaller farfield RMSE is not an accuracy gain."}, "largest_force_errors": [{"index": 250, "atoms": 179, "composition": [13, 8, 56, 54, 48], "charge": -0.0, "force_rmse": 0.3208866864710154}, {"index": 152, "atoms": 342, "composition": [17, 13, 149, 150, 13], "charge": -0.0, "force_rmse": 0.22378023569503033}, {"index": 145, "atoms": 346, "composition": [25, 5, 153, 150, 13], "charge": -0.0, "force_rmse": 0.21688616389420462}, {"index": 231, "atoms": 181, "composition": [12, 10, 57, 54, 48], "charge": -0.0, "force_rmse": 0.19047481670031455}, {"index": 169, "atoms": 347, "composition": [12, 8, 164, 150, 13], "charge": -0.0, "force_rmse": 0.183189764657825}, {"index": 186, "atoms": 348, "composition": [14, 17, 154, 150, 13], "charge": -0.0, "force_rmse": 0.18050435021319422}, {"index": 214, "atoms": 328, "composition": [16, 11, 138, 150, 13], "charge": -0.0, "force_rmse": 0.17448724414258798}, {"index": 160, "atoms": 360, "composition": [21, 18, 158, 150, 13], "charge": -0.0, "force_rmse": 0.1695902849760622}], "atomic_numbers": [1, 6, 8, 25, 45]}
2026-10-08 01:44:12.756 INFO: Epoch 130: loss=6.67821, RMSE_E_per_atom=5.2929 meV, RMSE_F=110.2256 meV/A, RMSE_dip_per_atom=0.6935 meA, RMSE_rho=0.2215 me/A^3
2026-10-08 01:44:12.756 INFO: 50-step electronic residual maximum: 0.0083011
2026-10-08 01:44:12.762 INFO: Optimizer epoch 130: lr=[0.001, 0.001, 0.001, 0.001, 0.001, 0.001, 0.001, 0.001, 0.001], mean gradient norm=6.5489, clipped=13/141
2026-10-08 01:44:12.762 INFO: Epoch timing: train=88.166s, validation=27.747s, updates=141, train/update=0.62529s, peak allocated=12022.3 MiB, backbone=CuEq
2026-10-08 01:44:12.762 INFO: Optimization budget: graphs=1125/1125, updates=141, mean retained gradient=0.9903, min retained gradient=0.71876
2026-10-08 01:44:12.763 INFO: Optimizer time scales {"updates_per_epoch": 141, "groups": [{"name": "embedding", "lr": 0.001, "parameter_update_range": [18471.0, 18471.0], "moment_memory_epochs": [0.07092198581560286, 7.092198581560277], "AdamW_decay_only_retention_per_epoch": 1.0}, {"name": "interactions_decay", "lr": 0.001, "parameter_update_range": [18471.0, 18471.0], "moment_memory_epochs": [0.07092198581560286, 7.092198581560277], "AdamW_decay_only_retention_per_epoch": 0.9998590098695387}, {"name": "interactions_no_decay", "lr": 0.001, "parameter_update_range": [18471.0, 18471.0], "moment_memory_epochs": [0.07092198581560286, 7.092198581560277], "AdamW_decay_only_retention_per_epoch": 1.0}, {"name": "products", "lr": 0.001, "parameter_update_range": [18471.0, 18471.0], "moment_memory_epochs": [0.07092198581560286, 7.092198581560277], "AdamW_decay_only_retention_per_epoch": 0.9998590098695387}, {"name": "readouts", "lr": 0.001, "parameter_update_range": [18471.0, 18471.0], "moment_memory_epochs": [0.07092198581560286, 7.092198581560277], "AdamW_decay_only_retention_per_epoch": 1.0}, {"name": "lr_source_maps", "lr": 0.001, "parameter_update_range": [18471.0, 18471.0], "moment_memory_epochs": [0.07092198581560286, 7.092198581560277], "AdamW_decay_only_retention_per_epoch": 1.0}, {"name": "field_dependent_charges_map", "lr": 0.001, "parameter_update_range": [18471.0, 18471.0], "moment_memory_epochs": [0.07092198581560286, 7.092198581560277], "AdamW_decay_only_retention_per_epoch": 0.9985909865428542}, {"name": "electronic_references", "lr": 0.001, "parameter_update_range": [18471.0, 18471.0], "moment_memory_epochs": [0.07092198581560286, 7.092198581560277], "AdamW_decay_only_retention_per_epoch": 1.0}, {"name": "layer_feature_mixer", "lr": 0.001, "parameter_update_range": [18471.0, 18471.0], "moment_memory_epochs": [0.07092198581560286, 7.092198581560277], "AdamW_decay_only_retention_per_epoch": 0.9998590098695387}], "EMA_asymptotic_memory_epochs": 0.7092198581560277}
2026-10-08 01:44:12.763 INFO: Batching: optimizer graphs=8, device graphs<=8; one clipping/Adam/EMA update per optimizer batch
2026-10-08 01:44:12.763 INFO: 50-step finite-budget validation residual 0.0083011 exceeds equilibrium tolerance 1e-06; metrics describe the exported finite trajectory, not a converged root
2026-10-08 01:52:00.676 INFO: Full validation audit {"graphs": 279, "index_convention": "supplied loader order, zero based", "force_rmse_by_element_column_eV_A": {"0": 0.10750679283820685, "1": 0.2525509710003105, "2": 0.10424180431622997, "3": 0.09774956744966608, "4": 0.1020958887553379}, "force_target_rms_by_element_column_eV_A": {"0": 0.6667205065800093, "1": 1.485388937044054, "2": 0.6623370749424797, "3": 0.6101502819784279, "4": 0.42143582945433244}, "force_rmse_over_target_rms_by_element_column": {"0": 0.1612471669570667, "1": 0.1700234630149398, "2": 0.1573848245250091, "3": 0.16020572363370972, "4": 0.24225725868521863}, "density_observers": {"density_RMSE_e_A3": 0.00022133190411666076, "farfield_RMSE_e_A3": 6.812291993169215e-05, "scope": "Different Gaussian resolutions of the same error; smaller farfield RMSE is not an accuracy gain."}, "largest_force_errors": [{"index": 250, "atoms": 179, "composition": [13, 8, 56, 54, 48], "charge": -0.0, "force_rmse": 0.3187106084407632}, {"index": 152, "atoms": 342, "composition": [17, 13, 149, 150, 13], "charge": -0.0, "force_rmse": 0.22333964342470858}, {"index": 145, "atoms": 346, "composition": [25, 5, 153, 150, 13], "charge": -0.0, "force_rmse": 0.21594410766041844}, {"index": 231, "atoms": 181, "composition": [12, 10, 57, 54, 48], "charge": -0.0, "force_rmse": 0.19027908499359622}, {"index": 186, "atoms": 348, "composition": [14, 17, 154, 150, 13], "charge": -0.0, "force_rmse": 0.18052510438292643}, {"index": 169, "atoms": 347, "composition": [12, 8, 164, 150, 13], "charge": -0.0, "force_rmse": 0.180091302962613}, {"index": 214, "atoms": 328, "composition": [16, 11, 138, 150, 13], "charge": -0.0, "force_rmse": 0.17344901061720588}, {"index": 225, "atoms": 169, "composition": [3, 6, 58, 54, 48], "charge": -0.0, "force_rmse": 0.16960233665039892}], "atomic_numbers": [1, 6, 8, 25, 45]}
2026-10-08 01:52:00.699 INFO: Epoch 135: loss=6.64468, RMSE_E_per_atom=5.2366 meV, RMSE_F=109.9564 meV/A, RMSE_dip_per_atom=0.6742 meA, RMSE_rho=0.2213 me/A^3
2026-10-08 01:52:00.700 INFO: 50-step electronic residual maximum: 0.028172
2026-10-08 01:52:00.706 INFO: Optimizer epoch 135: lr=[0.001, 0.001, 0.001, 0.001, 0.001, 0.001, 0.001, 0.001, 0.001], mean gradient norm=7.4553, clipped=19/141
2026-10-08 01:52:00.706 INFO: Epoch timing: train=88.037s, validation=27.731s, updates=141, train/update=0.62438s, peak allocated=12359.4 MiB, backbone=CuEq
2026-10-08 01:52:00.707 INFO: Optimization budget: graphs=1125/1125, updates=141, mean retained gradient=0.98052, min retained gradient=0.67871
2026-10-08 01:52:00.707 INFO: Optimizer time scales {"updates_per_epoch": 141, "groups": [{"name": "embedding", "lr": 0.001, "parameter_update_range": [19176.0, 19176.0], "moment_memory_epochs": [0.07092198581560286, 7.092198581560277], "AdamW_decay_only_retention_per_epoch": 1.0}, {"name": "interactions_decay", "lr": 0.001, "parameter_update_range": [19176.0, 19176.0], "moment_memory_epochs": [0.07092198581560286, 7.092198581560277], "AdamW_decay_only_retention_per_epoch": 0.9998590098695387}, {"name": "interactions_no_decay", "lr": 0.001, "parameter_update_range": [19176.0, 19176.0], "moment_memory_epochs": [0.07092198581560286, 7.092198581560277], "AdamW_decay_only_retention_per_epoch": 1.0}, {"name": "products", "lr": 0.001, "parameter_update_range": [19176.0, 19176.0], "moment_memory_epochs": [0.07092198581560286, 7.092198581560277], "AdamW_decay_only_retention_per_epoch": 0.9998590098695387}, {"name": "readouts", "lr": 0.001, "parameter_update_range": [19176.0, 19176.0], "moment_memory_epochs": [0.07092198581560286, 7.092198581560277], "AdamW_decay_only_retention_per_epoch": 1.0}, {"name": "lr_source_maps", "lr": 0.001, "parameter_update_range": [19176.0, 19176.0], "moment_memory_epochs": [0.07092198581560286, 7.092198581560277], "AdamW_decay_only_retention_per_epoch": 1.0}, {"name": "field_dependent_charges_map", "lr": 0.001, "parameter_update_range": [19176.0, 19176.0], "moment_memory_epochs": [0.07092198581560286, 7.092198581560277], "AdamW_decay_only_retention_per_epoch": 0.9985909865428542}, {"name": "electronic_references", "lr": 0.001, "parameter_update_range": [19176.0, 19176.0], "moment_memory_epochs": [0.07092198581560286, 7.092198581560277], "AdamW_decay_only_retention_per_epoch": 1.0}, {"name": "layer_feature_mixer", "lr": 0.001, "parameter_update_range": [19176.0, 19176.0], "moment_memory_epochs": [0.07092198581560286, 7.092198581560277], "AdamW_decay_only_retention_per_epoch": 0.9998590098695387}], "EMA_asymptotic_memory_epochs": 0.7092198581560277}
2026-10-08 01:52:00.707 INFO: Batching: optimizer graphs=8, device graphs<=8; one clipping/Adam/EMA update per optimizer batch
2026-10-08 01:52:00.707 INFO: 50-step finite-budget validation residual 0.028172 exceeds equilibrium tolerance 1e-06; metrics describe the exported finite trajectory, not a converged root
2026-10-08 01:59:48.552 INFO: Full validation audit {"graphs": 279, "index_convention": "supplied loader order, zero based", "force_rmse_by_element_column_eV_A": {"0": 0.10722432858237224, "1": 0.2520460182684665, "2": 0.10388807881410624, "3": 0.09741540797428615, "4": 0.10185210282939074}, "force_target_rms_by_element_column_eV_A": {"0": 0.6667205065800093, "1": 1.485388937044054, "2": 0.6623370749424797, "3": 0.6101502819784279, "4": 0.42143582945433244}, "force_rmse_over_target_rms_by_element_column": {"0": 0.16082350478821647, "1": 0.1696835165408205, "2": 0.1568507679011149, "3": 0.1596580561405531, "4": 0.2416787935692772}, "density_observers": {"density_RMSE_e_A3": 0.0002212074897732847, "farfield_RMSE_e_A3": 6.768750256662967e-05, "scope": "Different Gaussian resolutions of the same error; smaller farfield RMSE is not an accuracy gain."}, "largest_force_errors": [{"index": 250, "atoms": 179, "composition": [13, 8, 56, 54, 48], "charge": -0.0, "force_rmse": 0.31958268961544}, {"index": 152, "atoms": 342, "composition": [17, 13, 149, 150, 13], "charge": -0.0, "force_rmse": 0.22103841292594592}, {"index": 145, "atoms": 346, "composition": [25, 5, 153, 150, 13], "charge": -0.0, "force_rmse": 0.215440861489324}, {"index": 231, "atoms": 181, "composition": [12, 10, 57, 54, 48], "charge": -0.0, "force_rmse": 0.18974369848633843}, {"index": 169, "atoms": 347, "composition": [12, 8, 164, 150, 13], "charge": -0.0, "force_rmse": 0.18097069402660534}, {"index": 186, "atoms": 348, "composition": [14, 17, 154, 150, 13], "charge": -0.0, "force_rmse": 0.17892498599990295}, {"index": 214, "atoms": 328, "composition": [16, 11, 138, 150, 13], "charge": -0.0, "force_rmse": 0.17378983896782704}, {"index": 225, "atoms": 169, "composition": [3, 6, 58, 54, 48], "charge": -0.0, "force_rmse": 0.16923635818363722}], "atomic_numbers": [1, 6, 8, 25, 45]}
2026-10-08 01:59:48.574 INFO: Epoch 140: loss=6.61494, RMSE_E_per_atom=5.2314 meV, RMSE_F=109.6473 meV/A, RMSE_dip_per_atom=0.6823 meA, RMSE_rho=0.2212 me/A^3
2026-10-08 01:59:48.574 INFO: 50-step electronic residual maximum: 0.024624
2026-10-08 01:59:48.579 INFO: Optimizer epoch 140: lr=[0.001, 0.001, 0.001, 0.001, 0.001, 0.001, 0.001, 0.001, 0.001], mean gradient norm=7.1337, clipped=8/141
2026-10-08 01:59:48.579 INFO: Epoch timing: train=88.088s, validation=27.708s, updates=141, train/update=0.62474s, peak allocated=12378.5 MiB, backbone=CuEq
2026-10-08 01:59:48.579 INFO: Optimization budget: graphs=1125/1125, updates=141, mean retained gradient=0.98966, min retained gradient=0.64423
2026-10-08 01:59:48.579 INFO: Optimizer time scales {"updates_per_epoch": 141, "groups": [{"name": "embedding", "lr": 0.001, "parameter_update_range": [19881.0, 19881.0], "moment_memory_epochs": [0.07092198581560286, 7.092198581560277], "AdamW_decay_only_retention_per_epoch": 1.0}, {"name": "interactions_decay", "lr": 0.001, "parameter_update_range": [19881.0, 19881.0], "moment_memory_epochs": [0.07092198581560286, 7.092198581560277], "AdamW_decay_only_retention_per_epoch": 0.9998590098695387}, {"name": "interactions_no_decay", "lr": 0.001, "parameter_update_range": [19881.0, 19881.0], "moment_memory_epochs": [0.07092198581560286, 7.092198581560277], "AdamW_decay_only_retention_per_epoch": 1.0}, {"name": "products", "lr": 0.001, "parameter_update_range": [19881.0, 19881.0], "moment_memory_epochs": [0.07092198581560286, 7.092198581560277], "AdamW_decay_only_retention_per_epoch": 0.9998590098695387}, {"name": "readouts", "lr": 0.001, "parameter_update_range": [19881.0, 19881.0], "moment_memory_epochs": [0.07092198581560286, 7.092198581560277], "AdamW_decay_only_retention_per_epoch": 1.0}, {"name": "lr_source_maps", "lr": 0.001, "parameter_update_range": [19881.0, 19881.0], "moment_memory_epochs": [0.07092198581560286, 7.092198581560277], "AdamW_decay_only_retention_per_epoch": 1.0}, {"name": "field_dependent_charges_map", "lr": 0.001, "parameter_update_range": [19881.0, 19881.0], "moment_memory_epochs": [0.07092198581560286, 7.092198581560277], "AdamW_decay_only_retention_per_epoch": 0.9985909865428542}, {"name": "electronic_references", "lr": 0.001, "parameter_update_range": [19881.0, 19881.0], "moment_memory_epochs": [0.07092198581560286, 7.092198581560277], "AdamW_decay_only_retention_per_epoch": 1.0}, {"name": "layer_feature_mixer", "lr": 0.001, "parameter_update_range": [19881.0, 19881.0], "moment_memory_epochs": [0.07092198581560286, 7.092198581560277], "AdamW_decay_only_retention_per_epoch": 0.9998590098695387}], "EMA_asymptotic_memory_epochs": 0.7092198581560277}
2026-10-08 01:59:48.579 INFO: Batching: optimizer graphs=8, device graphs<=8; one clipping/Adam/EMA update per optimizer batch
2026-10-08 01:59:48.579 INFO: 50-step finite-budget validation residual 0.024624 exceeds equilibrium tolerance 1e-06; metrics describe the exported finite trajectory, not a converged root
2026-10-08 02:07:36.163 INFO: Full validation audit {"graphs": 279, "index_convention": "supplied loader order, zero based", "force_rmse_by_element_column_eV_A": {"0": 0.10712528756843874, "1": 0.251905946294469, "2": 0.10357944543219114, "3": 0.09722982231182789, "4": 0.10165664394689554}, "force_target_rms_by_element_column_eV_A": {"0": 0.6667205065800093, "1": 1.485388937044054, "2": 0.6623370749424797, "3": 0.6101502819784279, "4": 0.42143582945433244}, "force_rmse_over_target_rms_by_element_column": {"0": 0.16067495526415648, "1": 0.16958921667732732, "2": 0.1563847915975207, "3": 0.1593538922846314, "4": 0.24121500081879305}, "density_observers": {"density_RMSE_e_A3": 0.00022070391818752424, "farfield_RMSE_e_A3": 6.731108242676613e-05, "scope": "Different Gaussian resolutions of the same error; smaller farfield RMSE is not an accuracy gain."}, "largest_force_errors": [{"index": 250, "atoms": 179, "composition": [13, 8, 56, 54, 48], "charge": -0.0, "force_rmse": 0.3163952840423469}, {"index": 152, "atoms": 342, "composition": [17, 13, 149, 150, 13], "charge": -0.0, "force_rmse": 0.22246346171209241}, {"index": 145, "atoms": 346, "composition": [25, 5, 153, 150, 13], "charge": -0.0, "force_rmse": 0.21404918093067404}, {"index": 231, "atoms": 181, "composition": [12, 10, 57, 54, 48], "charge": -0.0, "force_rmse": 0.19039211298700837}, {"index": 169, "atoms": 347, "composition": [12, 8, 164, 150, 13], "charge": -0.0, "force_rmse": 0.18335571161903344}, {"index": 186, "atoms": 348, "composition": [14, 17, 154, 150, 13], "charge": -0.0, "force_rmse": 0.17929495290605324}, {"index": 214, "atoms": 328, "composition": [16, 11, 138, 150, 13], "charge": -0.0, "force_rmse": 0.1735626308841427}, {"index": 225, "atoms": 169, "composition": [3, 6, 58, 54, 48], "charge": -0.0, "force_rmse": 0.1687076316880693}], "atomic_numbers": [1, 6, 8, 25, 45]}
2026-10-08 02:07:36.179 INFO: Epoch 145: loss=6.5874, RMSE_E_per_atom=5.2402 meV, RMSE_F=109.4365 meV/A, RMSE_dip_per_atom=0.6893 meA, RMSE_rho=0.2207 me/A^3
2026-10-08 02:07:36.179 INFO: 50-step electronic residual maximum: 0.024575
2026-10-08 02:07:36.186 INFO: Optimizer epoch 145: lr=[0.001, 0.001, 0.001, 0.001, 0.001, 0.001, 0.001, 0.001, 0.001], mean gradient norm=7.0587, clipped=18/141
2026-10-08 02:07:36.186 INFO: Epoch timing: train=87.977s, validation=27.702s, updates=141, train/update=0.62395s, peak allocated=12334.9 MiB, backbone=CuEq
2026-10-08 02:07:36.186 INFO: Optimization budget: graphs=1125/1125, updates=141, mean retained gradient=0.98051, min retained gradient=0.53156
2026-10-08 02:07:36.186 INFO: Optimizer time scales {"updates_per_epoch": 141, "groups": [{"name": "embedding", "lr": 0.001, "parameter_update_range": [20586.0, 20586.0], "moment_memory_epochs": [0.07092198581560286, 7.092198581560277], "AdamW_decay_only_retention_per_epoch": 1.0}, {"name": "interactions_decay", "lr": 0.001, "parameter_update_range": [20586.0, 20586.0], "moment_memory_epochs": [0.07092198581560286, 7.092198581560277], "AdamW_decay_only_retention_per_epoch": 0.9998590098695387}, {"name": "interactions_no_decay", "lr": 0.001, "parameter_update_range": [20586.0, 20586.0], "moment_memory_epochs": [0.07092198581560286, 7.092198581560277], "AdamW_decay_only_retention_per_epoch": 1.0}, {"name": "products", "lr": 0.001, "parameter_update_range": [20586.0, 20586.0], "moment_memory_epochs": [0.07092198581560286, 7.092198581560277], "AdamW_decay_only_retention_per_epoch": 0.9998590098695387}, {"name": "readouts", "lr": 0.001, "parameter_update_range": [20586.0, 20586.0], "moment_memory_epochs": [0.07092198581560286, 7.092198581560277], "AdamW_decay_only_retention_per_epoch": 1.0}, {"name": "lr_source_maps", "lr": 0.001, "parameter_update_range": [20586.0, 20586.0], "moment_memory_epochs": [0.07092198581560286, 7.092198581560277], "AdamW_decay_only_retention_per_epoch": 1.0}, {"name": "field_dependent_charges_map", "lr": 0.001, "parameter_update_range": [20586.0, 20586.0], "moment_memory_epochs": [0.07092198581560286, 7.092198581560277], "AdamW_decay_only_retention_per_epoch": 0.9985909865428542}, {"name": "electronic_references", "lr": 0.001, "parameter_update_range": [20586.0, 20586.0], "moment_memory_epochs": [0.07092198581560286, 7.092198581560277], "AdamW_decay_only_retention_per_epoch": 1.0}, {"name": "layer_feature_mixer", "lr": 0.001, "parameter_update_range": [20586.0, 20586.0], "moment_memory_epochs": [0.07092198581560286, 7.092198581560277], "AdamW_decay_only_retention_per_epoch": 0.9998590098695387}], "EMA_asymptotic_memory_epochs": 0.7092198581560277}
2026-10-08 02:07:36.186 INFO: Batching: optimizer graphs=8, device graphs<=8; one clipping/Adam/EMA update per optimizer batch
2026-10-08 02:07:36.186 INFO: 50-step finite-budget validation residual 0.024575 exceeds equilibrium tolerance 1e-06; metrics describe the exported finite trajectory, not a converged root
2026-10-08 02:15:23.851 INFO: Full validation audit {"graphs": 279, "index_convention": "supplied loader order, zero based", "force_rmse_by_element_column_eV_A": {"0": 0.10651526508398014, "1": 0.252730202555051, "2": 0.10343535294151074, "3": 0.09706365348755086, "4": 0.10142925804490446}, "force_target_rms_by_element_column_eV_A": {"0": 0.6667205065800093, "1": 1.485388937044054, "2": 0.6623370749424797, "3": 0.6101502819784279, "4": 0.42143582945433244}, "force_rmse_over_target_rms_by_element_column": {"0": 0.1597599954295059, "1": 0.17014412606168178, "2": 0.15616723999708684, "3": 0.1590815514709253, "4": 0.24067545034372906}, "density_observers": {"density_RMSE_e_A3": 0.00022085565819058737, "farfield_RMSE_e_A3": 6.74951523113219e-05, "scope": "Different Gaussian resolutions of the same error; smaller farfield RMSE is not an accuracy gain."}, "largest_force_errors": [{"index": 250, "atoms": 179, "composition": [13, 8, 56, 54, 48], "charge": -0.0, "force_rmse": 0.31480285327776336}, {"index": 152, "atoms": 342, "composition": [17, 13, 149, 150, 13], "charge": -0.0, "force_rmse": 0.2220283658728494}, {"index": 145, "atoms": 346, "composition": [25, 5, 153, 150, 13], "charge": -0.0, "force_rmse": 0.2141687526552338}, {"index": 231, "atoms": 181, "composition": [12, 10, 57, 54, 48], "charge": -0.0, "force_rmse": 0.1919423825384067}, {"index": 169, "atoms": 347, "composition": [12, 8, 164, 150, 13], "charge": -0.0, "force_rmse": 0.18355777914423804}, {"index": 186, "atoms": 348, "composition": [14, 17, 154, 150, 13], "charge": -0.0, "force_rmse": 0.18053030697904202}, {"index": 214, "atoms": 328, "composition": [16, 11, 138, 150, 13], "charge": -0.0, "force_rmse": 0.1738652397292377}, {"index": 225, "atoms": 169, "composition": [3, 6, 58, 54, 48], "charge": -0.0, "force_rmse": 0.16814061355180326}], "atomic_numbers": [1, 6, 8, 25, 45]}
2026-10-08 02:15:23.868 INFO: Epoch 150: loss=6.57215, RMSE_E_per_atom=5.1479 meV, RMSE_F=109.3178 meV/A, RMSE_dip_per_atom=0.6696 meA, RMSE_rho=0.2209 me/A^3
2026-10-08 02:15:23.868 INFO: 50-step electronic residual maximum: 0.03531
2026-10-08 02:15:23.874 INFO: Optimizer epoch 150: lr=[0.001, 0.001, 0.001, 0.001, 0.001, 0.001, 0.001, 0.001, 0.001], mean gradient norm=6.7826, clipped=15/141
2026-10-08 02:15:23.874 INFO: Epoch timing: train=87.946s, validation=27.703s, updates=141, train/update=0.62373s, peak allocated=12193.2 MiB, backbone=CuEq
2026-10-08 02:15:23.874 INFO: Optimization budget: graphs=1125/1125, updates=141, mean retained gradient=0.97679, min retained gradient=0.60155
2026-10-08 02:15:23.875 INFO: Optimizer time scales {"updates_per_epoch": 141, "groups": [{"name": "embedding", "lr": 0.001, "parameter_update_range": [21291.0, 21291.0], "moment_memory_epochs": [0.07092198581560286, 7.092198581560277], "AdamW_decay_only_retention_per_epoch": 1.0}, {"name": "interactions_decay", "lr": 0.001, "parameter_update_range": [21291.0, 21291.0], "moment_memory_epochs": [0.07092198581560286, 7.092198581560277], "AdamW_decay_only_retention_per_epoch": 0.9998590098695387}, {"name": "interactions_no_decay", "lr": 0.001, "parameter_update_range": [21291.0, 21291.0], "moment_memory_epochs": [0.07092198581560286, 7.092198581560277], "AdamW_decay_only_retention_per_epoch": 1.0}, {"name": "products", "lr": 0.001, "parameter_update_range": [21291.0, 21291.0], "moment_memory_epochs": [0.07092198581560286, 7.092198581560277], "AdamW_decay_only_retention_per_epoch": 0.9998590098695387}, {"name": "readouts", "lr": 0.001, "parameter_update_range": [21291.0, 21291.0], "moment_memory_epochs": [0.07092198581560286, 7.092198581560277], "AdamW_decay_only_retention_per_epoch": 1.0}, {"name": "lr_source_maps", "lr": 0.001, "parameter_update_range": [21291.0, 21291.0], "moment_memory_epochs": [0.07092198581560286, 7.092198581560277], "AdamW_decay_only_retention_per_epoch": 1.0}, {"name": "field_dependent_charges_map", "lr": 0.001, "parameter_update_range": [21291.0, 21291.0], "moment_memory_epochs": [0.07092198581560286, 7.092198581560277], "AdamW_decay_only_retention_per_epoch": 0.9985909865428542}, {"name": "electronic_references", "lr": 0.001, "parameter_update_range": [21291.0, 21291.0], "moment_memory_epochs": [0.07092198581560286, 7.092198581560277], "AdamW_decay_only_retention_per_epoch": 1.0}, {"name": "layer_feature_mixer", "lr": 0.001, "parameter_update_range": [21291.0, 21291.0], "moment_memory_epochs": [0.07092198581560286, 7.092198581560277], "AdamW_decay_only_retention_per_epoch": 0.9998590098695387}], "EMA_asymptotic_memory_epochs": 0.7092198581560277}
2026-10-08 02:15:23.875 INFO: Batching: optimizer graphs=8, device graphs<=8; one clipping/Adam/EMA update per optimizer batch
2026-10-08 02:15:23.875 INFO: 50-step finite-budget validation residual 0.03531 exceeds equilibrium tolerance 1e-06; metrics describe the exported finite trajectory, not a converged root
2026-10-08 02:17:14.421 INFO: Full training audit {"graphs": 1125, "index_convention": "supplied loader order, zero based", "force_rmse_by_element_column_eV_A": {"0": 0.07443395480400959, "1": 0.15499806689171083, "2": 0.08462864585230416, "3": 0.08434334015808519, "4": 0.08705386670481517}, "force_target_rms_by_element_column_eV_A": {"0": 0.6774065086832185, "1": 1.538190971915685, "2": 0.6998679669900058, "3": 0.6220774482464436, "4": 0.4134908179035577}, "force_rmse_over_target_rms_by_element_column": {"0": 0.10988077889700022, "1": 0.10076646510197236, "2": 0.12092087342741988, "3": 0.13558334319277804, "4": 0.21053397786724146}, "density_observers": {"density_RMSE_e_A3": 0.00020993891458961922, "farfield_RMSE_e_A3": 6.608640383480376e-05, "scope": "Different Gaussian resolutions of the same error; smaller farfield RMSE is not an accuracy gain."}, "largest_force_errors": [{"index": 797, "atoms": 350, "composition": [10, 20, 157, 150, 13], "charge": -0.0, "force_rmse": 0.16636011515136953}, {"index": 590, "atoms": 341, "composition": [12, 11, 155, 150, 13], "charge": -0.0, "force_rmse": 0.14065728702267252}, {"index": 682, "atoms": 334, "composition": [12, 9, 150, 150, 13], "charge": -0.0, "force_rmse": 0.13231583403377623}, {"index": 740, "atoms": 333, "composition": [13, 7, 150, 150, 13], "charge": -0.0, "force_rmse": 0.13074827998280647}, {"index": 807, "atoms": 350, "composition": [22, 14, 151, 150, 13], "charge": -0.0, "force_rmse": 0.13044553757654723}, {"index": 882, "atoms": 350, "composition": [17, 16, 154, 150, 13], "charge": -0.0, "force_rmse": 0.13004178498901553}, {"index": 651, "atoms": 327, "composition": [13, 9, 142, 150, 13], "charge": -0.0, "force_rmse": 0.12929380010322883}, {"index": 190, "atoms": 259, "composition": [8, 3, 139, 96, 13], "charge": -0.0, "force_rmse": 0.12678960712600063}], "atomic_numbers": [1, 6, 8, 25, 45]}
2026-10-08 02:17:14.439 INFO: Full-split generalization {"epoch": 150, "training_graphs": 1125, "validation_graphs": 279, "train": {"rmse_e_per_atom": 0.005166584776260119, "rmse_f": 0.08839195205127613, "rmse_mu_per_atom": 0.0002853528340642754, "rmse_rho": 0.00020993891458961922}, "validation": {"rmse_e_per_atom": 0.005147854336452302, "rmse_f": 0.10931784750366902, "rmse_mu_per_atom": 0.000669579604187562, "rmse_rho": 0.00022085565819058737}, "weighted_training_objectives": {"energy_per_atom": 0.0026693598250282845, "forces": 3.9065685937175476, "dipole": 0.013827362183878282, "fourier_density": 0.44074347859067436}, "weighted_validation_objectives": {"energy_per_atom": 0.0026500404269330768, "forces": 5.975195891417715, "dipole": 0.10653210350230974, "fourier_density": 0.48777221754797573}, "seconds": 110.52616597799351, "scope": "Whole splits at the same EMA parameters and deployment step count; read-only, native units."}
2026-10-08 02:17:35.895 INFO: Electronic diagnostic {"train": {"graphs": 32, "charge_span": [-0.0, -0.0], "step_comparison": [[{"steps": 25, "WF_eV": 1.8390405684275533, "EF_eV": -1.0033046405025838, "residual": 0.00020394137373303846}, {"steps": 50, "WF_eV": 1.8389640702378924, "EF_eV": -1.0032644952429228, "residual": 2.694592528273976e-07}, {"steps": 100, "WF_eV": 1.8389641345117393, "EF_eV": -1.0032645262527864, "residual": 5.287922877350582e-13}], [{"steps": 25, "WF_eV": 1.8317013699274054, "EF_eV": -0.9116150638848587, "residual": 0.00018062073038227489}, {"steps": 50, "WF_eV": 1.8316219193994328, "EF_eV": -0.9115768178251021, "residual": 2.0663817345417668e-07}, {"steps": 100, "WF_eV": 1.8316219892732373, "EF_eV": -0.9115768509852055, "residual": 2.721364800173376e-13}]], "dEF_dQ_and_dWF_dQ_eV_per_e": [[-0.32832350786949904, -0.0002963287990653818], [-0.3980385700599609, 0.004254802177161565]], "force_RMSE_by_atomic_number_eV_A": {"1": 0.08090488018213458, "8": 0.07718431770956266, "45": 0.08777144079459276, "6": 0.14082732543271065, "25": 0.07448056331382956}, "force_RMSE_eV_A": 0.08364775872457154, "charge_response_identifiability": "Single-charge data do not determine capacitance; slopes above are predictions, not validation."}, "validation": {"graphs": 16, "charge_span": [-0.0, -0.0], "step_comparison": [[{"steps": 25, "WF_eV": 1.8455261859863226, "EF_eV": -1.135045426537906, "residual": 0.00030456934086276616}, {"steps": 50, "WF_eV": 1.8454042033170404, "EF_eV": -1.1349850004381106, "residual": 4.219479540212845e-07}, {"steps": 100, "WF_eV": 1.8454043245750686, "EF_eV": -1.1349850627690643, "residual": 8.028369635759702e-13}], [{"steps": 25, "WF_eV": 1.840823568590352, "EF_eV": -1.2099643057155265, "residual": 0.00014968972181011314}, {"steps": 50, "WF_eV": 1.840772779788481, "EF_eV": -1.2099268879807044, "residual": 1.5112834187910873e-07}, {"steps": 100, "WF_eV": 1.840772804616977, "EF_eV": -1.2099269109787503, "residual": 2.694060252661501e-13}]], "dEF_dQ_and_dWF_dQ_eV_per_e": [[-0.499873148051011, -0.006077318518127317], [-0.4260837159683173, -0.0072621050741017434]], "force_RMSE_by_atomic_number_eV_A": {"6": 0.22959682629312472, "8": 0.09762576168172352, "45": 0.09655744975500385, "1": 0.10922862538484805, "25": 0.09682338110921482}, "force_RMSE_eV_A": 0.10438747306977263, "charge_response_identifiability": "Single-charge data do not determine capacitance; slopes above are predictions, not validation."}, "epoch": 150, "response_weight_norms": {"vector_out.weight": 3.226686685942208, "scalar_out.weight": 3.8508857844756545, "state_scalar.weight": 5.028299240907859, "state_vector.weight": 3.32936775314546, "neighbor_scalar.weight": 3.162844825677238, "neighbor_vector.weight": 5.695831916410699}, "regularization": {"field_weight_decay": 0.01}, "objective_gradients": {"training_index": 843, "atoms": 320, "terms": {"energy_per_atom": {"weighted_loss": 0.0004930384510529712, "gradient_norm": 0.3402459501903661}, "forces": {"weighted_loss": 2.741511653316644, "gradient_norm": 4.5187503255359935}, "dipole": {"weighted_loss": 0.06820500966194376, "gradient_norm": 5.619355287452284}, "fourier_density": {"weighted_loss": 0.5726045890534284, "gradient_norm": 3.033668492274794}, "density_observer_farfield": {"weighted_loss": 0.05137049610041708, "gradient_norm": 0.783902437932343}}, "cosines": {"energy_per_atom / forces": 0.04682081045175786, "energy_per_atom / dipole": 0.03558820705467838, "energy_per_atom / fourier_density": -0.04922127013001813, "energy_per_atom / density_observer_farfield": 0.02784083725729378, "forces / dipole": -0.04357104372074416, "forces / fourier_density": -0.07104520350787526, "forces / density_observer_farfield": 0.24147877137625826, "dipole / fourier_density": 0.10053689335710048, "dipole / density_observer_farfield": -0.2685181530235628, "fourier_density / density_observer_farfield": -0.5419336609627639}, "scope": "One training graph, before clipping; diagnostic only.", "parameter_state": "EMA"}, "scope": "Deterministic panels, not whole-dataset metrics. Validation is development data, never used for fitting or selecting the probe."}
2026-10-08 02:25:18.715 INFO: Full validation audit {"graphs": 279, "index_convention": "supplied loader order, zero based", "force_rmse_by_element_column_eV_A": {"0": 0.10636977833420033, "1": 0.25201626015610135, "2": 0.10317876828604847, "3": 0.0968308009574926, "4": 0.10120044121400242}, "force_target_rms_by_element_column_eV_A": {"0": 0.6667205065800093, "1": 1.485388937044054, "2": 0.6623370749424797, "3": 0.6101502819784279, "4": 0.42143582945433244}, "force_rmse_over_target_rms_by_element_column": {"0": 0.15954178292764948, "1": 0.16966348265499906, "2": 0.15577984713449564, "3": 0.15869992003202266, "4": 0.24013250450260704}, "density_observers": {"density_RMSE_e_A3": 0.0002207505780998586, "farfield_RMSE_e_A3": 6.750309593565499e-05, "scope": "Different Gaussian resolutions of the same error; smaller farfield RMSE is not an accuracy gain."}, "largest_force_errors": [{"index": 250, "atoms": 179, "composition": [13, 8, 56, 54, 48], "charge": -0.0, "force_rmse": 0.31264210256910746}, {"index": 152, "atoms": 342, "composition": [17, 13, 149, 150, 13], "charge": -0.0, "force_rmse": 0.2211859635316483}, {"index": 145, "atoms": 346, "composition": [25, 5, 153, 150, 13], "charge": -0.0, "force_rmse": 0.21402255781737087}, {"index": 231, "atoms": 181, "composition": [12, 10, 57, 54, 48], "charge": -0.0, "force_rmse": 0.19229303763198086}, {"index": 169, "atoms": 347, "composition": [12, 8, 164, 150, 13], "charge": -0.0, "force_rmse": 0.1833381972169392}, {"index": 186, "atoms": 348, "composition": [14, 17, 154, 150, 13], "charge": -0.0, "force_rmse": 0.17994007997203504}, {"index": 214, "atoms": 328, "composition": [16, 11, 138, 150, 13], "charge": -0.0, "force_rmse": 0.17374979491381484}, {"index": 225, "atoms": 169, "composition": [3, 6, 58, 54, 48], "charge": -0.0, "force_rmse": 0.16830228628595653}], "atomic_numbers": [1, 6, 8, 25, 45]}
2026-10-08 02:25:18.737 INFO: Epoch 155: loss=6.54602, RMSE_E_per_atom=5.1227 meV, RMSE_F=109.0543 meV/A, RMSE_dip_per_atom=0.6779 meA, RMSE_rho=0.2208 me/A^3
2026-10-08 02:25:18.737 INFO: 50-step electronic residual maximum: 0.0014615
2026-10-08 02:25:18.742 INFO: Optimizer epoch 155: lr=[0.001, 0.001, 0.001, 0.001, 0.001, 0.001, 0.001, 0.001, 0.001], mean gradient norm=6.7115, clipped=9/141
2026-10-08 02:25:18.742 INFO: Epoch timing: train=87.233s, validation=27.806s, updates=141, train/update=0.61867s, peak allocated=12202.7 MiB, backbone=CuEq
2026-10-08 02:25:18.742 INFO: Optimization budget: graphs=1125/1125, updates=141, mean retained gradient=0.98103, min retained gradient=0.24364
2026-10-08 02:25:18.742 INFO: Optimizer time scales {"updates_per_epoch": 141, "groups": [{"name": "embedding", "lr": 0.001, "parameter_update_range": [21996.0, 21996.0], "moment_memory_epochs": [0.07092198581560286, 7.092198581560277], "AdamW_decay_only_retention_per_epoch": 1.0}, {"name": "interactions_decay", "lr": 0.001, "parameter_update_range": [21996.0, 21996.0], "moment_memory_epochs": [0.07092198581560286, 7.092198581560277], "AdamW_decay_only_retention_per_epoch": 0.9998590098695387}, {"name": "interactions_no_decay", "lr": 0.001, "parameter_update_range": [21996.0, 21996.0], "moment_memory_epochs": [0.07092198581560286, 7.092198581560277], "AdamW_decay_only_retention_per_epoch": 1.0}, {"name": "products", "lr": 0.001, "parameter_update_range": [21996.0, 21996.0], "moment_memory_epochs": [0.07092198581560286, 7.092198581560277], "AdamW_decay_only_retention_per_epoch": 0.9998590098695387}, {"name": "readouts", "lr": 0.001, "parameter_update_range": [21996.0, 21996.0], "moment_memory_epochs": [0.07092198581560286, 7.092198581560277], "AdamW_decay_only_retention_per_epoch": 1.0}, {"name": "lr_source_maps", "lr": 0.001, "parameter_update_range": [21996.0, 21996.0], "moment_memory_epochs": [0.07092198581560286, 7.092198581560277], "AdamW_decay_only_retention_per_epoch": 1.0}, {"name": "field_dependent_charges_map", "lr": 0.001, "parameter_update_range": [21996.0, 21996.0], "moment_memory_epochs": [0.07092198581560286, 7.092198581560277], "AdamW_decay_only_retention_per_epoch": 0.9985909865428542}, {"name": "electronic_references", "lr": 0.001, "parameter_update_range": [21996.0, 21996.0], "moment_memory_epochs": [0.07092198581560286, 7.092198581560277], "AdamW_decay_only_retention_per_epoch": 1.0}, {"name": "layer_feature_mixer", "lr": 0.001, "parameter_update_range": [21996.0, 21996.0], "moment_memory_epochs": [0.07092198581560286, 7.092198581560277], "AdamW_decay_only_retention_per_epoch": 0.9998590098695387}], "EMA_asymptotic_memory_epochs": 0.7092198581560277}
2026-10-08 02:25:18.742 INFO: Batching: optimizer graphs=8, device graphs<=8; one clipping/Adam/EMA update per optimizer batch
2026-10-08 02:25:18.742 INFO: 50-step finite-budget validation residual 0.0014615 exceeds equilibrium tolerance 1e-06; metrics describe the exported finite trajectory, not a converged root
2026-10-08 02:33:04.645 INFO: Full validation audit {"graphs": 279, "index_convention": "supplied loader order, zero based", "force_rmse_by_element_column_eV_A": {"0": 0.10609349014082875, "1": 0.2525149399757299, "2": 0.1030052617700331, "3": 0.09672036196331203, "4": 0.1010255528235314}, "force_target_rms_by_element_column_eV_A": {"0": 0.6667205065800093, "1": 1.485388937044054, "2": 0.6623370749424797, "3": 0.6101502819784279, "4": 0.42143582945433244}, "force_rmse_over_target_rms_by_element_column": {"0": 0.15912738410438718, "1": 0.16999920605187646, "2": 0.15551788608387732, "3": 0.15851891709316887, "4": 0.23971752224849388}, "density_observers": {"density_RMSE_e_A3": 0.00022083917682208198, "farfield_RMSE_e_A3": 6.708855377841301e-05, "scope": "Different Gaussian resolutions of the same error; smaller farfield RMSE is not an accuracy gain."}, "largest_force_errors": [{"index": 250, "atoms": 179, "composition": [13, 8, 56, 54, 48], "charge": -0.0, "force_rmse": 0.31299939408144745}, {"index": 152, "atoms": 342, "composition": [17, 13, 149, 150, 13], "charge": -0.0, "force_rmse": 0.22263978582731928}, {"index": 145, "atoms": 346, "composition": [25, 5, 153, 150, 13], "charge": -0.0, "force_rmse": 0.21385965682648556}, {"index": 231, "atoms": 181, "composition": [12, 10, 57, 54, 48], "charge": -0.0, "force_rmse": 0.19230061659045192}, {"index": 169, "atoms": 347, "composition": [12, 8, 164, 150, 13], "charge": -0.0, "force_rmse": 0.18604956526854188}, {"index": 186, "atoms": 348, "composition": [14, 17, 154, 150, 13], "charge": -0.0, "force_rmse": 0.17716998772348114}, {"index": 214, "atoms": 328, "composition": [16, 11, 138, 150, 13], "charge": -0.0, "force_rmse": 0.17389899034471643}, {"index": 225, "atoms": 169, "composition": [3, 6, 58, 54, 48], "charge": -0.0, "force_rmse": 0.16969222012462382}], "atomic_numbers": [1, 6, 8, 25, 45]}
2026-10-08 02:33:04.669 INFO: Epoch 160: loss=6.53492, RMSE_E_per_atom=5.1663 meV, RMSE_F=108.9472 meV/A, RMSE_dip_per_atom=0.6742 meA, RMSE_rho=0.2208 me/A^3
2026-10-08 02:33:04.669 INFO: 50-step electronic residual maximum: 0.0093577
2026-10-08 02:33:04.678 INFO: Optimizer epoch 160: lr=[0.001, 0.001, 0.001, 0.001, 0.001, 0.001, 0.001, 0.001, 0.001], mean gradient norm=6.802, clipped=11/141
2026-10-08 02:33:04.678 INFO: Epoch timing: train=86.722s, validation=27.173s, updates=141, train/update=0.61505s, peak allocated=12093.7 MiB, backbone=CuEq
2026-10-08 02:33:04.678 INFO: Optimization budget: graphs=1125/1125, updates=141, mean retained gradient=0.98688, min retained gradient=0.48164
2026-10-08 02:33:04.679 INFO: Optimizer time scales {"updates_per_epoch": 141, "groups": [{"name": "embedding", "lr": 0.001, "parameter_update_range": [22701.0, 22701.0], "moment_memory_epochs": [0.07092198581560286, 7.092198581560277], "AdamW_decay_only_retention_per_epoch": 1.0}, {"name": "interactions_decay", "lr": 0.001, "parameter_update_range": [22701.0, 22701.0], "moment_memory_epochs": [0.07092198581560286, 7.092198581560277], "AdamW_decay_only_retention_per_epoch": 0.9998590098695387}, {"name": "interactions_no_decay", "lr": 0.001, "parameter_update_range": [22701.0, 22701.0], "moment_memory_epochs": [0.07092198581560286, 7.092198581560277], "AdamW_decay_only_retention_per_epoch": 1.0}, {"name": "products", "lr": 0.001, "parameter_update_range": [22701.0, 22701.0], "moment_memory_epochs": [0.07092198581560286, 7.092198581560277], "AdamW_decay_only_retention_per_epoch": 0.9998590098695387}, {"name": "readouts", "lr": 0.001, "parameter_update_range": [22701.0, 22701.0], "moment_memory_epochs": [0.07092198581560286, 7.092198581560277], "AdamW_decay_only_retention_per_epoch": 1.0}, {"name": "lr_source_maps", "lr": 0.001, "parameter_update_range": [22701.0, 22701.0], "moment_memory_epochs": [0.07092198581560286, 7.092198581560277], "AdamW_decay_only_retention_per_epoch": 1.0}, {"name": "field_dependent_charges_map", "lr": 0.001, "parameter_update_range": [22701.0, 22701.0], "moment_memory_epochs": [0.07092198581560286, 7.092198581560277], "AdamW_decay_only_retention_per_epoch": 0.9985909865428542}, {"name": "electronic_references", "lr": 0.001, "parameter_update_range": [22701.0, 22701.0], "moment_memory_epochs": [0.07092198581560286, 7.092198581560277], "AdamW_decay_only_retention_per_epoch": 1.0}, {"name": "layer_feature_mixer", "lr": 0.001, "parameter_update_range": [22701.0, 22701.0], "moment_memory_epochs": [0.07092198581560286, 7.092198581560277], "AdamW_decay_only_retention_per_epoch": 0.9998590098695387}], "EMA_asymptotic_memory_epochs": 0.7092198581560277}
2026-10-08 02:33:04.679 INFO: Batching: optimizer graphs=8, device graphs<=8; one clipping/Adam/EMA update per optimizer batch
2026-10-08 02:33:04.679 INFO: 50-step finite-budget validation residual 0.0093577 exceeds equilibrium tolerance 1e-06; metrics describe the exported finite trajectory, not a converged root
2026-10-08 02:40:51.453 INFO: Full validation audit {"graphs": 279, "index_convention": "supplied loader order, zero based", "force_rmse_by_element_column_eV_A": {"0": 0.10594962651346734, "1": 0.252399476869042, "2": 0.10274534057408011, "3": 0.0965592109073605, "4": 0.1008095418445593}, "force_target_rms_by_element_column_eV_A": {"0": 0.6667205065800093, "1": 1.485388937044054, "2": 0.6623370749424797, "3": 0.6101502819784279, "4": 0.42143582945433244}, "force_rmse_over_target_rms_by_element_column": {"0": 0.15891160608954952, "1": 0.1699214734770549, "2": 0.15512545569490122, "3": 0.15825480010312343, "4": 0.23920496265133812}, "density_observers": {"density_RMSE_e_A3": 0.0002207162355530404, "farfield_RMSE_e_A3": 6.677409220262052e-05, "scope": "Different Gaussian resolutions of the same error; smaller farfield RMSE is not an accuracy gain."}, "largest_force_errors": [{"index": 250, "atoms": 179, "composition": [13, 8, 56, 54, 48], "charge": -0.0, "force_rmse": 0.3119931869287296}, {"index": 152, "atoms": 342, "composition": [17, 13, 149, 150, 13], "charge": -0.0, "force_rmse": 0.2218716182208173}, {"index": 145, "atoms": 346, "composition": [25, 5, 153, 150, 13], "charge": -0.0, "force_rmse": 0.21308745901286721}, {"index": 231, "atoms": 181, "composition": [12, 10, 57, 54, 48], "charge": -0.0, "force_rmse": 0.19263442337251063}, {"index": 169, "atoms": 347, "composition": [12, 8, 164, 150, 13], "charge": -0.0, "force_rmse": 0.18116951740420076}, {"index": 186, "atoms": 348, "composition": [14, 17, 154, 150, 13], "charge": -0.0, "force_rmse": 0.18115644770948494}, {"index": 214, "atoms": 328, "composition": [16, 11, 138, 150, 13], "charge": -0.0, "force_rmse": 0.17341435903425365}, {"index": 225, "atoms": 169, "composition": [3, 6, 58, 54, 48], "charge": -0.0, "force_rmse": 0.1697686668632436}], "atomic_numbers": [1, 6, 8, 25, 45]}
2026-10-08 02:40:51.477 INFO: Epoch 165: loss=6.51561, RMSE_E_per_atom=5.1269 meV, RMSE_F=108.7491 meV/A, RMSE_dip_per_atom=0.6875 meA, RMSE_rho=0.2207 me/A^3
2026-10-08 02:40:51.477 INFO: 50-step electronic residual maximum: 0.0058844
2026-10-08 02:40:51.487 INFO: Optimizer epoch 165: lr=[0.001, 0.001, 0.001, 0.001, 0.001, 0.001, 0.001, 0.001, 0.001], mean gradient norm=6.765, clipped=10/141
2026-10-08 02:40:51.487 INFO: Epoch timing: train=88.101s, validation=27.744s, updates=141, train/update=0.62483s, peak allocated=12131.4 MiB, backbone=CuEq
2026-10-08 02:40:51.487 INFO: Optimization budget: graphs=1125/1125, updates=141, mean retained gradient=0.99004, min retained gradient=0.66929
2026-10-08 02:40:51.488 INFO: Optimizer time scales {"updates_per_epoch": 141, "groups": [{"name": "embedding", "lr": 0.001, "parameter_update_range": [23406.0, 23406.0], "moment_memory_epochs": [0.07092198581560286, 7.092198581560277], "AdamW_decay_only_retention_per_epoch": 1.0}, {"name": "interactions_decay", "lr": 0.001, "parameter_update_range": [23406.0, 23406.0], "moment_memory_epochs": [0.07092198581560286, 7.092198581560277], "AdamW_decay_only_retention_per_epoch": 0.9998590098695387}, {"name": "interactions_no_decay", "lr": 0.001, "parameter_update_range": [23406.0, 23406.0], "moment_memory_epochs": [0.07092198581560286, 7.092198581560277], "AdamW_decay_only_retention_per_epoch": 1.0}, {"name": "products", "lr": 0.001, "parameter_update_range": [23406.0, 23406.0], "moment_memory_epochs": [0.07092198581560286, 7.092198581560277], "AdamW_decay_only_retention_per_epoch": 0.9998590098695387}, {"name": "readouts", "lr": 0.001, "parameter_update_range": [23406.0, 23406.0], "moment_memory_epochs": [0.07092198581560286, 7.092198581560277], "AdamW_decay_only_retention_per_epoch": 1.0}, {"name": "lr_source_maps", "lr": 0.001, "parameter_update_range": [23406.0, 23406.0], "moment_memory_epochs": [0.07092198581560286, 7.092198581560277], "AdamW_decay_only_retention_per_epoch": 1.0}, {"name": "field_dependent_charges_map", "lr": 0.001, "parameter_update_range": [23406.0, 23406.0], "moment_memory_epochs": [0.07092198581560286, 7.092198581560277], "AdamW_decay_only_retention_per_epoch": 0.9985909865428542}, {"name": "electronic_references", "lr": 0.001, "parameter_update_range": [23406.0, 23406.0], "moment_memory_epochs": [0.07092198581560286, 7.092198581560277], "AdamW_decay_only_retention_per_epoch": 1.0}, {"name": "layer_feature_mixer", "lr": 0.001, "parameter_update_range": [23406.0, 23406.0], "moment_memory_epochs": [0.07092198581560286, 7.092198581560277], "AdamW_decay_only_retention_per_epoch": 0.9998590098695387}], "EMA_asymptotic_memory_epochs": 0.7092198581560277}
2026-10-08 02:40:51.488 INFO: Batching: optimizer graphs=8, device graphs<=8; one clipping/Adam/EMA update per optimizer batch
2026-10-08 02:40:51.488 INFO: 50-step finite-budget validation residual 0.0058844 exceeds equilibrium tolerance 1e-06; metrics describe the exported finite trajectory, not a converged root
2026-10-08 02:48:39.366 INFO: Full validation audit {"graphs": 279, "index_convention": "supplied loader order, zero based", "force_rmse_by_element_column_eV_A": {"0": 0.10568246725324354, "1": 0.2519386063727368, "2": 0.10261429622959879, "3": 0.09643444625971928, "4": 0.10060099832699186}, "force_target_rms_by_element_column_eV_A": {"0": 0.6667205065800093, "1": 1.485388937044054, "2": 0.6623370749424797, "3": 0.6101502819784279, "4": 0.42143582945433244}, "force_rmse_over_target_rms_by_element_column": {"0": 0.15851089956022105, "1": 0.1696112042372541, "2": 0.15492760425423907, "3": 0.158050318270817, "4": 0.23871012214895973}, "density_observers": {"density_RMSE_e_A3": 0.00022054092974821838, "farfield_RMSE_e_A3": 6.693624136323848e-05, "scope": "Different Gaussian resolutions of the same error; smaller farfield RMSE is not an accuracy gain."}, "largest_force_errors": [{"index": 250, "atoms": 179, "composition": [13, 8, 56, 54, 48], "charge": -0.0, "force_rmse": 0.31507434249745797}, {"index": 152, "atoms": 342, "composition": [17, 13, 149, 150, 13], "charge": -0.0, "force_rmse": 0.22228409849827688}, {"index": 145, "atoms": 346, "composition": [25, 5, 153, 150, 13], "charge": -0.0, "force_rmse": 0.2136327559326496}, {"index": 231, "atoms": 181, "composition": [12, 10, 57, 54, 48], "charge": -0.0, "force_rmse": 0.19177438249006515}, {"index": 169, "atoms": 347, "composition": [12, 8, 164, 150, 13], "charge": -0.0, "force_rmse": 0.18306413546858455}, {"index": 186, "atoms": 348, "composition": [14, 17, 154, 150, 13], "charge": -0.0, "force_rmse": 0.1805444625785114}, {"index": 214, "atoms": 328, "composition": [16, 11, 138, 150, 13], "charge": -0.0, "force_rmse": 0.173757042605735}, {"index": 225, "atoms": 169, "composition": [3, 6, 58, 54, 48], "charge": -0.0, "force_rmse": 0.16936431179706105}], "atomic_numbers": [1, 6, 8, 25, 45]}
2026-10-08 02:48:39.389 INFO: Epoch 170: loss=6.4942, RMSE_E_per_atom=5.1219 meV, RMSE_F=108.5672 meV/A, RMSE_dip_per_atom=0.6857 meA, RMSE_rho=0.2205 me/A^3
2026-10-08 02:48:39.389 INFO: 50-step electronic residual maximum: 0.029742
2026-10-08 02:48:39.400 INFO: Optimizer epoch 170: lr=[0.001, 0.001, 0.001, 0.001, 0.001, 0.001, 0.001, 0.001, 0.001], mean gradient norm=7.2007, clipped=21/141
2026-10-08 02:48:39.400 INFO: Epoch timing: train=88.222s, validation=27.569s, updates=141, train/update=0.62569s, peak allocated=12478.4 MiB, backbone=CuEq
2026-10-08 02:48:39.400 INFO: Optimization budget: graphs=1125/1125, updates=141, mean retained gradient=0.98065, min retained gradient=0.6445
2026-10-08 02:48:39.401 INFO: Optimizer time scales {"updates_per_epoch": 141, "groups": [{"name": "embedding", "lr": 0.001, "parameter_update_range": [24111.0, 24111.0], "moment_memory_epochs": [0.07092198581560286, 7.092198581560277], "AdamW_decay_only_retention_per_epoch": 1.0}, {"name": "interactions_decay", "lr": 0.001, "parameter_update_range": [24111.0, 24111.0], "moment_memory_epochs": [0.07092198581560286, 7.092198581560277], "AdamW_decay_only_retention_per_epoch": 0.9998590098695387}, {"name": "interactions_no_decay", "lr": 0.001, "parameter_update_range": [24111.0, 24111.0], "moment_memory_epochs": [0.07092198581560286, 7.092198581560277], "AdamW_decay_only_retention_per_epoch": 1.0}, {"name": "products", "lr": 0.001, "parameter_update_range": [24111.0, 24111.0], "moment_memory_epochs": [0.07092198581560286, 7.092198581560277], "AdamW_decay_only_retention_per_epoch": 0.9998590098695387}, {"name": "readouts", "lr": 0.001, "parameter_update_range": [24111.0, 24111.0], "moment_memory_epochs": [0.07092198581560286, 7.092198581560277], "AdamW_decay_only_retention_per_epoch": 1.0}, {"name": "lr_source_maps", "lr": 0.001, "parameter_update_range": [24111.0, 24111.0], "moment_memory_epochs": [0.07092198581560286, 7.092198581560277], "AdamW_decay_only_retention_per_epoch": 1.0}, {"name": "field_dependent_charges_map", "lr": 0.001, "parameter_update_range": [24111.0, 24111.0], "moment_memory_epochs": [0.07092198581560286, 7.092198581560277], "AdamW_decay_only_retention_per_epoch": 0.9985909865428542}, {"name": "electronic_references", "lr": 0.001, "parameter_update_range": [24111.0, 24111.0], "moment_memory_epochs": [0.07092198581560286, 7.092198581560277], "AdamW_decay_only_retention_per_epoch": 1.0}, {"name": "layer_feature_mixer", "lr": 0.001, "parameter_update_range": [24111.0, 24111.0], "moment_memory_epochs": [0.07092198581560286, 7.092198581560277], "AdamW_decay_only_retention_per_epoch": 0.9998590098695387}], "EMA_asymptotic_memory_epochs": 0.7092198581560277}
2026-10-08 02:48:39.401 INFO: Batching: optimizer graphs=8, device graphs<=8; one clipping/Adam/EMA update per optimizer batch
2026-10-08 02:48:39.401 INFO: 50-step finite-budget validation residual 0.029742 exceeds equilibrium tolerance 1e-06; metrics describe the exported finite trajectory, not a converged root
2026-10-08 02:56:27.860 INFO: Full validation audit {"graphs": 279, "index_convention": "supplied loader order, zero based", "force_rmse_by_element_column_eV_A": {"0": 0.10550939508290552, "1": 0.25299734745999125, "2": 0.1024053724750755, "3": 0.09633804943817827, "4": 0.1003589404771519}, "force_target_rms_by_element_column_eV_A": {"0": 0.6667205065800093, "1": 1.485388937044054, "2": 0.6623370749424797, "3": 0.6101502819784279, "4": 0.42143582945433244}, "force_rmse_over_target_rms_by_element_column": {"0": 0.1582513122689499, "1": 0.17032397451637127, "2": 0.15461217007060768, "3": 0.15789232961722097, "4": 0.238135757481975}, "density_observers": {"density_RMSE_e_A3": 0.00022045927811505206, "farfield_RMSE_e_A3": 6.686170929328323e-05, "scope": "Different Gaussian resolutions of the same error; smaller farfield RMSE is not an accuracy gain."}, "largest_force_errors": [{"index": 250, "atoms": 179, "composition": [13, 8, 56, 54, 48], "charge": -0.0, "force_rmse": 0.3110797774152445}, {"index": 152, "atoms": 342, "composition": [17, 13, 149, 150, 13], "charge": -0.0, "force_rmse": 0.22144665039271363}, {"index": 145, "atoms": 346, "composition": [25, 5, 153, 150, 13], "charge": -0.0, "force_rmse": 0.21289695652593307}, {"index": 231, "atoms": 181, "composition": [12, 10, 57, 54, 48], "charge": -0.0, "force_rmse": 0.19147285986211462}, {"index": 169, "atoms": 347, "composition": [12, 8, 164, 150, 13], "charge": -0.0, "force_rmse": 0.18688468256201465}, {"index": 186, "atoms": 348, "composition": [14, 17, 154, 150, 13], "charge": -0.0, "force_rmse": 0.18265445619535328}, {"index": 214, "atoms": 328, "composition": [16, 11, 138, 150, 13], "charge": -0.0, "force_rmse": 0.17415440284544687}, {"index": 225, "atoms": 169, "composition": [3, 6, 58, 54, 48], "charge": -0.0, "force_rmse": 0.16972685840721818}], "atomic_numbers": [1, 6, 8, 25, 45]}
2026-10-08 02:56:27.893 INFO: Epoch 175: loss=6.47973, RMSE_E_per_atom=5.0460 meV, RMSE_F=108.4770 meV/A, RMSE_dip_per_atom=0.6724 meA, RMSE_rho=0.2205 me/A^3
2026-10-08 02:56:27.893 INFO: 50-step electronic residual maximum: 0.023419
2026-10-08 02:56:27.900 INFO: Optimizer epoch 175: lr=[0.001, 0.001, 0.001, 0.001, 0.001, 0.001, 0.001, 0.001, 0.001], mean gradient norm=6.4845, clipped=10/141
2026-10-08 02:56:27.900 INFO: Epoch timing: train=88.114s, validation=27.770s, updates=141, train/update=0.62492s, peak allocated=12226.1 MiB, backbone=CuEq
2026-10-08 02:56:27.900 INFO: Optimization budget: graphs=1125/1125, updates=141, mean retained gradient=0.99124, min retained gradient=0.66101
2026-10-08 02:56:27.900 INFO: Optimizer time scales {"updates_per_epoch": 141, "groups": [{"name": "embedding", "lr": 0.001, "parameter_update_range": [24816.0, 24816.0], "moment_memory_epochs": [0.07092198581560286, 7.092198581560277], "AdamW_decay_only_retention_per_epoch": 1.0}, {"name": "interactions_decay", "lr": 0.001, "parameter_update_range": [24816.0, 24816.0], "moment_memory_epochs": [0.07092198581560286, 7.092198581560277], "AdamW_decay_only_retention_per_epoch": 0.9998590098695387}, {"name": "interactions_no_decay", "lr": 0.001, "parameter_update_range": [24816.0, 24816.0], "moment_memory_epochs": [0.07092198581560286, 7.092198581560277], "AdamW_decay_only_retention_per_epoch": 1.0}, {"name": "products", "lr": 0.001, "parameter_update_range": [24816.0, 24816.0], "moment_memory_epochs": [0.07092198581560286, 7.092198581560277], "AdamW_decay_only_retention_per_epoch": 0.9998590098695387}, {"name": "readouts", "lr": 0.001, "parameter_update_range": [24816.0, 24816.0], "moment_memory_epochs": [0.07092198581560286, 7.092198581560277], "AdamW_decay_only_retention_per_epoch": 1.0}, {"name": "lr_source_maps", "lr": 0.001, "parameter_update_range": [24816.0, 24816.0], "moment_memory_epochs": [0.07092198581560286, 7.092198581560277], "AdamW_decay_only_retention_per_epoch": 1.0}, {"name": "field_dependent_charges_map", "lr": 0.001, "parameter_update_range": [24816.0, 24816.0], "moment_memory_epochs": [0.07092198581560286, 7.092198581560277], "AdamW_decay_only_retention_per_epoch": 0.9985909865428542}, {"name": "electronic_references", "lr": 0.001, "parameter_update_range": [24816.0, 24816.0], "moment_memory_epochs": [0.07092198581560286, 7.092198581560277], "AdamW_decay_only_retention_per_epoch": 1.0}, {"name": "layer_feature_mixer", "lr": 0.001, "parameter_update_range": [24816.0, 24816.0], "moment_memory_epochs": [0.07092198581560286, 7.092198581560277], "AdamW_decay_only_retention_per_epoch": 0.9998590098695387}], "EMA_asymptotic_memory_epochs": 0.7092198581560277}
2026-10-08 02:56:27.900 INFO: Batching: optimizer graphs=8, device graphs<=8; one clipping/Adam/EMA update per optimizer batch
2026-10-08 02:56:27.900 INFO: 50-step finite-budget validation residual 0.023419 exceeds equilibrium tolerance 1e-06; metrics describe the exported finite trajectory, not a converged root
2026-10-08 03:04:10.137 INFO: Full validation audit {"graphs": 279, "index_convention": "supplied loader order, zero based", "force_rmse_by_element_column_eV_A": {"0": 0.10553895081066458, "1": 0.2516797437341288, "2": 0.10211675518747143, "3": 0.09604878231889354, "4": 0.1001662849039614}, "force_target_rms_by_element_column_eV_A": {"0": 0.6667205065800093, "1": 1.485388937044054, "2": 0.6623370749424797, "3": 0.6101502819784279, "4": 0.42143582945433244}, "force_rmse_over_target_rms_by_element_column": {"0": 0.15829564228050252, "1": 0.16943693160592352, "2": 0.15417641417149974, "3": 0.15741823802400437, "4": 0.2376786165373146}, "density_observers": {"density_RMSE_e_A3": 0.0002205077978643616, "farfield_RMSE_e_A3": 6.606315050205909e-05, "scope": "Different Gaussian resolutions of the same error; smaller farfield RMSE is not an accuracy gain."}, "largest_force_errors": [{"index": 250, "atoms": 179, "composition": [13, 8, 56, 54, 48], "charge": -0.0, "force_rmse": 0.3115007560360947}, {"index": 152, "atoms": 342, "composition": [17, 13, 149, 150, 13], "charge": -0.0, "force_rmse": 0.22076137097338935}, {"index": 145, "atoms": 346, "composition": [25, 5, 153, 150, 13], "charge": -0.0, "force_rmse": 0.21271370308623647}, {"index": 231, "atoms": 181, "composition": [12, 10, 57, 54, 48], "charge": -0.0, "force_rmse": 0.19030391380056536}, {"index": 186, "atoms": 348, "composition": [14, 17, 154, 150, 13], "charge": -0.0, "force_rmse": 0.18445276450859502}, {"index": 169, "atoms": 347, "composition": [12, 8, 164, 150, 13], "charge": -0.0, "force_rmse": 0.17891451196037753}, {"index": 214, "atoms": 328, "composition": [16, 11, 138, 150, 13], "charge": -0.0, "force_rmse": 0.1739869525374966}, {"index": 225, "atoms": 169, "composition": [3, 6, 58, 54, 48], "charge": -0.0, "force_rmse": 0.1697196472036127}], "atomic_numbers": [1, 6, 8, 25, 45]}
2026-10-08 03:04:10.172 INFO: Epoch 180: loss=6.45207, RMSE_E_per_atom=4.9600 meV, RMSE_F=108.1646 meV/A, RMSE_dip_per_atom=0.6956 meA, RMSE_rho=0.2205 me/A^3
2026-10-08 03:04:10.172 INFO: 50-step electronic residual maximum: 0.037701
2026-10-08 03:04:10.190 INFO: Optimizer epoch 180: lr=[0.001, 0.001, 0.001, 0.001, 0.001, 0.001, 0.001, 0.001, 0.001], mean gradient norm=6.0989, clipped=7/141
2026-10-08 03:04:10.190 INFO: Epoch timing: train=86.571s, validation=27.380s, updates=141, train/update=0.61398s, peak allocated=12508.9 MiB, backbone=CuEq
2026-10-08 03:04:10.190 INFO: Optimization budget: graphs=1125/1125, updates=141, mean retained gradient=0.9835, min retained gradient=0.40224
2026-10-08 03:04:10.191 INFO: Optimizer time scales {"updates_per_epoch": 141, "groups": [{"name": "embedding", "lr": 0.001, "parameter_update_range": [25521.0, 25521.0], "moment_memory_epochs": [0.07092198581560286, 7.092198581560277], "AdamW_decay_only_retention_per_epoch": 1.0}, {"name": "interactions_decay", "lr": 0.001, "parameter_update_range": [25521.0, 25521.0], "moment_memory_epochs": [0.07092198581560286, 7.092198581560277], "AdamW_decay_only_retention_per_epoch": 0.9998590098695387}, {"name": "interactions_no_decay", "lr": 0.001, "parameter_update_range": [25521.0, 25521.0], "moment_memory_epochs": [0.07092198581560286, 7.092198581560277], "AdamW_decay_only_retention_per_epoch": 1.0}, {"name": "products", "lr": 0.001, "parameter_update_range": [25521.0, 25521.0], "moment_memory_epochs": [0.07092198581560286, 7.092198581560277], "AdamW_decay_only_retention_per_epoch": 0.9998590098695387}, {"name": "readouts", "lr": 0.001, "parameter_update_range": [25521.0, 25521.0], "moment_memory_epochs": [0.07092198581560286, 7.092198581560277], "AdamW_decay_only_retention_per_epoch": 1.0}, {"name": "lr_source_maps", "lr": 0.001, "parameter_update_range": [25521.0, 25521.0], "moment_memory_epochs": [0.07092198581560286, 7.092198581560277], "AdamW_decay_only_retention_per_epoch": 1.0}, {"name": "field_dependent_charges_map", "lr": 0.001, "parameter_update_range": [25521.0, 25521.0], "moment_memory_epochs": [0.07092198581560286, 7.092198581560277], "AdamW_decay_only_retention_per_epoch": 0.9985909865428542}, {"name": "electronic_references", "lr": 0.001, "parameter_update_range": [25521.0, 25521.0], "moment_memory_epochs": [0.07092198581560286, 7.092198581560277], "AdamW_decay_only_retention_per_epoch": 1.0}, {"name": "layer_feature_mixer", "lr": 0.001, "parameter_update_range": [25521.0, 25521.0], "moment_memory_epochs": [0.07092198581560286, 7.092198581560277], "AdamW_decay_only_retention_per_epoch": 0.9998590098695387}], "EMA_asymptotic_memory_epochs": 0.7092198581560277}
2026-10-08 03:04:10.191 INFO: Batching: optimizer graphs=8, device graphs<=8; one clipping/Adam/EMA update per optimizer batch
2026-10-08 03:04:10.191 INFO: 50-step finite-budget validation residual 0.037701 exceeds equilibrium tolerance 1e-06; metrics describe the exported finite trajectory, not a converged root
2026-10-08 03:11:52.433 INFO: Full validation audit {"graphs": 279, "index_convention": "supplied loader order, zero based", "force_rmse_by_element_column_eV_A": {"0": 0.10524656890430381, "1": 0.2525949422859186, "2": 0.10197044786187798, "3": 0.09600997381867196, "4": 0.09994840415138048}, "force_target_rms_by_element_column_eV_A": {"0": 0.6667205065800093, "1": 1.485388937044054, "2": 0.6623370749424797, "3": 0.6101502819784279, "4": 0.42143582945433244}, "force_rmse_over_target_rms_by_element_column": {"0": 0.1578571048371883, "1": 0.1700530655550635, "2": 0.15395551860166296, "3": 0.15735463320176982, "4": 0.23716162026563303}, "density_observers": {"density_RMSE_e_A3": 0.00021984008065886499, "farfield_RMSE_e_A3": 6.625150150483328e-05, "scope": "Different Gaussian resolutions of the same error; smaller farfield RMSE is not an accuracy gain."}, "largest_force_errors": [{"index": 250, "atoms": 179, "composition": [13, 8, 56, 54, 48], "charge": -0.0, "force_rmse": 0.31103029504605106}, {"index": 152, "atoms": 342, "composition": [17, 13, 149, 150, 13], "charge": -0.0, "force_rmse": 0.21975290863057503}, {"index": 145, "atoms": 346, "composition": [25, 5, 153, 150, 13], "charge": -0.0, "force_rmse": 0.21292927321502858}, {"index": 231, "atoms": 181, "composition": [12, 10, 57, 54, 48], "charge": -0.0, "force_rmse": 0.19211660330839936}, {"index": 186, "atoms": 348, "composition": [14, 17, 154, 150, 13], "charge": -0.0, "force_rmse": 0.1822824959343613}, {"index": 169, "atoms": 347, "composition": [12, 8, 164, 150, 13], "charge": -0.0, "force_rmse": 0.18157844951311564}, {"index": 214, "atoms": 328, "composition": [16, 11, 138, 150, 13], "charge": -0.0, "force_rmse": 0.1735391416425478}, {"index": 225, "atoms": 169, "composition": [3, 6, 58, 54, 48], "charge": -0.0, "force_rmse": 0.17056675648963124}], "atomic_numbers": [1, 6, 8, 25, 45]}
2026-10-08 03:11:52.456 INFO: Epoch 185: loss=6.43991, RMSE_E_per_atom=4.9730 meV, RMSE_F=108.0985 meV/A, RMSE_dip_per_atom=0.6984 meA, RMSE_rho=0.2198 me/A^3
2026-10-08 03:11:52.457 INFO: 50-step electronic residual maximum: 0.011708
2026-10-08 03:11:52.463 INFO: Optimizer epoch 185: lr=[0.001, 0.001, 0.001, 0.001, 0.001, 0.001, 0.001, 0.001, 0.001], mean gradient norm=6.0636, clipped=8/141
2026-10-08 03:11:52.463 INFO: Epoch timing: train=86.969s, validation=27.742s, updates=141, train/update=0.61680s, peak allocated=12523.5 MiB, backbone=CuEq
2026-10-08 03:11:52.464 INFO: Optimization budget: graphs=1125/1125, updates=141, mean retained gradient=0.99134, min retained gradient=0.70964
2026-10-08 03:11:52.464 INFO: Optimizer time scales {"updates_per_epoch": 141, "groups": [{"name": "embedding", "lr": 0.001, "parameter_update_range": [26226.0, 26226.0], "moment_memory_epochs": [0.07092198581560286, 7.092198581560277], "AdamW_decay_only_retention_per_epoch": 1.0}, {"name": "interactions_decay", "lr": 0.001, "parameter_update_range": [26226.0, 26226.0], "moment_memory_epochs": [0.07092198581560286, 7.092198581560277], "AdamW_decay_only_retention_per_epoch": 0.9998590098695387}, {"name": "interactions_no_decay", "lr": 0.001, "parameter_update_range": [26226.0, 26226.0], "moment_memory_epochs": [0.07092198581560286, 7.092198581560277], "AdamW_decay_only_retention_per_epoch": 1.0}, {"name": "products", "lr": 0.001, "parameter_update_range": [26226.0, 26226.0], "moment_memory_epochs": [0.07092198581560286, 7.092198581560277], "AdamW_decay_only_retention_per_epoch": 0.9998590098695387}, {"name": "readouts", "lr": 0.001, "parameter_update_range": [26226.0, 26226.0], "moment_memory_epochs": [0.07092198581560286, 7.092198581560277], "AdamW_decay_only_retention_per_epoch": 1.0}, {"name": "lr_source_maps", "lr": 0.001, "parameter_update_range": [26226.0, 26226.0], "moment_memory_epochs": [0.07092198581560286, 7.092198581560277], "AdamW_decay_only_retention_per_epoch": 1.0}, {"name": "field_dependent_charges_map", "lr": 0.001, "parameter_update_range": [26226.0, 26226.0], "moment_memory_epochs": [0.07092198581560286, 7.092198581560277], "AdamW_decay_only_retention_per_epoch": 0.9985909865428542}, {"name": "electronic_references", "lr": 0.001, "parameter_update_range": [26226.0, 26226.0], "moment_memory_epochs": [0.07092198581560286, 7.092198581560277], "AdamW_decay_only_retention_per_epoch": 1.0}, {"name": "layer_feature_mixer", "lr": 0.001, "parameter_update_range": [26226.0, 26226.0], "moment_memory_epochs": [0.07092198581560286, 7.092198581560277], "AdamW_decay_only_retention_per_epoch": 0.9998590098695387}], "EMA_asymptotic_memory_epochs": 0.7092198581560277}
2026-10-08 03:11:52.464 INFO: Batching: optimizer graphs=8, device graphs<=8; one clipping/Adam/EMA update per optimizer batch
2026-10-08 03:11:52.464 INFO: 50-step finite-budget validation residual 0.011708 exceeds equilibrium tolerance 1e-06; metrics describe the exported finite trajectory, not a converged root
2026-10-08 03:19:39.971 INFO: Full validation audit {"graphs": 279, "index_convention": "supplied loader order, zero based", "force_rmse_by_element_column_eV_A": {"0": 0.10504401355610404, "1": 0.25262929628074127, "2": 0.1017060141592061, "3": 0.09588261504947206, "4": 0.09988611735824392}, "force_target_rms_by_element_column_eV_A": {"0": 0.6667205065800093, "1": 1.485388937044054, "2": 0.6623370749424797, "3": 0.6101502819784279, "4": 0.42143582945433244}, "force_rmse_over_target_rms_by_element_column": {"0": 0.15755329635042253, "1": 0.17007619350085998, "2": 0.15355627520630444, "3": 0.15714589975861393, "4": 0.2370138236408961}, "density_observers": {"density_RMSE_e_A3": 0.00022003952773835939, "farfield_RMSE_e_A3": 6.652629026094686e-05, "scope": "Different Gaussian resolutions of the same error; smaller farfield RMSE is not an accuracy gain."}, "largest_force_errors": [{"index": 250, "atoms": 179, "composition": [13, 8, 56, 54, 48], "charge": -0.0, "force_rmse": 0.3114473213868448}, {"index": 152, "atoms": 342, "composition": [17, 13, 149, 150, 13], "charge": -0.0, "force_rmse": 0.21927370296387727}, {"index": 145, "atoms": 346, "composition": [25, 5, 153, 150, 13], "charge": -0.0, "force_rmse": 0.2119902286828727}, {"index": 231, "atoms": 181, "composition": [12, 10, 57, 54, 48], "charge": -0.0, "force_rmse": 0.19020336743809185}, {"index": 169, "atoms": 347, "composition": [12, 8, 164, 150, 13], "charge": -0.0, "force_rmse": 0.18701141609131658}, {"index": 186, "atoms": 348, "composition": [14, 17, 154, 150, 13], "charge": -0.0, "force_rmse": 0.18426046856519437}, {"index": 214, "atoms": 328, "composition": [16, 11, 138, 150, 13], "charge": -0.0, "force_rmse": 0.1734028903687335}, {"index": 225, "atoms": 169, "composition": [3, 6, 58, 54, 48], "charge": -0.0, "force_rmse": 0.169811336510413}], "atomic_numbers": [1, 6, 8, 25, 45]}
2026-10-08 03:19:39.994 INFO: Epoch 190: loss=6.4258, RMSE_E_per_atom=4.9689 meV, RMSE_F=107.9693 meV/A, RMSE_dip_per_atom=0.6889 meA, RMSE_rho=0.2200 me/A^3
2026-10-08 03:19:39.994 INFO: 50-step electronic residual maximum: 0.025025
2026-10-08 03:19:40.001 INFO: Optimizer epoch 190: lr=[0.001, 0.001, 0.001, 0.001, 0.001, 0.001, 0.001, 0.001, 0.001], mean gradient norm=6.8958, clipped=16/141
2026-10-08 03:19:40.001 INFO: Epoch timing: train=88.013s, validation=27.533s, updates=141, train/update=0.62421s, peak allocated=13080.4 MiB, backbone=CuEq
2026-10-08 03:19:40.001 INFO: Optimization budget: graphs=1125/1125, updates=141, mean retained gradient=0.9885, min retained gradient=0.69728
2026-10-08 03:19:40.001 INFO: Optimizer time scales {"updates_per_epoch": 141, "groups": [{"name": "embedding", "lr": 0.001, "parameter_update_range": [26931.0, 26931.0], "moment_memory_epochs": [0.07092198581560286, 7.092198581560277], "AdamW_decay_only_retention_per_epoch": 1.0}, {"name": "interactions_decay", "lr": 0.001, "parameter_update_range": [26931.0, 26931.0], "moment_memory_epochs": [0.07092198581560286, 7.092198581560277], "AdamW_decay_only_retention_per_epoch": 0.9998590098695387}, {"name": "interactions_no_decay", "lr": 0.001, "parameter_update_range": [26931.0, 26931.0], "moment_memory_epochs": [0.07092198581560286, 7.092198581560277], "AdamW_decay_only_retention_per_epoch": 1.0}, {"name": "products", "lr": 0.001, "parameter_update_range": [26931.0, 26931.0], "moment_memory_epochs": [0.07092198581560286, 7.092198581560277], "AdamW_decay_only_retention_per_epoch": 0.9998590098695387}, {"name": "readouts", "lr": 0.001, "parameter_update_range": [26931.0, 26931.0], "moment_memory_epochs": [0.07092198581560286, 7.092198581560277], "AdamW_decay_only_retention_per_epoch": 1.0}, {"name": "lr_source_maps", "lr": 0.001, "parameter_update_range": [26931.0, 26931.0], "moment_memory_epochs": [0.07092198581560286, 7.092198581560277], "AdamW_decay_only_retention_per_epoch": 1.0}, {"name": "field_dependent_charges_map", "lr": 0.001, "parameter_update_range": [26931.0, 26931.0], "moment_memory_epochs": [0.07092198581560286, 7.092198581560277], "AdamW_decay_only_retention_per_epoch": 0.9985909865428542}, {"name": "electronic_references", "lr": 0.001, "parameter_update_range": [26931.0, 26931.0], "moment_memory_epochs": [0.07092198581560286, 7.092198581560277], "AdamW_decay_only_retention_per_epoch": 1.0}, {"name": "layer_feature_mixer", "lr": 0.001, "parameter_update_range": [26931.0, 26931.0], "moment_memory_epochs": [0.07092198581560286, 7.092198581560277], "AdamW_decay_only_retention_per_epoch": 0.9998590098695387}], "EMA_asymptotic_memory_epochs": 0.7092198581560277}
2026-10-08 03:19:40.001 INFO: Batching: optimizer graphs=8, device graphs<=8; one clipping/Adam/EMA update per optimizer batch
2026-10-08 03:19:40.001 INFO: 50-step finite-budget validation residual 0.025025 exceeds equilibrium tolerance 1e-06; metrics describe the exported finite trajectory, not a converged root
2026-10-08 03:27:27.480 INFO: Full validation audit {"graphs": 279, "index_convention": "supplied loader order, zero based", "force_rmse_by_element_column_eV_A": {"0": 0.1052102289272587, "1": 0.2533263710815915, "2": 0.10168232098842281, "3": 0.09578451385431012, "4": 0.09975088365406337}, "force_target_rms_by_element_column_eV_A": {"0": 0.6667205065800093, "1": 1.485388937044054, "2": 0.6623370749424797, "3": 0.6101502819784279, "4": 0.42143582945433244}, "force_rmse_over_target_rms_by_element_column": {"0": 0.15780259927348286, "1": 0.17054548122979474, "2": 0.1535205031324169, "3": 0.1569851177380864, "4": 0.23669293563202498}, "density_observers": {"density_RMSE_e_A3": 0.00021975368797813176, "farfield_RMSE_e_A3": 6.614752960678485e-05, "scope": "Different Gaussian resolutions of the same error; smaller farfield RMSE is not an accuracy gain."}, "largest_force_errors": [{"index": 250, "atoms": 179, "composition": [13, 8, 56, 54, 48], "charge": -0.0, "force_rmse": 0.31149299629519583}, {"index": 152, "atoms": 342, "composition": [17, 13, 149, 150, 13], "charge": -0.0, "force_rmse": 0.2191918028634092}, {"index": 145, "atoms": 346, "composition": [25, 5, 153, 150, 13], "charge": -0.0, "force_rmse": 0.21084257777421092}, {"index": 231, "atoms": 181, "composition": [12, 10, 57, 54, 48], "charge": -0.0, "force_rmse": 0.1906806092252125}, {"index": 169, "atoms": 347, "composition": [12, 8, 164, 150, 13], "charge": -0.0, "force_rmse": 0.18910736029409228}, {"index": 186, "atoms": 348, "composition": [14, 17, 154, 150, 13], "charge": -0.0, "force_rmse": 0.18753173037523074}, {"index": 214, "atoms": 328, "composition": [16, 11, 138, 150, 13], "charge": -0.0, "force_rmse": 0.17392577093985942}, {"index": 225, "atoms": 169, "composition": [3, 6, 58, 54, 48], "charge": -0.0, "force_rmse": 0.17030731348101097}], "atomic_numbers": [1, 6, 8, 25, 45]}
2026-10-08 03:27:27.509 INFO: Epoch 195: loss=6.42233, RMSE_E_per_atom=4.8968 meV, RMSE_F=107.9522 meV/A, RMSE_dip_per_atom=0.6894 meA, RMSE_rho=0.2198 me/A^3
2026-10-08 03:27:27.509 INFO: 50-step electronic residual maximum: 0.018796
2026-10-08 03:27:27.516 INFO: Optimizer epoch 195: lr=[0.001, 0.001, 0.001, 0.001, 0.001, 0.001, 0.001, 0.001, 0.001], mean gradient norm=6.3606, clipped=6/141
2026-10-08 03:27:27.516 INFO: Epoch timing: train=88.068s, validation=27.535s, updates=141, train/update=0.62459s, peak allocated=12232.4 MiB, backbone=CuEq
2026-10-08 03:27:27.516 INFO: Optimization budget: graphs=1125/1125, updates=141, mean retained gradient=0.99545, min retained gradient=0.84504
2026-10-08 03:27:27.516 INFO: Optimizer time scales {"updates_per_epoch": 141, "groups": [{"name": "embedding", "lr": 0.001, "parameter_update_range": [27636.0, 27636.0], "moment_memory_epochs": [0.07092198581560286, 7.092198581560277], "AdamW_decay_only_retention_per_epoch": 1.0}, {"name": "interactions_decay", "lr": 0.001, "parameter_update_range": [27636.0, 27636.0], "moment_memory_epochs": [0.07092198581560286, 7.092198581560277], "AdamW_decay_only_retention_per_epoch": 0.9998590098695387}, {"name": "interactions_no_decay", "lr": 0.001, "parameter_update_range": [27636.0, 27636.0], "moment_memory_epochs": [0.07092198581560286, 7.092198581560277], "AdamW_decay_only_retention_per_epoch": 1.0}, {"name": "products", "lr": 0.001, "parameter_update_range": [27636.0, 27636.0], "moment_memory_epochs": [0.07092198581560286, 7.092198581560277], "AdamW_decay_only_retention_per_epoch": 0.9998590098695387}, {"name": "readouts", "lr": 0.001, "parameter_update_range": [27636.0, 27636.0], "moment_memory_epochs": [0.07092198581560286, 7.092198581560277], "AdamW_decay_only_retention_per_epoch": 1.0}, {"name": "lr_source_maps", "lr": 0.001, "parameter_update_range": [27636.0, 27636.0], "moment_memory_epochs": [0.07092198581560286, 7.092198581560277], "AdamW_decay_only_retention_per_epoch": 1.0}, {"name": "field_dependent_charges_map", "lr": 0.001, "parameter_update_range": [27636.0, 27636.0], "moment_memory_epochs": [0.07092198581560286, 7.092198581560277], "AdamW_decay_only_retention_per_epoch": 0.9985909865428542}, {"name": "electronic_references", "lr": 0.001, "parameter_update_range": [27636.0, 27636.0], "moment_memory_epochs": [0.07092198581560286, 7.092198581560277], "AdamW_decay_only_retention_per_epoch": 1.0}, {"name": "layer_feature_mixer", "lr": 0.001, "parameter_update_range": [27636.0, 27636.0], "moment_memory_epochs": [0.07092198581560286, 7.092198581560277], "AdamW_decay_only_retention_per_epoch": 0.9998590098695387}], "EMA_asymptotic_memory_epochs": 0.7092198581560277}
2026-10-08 03:27:27.517 INFO: Batching: optimizer graphs=8, device graphs<=8; one clipping/Adam/EMA update per optimizer batch
2026-10-08 03:27:27.517 INFO: 50-step finite-budget validation residual 0.018796 exceeds equilibrium tolerance 1e-06; metrics describe the exported finite trajectory, not a converged root
2026-10-08 03:35:14.870 INFO: Full validation audit {"graphs": 279, "index_convention": "supplied loader order, zero based", "force_rmse_by_element_column_eV_A": {"0": 0.1052784539115467, "1": 0.25323642345444874, "2": 0.1015302048728146, "3": 0.09554888840424808, "4": 0.09956194490104331}, "force_target_rms_by_element_column_eV_A": {"0": 0.6667205065800093, "1": 1.485388937044054, "2": 0.6623370749424797, "3": 0.6101502819784279, "4": 0.42143582945433244}, "force_rmse_over_target_rms_by_element_column": {"0": 0.15790492848582097, "1": 0.17048492629707676, "2": 0.15329083742085844, "3": 0.1565989416483237, "4": 0.23624461410875844}, "density_observers": {"density_RMSE_e_A3": 0.00021985561682399499, "farfield_RMSE_e_A3": 6.620784350183529e-05, "scope": "Different Gaussian resolutions of the same error; smaller farfield RMSE is not an accuracy gain."}, "largest_force_errors": [{"index": 250, "atoms": 179, "composition": [13, 8, 56, 54, 48], "charge": -0.0, "force_rmse": 0.31175559849750883}, {"index": 152, "atoms": 342, "composition": [17, 13, 149, 150, 13], "charge": -0.0, "force_rmse": 0.21982632280024678}, {"index": 145, "atoms": 346, "composition": [25, 5, 153, 150, 13], "charge": -0.0, "force_rmse": 0.21079206129148223}, {"index": 231, "atoms": 181, "composition": [12, 10, 57, 54, 48], "charge": -0.0, "force_rmse": 0.19030725397507417}, {"index": 169, "atoms": 347, "composition": [12, 8, 164, 150, 13], "charge": -0.0, "force_rmse": 0.18491003844954473}, {"index": 186, "atoms": 348, "composition": [14, 17, 154, 150, 13], "charge": -0.0, "force_rmse": 0.1841990091675712}, {"index": 214, "atoms": 328, "composition": [16, 11, 138, 150, 13], "charge": -0.0, "force_rmse": 0.17420958183069696}, {"index": 225, "atoms": 169, "composition": [3, 6, 58, 54, 48], "charge": -0.0, "force_rmse": 0.1706238593730781}], "atomic_numbers": [1, 6, 8, 25, 45]}
2026-10-08 03:35:14.896 INFO: Epoch 200: loss=6.40304, RMSE_E_per_atom=4.8631 meV, RMSE_F=107.7857 meV/A, RMSE_dip_per_atom=0.6815 meA, RMSE_rho=0.2199 me/A^3
2026-10-08 03:35:14.896 INFO: 50-step electronic residual maximum: 0.015493
2026-10-08 03:35:14.903 INFO: Optimizer epoch 200: lr=[0.001, 0.001, 0.001, 0.001, 0.001, 0.001, 0.001, 0.001, 0.001], mean gradient norm=5.8903, clipped=6/141
2026-10-08 03:35:14.903 INFO: Epoch timing: train=87.687s, validation=27.738s, updates=141, train/update=0.62189s, peak allocated=12361.4 MiB, backbone=CuEq
2026-10-08 03:35:14.903 INFO: Optimization budget: graphs=1125/1125, updates=141, mean retained gradient=0.99735, min retained gradient=0.8881
2026-10-08 03:35:14.903 INFO: Optimizer time scales {"updates_per_epoch": 141, "groups": [{"name": "embedding", "lr": 0.001, "parameter_update_range": [28341.0, 28341.0], "moment_memory_epochs": [0.07092198581560286, 7.092198581560277], "AdamW_decay_only_retention_per_epoch": 1.0}, {"name": "interactions_decay", "lr": 0.001, "parameter_update_range": [28341.0, 28341.0], "moment_memory_epochs": [0.07092198581560286, 7.092198581560277], "AdamW_decay_only_retention_per_epoch": 0.9998590098695387}, {"name": "interactions_no_decay", "lr": 0.001, "parameter_update_range": [28341.0, 28341.0], "moment_memory_epochs": [0.07092198581560286, 7.092198581560277], "AdamW_decay_only_retention_per_epoch": 1.0}, {"name": "products", "lr": 0.001, "parameter_update_range": [28341.0, 28341.0], "moment_memory_epochs": [0.07092198581560286, 7.092198581560277], "AdamW_decay_only_retention_per_epoch": 0.9998590098695387}, {"name": "readouts", "lr": 0.001, "parameter_update_range": [28341.0, 28341.0], "moment_memory_epochs": [0.07092198581560286, 7.092198581560277], "AdamW_decay_only_retention_per_epoch": 1.0}, {"name": "lr_source_maps", "lr": 0.001, "parameter_update_range": [28341.0, 28341.0], "moment_memory_epochs": [0.07092198581560286, 7.092198581560277], "AdamW_decay_only_retention_per_epoch": 1.0}, {"name": "field_dependent_charges_map", "lr": 0.001, "parameter_update_range": [28341.0, 28341.0], "moment_memory_epochs": [0.07092198581560286, 7.092198581560277], "AdamW_decay_only_retention_per_epoch": 0.9985909865428542}, {"name": "electronic_references", "lr": 0.001, "parameter_update_range": [28341.0, 28341.0], "moment_memory_epochs": [0.07092198581560286, 7.092198581560277], "AdamW_decay_only_retention_per_epoch": 1.0}, {"name": "layer_feature_mixer", "lr": 0.001, "parameter_update_range": [28341.0, 28341.0], "moment_memory_epochs": [0.07092198581560286, 7.092198581560277], "AdamW_decay_only_retention_per_epoch": 0.9998590098695387}], "EMA_asymptotic_memory_epochs": 0.7092198581560277}
2026-10-08 03:35:14.903 INFO: Batching: optimizer graphs=8, device graphs<=8; one clipping/Adam/EMA update per optimizer batch
2026-10-08 03:35:14.903 INFO: 50-step finite-budget validation residual 0.015493 exceeds equilibrium tolerance 1e-06; metrics describe the exported finite trajectory, not a converged root
2026-10-08 03:37:05.884 INFO: Full training audit {"graphs": 1125, "index_convention": "supplied loader order, zero based", "force_rmse_by_element_column_eV_A": {"0": 0.07084873234378444, "1": 0.14225491212020364, "2": 0.08067270448528756, "3": 0.08093306480610071, "4": 0.0831663094116847}, "force_target_rms_by_element_column_eV_A": {"0": 0.6774065086832185, "1": 1.538190971915685, "2": 0.6998679669900058, "3": 0.6220774482464436, "4": 0.4134908179035577}, "force_rmse_over_target_rms_by_element_column": {"0": 0.10458820728118522, "1": 0.09248195751860207, "2": 0.1152684624676351, "3": 0.1301012679920171, "4": 0.20113217950847542}, "density_observers": {"density_RMSE_e_A3": 0.0002058317204397382, "farfield_RMSE_e_A3": 6.46741489442106e-05, "scope": "Different Gaussian resolutions of the same error; smaller farfield RMSE is not an accuracy gain."}, "largest_force_errors": [{"index": 797, "atoms": 350, "composition": [10, 20, 157, 150, 13], "charge": -0.0, "force_rmse": 0.14198992383989356}, {"index": 563, "atoms": 177, "composition": [13, 6, 56, 54, 48], "charge": -0.0, "force_rmse": 0.13695670869639856}, {"index": 590, "atoms": 341, "composition": [12, 11, 155, 150, 13], "charge": -0.0, "force_rmse": 0.1321800194202145}, {"index": 682, "atoms": 334, "composition": [12, 9, 150, 150, 13], "charge": -0.0, "force_rmse": 0.12535651416608265}, {"index": 807, "atoms": 350, "composition": [22, 14, 151, 150, 13], "charge": -0.0, "force_rmse": 0.12454648517281801}, {"index": 740, "atoms": 333, "composition": [13, 7, 150, 150, 13], "charge": -0.0, "force_rmse": 0.12380241174808894}, {"index": 651, "atoms": 327, "composition": [13, 9, 142, 150, 13], "charge": -0.0, "force_rmse": 0.12129309014185745}, {"index": 1019, "atoms": 174, "composition": [7, 7, 58, 54, 48], "charge": -0.0, "force_rmse": 0.1208770649838698}], "atomic_numbers": [1, 6, 8, 25, 45]}
2026-10-08 03:37:05.914 INFO: Full-split generalization {"epoch": 200, "training_graphs": 1125, "validation_graphs": 279, "train": {"rmse_e_per_atom": 0.004847398120763736, "rmse_f": 0.0841367574315696, "rmse_mu_per_atom": 0.00028060773447654457, "rmse_rho": 0.00020583172043973824}, "validation": {"rmse_e_per_atom": 0.004863061697350534, "rmse_f": 0.10778566271589875, "rmse_mu_per_atom": 0.0006814775654719915, "rmse_rho": 0.00021985561682399499}, "weighted_training_objectives": {"energy_per_atom": 0.00234972685411838, "forces": 3.5394969755493926, "dipole": 0.013246055912181321, "fourier_density": 0.4236669713918256}, "weighted_validation_objectives": {"energy_per_atom": 0.002364936907223786, "forces": 5.8088745435527445, "dipole": 0.10843084294289558, "fourier_density": 0.48336492249059326}, "seconds": 110.96590848000778, "scope": "Whole splits at the same EMA parameters and deployment step count; read-only, native units."}
2026-10-08 03:37:27.202 INFO: Electronic diagnostic {"train": {"graphs": 32, "charge_span": [-0.0, -0.0], "step_comparison": [[{"steps": 25, "WF_eV": 1.725559940905904, "EF_eV": -0.8890125915814268, "residual": 0.004147564788749503}, {"steps": 50, "WF_eV": 1.7239918577084905, "EF_eV": -0.8882751722455338, "residual": 7.459986212418612e-05}, {"steps": 100, "WF_eV": 1.7240155478881136, "EF_eV": -0.8882860479228345, "residual": 2.2203346959626113e-08}], [{"steps": 25, "WF_eV": 1.7212715335693487, "EF_eV": -0.8083496751421614, "residual": 0.0033533760912856474}, {"steps": 50, "WF_eV": 1.7197717640953165, "EF_eV": -0.8077349713070602, "residual": 5.133951200862741e-05}, {"steps": 100, "WF_eV": 1.7197922613929502, "EF_eV": -0.8077432410236167, "residual": 1.3742007268224832e-08}]], "dEF_dQ_and_dWF_dQ_eV_per_e": [[-0.3169948200182682, 0.016816609235448254], [-0.3825231988809519, 0.024540912779391633]], "force_RMSE_by_atomic_number_eV_A": {"1": 0.07683108329339951, "8": 0.0732675429122275, "45": 0.08346226435633558, "6": 0.12872763308170077, "25": 0.07125229542953557}, "force_RMSE_eV_A": 0.07931958533732791, "charge_response_identifiability": "Single-charge data do not determine capacitance; slopes above are predictions, not validation."}, "validation": {"graphs": 16, "charge_span": [-0.0, -0.0], "step_comparison": [[{"steps": 25, "WF_eV": 1.7420161421476188, "EF_eV": -1.0245136275755504, "residual": 0.00661284576471504}, {"steps": 50, "WF_eV": 1.7394536785489496, "EF_eV": -1.0233830415986012, "residual": 0.00014559207693156523}, {"steps": 100, "WF_eV": 1.7395017689236933, "EF_eV": -1.0234042008187898, "residual": 6.509469051285688e-08}], [{"steps": 25, "WF_eV": 1.7362600021472008, "EF_eV": -1.085405926413749, "residual": 0.002017695815245843}, {"steps": 50, "WF_eV": 1.7353333575363539, "EF_eV": -1.0849613931179474, "residual": 2.368554696702274e-05}, {"steps": 100, "WF_eV": 1.7353404216684418, "EF_eV": -1.0849648048161165, "residual": 6.766460738938385e-09}]], "dEF_dQ_and_dWF_dQ_eV_per_e": [[-0.4869827151075201, 0.015020525223741199], [-0.41132252488879084, 0.014568645309520623]], "force_RMSE_by_atomic_number_eV_A": {"6": 0.23076999647821048, "8": 0.09958304470382978, "45": 0.09461009363296546, "1": 0.10795074054117887, "25": 0.09601810944495823}, "force_RMSE_eV_A": 0.10414621577260712, "charge_response_identifiability": "Single-charge data do not determine capacitance; slopes above are predictions, not validation."}, "epoch": 200, "response_weight_norms": {"vector_out.weight": 3.3183452282091355, "scalar_out.weight": 4.118630728978016, "state_scalar.weight": 4.945716116943859, "state_vector.weight": 3.377020031181845, "neighbor_scalar.weight": 3.2480887573186425, "neighbor_vector.weight": 5.625656687857374}, "regularization": {"field_weight_decay": 0.01}, "objective_gradients": {"training_index": 1124, "atoms": 170, "terms": {"energy_per_atom": {"weighted_loss": 0.004169423722596998, "gradient_norm": 0.899576428473015}, "forces": {"weighted_loss": 5.228635466533608, "gradient_norm": 16.669901828892637}, "dipole": {"weighted_loss": 0.00011649254360505837, "gradient_norm": 0.17944269565236387}, "fourier_density": {"weighted_loss": 0.28522702834311076, "gradient_norm": 1.0545996121398111}, "density_observer_farfield": {"weighted_loss": 0.044296245058261345, "gradient_norm": 0.65418375425679}}, "cosines": {"energy_per_atom / forces": 0.06121875018398234, "energy_per_atom / dipole": -0.10657198615060946, "energy_per_atom / fourier_density": 0.038236762074253326, "energy_per_atom / density_observer_farfield": -0.02706844061600123, "forces / dipole": 0.15707113771774475, "forces / fourier_density": -0.12046904719630541, "forces / density_observer_farfield": -0.05955259650431794, "dipole / fourier_density": -0.47399610765699435, "dipole / density_observer_farfield": 0.2567216969175118, "fourier_density / density_observer_farfield": 0.12583657714529756}, "scope": "One training graph, before clipping; diagnostic only.", "parameter_state": "EMA"}, "scope": "Deterministic panels, not whole-dataset metrics. Validation is development data, never used for fitting or selecting the probe."}
2026-10-08 03:45:14.622 INFO: Full validation audit {"graphs": 279, "index_convention": "supplied loader order, zero based", "force_rmse_by_element_column_eV_A": {"0": 0.10547979423085108, "1": 0.2537066129712384, "2": 0.10133000396146573, "3": 0.09560053528139614, "4": 0.09945469936487426}, "force_target_rms_by_element_column_eV_A": {"0": 0.6667205065800093, "1": 1.485388937044054, "2": 0.6623370749424797, "3": 0.6101502819784279, "4": 0.42143582945433244}, "force_rmse_over_target_rms_by_element_column": {"0": 0.1582069145764201, "1": 0.1708014693283756, "2": 0.15298857303173866, "3": 0.1566835878062843, "4": 0.23599013755818157}, "density_observers": {"density_RMSE_e_A3": 0.00022068945056679228, "farfield_RMSE_e_A3": 6.566037356795902e-05, "scope": "Different Gaussian resolutions of the same error; smaller farfield RMSE is not an accuracy gain."}, "largest_force_errors": [{"index": 250, "atoms": 179, "composition": [13, 8, 56, 54, 48], "charge": -0.0, "force_rmse": 0.31080471577392194}, {"index": 152, "atoms": 342, "composition": [17, 13, 149, 150, 13], "charge": -0.0, "force_rmse": 0.2205483680493611}, {"index": 145, "atoms": 346, "composition": [25, 5, 153, 150, 13], "charge": -0.0, "force_rmse": 0.21130133253310857}, {"index": 186, "atoms": 348, "composition": [14, 17, 154, 150, 13], "charge": -0.0, "force_rmse": 0.19006317865367042}, {"index": 231, "atoms": 181, "composition": [12, 10, 57, 54, 48], "charge": -0.0, "force_rmse": 0.18919897458829832}, {"index": 169, "atoms": 347, "composition": [12, 8, 164, 150, 13], "charge": -0.0, "force_rmse": 0.18411615621657262}, {"index": 214, "atoms": 328, "composition": [16, 11, 138, 150, 13], "charge": -0.0, "force_rmse": 0.1752345617464395}, {"index": 225, "atoms": 169, "composition": [3, 6, 58, 54, 48], "charge": -0.0, "force_rmse": 0.1698850896670827}], "atomic_numbers": [1, 6, 8, 25, 45]}
2026-10-08 03:45:14.648 INFO: Epoch 205: loss=6.40196, RMSE_E_per_atom=4.8352 meV, RMSE_F=107.7496 meV/A, RMSE_dip_per_atom=0.6784 meA, RMSE_rho=0.2207 me/A^3
2026-10-08 03:45:14.648 INFO: 50-step electronic residual maximum: 0.0082912
2026-10-08 03:45:14.655 INFO: Optimizer epoch 205: lr=[0.001, 0.001, 0.001, 0.001, 0.001, 0.001, 0.001, 0.001, 0.001], mean gradient norm=6.9093, clipped=14/141
2026-10-08 03:45:14.655 INFO: Epoch timing: train=88.032s, validation=27.721s, updates=141, train/update=0.62434s, peak allocated=12449.2 MiB, backbone=CuEq
2026-10-08 03:45:14.655 INFO: Optimization budget: graphs=1125/1125, updates=141, mean retained gradient=0.9889, min retained gradient=0.54022
2026-10-08 03:45:14.655 INFO: Optimizer time scales {"updates_per_epoch": 141, "groups": [{"name": "embedding", "lr": 0.001, "parameter_update_range": [29046.0, 29046.0], "moment_memory_epochs": [0.07092198581560286, 7.092198581560277], "AdamW_decay_only_retention_per_epoch": 1.0}, {"name": "interactions_decay", "lr": 0.001, "parameter_update_range": [29046.0, 29046.0], "moment_memory_epochs": [0.07092198581560286, 7.092198581560277], "AdamW_decay_only_retention_per_epoch": 0.9998590098695387}, {"name": "interactions_no_decay", "lr": 0.001, "parameter_update_range": [29046.0, 29046.0], "moment_memory_epochs": [0.07092198581560286, 7.092198581560277], "AdamW_decay_only_retention_per_epoch": 1.0}, {"name": "products", "lr": 0.001, "parameter_update_range": [29046.0, 29046.0], "moment_memory_epochs": [0.07092198581560286, 7.092198581560277], "AdamW_decay_only_retention_per_epoch": 0.9998590098695387}, {"name": "readouts", "lr": 0.001, "parameter_update_range": [29046.0, 29046.0], "moment_memory_epochs": [0.07092198581560286, 7.092198581560277], "AdamW_decay_only_retention_per_epoch": 1.0}, {"name": "lr_source_maps", "lr": 0.001, "parameter_update_range": [29046.0, 29046.0], "moment_memory_epochs": [0.07092198581560286, 7.092198581560277], "AdamW_decay_only_retention_per_epoch": 1.0}, {"name": "field_dependent_charges_map", "lr": 0.001, "parameter_update_range": [29046.0, 29046.0], "moment_memory_epochs": [0.07092198581560286, 7.092198581560277], "AdamW_decay_only_retention_per_epoch": 0.9985909865428542}, {"name": "electronic_references", "lr": 0.001, "parameter_update_range": [29046.0, 29046.0], "moment_memory_epochs": [0.07092198581560286, 7.092198581560277], "AdamW_decay_only_retention_per_epoch": 1.0}, {"name": "layer_feature_mixer", "lr": 0.001, "parameter_update_range": [29046.0, 29046.0], "moment_memory_epochs": [0.07092198581560286, 7.092198581560277], "AdamW_decay_only_retention_per_epoch": 0.9998590098695387}], "EMA_asymptotic_memory_epochs": 0.7092198581560277}
2026-10-08 03:45:14.655 INFO: Batching: optimizer graphs=8, device graphs<=8; one clipping/Adam/EMA update per optimizer batch
2026-10-08 03:45:14.655 INFO: 50-step finite-budget validation residual 0.0082912 exceeds equilibrium tolerance 1e-06; metrics describe the exported finite trajectory, not a converged root
2026-10-08 03:53:01.809 INFO: Full validation audit {"graphs": 279, "index_convention": "supplied loader order, zero based", "force_rmse_by_element_column_eV_A": {"0": 0.10543709285665179, "1": 0.2528946519216973, "2": 0.10118921880305903, "3": 0.09540236045888516, "4": 0.09925407741715148}, "force_target_rms_by_element_column_eV_A": {"0": 0.6667205065800093, "1": 1.485388937044054, "2": 0.6623370749424797, "3": 0.6101502819784279, "4": 0.42143582945433244}, "force_rmse_over_target_rms_by_element_column": {"0": 0.1581428676875396, "1": 0.17025483737946873, "2": 0.15277601485897002, "3": 0.15635879106626085, "4": 0.2355140936774737}, "density_observers": {"density_RMSE_e_A3": 0.00021998297054444174, "farfield_RMSE_e_A3": 6.569034599024514e-05, "scope": "Different Gaussian resolutions of the same error; smaller farfield RMSE is not an accuracy gain."}, "largest_force_errors": [{"index": 250, "atoms": 179, "composition": [13, 8, 56, 54, 48], "charge": -0.0, "force_rmse": 0.31103379178230073}, {"index": 152, "atoms": 342, "composition": [17, 13, 149, 150, 13], "charge": -0.0, "force_rmse": 0.2183913338703518}, {"index": 145, "atoms": 346, "composition": [25, 5, 153, 150, 13], "charge": -0.0, "force_rmse": 0.21031339802774415}, {"index": 231, "atoms": 181, "composition": [12, 10, 57, 54, 48], "charge": -0.0, "force_rmse": 0.18832518844282384}, {"index": 186, "atoms": 348, "composition": [14, 17, 154, 150, 13], "charge": -0.0, "force_rmse": 0.18561840706735983}, {"index": 169, "atoms": 347, "composition": [12, 8, 164, 150, 13], "charge": -0.0, "force_rmse": 0.18348983074807715}, {"index": 214, "atoms": 328, "composition": [16, 11, 138, 150, 13], "charge": -0.0, "force_rmse": 0.17418222862317448}, {"index": 225, "atoms": 169, "composition": [3, 6, 58, 54, 48], "charge": -0.0, "force_rmse": 0.1720054453746703}], "atomic_numbers": [1, 6, 8, 25, 45]}
2026-10-08 03:53:01.831 INFO: Epoch 210: loss=6.38413, RMSE_E_per_atom=4.8214 meV, RMSE_F=107.5319 meV/A, RMSE_dip_per_atom=0.6889 meA, RMSE_rho=0.2200 me/A^3
2026-10-08 03:53:01.831 INFO: 50-step electronic residual maximum: 0.028638
2026-10-08 03:53:01.838 INFO: Optimizer epoch 210: lr=[0.001, 0.001, 0.001, 0.001, 0.001, 0.001, 0.001, 0.001, 0.001], mean gradient norm=6.1892, clipped=3/141
2026-10-08 03:53:01.838 INFO: Epoch timing: train=87.704s, validation=27.699s, updates=141, train/update=0.62202s, peak allocated=12372.7 MiB, backbone=CuEq
2026-10-08 03:53:01.838 INFO: Optimization budget: graphs=1125/1125, updates=141, mean retained gradient=0.99775, min retained gradient=0.80688
2026-10-08 03:53:01.838 INFO: Optimizer time scales {"updates_per_epoch": 141, "groups": [{"name": "embedding", "lr": 0.001, "parameter_update_range": [29751.0, 29751.0], "moment_memory_epochs": [0.07092198581560286, 7.092198581560277], "AdamW_decay_only_retention_per_epoch": 1.0}, {"name": "interactions_decay", "lr": 0.001, "parameter_update_range": [29751.0, 29751.0], "moment_memory_epochs": [0.07092198581560286, 7.092198581560277], "AdamW_decay_only_retention_per_epoch": 0.9998590098695387}, {"name": "interactions_no_decay", "lr": 0.001, "parameter_update_range": [29751.0, 29751.0], "moment_memory_epochs": [0.07092198581560286, 7.092198581560277], "AdamW_decay_only_retention_per_epoch": 1.0}, {"name": "products", "lr": 0.001, "parameter_update_range": [29751.0, 29751.0], "moment_memory_epochs": [0.07092198581560286, 7.092198581560277], "AdamW_decay_only_retention_per_epoch": 0.9998590098695387}, {"name": "readouts", "lr": 0.001, "parameter_update_range": [29751.0, 29751.0], "moment_memory_epochs": [0.07092198581560286, 7.092198581560277], "AdamW_decay_only_retention_per_epoch": 1.0}, {"name": "lr_source_maps", "lr": 0.001, "parameter_update_range": [29751.0, 29751.0], "moment_memory_epochs": [0.07092198581560286, 7.092198581560277], "AdamW_decay_only_retention_per_epoch": 1.0}, {"name": "field_dependent_charges_map", "lr": 0.001, "parameter_update_range": [29751.0, 29751.0], "moment_memory_epochs": [0.07092198581560286, 7.092198581560277], "AdamW_decay_only_retention_per_epoch": 0.9985909865428542}, {"name": "electronic_references", "lr": 0.001, "parameter_update_range": [29751.0, 29751.0], "moment_memory_epochs": [0.07092198581560286, 7.092198581560277], "AdamW_decay_only_retention_per_epoch": 1.0}, {"name": "layer_feature_mixer", "lr": 0.001, "parameter_update_range": [29751.0, 29751.0], "moment_memory_epochs": [0.07092198581560286, 7.092198581560277], "AdamW_decay_only_retention_per_epoch": 0.9998590098695387}], "EMA_asymptotic_memory_epochs": 0.7092198581560277}
2026-10-08 03:53:01.838 INFO: Batching: optimizer graphs=8, device graphs<=8; one clipping/Adam/EMA update per optimizer batch
2026-10-08 03:53:01.838 INFO: 50-step finite-budget validation residual 0.028638 exceeds equilibrium tolerance 1e-06; metrics describe the exported finite trajectory, not a converged root
2026-10-08 04:00:48.969 INFO: Full validation audit {"graphs": 279, "index_convention": "supplied loader order, zero based", "force_rmse_by_element_column_eV_A": {"0": 0.1051532541435274, "1": 0.25412610675908304, "2": 0.1009785526768416, "3": 0.09537165004060767, "4": 0.09923131534827422}, "force_target_rms_by_element_column_eV_A": {"0": 0.6667205065800093, "1": 1.485388937044054, "2": 0.6623370749424797, "3": 0.6101502819784279, "4": 0.42143582945433244}, "force_rmse_over_target_rms_by_element_column": {"0": 0.15771714399924275, "1": 0.17108388276056355, "2": 0.152457950033389, "3": 0.15630845851838773, "4": 0.2354600829188091}, "density_observers": {"density_RMSE_e_A3": 0.00021981901001642349, "farfield_RMSE_e_A3": 6.519521086407639e-05, "scope": "Different Gaussian resolutions of the same error; smaller farfield RMSE is not an accuracy gain."}, "largest_force_errors": [{"index": 250, "atoms": 179, "composition": [13, 8, 56, 54, 48], "charge": -0.0, "force_rmse": 0.31082975034312627}, {"index": 152, "atoms": 342, "composition": [17, 13, 149, 150, 13], "charge": -0.0, "force_rmse": 0.2186282407304629}, {"index": 145, "atoms": 346, "composition": [25, 5, 153, 150, 13], "charge": -0.0, "force_rmse": 0.20855907652450836}, {"index": 169, "atoms": 347, "composition": [12, 8, 164, 150, 13], "charge": -0.0, "force_rmse": 0.18991113749581312}, {"index": 231, "atoms": 181, "composition": [12, 10, 57, 54, 48], "charge": -0.0, "force_rmse": 0.18918496159094714}, {"index": 186, "atoms": 348, "composition": [14, 17, 154, 150, 13], "charge": -0.0, "force_rmse": 0.18698517388370775}, {"index": 214, "atoms": 328, "composition": [16, 11, 138, 150, 13], "charge": -0.0, "force_rmse": 0.17454168567829392}, {"index": 225, "atoms": 169, "composition": [3, 6, 58, 54, 48], "charge": -0.0, "force_rmse": 0.1706763893818968}], "atomic_numbers": [1, 6, 8, 25, 45]}
2026-10-08 04:00:48.991 INFO: Epoch 215: loss=6.37887, RMSE_E_per_atom=4.8569 meV, RMSE_F=107.5424 meV/A, RMSE_dip_per_atom=0.6879 meA, RMSE_rho=0.2198 me/A^3
2026-10-08 04:00:48.991 INFO: 50-step electronic residual maximum: 0.018535
2026-10-08 04:00:48.998 INFO: Optimizer epoch 215: lr=[0.001, 0.001, 0.001, 0.001, 0.001, 0.001, 0.001, 0.001, 0.001], mean gradient norm=6.0937, clipped=9/141
2026-10-08 04:00:48.999 INFO: Epoch timing: train=87.885s, validation=27.698s, updates=141, train/update=0.62330s, peak allocated=12693.2 MiB, backbone=CuEq
2026-10-08 04:00:48.999 INFO: Optimization budget: graphs=1125/1125, updates=141, mean retained gradient=0.99315, min retained gradient=0.75123
2026-10-08 04:00:48.999 INFO: Optimizer time scales {"updates_per_epoch": 141, "groups": [{"name": "embedding", "lr": 0.001, "parameter_update_range": [30456.0, 30456.0], "moment_memory_epochs": [0.07092198581560286, 7.092198581560277], "AdamW_decay_only_retention_per_epoch": 1.0}, {"name": "interactions_decay", "lr": 0.001, "parameter_update_range": [30456.0, 30456.0], "moment_memory_epochs": [0.07092198581560286, 7.092198581560277], "AdamW_decay_only_retention_per_epoch": 0.9998590098695387}, {"name": "interactions_no_decay", "lr": 0.001, "parameter_update_range": [30456.0, 30456.0], "moment_memory_epochs": [0.07092198581560286, 7.092198581560277], "AdamW_decay_only_retention_per_epoch": 1.0}, {"name": "products", "lr": 0.001, "parameter_update_range": [30456.0, 30456.0], "moment_memory_epochs": [0.07092198581560286, 7.092198581560277], "AdamW_decay_only_retention_per_epoch": 0.9998590098695387}, {"name": "readouts", "lr": 0.001, "parameter_update_range": [30456.0, 30456.0], "moment_memory_epochs": [0.07092198581560286, 7.092198581560277], "AdamW_decay_only_retention_per_epoch": 1.0}, {"name": "lr_source_maps", "lr": 0.001, "parameter_update_range": [30456.0, 30456.0], "moment_memory_epochs": [0.07092198581560286, 7.092198581560277], "AdamW_decay_only_retention_per_epoch": 1.0}, {"name": "field_dependent_charges_map", "lr": 0.001, "parameter_update_range": [30456.0, 30456.0], "moment_memory_epochs": [0.07092198581560286, 7.092198581560277], "AdamW_decay_only_retention_per_epoch": 0.9985909865428542}, {"name": "electronic_references", "lr": 0.001, "parameter_update_range": [30456.0, 30456.0], "moment_memory_epochs": [0.07092198581560286, 7.092198581560277], "AdamW_decay_only_retention_per_epoch": 1.0}, {"name": "layer_feature_mixer", "lr": 0.001, "parameter_update_range": [30456.0, 30456.0], "moment_memory_epochs": [0.07092198581560286, 7.092198581560277], "AdamW_decay_only_retention_per_epoch": 0.9998590098695387}], "EMA_asymptotic_memory_epochs": 0.7092198581560277}
2026-10-08 04:00:48.999 INFO: Batching: optimizer graphs=8, device graphs<=8; one clipping/Adam/EMA update per optimizer batch
2026-10-08 04:00:48.999 INFO: 50-step finite-budget validation residual 0.018535 exceeds equilibrium tolerance 1e-06; metrics describe the exported finite trajectory, not a converged root
2026-10-08 04:08:36.720 INFO: Full validation audit {"graphs": 279, "index_convention": "supplied loader order, zero based", "force_rmse_by_element_column_eV_A": {"0": 0.1049217765570996, "1": 0.25347828755873736, "2": 0.10102196063388875, "3": 0.09510741116470392, "4": 0.09905264391618418}, "force_target_rms_by_element_column_eV_A": {"0": 0.6667205065800093, "1": 1.485388937044054, "2": 0.6623370749424797, "3": 0.6101502819784279, "4": 0.42143582945433244}, "force_rmse_over_target_rms_by_element_column": {"0": 0.1573699556584863, "1": 0.17064775510120797, "2": 0.15252348759528817, "3": 0.15587538672655482, "4": 0.23503612411036753}, "density_observers": {"density_RMSE_e_A3": 0.00021885665670652008, "farfield_RMSE_e_A3": 6.523844994635433e-05, "scope": "Different Gaussian resolutions of the same error; smaller farfield RMSE is not an accuracy gain."}, "largest_force_errors": [{"index": 250, "atoms": 179, "composition": [13, 8, 56, 54, 48], "charge": -0.0, "force_rmse": 0.3154423698665011}, {"index": 152, "atoms": 342, "composition": [17, 13, 149, 150, 13], "charge": -0.0, "force_rmse": 0.21766035344898826}, {"index": 145, "atoms": 346, "composition": [25, 5, 153, 150, 13], "charge": -0.0, "force_rmse": 0.20800367140318213}, {"index": 231, "atoms": 181, "composition": [12, 10, 57, 54, 48], "charge": -0.0, "force_rmse": 0.1902652274072029}, {"index": 186, "atoms": 348, "composition": [14, 17, 154, 150, 13], "charge": -0.0, "force_rmse": 0.18681915795709667}, {"index": 169, "atoms": 347, "composition": [12, 8, 164, 150, 13], "charge": -0.0, "force_rmse": 0.17925207434070906}, {"index": 214, "atoms": 328, "composition": [16, 11, 138, 150, 13], "charge": -0.0, "force_rmse": 0.1745333557458941}, {"index": 225, "atoms": 169, "composition": [3, 6, 58, 54, 48], "charge": -0.0, "force_rmse": 0.17198508103382038}], "atomic_numbers": [1, 6, 8, 25, 45]}
2026-10-08 04:08:36.755 INFO: Epoch 220: loss=6.35411, RMSE_E_per_atom=4.7414 meV, RMSE_F=107.3725 meV/A, RMSE_dip_per_atom=0.6908 meA, RMSE_rho=0.2189 me/A^3
2026-10-08 04:08:36.755 INFO: 50-step electronic residual maximum: 0.049189
2026-10-08 04:08:36.763 INFO: Optimizer epoch 220: lr=[0.001, 0.001, 0.001, 0.001, 0.001, 0.001, 0.001, 0.001, 0.001], mean gradient norm=5.9932, clipped=3/141
2026-10-08 04:08:36.763 INFO: Epoch timing: train=88.103s, validation=27.561s, updates=141, train/update=0.62484s, peak allocated=12632.2 MiB, backbone=CuEq
2026-10-08 04:08:36.763 INFO: Optimization budget: graphs=1125/1125, updates=141, mean retained gradient=0.99822, min retained gradient=0.85685
2026-10-08 04:08:36.763 INFO: Optimizer time scales {"updates_per_epoch": 141, "groups": [{"name": "embedding", "lr": 0.001, "parameter_update_range": [31161.0, 31161.0], "moment_memory_epochs": [0.07092198581560286, 7.092198581560277], "AdamW_decay_only_retention_per_epoch": 1.0}, {"name": "interactions_decay", "lr": 0.001, "parameter_update_range": [31161.0, 31161.0], "moment_memory_epochs": [0.07092198581560286, 7.092198581560277], "AdamW_decay_only_retention_per_epoch": 0.9998590098695387}, {"name": "interactions_no_decay", "lr": 0.001, "parameter_update_range": [31161.0, 31161.0], "moment_memory_epochs": [0.07092198581560286, 7.092198581560277], "AdamW_decay_only_retention_per_epoch": 1.0}, {"name": "products", "lr": 0.001, "parameter_update_range": [31161.0, 31161.0], "moment_memory_epochs": [0.07092198581560286, 7.092198581560277], "AdamW_decay_only_retention_per_epoch": 0.9998590098695387}, {"name": "readouts", "lr": 0.001, "parameter_update_range": [31161.0, 31161.0], "moment_memory_epochs": [0.07092198581560286, 7.092198581560277], "AdamW_decay_only_retention_per_epoch": 1.0}, {"name": "lr_source_maps", "lr": 0.001, "parameter_update_range": [31161.0, 31161.0], "moment_memory_epochs": [0.07092198581560286, 7.092198581560277], "AdamW_decay_only_retention_per_epoch": 1.0}, {"name": "field_dependent_charges_map", "lr": 0.001, "parameter_update_range": [31161.0, 31161.0], "moment_memory_epochs": [0.07092198581560286, 7.092198581560277], "AdamW_decay_only_retention_per_epoch": 0.9985909865428542}, {"name": "electronic_references", "lr": 0.001, "parameter_update_range": [31161.0, 31161.0], "moment_memory_epochs": [0.07092198581560286, 7.092198581560277], "AdamW_decay_only_retention_per_epoch": 1.0}, {"name": "layer_feature_mixer", "lr": 0.001, "parameter_update_range": [31161.0, 31161.0], "moment_memory_epochs": [0.07092198581560286, 7.092198581560277], "AdamW_decay_only_retention_per_epoch": 0.9998590098695387}], "EMA_asymptotic_memory_epochs": 0.7092198581560277}
2026-10-08 04:08:36.763 INFO: Batching: optimizer graphs=8, device graphs<=8; one clipping/Adam/EMA update per optimizer batch
2026-10-08 04:08:36.763 INFO: 50-step finite-budget validation residual 0.049189 exceeds equilibrium tolerance 1e-06; metrics describe the exported finite trajectory, not a converged root
2026-10-08 04:16:24.792 INFO: Full validation audit {"graphs": 279, "index_convention": "supplied loader order, zero based", "force_rmse_by_element_column_eV_A": {"0": 0.10476924411610009, "1": 0.2533556691710623, "2": 0.10085441576434835, "3": 0.09520975114543159, "4": 0.09907582306425544}, "force_target_rms_by_element_column_eV_A": {"0": 0.6667205065800093, "1": 1.485388937044054, "2": 0.6623370749424797, "3": 0.6101502819784279, "4": 0.42143582945433244}, "force_rmse_over_target_rms_by_element_column": {"0": 0.15714117547324508, "1": 0.17056520541700265, "2": 0.1522705274698793, "3": 0.15604311586435976, "4": 0.2350911245314311}, "density_observers": {"density_RMSE_e_A3": 0.00021915921296671208, "farfield_RMSE_e_A3": 6.52041254207243e-05, "scope": "Different Gaussian resolutions of the same error; smaller farfield RMSE is not an accuracy gain."}, "largest_force_errors": [{"index": 250, "atoms": 179, "composition": [13, 8, 56, 54, 48], "charge": -0.0, "force_rmse": 0.31290084657669476}, {"index": 152, "atoms": 342, "composition": [17, 13, 149, 150, 13], "charge": -0.0, "force_rmse": 0.21844662716783653}, {"index": 145, "atoms": 346, "composition": [25, 5, 153, 150, 13], "charge": -0.0, "force_rmse": 0.2075214707086}, {"index": 169, "atoms": 347, "composition": [12, 8, 164, 150, 13], "charge": -0.0, "force_rmse": 0.19609292879697854}, {"index": 231, "atoms": 181, "composition": [12, 10, 57, 54, 48], "charge": -0.0, "force_rmse": 0.18825833511606627}, {"index": 186, "atoms": 348, "composition": [14, 17, 154, 150, 13], "charge": -0.0, "force_rmse": 0.18559859071446774}, {"index": 214, "atoms": 328, "composition": [16, 11, 138, 150, 13], "charge": -0.0, "force_rmse": 0.17474280234168216}, {"index": 225, "atoms": 169, "composition": [3, 6, 58, 54, 48], "charge": -0.0, "force_rmse": 0.17109884706405792}], "atomic_numbers": [1, 6, 8, 25, 45]}
2026-10-08 04:16:24.838 INFO: Epoch 225: loss=6.35499, RMSE_E_per_atom=4.7252 meV, RMSE_F=107.3436 meV/A, RMSE_dip_per_atom=0.6861 meA, RMSE_rho=0.2192 me/A^3
2026-10-08 04:16:24.838 INFO: 50-step electronic residual maximum: 0.011675
2026-10-08 04:16:24.845 INFO: Optimizer epoch 225: lr=[0.001, 0.001, 0.001, 0.001, 0.001, 0.001, 0.001, 0.001, 0.001], mean gradient norm=6.3726, clipped=5/141
2026-10-08 04:16:24.845 INFO: Epoch timing: train=87.948s, validation=27.722s, updates=141, train/update=0.62374s, peak allocated=12480.7 MiB, backbone=CuEq
2026-10-08 04:16:24.845 INFO: Optimization budget: graphs=1125/1125, updates=141, mean retained gradient=0.99598, min retained gradient=0.73035
2026-10-08 04:16:24.845 INFO: Optimizer time scales {"updates_per_epoch": 141, "groups": [{"name": "embedding", "lr": 0.001, "parameter_update_range": [31866.0, 31866.0], "moment_memory_epochs": [0.07092198581560286, 7.092198581560277], "AdamW_decay_only_retention_per_epoch": 1.0}, {"name": "interactions_decay", "lr": 0.001, "parameter_update_range": [31866.0, 31866.0], "moment_memory_epochs": [0.07092198581560286, 7.092198581560277], "AdamW_decay_only_retention_per_epoch": 0.9998590098695387}, {"name": "interactions_no_decay", "lr": 0.001, "parameter_update_range": [31866.0, 31866.0], "moment_memory_epochs": [0.07092198581560286, 7.092198581560277], "AdamW_decay_only_retention_per_epoch": 1.0}, {"name": "products", "lr": 0.001, "parameter_update_range": [31866.0, 31866.0], "moment_memory_epochs": [0.07092198581560286, 7.092198581560277], "AdamW_decay_only_retention_per_epoch": 0.9998590098695387}, {"name": "readouts", "lr": 0.001, "parameter_update_range": [31866.0, 31866.0], "moment_memory_epochs": [0.07092198581560286, 7.092198581560277], "AdamW_decay_only_retention_per_epoch": 1.0}, {"name": "lr_source_maps", "lr": 0.001, "parameter_update_range": [31866.0, 31866.0], "moment_memory_epochs": [0.07092198581560286, 7.092198581560277], "AdamW_decay_only_retention_per_epoch": 1.0}, {"name": "field_dependent_charges_map", "lr": 0.001, "parameter_update_range": [31866.0, 31866.0], "moment_memory_epochs": [0.07092198581560286, 7.092198581560277], "AdamW_decay_only_retention_per_epoch": 0.9985909865428542}, {"name": "electronic_references", "lr": 0.001, "parameter_update_range": [31866.0, 31866.0], "moment_memory_epochs": [0.07092198581560286, 7.092198581560277], "AdamW_decay_only_retention_per_epoch": 1.0}, {"name": "layer_feature_mixer", "lr": 0.001, "parameter_update_range": [31866.0, 31866.0], "moment_memory_epochs": [0.07092198581560286, 7.092198581560277], "AdamW_decay_only_retention_per_epoch": 0.9998590098695387}], "EMA_asymptotic_memory_epochs": 0.7092198581560277}
2026-10-08 04:16:24.845 INFO: Batching: optimizer graphs=8, device graphs<=8; one clipping/Adam/EMA update per optimizer batch
2026-10-08 04:16:24.845 INFO: 50-step finite-budget validation residual 0.011675 exceeds equilibrium tolerance 1e-06; metrics describe the exported finite trajectory, not a converged root
2026-10-08 04:24:12.230 INFO: Full validation audit {"graphs": 279, "index_convention": "supplied loader order, zero based", "force_rmse_by_element_column_eV_A": {"0": 0.1050999939307134, "1": 0.2543836218793304, "2": 0.10075331641209564, "3": 0.09500531723913165, "4": 0.09882408821605482}, "force_target_rms_by_element_column_eV_A": {"0": 0.6667205065800093, "1": 1.485388937044054, "2": 0.6623370749424797, "3": 0.6101502819784279, "4": 0.42143582945433244}, "force_rmse_over_target_rms_by_element_column": {"0": 0.1576372601314325, "1": 0.17125724820972316, "2": 0.15211788713601077, "3": 0.155708060858506, "4": 0.2344937978909161}, "density_observers": {"density_RMSE_e_A3": 0.0002190736428146944, "farfield_RMSE_e_A3": 6.51819814564014e-05, "scope": "Different Gaussian resolutions of the same error; smaller farfield RMSE is not an accuracy gain."}, "largest_force_errors": [{"index": 250, "atoms": 179, "composition": [13, 8, 56, 54, 48], "charge": -0.0, "force_rmse": 0.313924030363577}, {"index": 152, "atoms": 342, "composition": [17, 13, 149, 150, 13], "charge": -0.0, "force_rmse": 0.21870367857221923}, {"index": 145, "atoms": 346, "composition": [25, 5, 153, 150, 13], "charge": -0.0, "force_rmse": 0.20733346293342467}, {"index": 169, "atoms": 347, "composition": [12, 8, 164, 150, 13], "charge": -0.0, "force_rmse": 0.190252037283151}, {"index": 231, "atoms": 181, "composition": [12, 10, 57, 54, 48], "charge": -0.0, "force_rmse": 0.1889947169585205}, {"index": 186, "atoms": 348, "composition": [14, 17, 154, 150, 13], "charge": -0.0, "force_rmse": 0.1855487218250183}, {"index": 214, "atoms": 328, "composition": [16, 11, 138, 150, 13], "charge": -0.0, "force_rmse": 0.1749124525576332}, {"index": 225, "atoms": 169, "composition": [3, 6, 58, 54, 48], "charge": -0.0, "force_rmse": 0.1718206472307911}], "atomic_numbers": [1, 6, 8, 25, 45]}
2026-10-08 04:24:12.253 INFO: Epoch 230: loss=6.35172, RMSE_E_per_atom=4.7089 meV, RMSE_F=107.2726 meV/A, RMSE_dip_per_atom=0.6873 meA, RMSE_rho=0.2191 me/A^3
2026-10-08 04:24:12.253 INFO: 50-step electronic residual maximum: 0.011793
2026-10-08 04:24:12.260 INFO: Optimizer epoch 230: lr=[0.001, 0.001, 0.001, 0.001, 0.001, 0.001, 0.001, 0.001, 0.001], mean gradient norm=6.6982, clipped=18/141
2026-10-08 04:24:12.260 INFO: Epoch timing: train=87.973s, validation=27.710s, updates=141, train/update=0.62392s, peak allocated=12128.6 MiB, backbone=CuEq
2026-10-08 04:24:12.260 INFO: Optimization budget: graphs=1125/1125, updates=141, mean retained gradient=0.98204, min retained gradient=0.54621
2026-10-08 04:24:12.260 INFO: Optimizer time scales {"updates_per_epoch": 141, "groups": [{"name": "embedding", "lr": 0.001, "parameter_update_range": [32571.0, 32571.0], "moment_memory_epochs": [0.07092198581560286, 7.092198581560277], "AdamW_decay_only_retention_per_epoch": 1.0}, {"name": "interactions_decay", "lr": 0.001, "parameter_update_range": [32571.0, 32571.0], "moment_memory_epochs": [0.07092198581560286, 7.092198581560277], "AdamW_decay_only_retention_per_epoch": 0.9998590098695387}, {"name": "interactions_no_decay", "lr": 0.001, "parameter_update_range": [32571.0, 32571.0], "moment_memory_epochs": [0.07092198581560286, 7.092198581560277], "AdamW_decay_only_retention_per_epoch": 1.0}, {"name": "products", "lr": 0.001, "parameter_update_range": [32571.0, 32571.0], "moment_memory_epochs": [0.07092198581560286, 7.092198581560277], "AdamW_decay_only_retention_per_epoch": 0.9998590098695387}, {"name": "readouts", "lr": 0.001, "parameter_update_range": [32571.0, 32571.0], "moment_memory_epochs": [0.07092198581560286, 7.092198581560277], "AdamW_decay_only_retention_per_epoch": 1.0}, {"name": "lr_source_maps", "lr": 0.001, "parameter_update_range": [32571.0, 32571.0], "moment_memory_epochs": [0.07092198581560286, 7.092198581560277], "AdamW_decay_only_retention_per_epoch": 1.0}, {"name": "field_dependent_charges_map", "lr": 0.001, "parameter_update_range": [32571.0, 32571.0], "moment_memory_epochs": [0.07092198581560286, 7.092198581560277], "AdamW_decay_only_retention_per_epoch": 0.9985909865428542}, {"name": "electronic_references", "lr": 0.001, "parameter_update_range": [32571.0, 32571.0], "moment_memory_epochs": [0.07092198581560286, 7.092198581560277], "AdamW_decay_only_retention_per_epoch": 1.0}, {"name": "layer_feature_mixer", "lr": 0.001, "parameter_update_range": [32571.0, 32571.0], "moment_memory_epochs": [0.07092198581560286, 7.092198581560277], "AdamW_decay_only_retention_per_epoch": 0.9998590098695387}], "EMA_asymptotic_memory_epochs": 0.7092198581560277}
2026-10-08 04:24:12.260 INFO: Batching: optimizer graphs=8, device graphs<=8; one clipping/Adam/EMA update per optimizer batch
2026-10-08 04:24:12.260 INFO: 50-step finite-budget validation residual 0.011793 exceeds equilibrium tolerance 1e-06; metrics describe the exported finite trajectory, not a converged root
2026-10-08 04:31:58.353 INFO: Full validation audit {"graphs": 279, "index_convention": "supplied loader order, zero based", "force_rmse_by_element_column_eV_A": {"0": 0.10481853034474514, "1": 0.25292275556863497, "2": 0.10055782250039755, "3": 0.09494241067960717, "4": 0.0986780129942447}, "force_target_rms_by_element_column_eV_A": {"0": 0.6667205065800093, "1": 1.485388937044054, "2": 0.6623370749424797, "3": 0.6101502819784279, "4": 0.42143582945433244}, "force_rmse_over_target_rms_by_element_column": {"0": 0.1572150988461707, "1": 0.17027375743887996, "2": 0.1518227293997251, "3": 0.15560496075123323, "4": 0.23414718469004214}, "density_observers": {"density_RMSE_e_A3": 0.00021883272767590358, "farfield_RMSE_e_A3": 6.570669344756715e-05, "scope": "Different Gaussian resolutions of the same error; smaller farfield RMSE is not an accuracy gain."}, "largest_force_errors": [{"index": 250, "atoms": 179, "composition": [13, 8, 56, 54, 48], "charge": -0.0, "force_rmse": 0.3138875989457044}, {"index": 152, "atoms": 342, "composition": [17, 13, 149, 150, 13], "charge": -0.0, "force_rmse": 0.21808976643413236}, {"index": 145, "atoms": 346, "composition": [25, 5, 153, 150, 13], "charge": -0.0, "force_rmse": 0.20721695687415911}, {"index": 231, "atoms": 181, "composition": [12, 10, 57, 54, 48], "charge": -0.0, "force_rmse": 0.18822860255773852}, {"index": 169, "atoms": 347, "composition": [12, 8, 164, 150, 13], "charge": -0.0, "force_rmse": 0.18506587179059025}, {"index": 186, "atoms": 348, "composition": [14, 17, 154, 150, 13], "charge": -0.0, "force_rmse": 0.18256343135240402}, {"index": 214, "atoms": 328, "composition": [16, 11, 138, 150, 13], "charge": -0.0, "force_rmse": 0.17486343148433195}, {"index": 225, "atoms": 169, "composition": [3, 6, 58, 54, 48], "charge": -0.0, "force_rmse": 0.1709683960711073}], "atomic_numbers": [1, 6, 8, 25, 45]}
2026-10-08 04:31:58.384 INFO: Epoch 235: loss=6.32091, RMSE_E_per_atom=4.7008 meV, RMSE_F=107.0318 meV/A, RMSE_dip_per_atom=0.6892 meA, RMSE_rho=0.2188 me/A^3
2026-10-08 04:31:58.384 INFO: 50-step electronic residual maximum: 0.023226
2026-10-08 04:31:58.391 INFO: Optimizer epoch 235: lr=[0.001, 0.001, 0.001, 0.001, 0.001, 0.001, 0.001, 0.001, 0.001], mean gradient norm=7.1193, clipped=14/141
2026-10-08 04:31:58.391 INFO: Epoch timing: train=86.629s, validation=27.342s, updates=141, train/update=0.61439s, peak allocated=12565.9 MiB, backbone=CuEq
2026-10-08 04:31:58.391 INFO: Optimization budget: graphs=1125/1125, updates=141, mean retained gradient=0.98348, min retained gradient=0.62507
2026-10-08 04:31:58.391 INFO: Optimizer time scales {"updates_per_epoch": 141, "groups": [{"name": "embedding", "lr": 0.001, "parameter_update_range": [33276.0, 33276.0], "moment_memory_epochs": [0.07092198581560286, 7.092198581560277], "AdamW_decay_only_retention_per_epoch": 1.0}, {"name": "interactions_decay", "lr": 0.001, "parameter_update_range": [33276.0, 33276.0], "moment_memory_epochs": [0.07092198581560286, 7.092198581560277], "AdamW_decay_only_retention_per_epoch": 0.9998590098695387}, {"name": "interactions_no_decay", "lr": 0.001, "parameter_update_range": [33276.0, 33276.0], "moment_memory_epochs": [0.07092198581560286, 7.092198581560277], "AdamW_decay_only_retention_per_epoch": 1.0}, {"name": "products", "lr": 0.001, "parameter_update_range": [33276.0, 33276.0], "moment_memory_epochs": [0.07092198581560286, 7.092198581560277], "AdamW_decay_only_retention_per_epoch": 0.9998590098695387}, {"name": "readouts", "lr": 0.001, "parameter_update_range": [33276.0, 33276.0], "moment_memory_epochs": [0.07092198581560286, 7.092198581560277], "AdamW_decay_only_retention_per_epoch": 1.0}, {"name": "lr_source_maps", "lr": 0.001, "parameter_update_range": [33276.0, 33276.0], "moment_memory_epochs": [0.07092198581560286, 7.092198581560277], "AdamW_decay_only_retention_per_epoch": 1.0}, {"name": "field_dependent_charges_map", "lr": 0.001, "parameter_update_range": [33276.0, 33276.0], "moment_memory_epochs": [0.07092198581560286, 7.092198581560277], "AdamW_decay_only_retention_per_epoch": 0.9985909865428542}, {"name": "electronic_references", "lr": 0.001, "parameter_update_range": [33276.0, 33276.0], "moment_memory_epochs": [0.07092198581560286, 7.092198581560277], "AdamW_decay_only_retention_per_epoch": 1.0}, {"name": "layer_feature_mixer", "lr": 0.001, "parameter_update_range": [33276.0, 33276.0], "moment_memory_epochs": [0.07092198581560286, 7.092198581560277], "AdamW_decay_only_retention_per_epoch": 0.9998590098695387}], "EMA_asymptotic_memory_epochs": 0.7092198581560277}
2026-10-08 04:31:58.391 INFO: Batching: optimizer graphs=8, device graphs<=8; one clipping/Adam/EMA update per optimizer batch
2026-10-08 04:31:58.391 INFO: 50-step finite-budget validation residual 0.023226 exceeds equilibrium tolerance 1e-06; metrics describe the exported finite trajectory, not a converged root
2026-10-08 04:39:45.114 INFO: Full validation audit {"graphs": 279, "index_convention": "supplied loader order, zero based", "force_rmse_by_element_column_eV_A": {"0": 0.10491994976194895, "1": 0.2536906785772512, "2": 0.100495876930329, "3": 0.09485365831902814, "4": 0.09868875572673055}, "force_target_rms_by_element_column_eV_A": {"0": 0.6667205065800093, "1": 1.485388937044054, "2": 0.6623370749424797, "3": 0.6101502819784279, "4": 0.42143582945433244}, "force_rmse_over_target_rms_by_element_column": {"0": 0.15736721568704007, "1": 0.17079074190635848, "2": 0.15172920365216835, "3": 0.15545950091420546, "4": 0.23417267548065618}, "density_observers": {"density_RMSE_e_A3": 0.00021865405143845613, "farfield_RMSE_e_A3": 6.45381359302817e-05, "scope": "Different Gaussian resolutions of the same error; smaller farfield RMSE is not an accuracy gain."}, "largest_force_errors": [{"index": 250, "atoms": 179, "composition": [13, 8, 56, 54, 48], "charge": -0.0, "force_rmse": 0.31854190065859705}, {"index": 152, "atoms": 342, "composition": [17, 13, 149, 150, 13], "charge": -0.0, "force_rmse": 0.21820264667361353}, {"index": 145, "atoms": 346, "composition": [25, 5, 153, 150, 13], "charge": -0.0, "force_rmse": 0.20659361400443646}, {"index": 169, "atoms": 347, "composition": [12, 8, 164, 150, 13], "charge": -0.0, "force_rmse": 0.1904475882381945}, {"index": 231, "atoms": 181, "composition": [12, 10, 57, 54, 48], "charge": -0.0, "force_rmse": 0.18941205333801175}, {"index": 186, "atoms": 348, "composition": [14, 17, 154, 150, 13], "charge": -0.0, "force_rmse": 0.1830681136752929}, {"index": 214, "atoms": 328, "composition": [16, 11, 138, 150, 13], "charge": -0.0, "force_rmse": 0.17489456985300506}, {"index": 225, "atoms": 169, "composition": [3, 6, 58, 54, 48], "charge": -0.0, "force_rmse": 0.17165212701519889}], "atomic_numbers": [1, 6, 8, 25, 45]}
2026-10-08 04:39:45.141 INFO: Epoch 240: loss=6.32186, RMSE_E_per_atom=4.6868 meV, RMSE_F=107.0601 meV/A, RMSE_dip_per_atom=0.6843 meA, RMSE_rho=0.2187 me/A^3
2026-10-08 04:39:45.141 INFO: 50-step electronic residual maximum: 0.056739
2026-10-08 04:39:45.147 INFO: Optimizer epoch 240: lr=[0.001, 0.001, 0.001, 0.001, 0.001, 0.001, 0.001, 0.001, 0.001], mean gradient norm=6.1018, clipped=9/141
2026-10-08 04:39:45.148 INFO: Epoch timing: train=87.797s, validation=27.675s, updates=141, train/update=0.62268s, peak allocated=12269.3 MiB, backbone=CuEq
2026-10-08 04:39:45.148 INFO: Optimization budget: graphs=1125/1125, updates=141, mean retained gradient=0.99393, min retained gradient=0.739
2026-10-08 04:39:45.148 INFO: Optimizer time scales {"updates_per_epoch": 141, "groups": [{"name": "embedding", "lr": 0.001, "parameter_update_range": [33981.0, 33981.0], "moment_memory_epochs": [0.07092198581560286, 7.092198581560277], "AdamW_decay_only_retention_per_epoch": 1.0}, {"name": "interactions_decay", "lr": 0.001, "parameter_update_range": [33981.0, 33981.0], "moment_memory_epochs": [0.07092198581560286, 7.092198581560277], "AdamW_decay_only_retention_per_epoch": 0.9998590098695387}, {"name": "interactions_no_decay", "lr": 0.001, "parameter_update_range": [33981.0, 33981.0], "moment_memory_epochs": [0.07092198581560286, 7.092198581560277], "AdamW_decay_only_retention_per_epoch": 1.0}, {"name": "products", "lr": 0.001, "parameter_update_range": [33981.0, 33981.0], "moment_memory_epochs": [0.07092198581560286, 7.092198581560277], "AdamW_decay_only_retention_per_epoch": 0.9998590098695387}, {"name": "readouts", "lr": 0.001, "parameter_update_range": [33981.0, 33981.0], "moment_memory_epochs": [0.07092198581560286, 7.092198581560277], "AdamW_decay_only_retention_per_epoch": 1.0}, {"name": "lr_source_maps", "lr": 0.001, "parameter_update_range": [33981.0, 33981.0], "moment_memory_epochs": [0.07092198581560286, 7.092198581560277], "AdamW_decay_only_retention_per_epoch": 1.0}, {"name": "field_dependent_charges_map", "lr": 0.001, "parameter_update_range": [33981.0, 33981.0], "moment_memory_epochs": [0.07092198581560286, 7.092198581560277], "AdamW_decay_only_retention_per_epoch": 0.9985909865428542}, {"name": "electronic_references", "lr": 0.001, "parameter_update_range": [33981.0, 33981.0], "moment_memory_epochs": [0.07092198581560286, 7.092198581560277], "AdamW_decay_only_retention_per_epoch": 1.0}, {"name": "layer_feature_mixer", "lr": 0.001, "parameter_update_range": [33981.0, 33981.0], "moment_memory_epochs": [0.07092198581560286, 7.092198581560277], "AdamW_decay_only_retention_per_epoch": 0.9998590098695387}], "EMA_asymptotic_memory_epochs": 0.7092198581560277}
2026-10-08 04:39:45.148 INFO: Batching: optimizer graphs=8, device graphs<=8; one clipping/Adam/EMA update per optimizer batch
2026-10-08 04:39:45.148 INFO: 50-step finite-budget validation residual 0.056739 exceeds equilibrium tolerance 1e-06; metrics describe the exported finite trajectory, not a converged root
2026-10-08 04:47:32.526 INFO: Full validation audit {"graphs": 279, "index_convention": "supplied loader order, zero based", "force_rmse_by_element_column_eV_A": {"0": 0.10506299756583092, "1": 0.25311316352880653, "2": 0.10031385205994643, "3": 0.09482214858765742, "4": 0.09842989007830591}, "force_target_rms_by_element_column_eV_A": {"0": 0.6667205065800093, "1": 1.485388937044054, "2": 0.6623370749424797, "3": 0.6101502819784279, "4": 0.42143582945433244}, "force_rmse_over_target_rms_by_element_column": {"0": 0.15758177006547933, "1": 0.17040194471389122, "2": 0.15145438154531532, "3": 0.1554078583397424, "4": 0.2335584285886446}, "density_observers": {"density_RMSE_e_A3": 0.00021808327388787133, "farfield_RMSE_e_A3": 6.474873691623991e-05, "scope": "Different Gaussian resolutions of the same error; smaller farfield RMSE is not an accuracy gain."}, "largest_force_errors": [{"index": 250, "atoms": 179, "composition": [13, 8, 56, 54, 48], "charge": -0.0, "force_rmse": 0.3175983482988737}, {"index": 152, "atoms": 342, "composition": [17, 13, 149, 150, 13], "charge": -0.0, "force_rmse": 0.21744096315278635}, {"index": 145, "atoms": 346, "composition": [25, 5, 153, 150, 13], "charge": -0.0, "force_rmse": 0.20782052718930344}, {"index": 231, "atoms": 181, "composition": [12, 10, 57, 54, 48], "charge": -0.0, "force_rmse": 0.18884095534793627}, {"index": 186, "atoms": 348, "composition": [14, 17, 154, 150, 13], "charge": -0.0, "force_rmse": 0.1878218089521401}, {"index": 169, "atoms": 347, "composition": [12, 8, 164, 150, 13], "charge": -0.0, "force_rmse": 0.18081407451126205}, {"index": 214, "atoms": 328, "composition": [16, 11, 138, 150, 13], "charge": -0.0, "force_rmse": 0.17434202295089452}, {"index": 225, "atoms": 169, "composition": [3, 6, 58, 54, 48], "charge": -0.0, "force_rmse": 0.1716528003260371}], "atomic_numbers": [1, 6, 8, 25, 45]}
2026-10-08 04:47:32.556 INFO: Epoch 245: loss=6.30355, RMSE_E_per_atom=4.6854 meV, RMSE_F=106.8755 meV/A, RMSE_dip_per_atom=0.6840 meA, RMSE_rho=0.2181 me/A^3
2026-10-08 04:47:32.556 INFO: 50-step electronic residual maximum: 0.047185
2026-10-08 04:47:32.563 INFO: Optimizer epoch 245: lr=[0.001, 0.001, 0.001, 0.001, 0.001, 0.001, 0.001, 0.001, 0.001], mean gradient norm=5.7985, clipped=2/141
2026-10-08 04:47:32.563 INFO: Epoch timing: train=87.922s, validation=27.478s, updates=141, train/update=0.62356s, peak allocated=12358.6 MiB, backbone=CuEq
2026-10-08 04:47:32.563 INFO: Optimization budget: graphs=1125/1125, updates=141, mean retained gradient=0.99867, min retained gradient=0.87584
2026-10-08 04:47:32.563 INFO: Optimizer time scales {"updates_per_epoch": 141, "groups": [{"name": "embedding", "lr": 0.001, "parameter_update_range": [34686.0, 34686.0], "moment_memory_epochs": [0.07092198581560286, 7.092198581560277], "AdamW_decay_only_retention_per_epoch": 1.0}, {"name": "interactions_decay", "lr": 0.001, "parameter_update_range": [34686.0, 34686.0], "moment_memory_epochs": [0.07092198581560286, 7.092198581560277], "AdamW_decay_only_retention_per_epoch": 0.9998590098695387}, {"name": "interactions_no_decay", "lr": 0.001, "parameter_update_range": [34686.0, 34686.0], "moment_memory_epochs": [0.07092198581560286, 7.092198581560277], "AdamW_decay_only_retention_per_epoch": 1.0}, {"name": "products", "lr": 0.001, "parameter_update_range": [34686.0, 34686.0], "moment_memory_epochs": [0.07092198581560286, 7.092198581560277], "AdamW_decay_only_retention_per_epoch": 0.9998590098695387}, {"name": "readouts", "lr": 0.001, "parameter_update_range": [34686.0, 34686.0], "moment_memory_epochs": [0.07092198581560286, 7.092198581560277], "AdamW_decay_only_retention_per_epoch": 1.0}, {"name": "lr_source_maps", "lr": 0.001, "parameter_update_range": [34686.0, 34686.0], "moment_memory_epochs": [0.07092198581560286, 7.092198581560277], "AdamW_decay_only_retention_per_epoch": 1.0}, {"name": "field_dependent_charges_map", "lr": 0.001, "parameter_update_range": [34686.0, 34686.0], "moment_memory_epochs": [0.07092198581560286, 7.092198581560277], "AdamW_decay_only_retention_per_epoch": 0.9985909865428542}, {"name": "electronic_references", "lr": 0.001, "parameter_update_range": [34686.0, 34686.0], "moment_memory_epochs": [0.07092198581560286, 7.092198581560277], "AdamW_decay_only_retention_per_epoch": 1.0}, {"name": "layer_feature_mixer", "lr": 0.001, "parameter_update_range": [34686.0, 34686.0], "moment_memory_epochs": [0.07092198581560286, 7.092198581560277], "AdamW_decay_only_retention_per_epoch": 0.9998590098695387}], "EMA_asymptotic_memory_epochs": 0.7092198581560277}
2026-10-08 04:47:32.563 INFO: Batching: optimizer graphs=8, device graphs<=8; one clipping/Adam/EMA update per optimizer batch
2026-10-08 04:47:32.563 INFO: 50-step finite-budget validation residual 0.047185 exceeds equilibrium tolerance 1e-06; metrics describe the exported finite trajectory, not a converged root
2026-10-08 04:55:19.705 INFO: Full validation audit {"graphs": 279, "index_convention": "supplied loader order, zero based", "force_rmse_by_element_column_eV_A": {"0": 0.10481201300229308, "1": 0.25307301310583163, "2": 0.10010149795653978, "3": 0.09476796490342593, "4": 0.09853639433136141}, "force_target_rms_by_element_column_eV_A": {"0": 0.6667205065800093, "1": 1.485388937044054, "2": 0.6623370749424797, "3": 0.6101502819784279, "4": 0.42143582945433244}, "force_rmse_over_target_rms_by_element_column": {"0": 0.1572053236219384, "1": 0.170374914471526, "2": 0.15113376820289431, "3": 0.15531905450594627, "4": 0.2338111461926352}, "density_observers": {"density_RMSE_e_A3": 0.00021908309221806596, "farfield_RMSE_e_A3": 6.469690569552672e-05, "scope": "Different Gaussian resolutions of the same error; smaller farfield RMSE is not an accuracy gain."}, "largest_force_errors": [{"index": 250, "atoms": 179, "composition": [13, 8, 56, 54, 48], "charge": -0.0, "force_rmse": 0.31446620644518813}, {"index": 152, "atoms": 342, "composition": [17, 13, 149, 150, 13], "charge": -0.0, "force_rmse": 0.21726247197813126}, {"index": 145, "atoms": 346, "composition": [25, 5, 153, 150, 13], "charge": -0.0, "force_rmse": 0.20602918390763297}, {"index": 169, "atoms": 347, "composition": [12, 8, 164, 150, 13], "charge": -0.0, "force_rmse": 0.18935404446331533}, {"index": 231, "atoms": 181, "composition": [12, 10, 57, 54, 48], "charge": -0.0, "force_rmse": 0.18841665769461327}, {"index": 186, "atoms": 348, "composition": [14, 17, 154, 150, 13], "charge": -0.0, "force_rmse": 0.18839270432282848}, {"index": 214, "atoms": 328, "composition": [16, 11, 138, 150, 13], "charge": -0.0, "force_rmse": 0.1753257376112036}, {"index": 225, "atoms": 169, "composition": [3, 6, 58, 54, 48], "charge": -0.0, "force_rmse": 0.17413828459059333}], "atomic_numbers": [1, 6, 8, 25, 45]}
2026-10-08 04:55:19.728 INFO: Epoch 250: loss=6.29967, RMSE_E_per_atom=4.6276 meV, RMSE_F=106.8284 meV/A, RMSE_dip_per_atom=0.6813 meA, RMSE_rho=0.2191 me/A^3
2026-10-08 04:55:19.728 INFO: 50-step electronic residual maximum: 0.072422
2026-10-08 04:55:19.734 INFO: Optimizer epoch 250: lr=[0.001, 0.001, 0.001, 0.001, 0.001, 0.001, 0.001, 0.001, 0.001], mean gradient norm=6.1217, clipped=6/141
2026-10-08 04:55:19.735 INFO: Epoch timing: train=87.997s, validation=27.679s, updates=141, train/update=0.62409s, peak allocated=12314.9 MiB, backbone=CuEq
2026-10-08 04:55:19.735 INFO: Optimization budget: graphs=1125/1125, updates=141, mean retained gradient=0.99454, min retained gradient=0.62865
2026-10-08 04:55:19.735 INFO: Optimizer time scales {"updates_per_epoch": 141, "groups": [{"name": "embedding", "lr": 0.001, "parameter_update_range": [35391.0, 35391.0], "moment_memory_epochs": [0.07092198581560286, 7.092198581560277], "AdamW_decay_only_retention_per_epoch": 1.0}, {"name": "interactions_decay", "lr": 0.001, "parameter_update_range": [35391.0, 35391.0], "moment_memory_epochs": [0.07092198581560286, 7.092198581560277], "AdamW_decay_only_retention_per_epoch": 0.9998590098695387}, {"name": "interactions_no_decay", "lr": 0.001, "parameter_update_range": [35391.0, 35391.0], "moment_memory_epochs": [0.07092198581560286, 7.092198581560277], "AdamW_decay_only_retention_per_epoch": 1.0}, {"name": "products", "lr": 0.001, "parameter_update_range": [35391.0, 35391.0], "moment_memory_epochs": [0.07092198581560286, 7.092198581560277], "AdamW_decay_only_retention_per_epoch": 0.9998590098695387}, {"name": "readouts", "lr": 0.001, "parameter_update_range": [35391.0, 35391.0], "moment_memory_epochs": [0.07092198581560286, 7.092198581560277], "AdamW_decay_only_retention_per_epoch": 1.0}, {"name": "lr_source_maps", "lr": 0.001, "parameter_update_range": [35391.0, 35391.0], "moment_memory_epochs": [0.07092198581560286, 7.092198581560277], "AdamW_decay_only_retention_per_epoch": 1.0}, {"name": "field_dependent_charges_map", "lr": 0.001, "parameter_update_range": [35391.0, 35391.0], "moment_memory_epochs": [0.07092198581560286, 7.092198581560277], "AdamW_decay_only_retention_per_epoch": 0.9985909865428542}, {"name": "electronic_references", "lr": 0.001, "parameter_update_range": [35391.0, 35391.0], "moment_memory_epochs": [0.07092198581560286, 7.092198581560277], "AdamW_decay_only_retention_per_epoch": 1.0}, {"name": "layer_feature_mixer", "lr": 0.001, "parameter_update_range": [35391.0, 35391.0], "moment_memory_epochs": [0.07092198581560286, 7.092198581560277], "AdamW_decay_only_retention_per_epoch": 0.9998590098695387}], "EMA_asymptotic_memory_epochs": 0.7092198581560277}
2026-10-08 04:55:19.735 INFO: Batching: optimizer graphs=8, device graphs<=8; one clipping/Adam/EMA update per optimizer batch
2026-10-08 04:55:19.735 INFO: 50-step finite-budget validation residual 0.072422 exceeds equilibrium tolerance 1e-06; metrics describe the exported finite trajectory, not a converged root
2026-10-08 04:57:10.580 INFO: Full training audit {"graphs": 1125, "index_convention": "supplied loader order, zero based", "force_rmse_by_element_column_eV_A": {"0": 0.0683476329028033, "1": 0.13408993109233167, "2": 0.07767078008605231, "3": 0.07816996578604599, "4": 0.08019749181716425}, "force_target_rms_by_element_column_eV_A": {"0": 0.6774065086832185, "1": 1.538190971915685, "2": 0.6998679669900058, "3": 0.6220774482464436, "4": 0.4134908179035577}, "force_rmse_over_target_rms_by_element_column": {"0": 0.10089603809042422, "1": 0.08717378631167895, "2": 0.11097919000365031, "3": 0.12565953967049773, "4": 0.19395229191248803}, "density_observers": {"density_RMSE_e_A3": 0.0002019847829476489, "farfield_RMSE_e_A3": 6.279281536092306e-05, "scope": "Different Gaussian resolutions of the same error; smaller farfield RMSE is not an accuracy gain."}, "largest_force_errors": [{"index": 797, "atoms": 350, "composition": [10, 20, 157, 150, 13], "charge": -0.0, "force_rmse": 0.1620789761257398}, {"index": 590, "atoms": 341, "composition": [12, 11, 155, 150, 13], "charge": -0.0, "force_rmse": 0.1278425232725485}, {"index": 807, "atoms": 350, "composition": [22, 14, 151, 150, 13], "charge": -0.0, "force_rmse": 0.11991938454326145}, {"index": 682, "atoms": 334, "composition": [12, 9, 150, 150, 13], "charge": -0.0, "force_rmse": 0.11959831355390996}, {"index": 740, "atoms": 333, "composition": [13, 7, 150, 150, 13], "charge": -0.0, "force_rmse": 0.11925351325137654}, {"index": 651, "atoms": 327, "composition": [13, 9, 142, 150, 13], "charge": -0.0, "force_rmse": 0.11653047977769063}, {"index": 1019, "atoms": 174, "composition": [7, 7, 58, 54, 48], "charge": -0.0, "force_rmse": 0.11648005064617836}, {"index": 684, "atoms": 315, "composition": [8, 7, 137, 150, 13], "charge": -0.0, "force_rmse": 0.11626733227272856}], "atomic_numbers": [1, 6, 8, 25, 45]}
2026-10-08 04:57:10.611 INFO: Full-split generalization {"epoch": 250, "training_graphs": 1125, "validation_graphs": 279, "train": {"rmse_e_per_atom": 0.0045613525529267646, "rmse_f": 0.08095827488835293, "rmse_mu_per_atom": 0.00024258984493392383, "rmse_rho": 0.0002019847829476489}, "validation": {"rmse_e_per_atom": 0.004627642078698219, "rmse_f": 0.1068283752907101, "rmse_mu_per_atom": 0.0006813316006873729, "rmse_rho": 0.00021908309221806596}, "weighted_training_objectives": {"energy_per_atom": 0.0020805937112091523, "forces": 3.277121136449059, "dipole": 0.010356828293340887, "fourier_density": 0.40797852542408825}, "weighted_validation_objectives": {"energy_per_atom": 0.0021415071208538386, "forces": 5.7061508836264, "dipole": 0.11140162977644547, "fourier_density": 0.479974012958296}, "seconds": 110.83391496099648, "scope": "Whole splits at the same EMA parameters and deployment step count; read-only, native units."}
2026-10-08 04:57:31.841 INFO: Electronic diagnostic {"train": {"graphs": 32, "charge_span": [-0.0, -0.0], "step_comparison": [[{"steps": 25, "WF_eV": 1.6265462443747638, "EF_eV": -0.7630920257924413, "residual": 0.003907141893208923}, {"steps": 50, "WF_eV": 1.625358990268186, "EF_eV": -0.7625536474076071, "residual": 4.493247744029143e-05}, {"steps": 100, "WF_eV": 1.6253706740548075, "EF_eV": -0.762558957750473, "residual": 5.383126847058328e-09}], [{"steps": 25, "WF_eV": 1.6211223967819888, "EF_eV": -0.6815819860307515, "residual": 0.003704542130565612}, {"steps": 50, "WF_eV": 1.6200729459353278, "EF_eV": -0.681208294552797, "residual": 6.214894741392828e-05}, {"steps": 100, "WF_eV": 1.6200834313062262, "EF_eV": -0.6812120722539943, "residual": 1.294738480837887e-08}]], "dEF_dQ_and_dWF_dQ_eV_per_e": [[-0.2982207226004119, 0.020425827257430917], [-0.35808304706227423, 0.026920854798351268]], "force_RMSE_by_atomic_number_eV_A": {"1": 0.07263827549317128, "8": 0.07042772588410973, "45": 0.08044191342490277, "6": 0.120192397103554, "25": 0.06870485017690606}, "force_RMSE_eV_A": 0.0761376264749664, "charge_response_identifiability": "Single-charge data do not determine capacitance; slopes above are predictions, not validation."}, "validation": {"graphs": 16, "charge_span": [-0.0, -0.0], "step_comparison": [[{"steps": 25, "WF_eV": 1.649891421793538, "EF_eV": -0.8949314684385815, "residual": 0.005117437328615636}, {"steps": 50, "WF_eV": 1.6480334137279433, "EF_eV": -0.8941917117412378, "residual": 6.99987277404399e-05}, {"steps": 100, "WF_eV": 1.6480548297321689, "EF_eV": -0.8942002757429196, "residual": 1.130445356333637e-08}], [{"steps": 25, "WF_eV": 1.6403316328956326, "EF_eV": -0.9605351674436524, "residual": 0.001302636125711465}, {"steps": 50, "WF_eV": 1.6400074632437853, "EF_eV": -0.960429197756947, "residual": 5.461585208334924e-06}, {"steps": 100, "WF_eV": 1.6400074550357662, "EF_eV": -0.9604291686947798, "residual": 1.6125793061982918e-09}]], "dEF_dQ_and_dWF_dQ_eV_per_e": [[-0.4639067717709888, 0.019448626845042227], [-0.3857477185436664, 0.017024533427545396]], "force_RMSE_by_atomic_number_eV_A": {"6": 0.2306058256701982, "8": 0.09834393203385991, "45": 0.09353419346098521, "1": 0.10766509493800389, "25": 0.09505564212750207}, "force_RMSE_eV_A": 0.10317622777361597, "charge_response_identifiability": "Single-charge data do not determine capacitance; slopes above are predictions, not validation."}, "epoch": 250, "response_weight_norms": {"vector_out.weight": 3.4006732946351224, "scalar_out.weight": 4.353828932439461, "state_scalar.weight": 4.865453867432466, "state_vector.weight": 3.4369609012796674, "neighbor_scalar.weight": 3.3119911054975812, "neighbor_vector.weight": 5.508182142698091}, "regularization": {"field_weight_decay": 0.01}, "objective_gradients": {"training_index": 280, "atoms": 278, "terms": {"energy_per_atom": {"weighted_loss": 0.002609817782125732, "gradient_norm": 1.4685855759335043}, "forces": {"weighted_loss": 0.9444139135580641, "gradient_norm": 3.176290170492581}, "dipole": {"weighted_loss": 0.0026538078175321637, "gradient_norm": 0.824917728964824}, "fourier_density": {"weighted_loss": 0.20744274682718883, "gradient_norm": 0.5795677865650293}, "density_observer_farfield": {"weighted_loss": 0.030878697361675717, "gradient_norm": 0.654587141701058}}, "cosines": {"energy_per_atom / forces": 0.303736444645095, "energy_per_atom / dipole": -0.004673659804826211, "energy_per_atom / fourier_density": -0.08352679725064989, "energy_per_atom / density_observer_farfield": 0.047109852350462195, "forces / dipole": 0.04178050723278466, "forces / fourier_density": -0.028951249429706956, "forces / density_observer_farfield": 0.00015726797335354585, "dipole / fourier_density": 0.3218441174786763, "dipole / density_observer_farfield": 0.06753426432098417, "fourier_density / density_observer_farfield": -0.2761105678077252}, "scope": "One training graph, before clipping; diagnostic only.", "parameter_state": "EMA"}, "scope": "Deterministic panels, not whole-dataset metrics. Validation is development data, never used for fitting or selecting the probe."}
2026-10-08 05:05:19.391 INFO: Full validation audit {"graphs": 279, "index_convention": "supplied loader order, zero based", "force_rmse_by_element_column_eV_A": {"0": 0.1050671634859411, "1": 0.2551651945029252, "2": 0.10003141507102169, "3": 0.09465157226227569, "4": 0.09839800311439664}, "force_target_rms_by_element_column_eV_A": {"0": 0.6667205065800093, "1": 1.485388937044054, "2": 0.6623370749424797, "3": 0.6101502819784279, "4": 0.42143582945433244}, "force_rmse_over_target_rms_by_element_column": {"0": 0.1575880184410266, "1": 0.1717834219303583, "2": 0.15102795669366514, "3": 0.1551282938940314, "4": 0.23348276590958253}, "density_observers": {"density_RMSE_e_A3": 0.00021865302917721216, "farfield_RMSE_e_A3": 6.433781114147817e-05, "scope": "Different Gaussian resolutions of the same error; smaller farfield RMSE is not an accuracy gain."}, "largest_force_errors": [{"index": 250, "atoms": 179, "composition": [13, 8, 56, 54, 48], "charge": -0.0, "force_rmse": 0.31635050314494073}, {"index": 152, "atoms": 342, "composition": [17, 13, 149, 150, 13], "charge": -0.0, "force_rmse": 0.21811869068399717}, {"index": 145, "atoms": 346, "composition": [25, 5, 153, 150, 13], "charge": -0.0, "force_rmse": 0.20451081895241793}, {"index": 169, "atoms": 347, "composition": [12, 8, 164, 150, 13], "charge": -0.0, "force_rmse": 0.1928322109724889}, {"index": 231, "atoms": 181, "composition": [12, 10, 57, 54, 48], "charge": -0.0, "force_rmse": 0.18647461385522573}, {"index": 186, "atoms": 348, "composition": [14, 17, 154, 150, 13], "charge": -0.0, "force_rmse": 0.18381701675880588}, {"index": 214, "atoms": 328, "composition": [16, 11, 138, 150, 13], "charge": -0.0, "force_rmse": 0.17585721187936074}, {"index": 87, "atoms": 302, "composition": [4, 6, 144, 144, 4], "charge": -0.0, "force_rmse": 0.17449450869538835}], "atomic_numbers": [1, 6, 8, 25, 45]}
2026-10-08 05:05:19.425 INFO: Epoch 255: loss=6.30142, RMSE_E_per_atom=4.5908 meV, RMSE_F=106.9050 meV/A, RMSE_dip_per_atom=0.6771 meA, RMSE_rho=0.2187 me/A^3
2026-10-08 05:05:19.425 INFO: 50-step electronic residual maximum: 0.037347
2026-10-08 05:05:19.436 INFO: Optimizer epoch 255: lr=[0.001, 0.001, 0.001, 0.001, 0.001, 0.001, 0.001, 0.001, 0.001], mean gradient norm=5.9195, clipped=5/141
2026-10-08 05:05:19.436 INFO: Epoch timing: train=88.138s, validation=27.513s, updates=141, train/update=0.62509s, peak allocated=12015.4 MiB, backbone=CuEq
2026-10-08 05:05:19.436 INFO: Optimization budget: graphs=1125/1125, updates=141, mean retained gradient=0.99272, min retained gradient=0.60714
2026-10-08 05:05:19.436 INFO: Optimizer time scales {"updates_per_epoch": 141, "groups": [{"name": "embedding", "lr": 0.001, "parameter_update_range": [36096.0, 36096.0], "moment_memory_epochs": [0.07092198581560286, 7.092198581560277], "AdamW_decay_only_retention_per_epoch": 1.0}, {"name": "interactions_decay", "lr": 0.001, "parameter_update_range": [36096.0, 36096.0], "moment_memory_epochs": [0.07092198581560286, 7.092198581560277], "AdamW_decay_only_retention_per_epoch": 0.9998590098695387}, {"name": "interactions_no_decay", "lr": 0.001, "parameter_update_range": [36096.0, 36096.0], "moment_memory_epochs": [0.07092198581560286, 7.092198581560277], "AdamW_decay_only_retention_per_epoch": 1.0}, {"name": "products", "lr": 0.001, "parameter_update_range": [36096.0, 36096.0], "moment_memory_epochs": [0.07092198581560286, 7.092198581560277], "AdamW_decay_only_retention_per_epoch": 0.9998590098695387}, {"name": "readouts", "lr": 0.001, "parameter_update_range": [36096.0, 36096.0], "moment_memory_epochs": [0.07092198581560286, 7.092198581560277], "AdamW_decay_only_retention_per_epoch": 1.0}, {"name": "lr_source_maps", "lr": 0.001, "parameter_update_range": [36096.0, 36096.0], "moment_memory_epochs": [0.07092198581560286, 7.092198581560277], "AdamW_decay_only_retention_per_epoch": 1.0}, {"name": "field_dependent_charges_map", "lr": 0.001, "parameter_update_range": [36096.0, 36096.0], "moment_memory_epochs": [0.07092198581560286, 7.092198581560277], "AdamW_decay_only_retention_per_epoch": 0.9985909865428542}, {"name": "electronic_references", "lr": 0.001, "parameter_update_range": [36096.0, 36096.0], "moment_memory_epochs": [0.07092198581560286, 7.092198581560277], "AdamW_decay_only_retention_per_epoch": 1.0}, {"name": "layer_feature_mixer", "lr": 0.001, "parameter_update_range": [36096.0, 36096.0], "moment_memory_epochs": [0.07092198581560286, 7.092198581560277], "AdamW_decay_only_retention_per_epoch": 0.9998590098695387}], "EMA_asymptotic_memory_epochs": 0.7092198581560277}
2026-10-08 05:05:19.436 INFO: Batching: optimizer graphs=8, device graphs<=8; one clipping/Adam/EMA update per optimizer batch
2026-10-08 05:05:19.436 INFO: 50-step finite-budget validation residual 0.037347 exceeds equilibrium tolerance 1e-06; metrics describe the exported finite trajectory, not a converged root
2026-10-08 05:13:04.998 INFO: Full validation audit {"graphs": 279, "index_convention": "supplied loader order, zero based", "force_rmse_by_element_column_eV_A": {"0": 0.10482729014619584, "1": 0.25482844752779676, "2": 0.09995396241903445, "3": 0.09444900657034665, "4": 0.09829586218530172}, "force_target_rms_by_element_column_eV_A": {"0": 0.6667205065800093, "1": 1.485388937044054, "2": 0.6623370749424797, "3": 0.6101502819784279, "4": 0.42143582945433244}, "force_rmse_over_target_rms_by_element_column": {"0": 0.15722823748727174, "1": 0.1715567156672845, "2": 0.15091101827225192, "3": 0.15479630078034762, "4": 0.23324040177735583}, "density_observers": {"density_RMSE_e_A3": 0.00021868562072413183, "farfield_RMSE_e_A3": 6.428122239429209e-05, "scope": "Different Gaussian resolutions of the same error; smaller farfield RMSE is not an accuracy gain."}, "largest_force_errors": [{"index": 250, "atoms": 179, "composition": [13, 8, 56, 54, 48], "charge": -0.0, "force_rmse": 0.3161785016264685}, {"index": 152, "atoms": 342, "composition": [17, 13, 149, 150, 13], "charge": -0.0, "force_rmse": 0.21545519182124478}, {"index": 145, "atoms": 346, "composition": [25, 5, 153, 150, 13], "charge": -0.0, "force_rmse": 0.2050148877264379}, {"index": 169, "atoms": 347, "composition": [12, 8, 164, 150, 13], "charge": -0.0, "force_rmse": 0.19282333274496033}, {"index": 231, "atoms": 181, "composition": [12, 10, 57, 54, 48], "charge": -0.0, "force_rmse": 0.1858970083056359}, {"index": 186, "atoms": 348, "composition": [14, 17, 154, 150, 13], "charge": -0.0, "force_rmse": 0.17980219436569755}, {"index": 214, "atoms": 328, "composition": [16, 11, 138, 150, 13], "charge": -0.0, "force_rmse": 0.17636010715251282}, {"index": 225, "atoms": 169, "composition": [3, 6, 58, 54, 48], "charge": -0.0, "force_rmse": 0.17265680031890362}], "atomic_numbers": [1, 6, 8, 25, 45]}
2026-10-08 05:13:05.021 INFO: Epoch 260: loss=6.29246, RMSE_E_per_atom=4.5878 meV, RMSE_F=106.7661 meV/A, RMSE_dip_per_atom=0.6868 meA, RMSE_rho=0.2187 me/A^3
2026-10-08 05:13:05.021 INFO: 50-step electronic residual maximum: 0.020924
2026-10-08 05:13:05.028 INFO: Optimizer epoch 260: lr=[0.001, 0.001, 0.001, 0.001, 0.001, 0.001, 0.001, 0.001, 0.001], mean gradient norm=6.4928, clipped=9/141
2026-10-08 05:13:05.028 INFO: Epoch timing: train=86.656s, validation=27.364s, updates=141, train/update=0.61458s, peak allocated=12157.6 MiB, backbone=CuEq
2026-10-08 05:13:05.028 INFO: Optimization budget: graphs=1125/1125, updates=141, mean retained gradient=0.99125, min retained gradient=0.7096
2026-10-08 05:13:05.029 INFO: Optimizer time scales {"updates_per_epoch": 141, "groups": [{"name": "embedding", "lr": 0.001, "parameter_update_range": [36801.0, 36801.0], "moment_memory_epochs": [0.07092198581560286, 7.092198581560277], "AdamW_decay_only_retention_per_epoch": 1.0}, {"name": "interactions_decay", "lr": 0.001, "parameter_update_range": [36801.0, 36801.0], "moment_memory_epochs": [0.07092198581560286, 7.092198581560277], "AdamW_decay_only_retention_per_epoch": 0.9998590098695387}, {"name": "interactions_no_decay", "lr": 0.001, "parameter_update_range": [36801.0, 36801.0], "moment_memory_epochs": [0.07092198581560286, 7.092198581560277], "AdamW_decay_only_retention_per_epoch": 1.0}, {"name": "products", "lr": 0.001, "parameter_update_range": [36801.0, 36801.0], "moment_memory_epochs": [0.07092198581560286, 7.092198581560277], "AdamW_decay_only_retention_per_epoch": 0.9998590098695387}, {"name": "readouts", "lr": 0.001, "parameter_update_range": [36801.0, 36801.0], "moment_memory_epochs": [0.07092198581560286, 7.092198581560277], "AdamW_decay_only_retention_per_epoch": 1.0}, {"name": "lr_source_maps", "lr": 0.001, "parameter_update_range": [36801.0, 36801.0], "moment_memory_epochs": [0.07092198581560286, 7.092198581560277], "AdamW_decay_only_retention_per_epoch": 1.0}, {"name": "field_dependent_charges_map", "lr": 0.001, "parameter_update_range": [36801.0, 36801.0], "moment_memory_epochs": [0.07092198581560286, 7.092198581560277], "AdamW_decay_only_retention_per_epoch": 0.9985909865428542}, {"name": "electronic_references", "lr": 0.001, "parameter_update_range": [36801.0, 36801.0], "moment_memory_epochs": [0.07092198581560286, 7.092198581560277], "AdamW_decay_only_retention_per_epoch": 1.0}, {"name": "layer_feature_mixer", "lr": 0.001, "parameter_update_range": [36801.0, 36801.0], "moment_memory_epochs": [0.07092198581560286, 7.092198581560277], "AdamW_decay_only_retention_per_epoch": 0.9998590098695387}], "EMA_asymptotic_memory_epochs": 0.7092198581560277}
2026-10-08 05:13:05.029 INFO: Batching: optimizer graphs=8, device graphs<=8; one clipping/Adam/EMA update per optimizer batch
2026-10-08 05:13:05.029 INFO: 50-step finite-budget validation residual 0.020924 exceeds equilibrium tolerance 1e-06; metrics describe the exported finite trajectory, not a converged root
2026-10-08 05:20:48.329 INFO: Full validation audit {"graphs": 279, "index_convention": "supplied loader order, zero based", "force_rmse_by_element_column_eV_A": {"0": 0.10481659386167326, "1": 0.25397909832076593, "2": 0.09969730673010083, "3": 0.09438986547399293, "4": 0.09830141971870424}, "force_target_rms_by_element_column_eV_A": {"0": 0.6667205065800093, "1": 1.485388937044054, "2": 0.6623370749424797, "3": 0.6101502819784279, "4": 0.42143582945433244}, "force_rmse_over_target_rms_by_element_column": {"0": 0.15721219435612907, "1": 0.17098491310039515, "2": 0.15052351816295198, "3": 0.15469937204311596, "4": 0.23325358891763698}, "density_observers": {"density_RMSE_e_A3": 0.0002180863474953081, "farfield_RMSE_e_A3": 6.433375935258944e-05, "scope": "Different Gaussian resolutions of the same error; smaller farfield RMSE is not an accuracy gain."}, "largest_force_errors": [{"index": 250, "atoms": 179, "composition": [13, 8, 56, 54, 48], "charge": -0.0, "force_rmse": 0.3139529229640147}, {"index": 152, "atoms": 342, "composition": [17, 13, 149, 150, 13], "charge": -0.0, "force_rmse": 0.21655377839007542}, {"index": 145, "atoms": 346, "composition": [25, 5, 153, 150, 13], "charge": -0.0, "force_rmse": 0.20412478288648941}, {"index": 169, "atoms": 347, "composition": [12, 8, 164, 150, 13], "charge": -0.0, "force_rmse": 0.19407726204247938}, {"index": 231, "atoms": 181, "composition": [12, 10, 57, 54, 48], "charge": -0.0, "force_rmse": 0.1865245689090982}, {"index": 186, "atoms": 348, "composition": [14, 17, 154, 150, 13], "charge": -0.0, "force_rmse": 0.17982692203005146}, {"index": 214, "atoms": 328, "composition": [16, 11, 138, 150, 13], "charge": -0.0, "force_rmse": 0.17639526622022128}, {"index": 225, "atoms": 169, "composition": [3, 6, 58, 54, 48], "charge": -0.0, "force_rmse": 0.17102553383928584}], "atomic_numbers": [1, 6, 8, 25, 45]}
2026-10-08 05:20:48.352 INFO: Epoch 265: loss=6.27434, RMSE_E_per_atom=4.5338 meV, RMSE_F=106.6180 meV/A, RMSE_dip_per_atom=0.6901 meA, RMSE_rho=0.2181 me/A^3
2026-10-08 05:20:48.352 INFO: 50-step electronic residual maximum: 0.033423
2026-10-08 05:20:48.359 INFO: Optimizer epoch 265: lr=[0.001, 0.001, 0.001, 0.001, 0.001, 0.001, 0.001, 0.001, 0.001], mean gradient norm=6.2597, clipped=4/141
2026-10-08 05:20:48.360 INFO: Epoch timing: train=86.713s, validation=27.379s, updates=141, train/update=0.61499s, peak allocated=12477.4 MiB, backbone=CuEq
2026-10-08 05:20:48.360 INFO: Optimization budget: graphs=1125/1125, updates=141, mean retained gradient=0.99622, min retained gradient=0.75714
2026-10-08 05:20:48.360 INFO: Optimizer time scales {"updates_per_epoch": 141, "groups": [{"name": "embedding", "lr": 0.001, "parameter_update_range": [37506.0, 37506.0], "moment_memory_epochs": [0.07092198581560286, 7.092198581560277], "AdamW_decay_only_retention_per_epoch": 1.0}, {"name": "interactions_decay", "lr": 0.001, "parameter_update_range": [37506.0, 37506.0], "moment_memory_epochs": [0.07092198581560286, 7.092198581560277], "AdamW_decay_only_retention_per_epoch": 0.9998590098695387}, {"name": "interactions_no_decay", "lr": 0.001, "parameter_update_range": [37506.0, 37506.0], "moment_memory_epochs": [0.07092198581560286, 7.092198581560277], "AdamW_decay_only_retention_per_epoch": 1.0}, {"name": "products", "lr": 0.001, "parameter_update_range": [37506.0, 37506.0], "moment_memory_epochs": [0.07092198581560286, 7.092198581560277], "AdamW_decay_only_retention_per_epoch": 0.9998590098695387}, {"name": "readouts", "lr": 0.001, "parameter_update_range": [37506.0, 37506.0], "moment_memory_epochs": [0.07092198581560286, 7.092198581560277], "AdamW_decay_only_retention_per_epoch": 1.0}, {"name": "lr_source_maps", "lr": 0.001, "parameter_update_range": [37506.0, 37506.0], "moment_memory_epochs": [0.07092198581560286, 7.092198581560277], "AdamW_decay_only_retention_per_epoch": 1.0}, {"name": "field_dependent_charges_map", "lr": 0.001, "parameter_update_range": [37506.0, 37506.0], "moment_memory_epochs": [0.07092198581560286, 7.092198581560277], "AdamW_decay_only_retention_per_epoch": 0.9985909865428542}, {"name": "electronic_references", "lr": 0.001, "parameter_update_range": [37506.0, 37506.0], "moment_memory_epochs": [0.07092198581560286, 7.092198581560277], "AdamW_decay_only_retention_per_epoch": 1.0}, {"name": "layer_feature_mixer", "lr": 0.001, "parameter_update_range": [37506.0, 37506.0], "moment_memory_epochs": [0.07092198581560286, 7.092198581560277], "AdamW_decay_only_retention_per_epoch": 0.9998590098695387}], "EMA_asymptotic_memory_epochs": 0.7092198581560277}
2026-10-08 05:20:48.360 INFO: Batching: optimizer graphs=8, device graphs<=8; one clipping/Adam/EMA update per optimizer batch
2026-10-08 05:20:48.360 INFO: 50-step finite-budget validation residual 0.033423 exceeds equilibrium tolerance 1e-06; metrics describe the exported finite trajectory, not a converged root
2026-10-08 05:28:35.939 INFO: Full validation audit {"graphs": 279, "index_convention": "supplied loader order, zero based", "force_rmse_by_element_column_eV_A": {"0": 0.10453261564168892, "1": 0.2551645398478135, "2": 0.09953901140490196, "3": 0.09431613376624574, "4": 0.09818700487224456}, "force_target_rms_by_element_column_eV_A": {"0": 0.6667205065800093, "1": 1.485388937044054, "2": 0.6623370749424797, "3": 0.6101502819784279, "4": 0.42143582945433244}, "force_rmse_over_target_rms_by_element_column": {"0": 0.15678626142444077, "1": 0.171782981200597, "2": 0.15028452304824755, "3": 0.15457853016214837, "4": 0.2329821007373183}, "density_observers": {"density_RMSE_e_A3": 0.00021855769545280022, "farfield_RMSE_e_A3": 6.444308543410928e-05, "scope": "Different Gaussian resolutions of the same error; smaller farfield RMSE is not an accuracy gain."}, "largest_force_errors": [{"index": 250, "atoms": 179, "composition": [13, 8, 56, 54, 48], "charge": -0.0, "force_rmse": 0.31624601468587804}, {"index": 152, "atoms": 342, "composition": [17, 13, 149, 150, 13], "charge": -0.0, "force_rmse": 0.21511332247447018}, {"index": 145, "atoms": 346, "composition": [25, 5, 153, 150, 13], "charge": -0.0, "force_rmse": 0.2027445180109193}, {"index": 169, "atoms": 347, "composition": [12, 8, 164, 150, 13], "charge": -0.0, "force_rmse": 0.1950385182143376}, {"index": 231, "atoms": 181, "composition": [12, 10, 57, 54, 48], "charge": -0.0, "force_rmse": 0.187823108986721}, {"index": 186, "atoms": 348, "composition": [14, 17, 154, 150, 13], "charge": -0.0, "force_rmse": 0.1810315288590157}, {"index": 87, "atoms": 302, "composition": [4, 6, 144, 144, 4], "charge": -0.0, "force_rmse": 0.17612187471487548}, {"index": 214, "atoms": 328, "composition": [16, 11, 138, 150, 13], "charge": -0.0, "force_rmse": 0.1758813044840335}], "atomic_numbers": [1, 6, 8, 25, 45]}
2026-10-08 05:28:35.964 INFO: Epoch 270: loss=6.27414, RMSE_E_per_atom=4.5465 meV, RMSE_F=106.5992 meV/A, RMSE_dip_per_atom=0.6885 meA, RMSE_rho=0.2186 me/A^3
2026-10-08 05:28:35.964 INFO: 50-step electronic residual maximum: 0.029896
2026-10-08 05:28:35.971 INFO: Optimizer epoch 270: lr=[0.001, 0.001, 0.001, 0.001, 0.001, 0.001, 0.001, 0.001, 0.001], mean gradient norm=6.5466, clipped=8/141
2026-10-08 05:28:35.971 INFO: Epoch timing: train=87.900s, validation=27.732s, updates=141, train/update=0.62340s, peak allocated=12372.1 MiB, backbone=CuEq
2026-10-08 05:28:35.971 INFO: Optimization budget: graphs=1125/1125, updates=141, mean retained gradient=0.99549, min retained gradient=0.75105
2026-10-08 05:28:35.971 INFO: Optimizer time scales {"updates_per_epoch": 141, "groups": [{"name": "embedding", "lr": 0.001, "parameter_update_range": [38211.0, 38211.0], "moment_memory_epochs": [0.07092198581560286, 7.092198581560277], "AdamW_decay_only_retention_per_epoch": 1.0}, {"name": "interactions_decay", "lr": 0.001, "parameter_update_range": [38211.0, 38211.0], "moment_memory_epochs": [0.07092198581560286, 7.092198581560277], "AdamW_decay_only_retention_per_epoch": 0.9998590098695387}, {"name": "interactions_no_decay", "lr": 0.001, "parameter_update_range": [38211.0, 38211.0], "moment_memory_epochs": [0.07092198581560286, 7.092198581560277], "AdamW_decay_only_retention_per_epoch": 1.0}, {"name": "products", "lr": 0.001, "parameter_update_range": [38211.0, 38211.0], "moment_memory_epochs": [0.07092198581560286, 7.092198581560277], "AdamW_decay_only_retention_per_epoch": 0.9998590098695387}, {"name": "readouts", "lr": 0.001, "parameter_update_range": [38211.0, 38211.0], "moment_memory_epochs": [0.07092198581560286, 7.092198581560277], "AdamW_decay_only_retention_per_epoch": 1.0}, {"name": "lr_source_maps", "lr": 0.001, "parameter_update_range": [38211.0, 38211.0], "moment_memory_epochs": [0.07092198581560286, 7.092198581560277], "AdamW_decay_only_retention_per_epoch": 1.0}, {"name": "field_dependent_charges_map", "lr": 0.001, "parameter_update_range": [38211.0, 38211.0], "moment_memory_epochs": [0.07092198581560286, 7.092198581560277], "AdamW_decay_only_retention_per_epoch": 0.9985909865428542}, {"name": "electronic_references", "lr": 0.001, "parameter_update_range": [38211.0, 38211.0], "moment_memory_epochs": [0.07092198581560286, 7.092198581560277], "AdamW_decay_only_retention_per_epoch": 1.0}, {"name": "layer_feature_mixer", "lr": 0.001, "parameter_update_range": [38211.0, 38211.0], "moment_memory_epochs": [0.07092198581560286, 7.092198581560277], "AdamW_decay_only_retention_per_epoch": 0.9998590098695387}], "EMA_asymptotic_memory_epochs": 0.7092198581560277}
2026-10-08 05:28:35.971 INFO: Batching: optimizer graphs=8, device graphs<=8; one clipping/Adam/EMA update per optimizer batch
2026-10-08 05:28:35.971 INFO: 50-step finite-budget validation residual 0.029896 exceeds equilibrium tolerance 1e-06; metrics describe the exported finite trajectory, not a converged root
2026-10-08 05:36:23.462 INFO: Full validation audit {"graphs": 279, "index_convention": "supplied loader order, zero based", "force_rmse_by_element_column_eV_A": {"0": 0.10480196278256158, "1": 0.2539806764380468, "2": 0.09968733101009099, "3": 0.09423076462596366, "4": 0.09807988267067798}, "force_target_rms_by_element_column_eV_A": {"0": 0.6667205065800093, "1": 1.485388937044054, "2": 0.6623370749424797, "3": 0.6101502819784279, "4": 0.42143582945433244}, "force_rmse_over_target_rms_by_element_column": {"0": 0.15719024950972452, "1": 0.17098597552737407, "2": 0.1505084567684034, "3": 0.1544386152218401, "4": 0.2327279168400799}, "density_observers": {"density_RMSE_e_A3": 0.000218097168389591, "farfield_RMSE_e_A3": 6.453934730817746e-05, "scope": "Different Gaussian resolutions of the same error; smaller farfield RMSE is not an accuracy gain."}, "largest_force_errors": [{"index": 250, "atoms": 179, "composition": [13, 8, 56, 54, 48], "charge": -0.0, "force_rmse": 0.31545271043829615}, {"index": 152, "atoms": 342, "composition": [17, 13, 149, 150, 13], "charge": -0.0, "force_rmse": 0.21676832718559277}, {"index": 145, "atoms": 346, "composition": [25, 5, 153, 150, 13], "charge": -0.0, "force_rmse": 0.2045424766042056}, {"index": 169, "atoms": 347, "composition": [12, 8, 164, 150, 13], "charge": -0.0, "force_rmse": 0.18889223052609636}, {"index": 231, "atoms": 181, "composition": [12, 10, 57, 54, 48], "charge": -0.0, "force_rmse": 0.18736037601379119}, {"index": 186, "atoms": 348, "composition": [14, 17, 154, 150, 13], "charge": -0.0, "force_rmse": 0.18048198464957224}, {"index": 214, "atoms": 328, "composition": [16, 11, 138, 150, 13], "charge": -0.0, "force_rmse": 0.17563389382081612}, {"index": 225, "atoms": 169, "composition": [3, 6, 58, 54, 48], "charge": -0.0, "force_rmse": 0.1710244214935053}], "atomic_numbers": [1, 6, 8, 25, 45]}
2026-10-08 05:36:23.487 INFO: Epoch 275: loss=6.26338, RMSE_E_per_atom=4.5210 meV, RMSE_F=106.5016 meV/A, RMSE_dip_per_atom=0.6851 meA, RMSE_rho=0.2181 me/A^3
2026-10-08 05:36:23.487 INFO: 50-step electronic residual maximum: 0.058951
2026-10-08 05:36:23.509 INFO: Optimizer epoch 275: lr=[0.001, 0.001, 0.001, 0.001, 0.001, 0.001, 0.001, 0.001, 0.001], mean gradient norm=6.5647, clipped=11/141
2026-10-08 05:36:23.509 INFO: Epoch timing: train=87.985s, validation=27.737s, updates=141, train/update=0.62401s, peak allocated=12158.1 MiB, backbone=CuEq
2026-10-08 05:36:23.509 INFO: Optimization budget: graphs=1125/1125, updates=141, mean retained gradient=0.98833, min retained gradient=0.69167
2026-10-08 05:36:23.509 INFO: Optimizer time scales {"updates_per_epoch": 141, "groups": [{"name": "embedding", "lr": 0.001, "parameter_update_range": [38916.0, 38916.0], "moment_memory_epochs": [0.07092198581560286, 7.092198581560277], "AdamW_decay_only_retention_per_epoch": 1.0}, {"name": "interactions_decay", "lr": 0.001, "parameter_update_range": [38916.0, 38916.0], "moment_memory_epochs": [0.07092198581560286, 7.092198581560277], "AdamW_decay_only_retention_per_epoch": 0.9998590098695387}, {"name": "interactions_no_decay", "lr": 0.001, "parameter_update_range": [38916.0, 38916.0], "moment_memory_epochs": [0.07092198581560286, 7.092198581560277], "AdamW_decay_only_retention_per_epoch": 1.0}, {"name": "products", "lr": 0.001, "parameter_update_range": [38916.0, 38916.0], "moment_memory_epochs": [0.07092198581560286, 7.092198581560277], "AdamW_decay_only_retention_per_epoch": 0.9998590098695387}, {"name": "readouts", "lr": 0.001, "parameter_update_range": [38916.0, 38916.0], "moment_memory_epochs": [0.07092198581560286, 7.092198581560277], "AdamW_decay_only_retention_per_epoch": 1.0}, {"name": "lr_source_maps", "lr": 0.001, "parameter_update_range": [38916.0, 38916.0], "moment_memory_epochs": [0.07092198581560286, 7.092198581560277], "AdamW_decay_only_retention_per_epoch": 1.0}, {"name": "field_dependent_charges_map", "lr": 0.001, "parameter_update_range": [38916.0, 38916.0], "moment_memory_epochs": [0.07092198581560286, 7.092198581560277], "AdamW_decay_only_retention_per_epoch": 0.9985909865428542}, {"name": "electronic_references", "lr": 0.001, "parameter_update_range": [38916.0, 38916.0], "moment_memory_epochs": [0.07092198581560286, 7.092198581560277], "AdamW_decay_only_retention_per_epoch": 1.0}, {"name": "layer_feature_mixer", "lr": 0.001, "parameter_update_range": [38916.0, 38916.0], "moment_memory_epochs": [0.07092198581560286, 7.092198581560277], "AdamW_decay_only_retention_per_epoch": 0.9998590098695387}], "EMA_asymptotic_memory_epochs": 0.7092198581560277}
2026-10-08 05:36:23.509 INFO: Batching: optimizer graphs=8, device graphs<=8; one clipping/Adam/EMA update per optimizer batch
2026-10-08 05:36:23.509 INFO: 50-step finite-budget validation residual 0.058951 exceeds equilibrium tolerance 1e-06; metrics describe the exported finite trajectory, not a converged root
2026-10-08 05:44:10.697 INFO: Full validation audit {"graphs": 279, "index_convention": "supplied loader order, zero based", "force_rmse_by_element_column_eV_A": {"0": 0.10473212395503487, "1": 0.2543281462531771, "2": 0.09943005119919401, "3": 0.09424787878053928, "4": 0.09803862488678236}, "force_target_rms_by_element_column_eV_A": {"0": 0.6667205065800093, "1": 1.485388937044054, "2": 0.6623370749424797, "3": 0.6101502819784279, "4": 0.42143582945433244}, "force_rmse_over_target_rms_by_element_column": {"0": 0.15708549972801317, "1": 0.17121990066742646, "2": 0.15012001435647998, "3": 0.15446666430266673, "4": 0.23263001869993116}, "density_observers": {"density_RMSE_e_A3": 0.00021841205552307357, "farfield_RMSE_e_A3": 6.394388532714109e-05, "scope": "Different Gaussian resolutions of the same error; smaller farfield RMSE is not an accuracy gain."}, "largest_force_errors": [{"index": 250, "atoms": 179, "composition": [13, 8, 56, 54, 48], "charge": -0.0, "force_rmse": 0.3160256584125348}, {"index": 152, "atoms": 342, "composition": [17, 13, 149, 150, 13], "charge": -0.0, "force_rmse": 0.21654418048310542}, {"index": 145, "atoms": 346, "composition": [25, 5, 153, 150, 13], "charge": -0.0, "force_rmse": 0.20375209439006406}, {"index": 169, "atoms": 347, "composition": [12, 8, 164, 150, 13], "charge": -0.0, "force_rmse": 0.1919168339959651}, {"index": 231, "atoms": 181, "composition": [12, 10, 57, 54, 48], "charge": -0.0, "force_rmse": 0.18754464374654156}, {"index": 186, "atoms": 348, "composition": [14, 17, 154, 150, 13], "charge": -0.0, "force_rmse": 0.17922522633291918}, {"index": 214, "atoms": 328, "composition": [16, 11, 138, 150, 13], "charge": -0.0, "force_rmse": 0.17544613138246054}, {"index": 225, "atoms": 169, "composition": [3, 6, 58, 54, 48], "charge": -0.0, "force_rmse": 0.17181056583702795}], "atomic_numbers": [1, 6, 8, 25, 45]}
2026-10-08 05:44:10.719 INFO: Epoch 280: loss=6.26006, RMSE_E_per_atom=4.5295 meV, RMSE_F=106.4456 meV/A, RMSE_dip_per_atom=0.6885 meA, RMSE_rho=0.2184 me/A^3
2026-10-08 05:44:10.719 INFO: 50-step electronic residual maximum: 0.12229
2026-10-08 05:44:10.726 INFO: Optimizer epoch 280: lr=[0.001, 0.001, 0.001, 0.001, 0.001, 0.001, 0.001, 0.001, 0.001], mean gradient norm=6.3329, clipped=3/141
2026-10-08 05:44:10.727 INFO: Epoch timing: train=87.875s, validation=27.718s, updates=141, train/update=0.62323s, peak allocated=12396.3 MiB, backbone=CuEq
2026-10-08 05:44:10.727 INFO: Optimization budget: graphs=1125/1125, updates=141, mean retained gradient=0.99216, min retained gradient=0.26291
2026-10-08 05:44:10.727 INFO: Optimizer time scales {"updates_per_epoch": 141, "groups": [{"name": "embedding", "lr": 0.001, "parameter_update_range": [39621.0, 39621.0], "moment_memory_epochs": [0.07092198581560286, 7.092198581560277], "AdamW_decay_only_retention_per_epoch": 1.0}, {"name": "interactions_decay", "lr": 0.001, "parameter_update_range": [39621.0, 39621.0], "moment_memory_epochs": [0.07092198581560286, 7.092198581560277], "AdamW_decay_only_retention_per_epoch": 0.9998590098695387}, {"name": "interactions_no_decay", "lr": 0.001, "parameter_update_range": [39621.0, 39621.0], "moment_memory_epochs": [0.07092198581560286, 7.092198581560277], "AdamW_decay_only_retention_per_epoch": 1.0}, {"name": "products", "lr": 0.001, "parameter_update_range": [39621.0, 39621.0], "moment_memory_epochs": [0.07092198581560286, 7.092198581560277], "AdamW_decay_only_retention_per_epoch": 0.9998590098695387}, {"name": "readouts", "lr": 0.001, "parameter_update_range": [39621.0, 39621.0], "moment_memory_epochs": [0.07092198581560286, 7.092198581560277], "AdamW_decay_only_retention_per_epoch": 1.0}, {"name": "lr_source_maps", "lr": 0.001, "parameter_update_range": [39621.0, 39621.0], "moment_memory_epochs": [0.07092198581560286, 7.092198581560277], "AdamW_decay_only_retention_per_epoch": 1.0}, {"name": "field_dependent_charges_map", "lr": 0.001, "parameter_update_range": [39621.0, 39621.0], "moment_memory_epochs": [0.07092198581560286, 7.092198581560277], "AdamW_decay_only_retention_per_epoch": 0.9985909865428542}, {"name": "electronic_references", "lr": 0.001, "parameter_update_range": [39621.0, 39621.0], "moment_memory_epochs": [0.07092198581560286, 7.092198581560277], "AdamW_decay_only_retention_per_epoch": 1.0}, {"name": "layer_feature_mixer", "lr": 0.001, "parameter_update_range": [39621.0, 39621.0], "moment_memory_epochs": [0.07092198581560286, 7.092198581560277], "AdamW_decay_only_retention_per_epoch": 0.9998590098695387}], "EMA_asymptotic_memory_epochs": 0.7092198581560277}
2026-10-08 05:44:10.727 INFO: Batching: optimizer graphs=8, device graphs<=8; one clipping/Adam/EMA update per optimizer batch
2026-10-08 05:44:10.727 INFO: 50-step finite-budget validation residual 0.12229 exceeds equilibrium tolerance 1e-06; metrics describe the exported finite trajectory, not a converged root
2026-10-08 05:51:58.075 INFO: Full validation audit {"graphs": 279, "index_convention": "supplied loader order, zero based", "force_rmse_by_element_column_eV_A": {"0": 0.10521997844885796, "1": 0.2542519725339905, "2": 0.09941288468233357, "3": 0.09414292898872614, "4": 0.09804756045737549}, "force_target_rms_by_element_column_eV_A": {"0": 0.6667205065800093, "1": 1.485388937044054, "2": 0.6623370749424797, "3": 0.6101502819784279, "4": 0.42143582945433244}, "force_rmse_over_target_rms_by_element_column": {"0": 0.15781722237492196, "1": 0.17116861866492403, "2": 0.1500940962590189, "3": 0.1542946578398117, "4": 0.2326512213836344}, "density_observers": {"density_RMSE_e_A3": 0.00021908341903429876, "farfield_RMSE_e_A3": 6.48552088494693e-05, "scope": "Different Gaussian resolutions of the same error; smaller farfield RMSE is not an accuracy gain."}, "largest_force_errors": [{"index": 250, "atoms": 179, "composition": [13, 8, 56, 54, 48], "charge": -0.0, "force_rmse": 0.31397922319343624}, {"index": 152, "atoms": 342, "composition": [17, 13, 149, 150, 13], "charge": -0.0, "force_rmse": 0.21546432670025667}, {"index": 145, "atoms": 346, "composition": [25, 5, 153, 150, 13], "charge": -0.0, "force_rmse": 0.20171523601511468}, {"index": 169, "atoms": 347, "composition": [12, 8, 164, 150, 13], "charge": -0.0, "force_rmse": 0.19539673935903282}, {"index": 231, "atoms": 181, "composition": [12, 10, 57, 54, 48], "charge": -0.0, "force_rmse": 0.18950674678218218}, {"index": 186, "atoms": 348, "composition": [14, 17, 154, 150, 13], "charge": -0.0, "force_rmse": 0.18036504891916855}, {"index": 214, "atoms": 328, "composition": [16, 11, 138, 150, 13], "charge": -0.0, "force_rmse": 0.17494746988410706}, {"index": 225, "atoms": 169, "composition": [3, 6, 58, 54, 48], "charge": -0.0, "force_rmse": 0.17252082160071144}], "atomic_numbers": [1, 6, 8, 25, 45]}
2026-10-08 05:51:58.102 INFO: Epoch 285: loss=6.25796, RMSE_E_per_atom=4.5329 meV, RMSE_F=106.4316 meV/A, RMSE_dip_per_atom=0.6813 meA, RMSE_rho=0.2191 me/A^3
2026-10-08 05:51:58.102 INFO: 50-step electronic residual maximum: 0.064108
2026-10-08 05:51:58.110 INFO: Optimizer epoch 285: lr=[0.001, 0.001, 0.001, 0.001, 0.001, 0.001, 0.001, 0.001, 0.001], mean gradient norm=6.7553, clipped=6/141
2026-10-08 05:51:58.110 INFO: Epoch timing: train=87.921s, validation=27.710s, updates=141, train/update=0.62355s, peak allocated=12255.6 MiB, backbone=CuEq
2026-10-08 05:51:58.110 INFO: Optimization budget: graphs=1125/1125, updates=141, mean retained gradient=0.9913, min retained gradient=0.42054
2026-10-08 05:51:58.110 INFO: Optimizer time scales {"updates_per_epoch": 141, "groups": [{"name": "embedding", "lr": 0.001, "parameter_update_range": [40326.0, 40326.0], "moment_memory_epochs": [0.07092198581560286, 7.092198581560277], "AdamW_decay_only_retention_per_epoch": 1.0}, {"name": "interactions_decay", "lr": 0.001, "parameter_update_range": [40326.0, 40326.0], "moment_memory_epochs": [0.07092198581560286, 7.092198581560277], "AdamW_decay_only_retention_per_epoch": 0.9998590098695387}, {"name": "interactions_no_decay", "lr": 0.001, "parameter_update_range": [40326.0, 40326.0], "moment_memory_epochs": [0.07092198581560286, 7.092198581560277], "AdamW_decay_only_retention_per_epoch": 1.0}, {"name": "products", "lr": 0.001, "parameter_update_range": [40326.0, 40326.0], "moment_memory_epochs": [0.07092198581560286, 7.092198581560277], "AdamW_decay_only_retention_per_epoch": 0.9998590098695387}, {"name": "readouts", "lr": 0.001, "parameter_update_range": [40326.0, 40326.0], "moment_memory_epochs": [0.07092198581560286, 7.092198581560277], "AdamW_decay_only_retention_per_epoch": 1.0}, {"name": "lr_source_maps", "lr": 0.001, "parameter_update_range": [40326.0, 40326.0], "moment_memory_epochs": [0.07092198581560286, 7.092198581560277], "AdamW_decay_only_retention_per_epoch": 1.0}, {"name": "field_dependent_charges_map", "lr": 0.001, "parameter_update_range": [40326.0, 40326.0], "moment_memory_epochs": [0.07092198581560286, 7.092198581560277], "AdamW_decay_only_retention_per_epoch": 0.9985909865428542}, {"name": "electronic_references", "lr": 0.001, "parameter_update_range": [40326.0, 40326.0], "moment_memory_epochs": [0.07092198581560286, 7.092198581560277], "AdamW_decay_only_retention_per_epoch": 1.0}, {"name": "layer_feature_mixer", "lr": 0.001, "parameter_update_range": [40326.0, 40326.0], "moment_memory_epochs": [0.07092198581560286, 7.092198581560277], "AdamW_decay_only_retention_per_epoch": 0.9998590098695387}], "EMA_asymptotic_memory_epochs": 0.7092198581560277}
2026-10-08 05:51:58.110 INFO: Batching: optimizer graphs=8, device graphs<=8; one clipping/Adam/EMA update per optimizer batch
2026-10-08 05:51:58.110 INFO: 50-step finite-budget validation residual 0.064108 exceeds equilibrium tolerance 1e-06; metrics describe the exported finite trajectory, not a converged root
2026-10-08 05:59:45.633 INFO: Full validation audit {"graphs": 279, "index_convention": "supplied loader order, zero based", "force_rmse_by_element_column_eV_A": {"0": 0.1045550137612057, "1": 0.25468400525500345, "2": 0.0994058950281942, "3": 0.09405127543949525, "4": 0.09797403852171366}, "force_target_rms_by_element_column_eV_A": {"0": 0.6667205065800093, "1": 1.485388937044054, "2": 0.6623370749424797, "3": 0.6101502819784279, "4": 0.42143582945433244}, "force_rmse_over_target_rms_by_element_column": {"0": 0.15681985589063122, "1": 0.17145947361223007, "2": 0.15008354324242992, "3": 0.1541444431272433, "4": 0.23247676555780433}, "density_observers": {"density_RMSE_e_A3": 0.00021860603390397532, "farfield_RMSE_e_A3": 6.449756637424196e-05, "scope": "Different Gaussian resolutions of the same error; smaller farfield RMSE is not an accuracy gain."}, "largest_force_errors": [{"index": 250, "atoms": 179, "composition": [13, 8, 56, 54, 48], "charge": -0.0, "force_rmse": 0.3107072424393302}, {"index": 152, "atoms": 342, "composition": [17, 13, 149, 150, 13], "charge": -0.0, "force_rmse": 0.2154422643998464}, {"index": 145, "atoms": 346, "composition": [25, 5, 153, 150, 13], "charge": -0.0, "force_rmse": 0.2015481757764233}, {"index": 169, "atoms": 347, "composition": [12, 8, 164, 150, 13], "charge": -0.0, "force_rmse": 0.19644874259246126}, {"index": 231, "atoms": 181, "composition": [12, 10, 57, 54, 48], "charge": -0.0, "force_rmse": 0.18861642202959356}, {"index": 186, "atoms": 348, "composition": [14, 17, 154, 150, 13], "charge": -0.0, "force_rmse": 0.18159536039378268}, {"index": 214, "atoms": 328, "composition": [16, 11, 138, 150, 13], "charge": -0.0, "force_rmse": 0.1745713703461091}, {"index": 225, "atoms": 169, "composition": [3, 6, 58, 54, 48], "charge": -0.0, "force_rmse": 0.17374715948654523}], "atomic_numbers": [1, 6, 8, 25, 45]}
2026-10-08 05:59:45.674 INFO: Epoch 290: loss=6.25158, RMSE_E_per_atom=4.4611 meV, RMSE_F=106.3913 meV/A, RMSE_dip_per_atom=0.6778 meA, RMSE_rho=0.2186 me/A^3
2026-10-08 05:59:45.674 INFO: 50-step electronic residual maximum: 0.05816
2026-10-08 05:59:45.681 INFO: Optimizer epoch 290: lr=[0.001, 0.001, 0.001, 0.001, 0.001, 0.001, 0.001, 0.001, 0.001], mean gradient norm=6.4053, clipped=8/141
2026-10-08 05:59:45.681 INFO: Epoch timing: train=88.020s, validation=27.743s, updates=141, train/update=0.62425s, peak allocated=12486.3 MiB, backbone=CuEq
2026-10-08 05:59:45.681 INFO: Optimization budget: graphs=1125/1125, updates=141, mean retained gradient=0.99595, min retained gradient=0.81486
2026-10-08 05:59:45.681 INFO: Optimizer time scales {"updates_per_epoch": 141, "groups": [{"name": "embedding", "lr": 0.001, "parameter_update_range": [41031.0, 41031.0], "moment_memory_epochs": [0.07092198581560286, 7.092198581560277], "AdamW_decay_only_retention_per_epoch": 1.0}, {"name": "interactions_decay", "lr": 0.001, "parameter_update_range": [41031.0, 41031.0], "moment_memory_epochs": [0.07092198581560286, 7.092198581560277], "AdamW_decay_only_retention_per_epoch": 0.9998590098695387}, {"name": "interactions_no_decay", "lr": 0.001, "parameter_update_range": [41031.0, 41031.0], "moment_memory_epochs": [0.07092198581560286, 7.092198581560277], "AdamW_decay_only_retention_per_epoch": 1.0}, {"name": "products", "lr": 0.001, "parameter_update_range": [41031.0, 41031.0], "moment_memory_epochs": [0.07092198581560286, 7.092198581560277], "AdamW_decay_only_retention_per_epoch": 0.9998590098695387}, {"name": "readouts", "lr": 0.001, "parameter_update_range": [41031.0, 41031.0], "moment_memory_epochs": [0.07092198581560286, 7.092198581560277], "AdamW_decay_only_retention_per_epoch": 1.0}, {"name": "lr_source_maps", "lr": 0.001, "parameter_update_range": [41031.0, 41031.0], "moment_memory_epochs": [0.07092198581560286, 7.092198581560277], "AdamW_decay_only_retention_per_epoch": 1.0}, {"name": "field_dependent_charges_map", "lr": 0.001, "parameter_update_range": [41031.0, 41031.0], "moment_memory_epochs": [0.07092198581560286, 7.092198581560277], "AdamW_decay_only_retention_per_epoch": 0.9985909865428542}, {"name": "electronic_references", "lr": 0.001, "parameter_update_range": [41031.0, 41031.0], "moment_memory_epochs": [0.07092198581560286, 7.092198581560277], "AdamW_decay_only_retention_per_epoch": 1.0}, {"name": "layer_feature_mixer", "lr": 0.001, "parameter_update_range": [41031.0, 41031.0], "moment_memory_epochs": [0.07092198581560286, 7.092198581560277], "AdamW_decay_only_retention_per_epoch": 0.9998590098695387}], "EMA_asymptotic_memory_epochs": 0.7092198581560277}
2026-10-08 05:59:45.681 INFO: Batching: optimizer graphs=8, device graphs<=8; one clipping/Adam/EMA update per optimizer batch
2026-10-08 05:59:45.681 INFO: 50-step finite-budget validation residual 0.05816 exceeds equilibrium tolerance 1e-06; metrics describe the exported finite trajectory, not a converged root
2026-10-08 06:07:33.482 INFO: Full validation audit {"graphs": 279, "index_convention": "supplied loader order, zero based", "force_rmse_by_element_column_eV_A": {"0": 0.1050150567145294, "1": 0.2545157972465786, "2": 0.09917921200497087, "3": 0.09403059606874596, "4": 0.09784804830535945}, "force_target_rms_by_element_column_eV_A": {"0": 0.6667205065800093, "1": 1.485388937044054, "2": 0.6623370749424797, "3": 0.6101502819784279, "4": 0.42143582945433244}, "force_rmse_over_target_rms_by_element_column": {"0": 0.15750986459560345, "1": 0.171346231885279, "2": 0.14974129602149183, "3": 0.1541105508692864, "4": 0.23217781087111494}, "density_observers": {"density_RMSE_e_A3": 0.00021833789743422096, "farfield_RMSE_e_A3": 6.44638256258262e-05, "scope": "Different Gaussian resolutions of the same error; smaller farfield RMSE is not an accuracy gain."}, "largest_force_errors": [{"index": 250, "atoms": 179, "composition": [13, 8, 56, 54, 48], "charge": -0.0, "force_rmse": 0.3115052514724439}, {"index": 152, "atoms": 342, "composition": [17, 13, 149, 150, 13], "charge": -0.0, "force_rmse": 0.21606653391455533}, {"index": 145, "atoms": 346, "composition": [25, 5, 153, 150, 13], "charge": -0.0, "force_rmse": 0.2014128265171479}, {"index": 231, "atoms": 181, "composition": [12, 10, 57, 54, 48], "charge": -0.0, "force_rmse": 0.193032783188857}, {"index": 169, "atoms": 347, "composition": [12, 8, 164, 150, 13], "charge": -0.0, "force_rmse": 0.19147853858502625}, {"index": 186, "atoms": 348, "composition": [14, 17, 154, 150, 13], "charge": -0.0, "force_rmse": 0.18054073722170533}, {"index": 214, "atoms": 328, "composition": [16, 11, 138, 150, 13], "charge": -0.0, "force_rmse": 0.17623880946289813}, {"index": 225, "atoms": 169, "composition": [3, 6, 58, 54, 48], "charge": -0.0, "force_rmse": 0.17252711875885313}], "atomic_numbers": [1, 6, 8, 25, 45]}
2026-10-08 06:07:33.506 INFO: Epoch 295: loss=6.23615, RMSE_E_per_atom=4.4592 meV, RMSE_F=106.2861 meV/A, RMSE_dip_per_atom=0.6767 meA, RMSE_rho=0.2183 me/A^3
2026-10-08 06:07:33.506 INFO: 50-step electronic residual maximum: 0.072681
2026-10-08 06:07:33.513 INFO: Optimizer epoch 295: lr=[0.001, 0.001, 0.001, 0.001, 0.001, 0.001, 0.001, 0.001, 0.001], mean gradient norm=6.5824, clipped=9/141
2026-10-08 06:07:33.513 INFO: Epoch timing: train=88.047s, validation=27.509s, updates=141, train/update=0.62445s, peak allocated=12444.0 MiB, backbone=CuEq
2026-10-08 06:07:33.513 INFO: Optimization budget: graphs=1125/1125, updates=141, mean retained gradient=0.9917, min retained gradient=0.64537
2026-10-08 06:07:33.513 INFO: Optimizer time scales {"updates_per_epoch": 141, "groups": [{"name": "embedding", "lr": 0.001, "parameter_update_range": [41736.0, 41736.0], "moment_memory_epochs": [0.07092198581560286, 7.092198581560277], "AdamW_decay_only_retention_per_epoch": 1.0}, {"name": "interactions_decay", "lr": 0.001, "parameter_update_range": [41736.0, 41736.0], "moment_memory_epochs": [0.07092198581560286, 7.092198581560277], "AdamW_decay_only_retention_per_epoch": 0.9998590098695387}, {"name": "interactions_no_decay", "lr": 0.001, "parameter_update_range": [41736.0, 41736.0], "moment_memory_epochs": [0.07092198581560286, 7.092198581560277], "AdamW_decay_only_retention_per_epoch": 1.0}, {"name": "products", "lr": 0.001, "parameter_update_range": [41736.0, 41736.0], "moment_memory_epochs": [0.07092198581560286, 7.092198581560277], "AdamW_decay_only_retention_per_epoch": 0.9998590098695387}, {"name": "readouts", "lr": 0.001, "parameter_update_range": [41736.0, 41736.0], "moment_memory_epochs": [0.07092198581560286, 7.092198581560277], "AdamW_decay_only_retention_per_epoch": 1.0}, {"name": "lr_source_maps", "lr": 0.001, "parameter_update_range": [41736.0, 41736.0], "moment_memory_epochs": [0.07092198581560286, 7.092198581560277], "AdamW_decay_only_retention_per_epoch": 1.0}, {"name": "field_dependent_charges_map", "lr": 0.001, "parameter_update_range": [41736.0, 41736.0], "moment_memory_epochs": [0.07092198581560286, 7.092198581560277], "AdamW_decay_only_retention_per_epoch": 0.9985909865428542}, {"name": "electronic_references", "lr": 0.001, "parameter_update_range": [41736.0, 41736.0], "moment_memory_epochs": [0.07092198581560286, 7.092198581560277], "AdamW_decay_only_retention_per_epoch": 1.0}, {"name": "layer_feature_mixer", "lr": 0.001, "parameter_update_range": [41736.0, 41736.0], "moment_memory_epochs": [0.07092198581560286, 7.092198581560277], "AdamW_decay_only_retention_per_epoch": 0.9998590098695387}], "EMA_asymptotic_memory_epochs": 0.7092198581560277}
2026-10-08 06:07:33.513 INFO: Batching: optimizer graphs=8, device graphs<=8; one clipping/Adam/EMA update per optimizer batch
2026-10-08 06:07:33.513 INFO: 50-step finite-budget validation residual 0.072681 exceeds equilibrium tolerance 1e-06; metrics describe the exported finite trajectory, not a converged root
2026-10-08 06:15:21.408 INFO: Full validation audit {"graphs": 279, "index_convention": "supplied loader order, zero based", "force_rmse_by_element_column_eV_A": {"0": 0.10477826213369906, "1": 0.2539949043546252, "2": 0.09917489949321105, "3": 0.0939176412545208, "4": 0.09780071188333576}, "force_target_rms_by_element_column_eV_A": {"0": 0.6667205065800093, "1": 1.485388937044054, "2": 0.6623370749424797, "3": 0.6101502819784279, "4": 0.42143582945433244}, "force_rmse_over_target_rms_by_element_column": {"0": 0.15715470140729085, "1": 0.1709955541072487, "2": 0.1497347849685507, "3": 0.1539254246511047, "4": 0.2320654890922928}, "density_observers": {"density_RMSE_e_A3": 0.00021863320502018646, "farfield_RMSE_e_A3": 6.388855655491754e-05, "scope": "Different Gaussian resolutions of the same error; smaller farfield RMSE is not an accuracy gain."}, "largest_force_errors": [{"index": 250, "atoms": 179, "composition": [13, 8, 56, 54, 48], "charge": -0.0, "force_rmse": 0.3119652429719811}, {"index": 152, "atoms": 342, "composition": [17, 13, 149, 150, 13], "charge": -0.0, "force_rmse": 0.2161928321163372}, {"index": 145, "atoms": 346, "composition": [25, 5, 153, 150, 13], "charge": -0.0, "force_rmse": 0.19938633339210707}, {"index": 169, "atoms": 347, "composition": [12, 8, 164, 150, 13], "charge": -0.0, "force_rmse": 0.19916153634864756}, {"index": 231, "atoms": 181, "composition": [12, 10, 57, 54, 48], "charge": -0.0, "force_rmse": 0.1870162275972368}, {"index": 186, "atoms": 348, "composition": [14, 17, 154, 150, 13], "charge": -0.0, "force_rmse": 0.1779249531134125}, {"index": 214, "atoms": 328, "composition": [16, 11, 138, 150, 13], "charge": -0.0, "force_rmse": 0.17332125102139745}, {"index": 225, "atoms": 169, "composition": [3, 6, 58, 54, 48], "charge": -0.0, "force_rmse": 0.17236146599178367}], "atomic_numbers": [1, 6, 8, 25, 45]}
2026-10-08 06:15:21.478 INFO: Epoch 300: loss=6.22493, RMSE_E_per_atom=4.4456 meV, RMSE_F=106.1928 meV/A, RMSE_dip_per_atom=0.6694 meA, RMSE_rho=0.2186 me/A^3
2026-10-08 06:15:21.478 INFO: 50-step electronic residual maximum: 0.13518
2026-10-08 06:15:21.487 INFO: Optimizer epoch 300: lr=[0.001, 0.001, 0.001, 0.001, 0.001, 0.001, 0.001, 0.001, 0.001], mean gradient norm=6.1723, clipped=6/141
2026-10-08 06:15:21.487 INFO: Epoch timing: train=88.070s, validation=27.578s, updates=141, train/update=0.62461s, peak allocated=12578.9 MiB, backbone=CuEq
2026-10-08 06:15:21.487 INFO: Optimization budget: graphs=1125/1125, updates=141, mean retained gradient=0.99383, min retained gradient=0.74069
2026-10-08 06:15:21.487 INFO: Optimizer time scales {"updates_per_epoch": 141, "groups": [{"name": "embedding", "lr": 0.001, "parameter_update_range": [42441.0, 42441.0], "moment_memory_epochs": [0.07092198581560286, 7.092198581560277], "AdamW_decay_only_retention_per_epoch": 1.0}, {"name": "interactions_decay", "lr": 0.001, "parameter_update_range": [42441.0, 42441.0], "moment_memory_epochs": [0.07092198581560286, 7.092198581560277], "AdamW_decay_only_retention_per_epoch": 0.9998590098695387}, {"name": "interactions_no_decay", "lr": 0.001, "parameter_update_range": [42441.0, 42441.0], "moment_memory_epochs": [0.07092198581560286, 7.092198581560277], "AdamW_decay_only_retention_per_epoch": 1.0}, {"name": "products", "lr": 0.001, "parameter_update_range": [42441.0, 42441.0], "moment_memory_epochs": [0.07092198581560286, 7.092198581560277], "AdamW_decay_only_retention_per_epoch": 0.9998590098695387}, {"name": "readouts", "lr": 0.001, "parameter_update_range": [42441.0, 42441.0], "moment_memory_epochs": [0.07092198581560286, 7.092198581560277], "AdamW_decay_only_retention_per_epoch": 1.0}, {"name": "lr_source_maps", "lr": 0.001, "parameter_update_range": [42441.0, 42441.0], "moment_memory_epochs": [0.07092198581560286, 7.092198581560277], "AdamW_decay_only_retention_per_epoch": 1.0}, {"name": "field_dependent_charges_map", "lr": 0.001, "parameter_update_range": [42441.0, 42441.0], "moment_memory_epochs": [0.07092198581560286, 7.092198581560277], "AdamW_decay_only_retention_per_epoch": 0.9985909865428542}, {"name": "electronic_references", "lr": 0.001, "parameter_update_range": [42441.0, 42441.0], "moment_memory_epochs": [0.07092198581560286, 7.092198581560277], "AdamW_decay_only_retention_per_epoch": 1.0}, {"name": "layer_feature_mixer", "lr": 0.001, "parameter_update_range": [42441.0, 42441.0], "moment_memory_epochs": [0.07092198581560286, 7.092198581560277], "AdamW_decay_only_retention_per_epoch": 0.9998590098695387}], "EMA_asymptotic_memory_epochs": 0.7092198581560277}
2026-10-08 06:15:21.487 INFO: Batching: optimizer graphs=8, device graphs<=8; one clipping/Adam/EMA update per optimizer batch
2026-10-08 06:15:21.487 INFO: 50-step finite-budget validation residual 0.13518 exceeds equilibrium tolerance 1e-06; metrics describe the exported finite trajectory, not a converged root
2026-10-08 06:17:12.564 INFO: Full training audit {"graphs": 1125, "index_convention": "supplied loader order, zero based", "force_rmse_by_element_column_eV_A": {"0": 0.06615557191288136, "1": 0.12587446072782904, "2": 0.07533650976948571, "3": 0.07584286042809385, "4": 0.07774776773475386}, "force_target_rms_by_element_column_eV_A": {"0": 0.6774065086832185, "1": 1.538190971915685, "2": 0.6998679669900058, "3": 0.6220774482464436, "4": 0.4134908179035577}, "force_rmse_over_target_rms_by_element_column": {"0": 0.09766007716914081, "1": 0.08183279126327415, "2": 0.10764388902308701, "3": 0.12191867852127598, "4": 0.18802779739812192}, "density_observers": {"density_RMSE_e_A3": 0.0001998025755488544, "farfield_RMSE_e_A3": 6.173737211368926e-05, "scope": "Different Gaussian resolutions of the same error; smaller farfield RMSE is not an accuracy gain."}, "largest_force_errors": [{"index": 590, "atoms": 341, "composition": [12, 11, 155, 150, 13], "charge": -0.0, "force_rmse": 0.12413662475174363}, {"index": 807, "atoms": 350, "composition": [22, 14, 151, 150, 13], "charge": -0.0, "force_rmse": 0.11597597758456105}, {"index": 740, "atoms": 333, "composition": [13, 7, 150, 150, 13], "charge": -0.0, "force_rmse": 0.11520883507408301}, {"index": 682, "atoms": 334, "composition": [12, 9, 150, 150, 13], "charge": -0.0, "force_rmse": 0.11487670630478132}, {"index": 651, "atoms": 327, "composition": [13, 9, 142, 150, 13], "charge": -0.0, "force_rmse": 0.11336213692352694}, {"index": 1019, "atoms": 174, "composition": [7, 7, 58, 54, 48], "charge": -0.0, "force_rmse": 0.11314331117117114}, {"index": 684, "atoms": 315, "composition": [8, 7, 137, 150, 13], "charge": -0.0, "force_rmse": 0.11290512529196532}, {"index": 190, "atoms": 259, "composition": [8, 3, 139, 96, 13], "charge": -0.0, "force_rmse": 0.11193145686392474}], "atomic_numbers": [1, 6, 8, 25, 45]}
2026-10-08 06:17:12.607 INFO: Full-split generalization {"epoch": 300, "training_graphs": 1125, "validation_graphs": 279, "train": {"rmse_e_per_atom": 0.004368264221632522, "rmse_f": 0.078280264650021, "rmse_mu_per_atom": 0.00022045660522124932, "rmse_rho": 0.00019980257554885435}, "validation": {"rmse_e_per_atom": 0.0044455786588826224, "rmse_f": 0.10619275704234203, "rmse_mu_per_atom": 0.0006694353730192201, "rmse_rho": 0.00021863320502018643}, "weighted_training_objectives": {"energy_per_atom": 0.0019081732309994778, "forces": 3.0638999168386616, "dipole": 0.00840167962230165, "fourier_density": 0.3992106919595568}, "weighted_validation_objectives": {"energy_per_atom": 0.001976316961231261, "forces": 5.638450824126941, "dipole": 0.10649337222166073, "fourier_density": 0.4780047833739888}, "seconds": 111.07777943401015, "scope": "Whole splits at the same EMA parameters and deployment step count; read-only, native units."}
2026-10-08 06:17:33.886 INFO: Electronic diagnostic {"train": {"graphs": 32, "charge_span": [-0.0, -0.0], "step_comparison": [[{"steps": 25, "WF_eV": 1.5855741689110565, "EF_eV": -0.7150962439218916, "residual": 0.005942941504572395}, {"steps": 50, "WF_eV": 1.5844355658215612, "EF_eV": -0.7145486448568192, "residual": 9.46122615155089e-05}, {"steps": 100, "WF_eV": 1.5844480566895762, "EF_eV": -0.7145546171321168, "residual": 1.5916040965215095e-08}], [{"steps": 25, "WF_eV": 1.5813299620139152, "EF_eV": -0.6137556961557435, "residual": 0.005408081784044559}, {"steps": 50, "WF_eV": 1.58038128486028, "EF_eV": -0.6134145686450767, "residual": 0.0001205072910870214}, {"steps": 100, "WF_eV": 1.580391714106248, "EF_eV": -0.6134181206263509, "residual": 3.430822918815135e-08}]], "dEF_dQ_and_dWF_dQ_eV_per_e": [[-0.2912242884696825, 0.022158411369899156], [-0.34953791307961724, 0.029817618527072653]], "force_RMSE_by_atomic_number_eV_A": {"1": 0.06929445829051073, "8": 0.06849302062834707, "45": 0.07815325888699733, "6": 0.11550098307213436, "25": 0.06681159574754499}, "force_RMSE_eV_A": 0.07388034565314737, "charge_response_identifiability": "Single-charge data do not determine capacitance; slopes above are predictions, not validation."}, "validation": {"graphs": 16, "charge_span": [-0.0, -0.0], "step_comparison": [[{"steps": 25, "WF_eV": 1.6101681203278642, "EF_eV": -0.8464359422664665, "residual": 0.00805677007553173}, {"steps": 50, "WF_eV": 1.6084830211294694, "EF_eV": -0.845780443704661, "residual": 0.0001360149336720076}, {"steps": 100, "WF_eV": 1.608500369447126, "EF_eV": -0.845786571713593, "residual": 1.9574352333028705e-08}], [{"steps": 25, "WF_eV": 1.6024157808403798, "EF_eV": -0.9064060284535405, "residual": 0.0018022554216385739}, {"steps": 50, "WF_eV": 1.6021463342490243, "EF_eV": -0.9063374851301933, "residual": 9.338115215144077e-06}, {"steps": 100, "WF_eV": 1.6021448991743383, "EF_eV": -0.9063367370683995, "residual": 3.838489665008993e-09}]], "dEF_dQ_and_dWF_dQ_eV_per_e": [[-0.4355870473499279, 0.020541616824465425], [-0.37667233708412184, 0.019488050841431903]], "force_RMSE_by_atomic_number_eV_A": {"6": 0.2305961557674569, "8": 0.09748178587704934, "45": 0.09364568398085175, "1": 0.10602014487549558, "25": 0.09420419290455305}, "force_RMSE_eV_A": 0.10268553843919495, "charge_response_identifiability": "Single-charge data do not determine capacitance; slopes above are predictions, not validation."}, "epoch": 300, "response_weight_norms": {"vector_out.weight": 3.3880634070890108, "scalar_out.weight": 4.538473881569592, "state_scalar.weight": 4.782198446139635, "state_vector.weight": 3.4856181005932374, "neighbor_scalar.weight": 3.372107243901761, "neighbor_vector.weight": 5.358506280713117}, "regularization": {"field_weight_decay": 0.01}, "objective_gradients": {"training_index": 561, "atoms": 176, "terms": {"energy_per_atom": {"weighted_loss": 0.0004879137237779791, "gradient_norm": 0.31057689613980294}, "forces": {"weighted_loss": 1.8384350258982327, "gradient_norm": 4.786776628812421}, "dipole": {"weighted_loss": 0.005208953200493818, "gradient_norm": 1.6938643214728382}, "fourier_density": {"weighted_loss": 0.25870166033674286, "gradient_norm": 2.0463551657972214}, "density_observer_farfield": {"weighted_loss": 0.036692351645376334, "gradient_norm": 0.7971692012670608}}, "cosines": {"energy_per_atom / forces": 0.07394020514137216, "energy_per_atom / dipole": -0.030356444098900603, "energy_per_atom / fourier_density": 0.042485565709260945, "energy_per_atom / density_observer_farfield": 0.023394746701349563, "forces / dipole": 0.025400490675643126, "forces / fourier_density": 0.029457068454309038, "forces / density_observer_farfield": 0.01778526983679075, "dipole / fourier_density": -0.5595958651292305, "dipole / density_observer_farfield": -0.6037448106073391, "fourier_density / density_observer_farfield": 0.7881914523738045}, "scope": "One training graph, before clipping; diagnostic only.", "parameter_state": "EMA"}, "scope": "Deterministic panels, not whole-dataset metrics. Validation is development data, never used for fitting or selecting the probe."}
2026-10-08 06:25:18.772 INFO: Full validation audit {"graphs": 279, "index_convention": "supplied loader order, zero based", "force_rmse_by_element_column_eV_A": {"0": 0.10473794280235961, "1": 0.25432243557570805, "2": 0.09910367494230528, "3": 0.09386715375702158, "4": 0.09766260042446824}, "force_target_rms_by_element_column_eV_A": {"0": 0.6667205065800093, "1": 1.485388937044054, "2": 0.6623370749424797, "3": 0.6101502819784279, "4": 0.42143582945433244}, "force_rmse_over_target_rms_by_element_column": {"0": 0.15709422729416317, "1": 0.17121605610030557, "2": 0.14962724976691344, "3": 0.15384267864738982, "4": 0.23173777263058057}, "density_observers": {"density_RMSE_e_A3": 0.0002177570689108256, "farfield_RMSE_e_A3": 6.352139625750836e-05, "scope": "Different Gaussian resolutions of the same error; smaller farfield RMSE is not an accuracy gain."}, "largest_force_errors": [{"index": 250, "atoms": 179, "composition": [13, 8, 56, 54, 48], "charge": -0.0, "force_rmse": 0.31118806987326947}, {"index": 152, "atoms": 342, "composition": [17, 13, 149, 150, 13], "charge": -0.0, "force_rmse": 0.2161820072851077}, {"index": 169, "atoms": 347, "composition": [12, 8, 164, 150, 13], "charge": -0.0, "force_rmse": 0.20533667237660952}, {"index": 145, "atoms": 346, "composition": [25, 5, 153, 150, 13], "charge": -0.0, "force_rmse": 0.19693620225608205}, {"index": 231, "atoms": 181, "composition": [12, 10, 57, 54, 48], "charge": -0.0, "force_rmse": 0.19143750472171733}, {"index": 186, "atoms": 348, "composition": [14, 17, 154, 150, 13], "charge": -0.0, "force_rmse": 0.17835725216297324}, {"index": 225, "atoms": 169, "composition": [3, 6, 58, 54, 48], "charge": -0.0, "force_rmse": 0.17399878219260365}, {"index": 214, "atoms": 328, "composition": [16, 11, 138, 150, 13], "charge": -0.0, "force_rmse": 0.17331048306319566}], "atomic_numbers": [1, 6, 8, 25, 45]}
2026-10-08 06:25:18.789 INFO: Epoch 305: loss=6.22352, RMSE_E_per_atom=4.3841 meV, RMSE_F=106.1382 meV/A, RMSE_dip_per_atom=0.6948 meA, RMSE_rho=0.2178 me/A^3
2026-10-08 06:25:18.789 INFO: 50-step electronic residual maximum: 0.029778
2026-10-08 06:25:18.794 INFO: Optimizer epoch 305: lr=[0.001, 0.001, 0.001, 0.001, 0.001, 0.001, 0.001, 0.001, 0.001], mean gradient norm=6.6826, clipped=8/141
2026-10-08 06:25:18.794 INFO: Epoch timing: train=86.400s, validation=27.401s, updates=141, train/update=0.61277s, peak allocated=12200.5 MiB, backbone=CuEq
2026-10-08 06:25:18.794 INFO: Optimization budget: graphs=1125/1125, updates=141, mean retained gradient=0.98831, min retained gradient=0.62862
2026-10-08 06:25:18.794 INFO: Optimizer time scales {"updates_per_epoch": 141, "groups": [{"name": "embedding", "lr": 0.001, "parameter_update_range": [43146.0, 43146.0], "moment_memory_epochs": [0.07092198581560286, 7.092198581560277], "AdamW_decay_only_retention_per_epoch": 1.0}, {"name": "interactions_decay", "lr": 0.001, "parameter_update_range": [43146.0, 43146.0], "moment_memory_epochs": [0.07092198581560286, 7.092198581560277], "AdamW_decay_only_retention_per_epoch": 0.9998590098695387}, {"name": "interactions_no_decay", "lr": 0.001, "parameter_update_range": [43146.0, 43146.0], "moment_memory_epochs": [0.07092198581560286, 7.092198581560277], "AdamW_decay_only_retention_per_epoch": 1.0}, {"name": "products", "lr": 0.001, "parameter_update_range": [43146.0, 43146.0], "moment_memory_epochs": [0.07092198581560286, 7.092198581560277], "AdamW_decay_only_retention_per_epoch": 0.9998590098695387}, {"name": "readouts", "lr": 0.001, "parameter_update_range": [43146.0, 43146.0], "moment_memory_epochs": [0.07092198581560286, 7.092198581560277], "AdamW_decay_only_retention_per_epoch": 1.0}, {"name": "lr_source_maps", "lr": 0.001, "parameter_update_range": [43146.0, 43146.0], "moment_memory_epochs": [0.07092198581560286, 7.092198581560277], "AdamW_decay_only_retention_per_epoch": 1.0}, {"name": "field_dependent_charges_map", "lr": 0.001, "parameter_update_range": [43146.0, 43146.0], "moment_memory_epochs": [0.07092198581560286, 7.092198581560277], "AdamW_decay_only_retention_per_epoch": 0.9985909865428542}, {"name": "electronic_references", "lr": 0.001, "parameter_update_range": [43146.0, 43146.0], "moment_memory_epochs": [0.07092198581560286, 7.092198581560277], "AdamW_decay_only_retention_per_epoch": 1.0}, {"name": "layer_feature_mixer", "lr": 0.001, "parameter_update_range": [43146.0, 43146.0], "moment_memory_epochs": [0.07092198581560286, 7.092198581560277], "AdamW_decay_only_retention_per_epoch": 0.9998590098695387}], "EMA_asymptotic_memory_epochs": 0.7092198581560277}
2026-10-08 06:25:18.794 INFO: Batching: optimizer graphs=8, device graphs<=8; one clipping/Adam/EMA update per optimizer batch
2026-10-08 06:25:18.794 INFO: 50-step finite-budget validation residual 0.029778 exceeds equilibrium tolerance 1e-06; metrics describe the exported finite trajectory, not a converged root
2026-10-08 06:33:06.400 INFO: Full validation audit {"graphs": 279, "index_convention": "supplied loader order, zero based", "force_rmse_by_element_column_eV_A": {"0": 0.1044538622391319, "1": 0.2539157591854106, "2": 0.0989803299409455, "3": 0.09374004232796528, "4": 0.09754985210486619}, "force_target_rms_by_element_column_eV_A": {"0": 0.6667205065800093, "1": 1.485388937044054, "2": 0.6623370749424797, "3": 0.6101502819784279, "4": 0.42143582945433244}, "force_rmse_over_target_rms_by_element_column": {"0": 0.15666814086000666, "1": 0.17094227165223588, "2": 0.1494410228349989, "3": 0.15363435058000924, "4": 0.23147023885266702}, "density_observers": {"density_RMSE_e_A3": 0.00021828976700210472, "farfield_RMSE_e_A3": 6.402428737947651e-05, "scope": "Different Gaussian resolutions of the same error; smaller farfield RMSE is not an accuracy gain."}, "largest_force_errors": [{"index": 250, "atoms": 179, "composition": [13, 8, 56, 54, 48], "charge": -0.0, "force_rmse": 0.3075028963043821}, {"index": 152, "atoms": 342, "composition": [17, 13, 149, 150, 13], "charge": -0.0, "force_rmse": 0.21390310678024752}, {"index": 145, "atoms": 346, "composition": [25, 5, 153, 150, 13], "charge": -0.0, "force_rmse": 0.1979994501821908}, {"index": 169, "atoms": 347, "composition": [12, 8, 164, 150, 13], "charge": -0.0, "force_rmse": 0.19499085858311688}, {"index": 231, "atoms": 181, "composition": [12, 10, 57, 54, 48], "charge": -0.0, "force_rmse": 0.19205460294907492}, {"index": 186, "atoms": 348, "composition": [14, 17, 154, 150, 13], "charge": -0.0, "force_rmse": 0.17853403832223658}, {"index": 225, "atoms": 169, "composition": [3, 6, 58, 54, 48], "charge": -0.0, "force_rmse": 0.17341636179853293}, {"index": 214, "atoms": 328, "composition": [16, 11, 138, 150, 13], "charge": -0.0, "force_rmse": 0.17290845968683743}], "atomic_numbers": [1, 6, 8, 25, 45]}
2026-10-08 06:33:06.419 INFO: Epoch 310: loss=6.2111, RMSE_E_per_atom=4.3546 meV, RMSE_F=105.9939 meV/A, RMSE_dip_per_atom=0.7002 meA, RMSE_rho=0.2183 me/A^3
2026-10-08 06:33:06.419 INFO: 50-step electronic residual maximum: 0.18098
2026-10-08 06:33:06.425 INFO: Optimizer epoch 310: lr=[0.001, 0.001, 0.001, 0.001, 0.001, 0.001, 0.001, 0.001, 0.001], mean gradient norm=6.4411, clipped=7/141
2026-10-08 06:33:06.425 INFO: Epoch timing: train=87.886s, validation=27.707s, updates=141, train/update=0.62331s, peak allocated=12110.1 MiB, backbone=CuEq
2026-10-08 06:33:06.425 INFO: Optimization budget: graphs=1125/1125, updates=141, mean retained gradient=0.98989, min retained gradient=0.59169
2026-10-08 06:33:06.425 INFO: Optimizer time scales {"updates_per_epoch": 141, "groups": [{"name": "embedding", "lr": 0.001, "parameter_update_range": [43851.0, 43851.0], "moment_memory_epochs": [0.07092198581560286, 7.092198581560277], "AdamW_decay_only_retention_per_epoch": 1.0}, {"name": "interactions_decay", "lr": 0.001, "parameter_update_range": [43851.0, 43851.0], "moment_memory_epochs": [0.07092198581560286, 7.092198581560277], "AdamW_decay_only_retention_per_epoch": 0.9998590098695387}, {"name": "interactions_no_decay", "lr": 0.001, "parameter_update_range": [43851.0, 43851.0], "moment_memory_epochs": [0.07092198581560286, 7.092198581560277], "AdamW_decay_only_retention_per_epoch": 1.0}, {"name": "products", "lr": 0.001, "parameter_update_range": [43851.0, 43851.0], "moment_memory_epochs": [0.07092198581560286, 7.092198581560277], "AdamW_decay_only_retention_per_epoch": 0.9998590098695387}, {"name": "readouts", "lr": 0.001, "parameter_update_range": [43851.0, 43851.0], "moment_memory_epochs": [0.07092198581560286, 7.092198581560277], "AdamW_decay_only_retention_per_epoch": 1.0}, {"name": "lr_source_maps", "lr": 0.001, "parameter_update_range": [43851.0, 43851.0], "moment_memory_epochs": [0.07092198581560286, 7.092198581560277], "AdamW_decay_only_retention_per_epoch": 1.0}, {"name": "field_dependent_charges_map", "lr": 0.001, "parameter_update_range": [43851.0, 43851.0], "moment_memory_epochs": [0.07092198581560286, 7.092198581560277], "AdamW_decay_only_retention_per_epoch": 0.9985909865428542}, {"name": "electronic_references", "lr": 0.001, "parameter_update_range": [43851.0, 43851.0], "moment_memory_epochs": [0.07092198581560286, 7.092198581560277], "AdamW_decay_only_retention_per_epoch": 1.0}, {"name": "layer_feature_mixer", "lr": 0.001, "parameter_update_range": [43851.0, 43851.0], "moment_memory_epochs": [0.07092198581560286, 7.092198581560277], "AdamW_decay_only_retention_per_epoch": 0.9998590098695387}], "EMA_asymptotic_memory_epochs": 0.7092198581560277}
2026-10-08 06:33:06.425 INFO: Batching: optimizer graphs=8, device graphs<=8; one clipping/Adam/EMA update per optimizer batch
2026-10-08 06:33:06.425 INFO: 50-step finite-budget validation residual 0.18098 exceeds equilibrium tolerance 1e-06; metrics describe the exported finite trajectory, not a converged root
2026-10-08 06:40:54.266 INFO: Full validation audit {"graphs": 279, "index_convention": "supplied loader order, zero based", "force_rmse_by_element_column_eV_A": {"0": 0.10454592175620554, "1": 0.25363854023010507, "2": 0.09900387169282124, "3": 0.09360472426228171, "4": 0.09770970035089026}, "force_target_rms_by_element_column_eV_A": {"0": 0.6667205065800093, "1": 1.485388937044054, "2": 0.6623370749424797, "3": 0.6101502819784279, "4": 0.42143582945433244}, "force_rmse_over_target_rms_by_element_column": {"0": 0.15680621898444574, "1": 0.17075564110154848, "2": 0.1494765662958233, "3": 0.15341257232360198, "4": 0.23184953324306343}, "density_observers": {"density_RMSE_e_A3": 0.00021874723904332958, "farfield_RMSE_e_A3": 6.437860733929035e-05, "scope": "Different Gaussian resolutions of the same error; smaller farfield RMSE is not an accuracy gain."}, "largest_force_errors": [{"index": 250, "atoms": 179, "composition": [13, 8, 56, 54, 48], "charge": -0.0, "force_rmse": 0.3111537277592189}, {"index": 152, "atoms": 342, "composition": [17, 13, 149, 150, 13], "charge": -0.0, "force_rmse": 0.21694456713534932}, {"index": 169, "atoms": 347, "composition": [12, 8, 164, 150, 13], "charge": -0.0, "force_rmse": 0.19965655942801389}, {"index": 145, "atoms": 346, "composition": [25, 5, 153, 150, 13], "charge": -0.0, "force_rmse": 0.19732394976146217}, {"index": 231, "atoms": 181, "composition": [12, 10, 57, 54, 48], "charge": -0.0, "force_rmse": 0.19022930943833755}, {"index": 186, "atoms": 348, "composition": [14, 17, 154, 150, 13], "charge": -0.0, "force_rmse": 0.17573362800637232}, {"index": 214, "atoms": 328, "composition": [16, 11, 138, 150, 13], "charge": -0.0, "force_rmse": 0.17376193384365135}, {"index": 225, "atoms": 169, "composition": [3, 6, 58, 54, 48], "charge": -0.0, "force_rmse": 0.1720179073043433}], "atomic_numbers": [1, 6, 8, 25, 45]}
2026-10-08 06:40:54.284 INFO: Epoch 315: loss=6.20986, RMSE_E_per_atom=4.3752 meV, RMSE_F=106.0048 meV/A, RMSE_dip_per_atom=0.6774 meA, RMSE_rho=0.2187 me/A^3
2026-10-08 06:40:54.284 INFO: 50-step electronic residual maximum: 0.16405
2026-10-08 06:40:54.289 INFO: Optimizer epoch 315: lr=[0.001, 0.001, 0.001, 0.001, 0.001, 0.001, 0.001, 0.001, 0.001], mean gradient norm=6.6152, clipped=12/141
2026-10-08 06:40:54.289 INFO: Epoch timing: train=88.109s, validation=27.729s, updates=141, train/update=0.62489s, peak allocated=12171.4 MiB, backbone=CuEq
2026-10-08 06:40:54.289 INFO: Optimization budget: graphs=1125/1125, updates=141, mean retained gradient=0.98931, min retained gradient=0.66673
2026-10-08 06:40:54.289 INFO: Optimizer time scales {"updates_per_epoch": 141, "groups": [{"name": "embedding", "lr": 0.001, "parameter_update_range": [44556.0, 44556.0], "moment_memory_epochs": [0.07092198581560286, 7.092198581560277], "AdamW_decay_only_retention_per_epoch": 1.0}, {"name": "interactions_decay", "lr": 0.001, "parameter_update_range": [44556.0, 44556.0], "moment_memory_epochs": [0.07092198581560286, 7.092198581560277], "AdamW_decay_only_retention_per_epoch": 0.9998590098695387}, {"name": "interactions_no_decay", "lr": 0.001, "parameter_update_range": [44556.0, 44556.0], "moment_memory_epochs": [0.07092198581560286, 7.092198581560277], "AdamW_decay_only_retention_per_epoch": 1.0}, {"name": "products", "lr": 0.001, "parameter_update_range": [44556.0, 44556.0], "moment_memory_epochs": [0.07092198581560286, 7.092198581560277], "AdamW_decay_only_retention_per_epoch": 0.9998590098695387}, {"name": "readouts", "lr": 0.001, "parameter_update_range": [44556.0, 44556.0], "moment_memory_epochs": [0.07092198581560286, 7.092198581560277], "AdamW_decay_only_retention_per_epoch": 1.0}, {"name": "lr_source_maps", "lr": 0.001, "parameter_update_range": [44556.0, 44556.0], "moment_memory_epochs": [0.07092198581560286, 7.092198581560277], "AdamW_decay_only_retention_per_epoch": 1.0}, {"name": "field_dependent_charges_map", "lr": 0.001, "parameter_update_range": [44556.0, 44556.0], "moment_memory_epochs": [0.07092198581560286, 7.092198581560277], "AdamW_decay_only_retention_per_epoch": 0.9985909865428542}, {"name": "electronic_references", "lr": 0.001, "parameter_update_range": [44556.0, 44556.0], "moment_memory_epochs": [0.07092198581560286, 7.092198581560277], "AdamW_decay_only_retention_per_epoch": 1.0}, {"name": "layer_feature_mixer", "lr": 0.001, "parameter_update_range": [44556.0, 44556.0], "moment_memory_epochs": [0.07092198581560286, 7.092198581560277], "AdamW_decay_only_retention_per_epoch": 0.9998590098695387}], "EMA_asymptotic_memory_epochs": 0.7092198581560277}
2026-10-08 06:40:54.289 INFO: Batching: optimizer graphs=8, device graphs<=8; one clipping/Adam/EMA update per optimizer batch
2026-10-08 06:40:54.289 INFO: 50-step finite-budget validation residual 0.16405 exceeds equilibrium tolerance 1e-06; metrics describe the exported finite trajectory, not a converged root
2026-10-08 06:48:41.914 INFO: Full validation audit {"graphs": 279, "index_convention": "supplied loader order, zero based", "force_rmse_by_element_column_eV_A": {"0": 0.10463759712103003, "1": 0.25362424199525135, "2": 0.09891487664411787, "3": 0.09351301938504696, "4": 0.09752600834464296}, "force_target_rms_by_element_column_eV_A": {"0": 0.6667205065800093, "1": 1.485388937044054, "2": 0.6623370749424797, "3": 0.6101502819784279, "4": 0.42143582945433244}, "force_rmse_over_target_rms_by_element_column": {"0": 0.15694372092704348, "1": 0.17074601518169874, "2": 0.14934220110312876, "3": 0.15326227348749, "4": 0.23141366141297925}, "density_observers": {"density_RMSE_e_A3": 0.00021882542683138902, "farfield_RMSE_e_A3": 6.417041458687594e-05, "scope": "Different Gaussian resolutions of the same error; smaller farfield RMSE is not an accuracy gain."}, "largest_force_errors": [{"index": 250, "atoms": 179, "composition": [13, 8, 56, 54, 48], "charge": -0.0, "force_rmse": 0.30940856985948734}, {"index": 152, "atoms": 342, "composition": [17, 13, 149, 150, 13], "charge": -0.0, "force_rmse": 0.21917036672757556}, {"index": 145, "atoms": 346, "composition": [25, 5, 153, 150, 13], "charge": -0.0, "force_rmse": 0.19686031395974254}, {"index": 231, "atoms": 181, "composition": [12, 10, 57, 54, 48], "charge": -0.0, "force_rmse": 0.19483940882021905}, {"index": 169, "atoms": 347, "composition": [12, 8, 164, 150, 13], "charge": -0.0, "force_rmse": 0.1910251165773859}, {"index": 186, "atoms": 348, "composition": [14, 17, 154, 150, 13], "charge": -0.0, "force_rmse": 0.17497147088271045}, {"index": 214, "atoms": 328, "composition": [16, 11, 138, 150, 13], "charge": -0.0, "force_rmse": 0.17463474290021525}, {"index": 225, "atoms": 169, "composition": [3, 6, 58, 54, 48], "charge": -0.0, "force_rmse": 0.1733510070296885}], "atomic_numbers": [1, 6, 8, 25, 45]}
2026-10-08 06:48:41.933 INFO: Epoch 320: loss=6.20249, RMSE_E_per_atom=4.3593 meV, RMSE_F=105.8986 meV/A, RMSE_dip_per_atom=0.6984 meA, RMSE_rho=0.2188 me/A^3
2026-10-08 06:48:41.933 INFO: 50-step electronic residual maximum: 0.10194
2026-10-08 06:48:41.939 INFO: Optimizer epoch 320: lr=[0.001, 0.001, 0.001, 0.001, 0.001, 0.001, 0.001, 0.001, 0.001], mean gradient norm=5.8964, clipped=3/141
2026-10-08 06:48:41.939 INFO: Epoch timing: train=87.103s, validation=27.374s, updates=141, train/update=0.61775s, peak allocated=12157.3 MiB, backbone=CuEq
2026-10-08 06:48:41.939 INFO: Optimization budget: graphs=1125/1125, updates=141, mean retained gradient=0.99676, min retained gradient=0.64576
2026-10-08 06:48:41.939 INFO: Optimizer time scales {"updates_per_epoch": 141, "groups": [{"name": "embedding", "lr": 0.001, "parameter_update_range": [45261.0, 45261.0], "moment_memory_epochs": [0.07092198581560286, 7.092198581560277], "AdamW_decay_only_retention_per_epoch": 1.0}, {"name": "interactions_decay", "lr": 0.001, "parameter_update_range": [45261.0, 45261.0], "moment_memory_epochs": [0.07092198581560286, 7.092198581560277], "AdamW_decay_only_retention_per_epoch": 0.9998590098695387}, {"name": "interactions_no_decay", "lr": 0.001, "parameter_update_range": [45261.0, 45261.0], "moment_memory_epochs": [0.07092198581560286, 7.092198581560277], "AdamW_decay_only_retention_per_epoch": 1.0}, {"name": "products", "lr": 0.001, "parameter_update_range": [45261.0, 45261.0], "moment_memory_epochs": [0.07092198581560286, 7.092198581560277], "AdamW_decay_only_retention_per_epoch": 0.9998590098695387}, {"name": "readouts", "lr": 0.001, "parameter_update_range": [45261.0, 45261.0], "moment_memory_epochs": [0.07092198581560286, 7.092198581560277], "AdamW_decay_only_retention_per_epoch": 1.0}, {"name": "lr_source_maps", "lr": 0.001, "parameter_update_range": [45261.0, 45261.0], "moment_memory_epochs": [0.07092198581560286, 7.092198581560277], "AdamW_decay_only_retention_per_epoch": 1.0}, {"name": "field_dependent_charges_map", "lr": 0.001, "parameter_update_range": [45261.0, 45261.0], "moment_memory_epochs": [0.07092198581560286, 7.092198581560277], "AdamW_decay_only_retention_per_epoch": 0.9985909865428542}, {"name": "electronic_references", "lr": 0.001, "parameter_update_range": [45261.0, 45261.0], "moment_memory_epochs": [0.07092198581560286, 7.092198581560277], "AdamW_decay_only_retention_per_epoch": 1.0}, {"name": "layer_feature_mixer", "lr": 0.001, "parameter_update_range": [45261.0, 45261.0], "moment_memory_epochs": [0.07092198581560286, 7.092198581560277], "AdamW_decay_only_retention_per_epoch": 0.9998590098695387}], "EMA_asymptotic_memory_epochs": 0.7092198581560277}
2026-10-08 06:48:41.939 INFO: Batching: optimizer graphs=8, device graphs<=8; one clipping/Adam/EMA update per optimizer batch
2026-10-08 06:48:41.939 INFO: 50-step finite-budget validation residual 0.10194 exceeds equilibrium tolerance 1e-06; metrics describe the exported finite trajectory, not a converged root
2026-10-08 06:56:27.349 INFO: Full validation audit {"graphs": 279, "index_convention": "supplied loader order, zero based", "force_rmse_by_element_column_eV_A": {"0": 0.10488620185145095, "1": 0.254742004032387, "2": 0.09884977051033529, "3": 0.09356188134699642, "4": 0.09750260048678228}, "force_target_rms_by_element_column_eV_A": {"0": 0.6667205065800093, "1": 1.485388937044054, "2": 0.6623370749424797, "3": 0.6101502819784279, "4": 0.42143582945433244}, "force_rmse_over_target_rms_by_element_column": {"0": 0.15731659790917824, "1": 0.17149851980137093, "2": 0.14924390351985029, "3": 0.1533423553351801, "4": 0.23135811830006692}, "density_observers": {"density_RMSE_e_A3": 0.00021861934101900048, "farfield_RMSE_e_A3": 6.358585765389741e-05, "scope": "Different Gaussian resolutions of the same error; smaller farfield RMSE is not an accuracy gain."}, "largest_force_errors": [{"index": 250, "atoms": 179, "composition": [13, 8, 56, 54, 48], "charge": -0.0, "force_rmse": 0.3090815657022286}, {"index": 152, "atoms": 342, "composition": [17, 13, 149, 150, 13], "charge": -0.0, "force_rmse": 0.2166290302973846}, {"index": 169, "atoms": 347, "composition": [12, 8, 164, 150, 13], "charge": -0.0, "force_rmse": 0.20427212276959358}, {"index": 145, "atoms": 346, "composition": [25, 5, 153, 150, 13], "charge": -0.0, "force_rmse": 0.19631751585850793}, {"index": 231, "atoms": 181, "composition": [12, 10, 57, 54, 48], "charge": -0.0, "force_rmse": 0.19227736304066761}, {"index": 214, "atoms": 328, "composition": [16, 11, 138, 150, 13], "charge": -0.0, "force_rmse": 0.17469444676275714}, {"index": 186, "atoms": 348, "composition": [14, 17, 154, 150, 13], "charge": -0.0, "force_rmse": 0.17328142714999734}, {"index": 225, "atoms": 169, "composition": [3, 6, 58, 54, 48], "charge": -0.0, "force_rmse": 0.17261863541454958}], "atomic_numbers": [1, 6, 8, 25, 45]}
2026-10-08 06:56:27.367 INFO: Epoch 325: loss=6.21406, RMSE_E_per_atom=4.3680 meV, RMSE_F=105.9806 meV/A, RMSE_dip_per_atom=0.6986 meA, RMSE_rho=0.2186 me/A^3
2026-10-08 06:56:27.368 INFO: 50-step electronic residual maximum: 0.073672
2026-10-08 06:56:27.377 INFO: Optimizer epoch 325: lr=[0.001, 0.001, 0.001, 0.001, 0.001, 0.001, 0.001, 0.001, 0.001], mean gradient norm=5.6644, clipped=2/141
2026-10-08 06:56:27.377 INFO: Epoch timing: train=88.155s, validation=27.741s, updates=141, train/update=0.62521s, peak allocated=12501.2 MiB, backbone=CuEq
2026-10-08 06:56:27.377 INFO: Optimization budget: graphs=1125/1125, updates=141, mean retained gradient=0.9986, min retained gradient=0.86834
2026-10-08 06:56:27.377 INFO: Optimizer time scales {"updates_per_epoch": 141, "groups": [{"name": "embedding", "lr": 0.001, "parameter_update_range": [45966.0, 45966.0], "moment_memory_epochs": [0.07092198581560286, 7.092198581560277], "AdamW_decay_only_retention_per_epoch": 1.0}, {"name": "interactions_decay", "lr": 0.001, "parameter_update_range": [45966.0, 45966.0], "moment_memory_epochs": [0.07092198581560286, 7.092198581560277], "AdamW_decay_only_retention_per_epoch": 0.9998590098695387}, {"name": "interactions_no_decay", "lr": 0.001, "parameter_update_range": [45966.0, 45966.0], "moment_memory_epochs": [0.07092198581560286, 7.092198581560277], "AdamW_decay_only_retention_per_epoch": 1.0}, {"name": "products", "lr": 0.001, "parameter_update_range": [45966.0, 45966.0], "moment_memory_epochs": [0.07092198581560286, 7.092198581560277], "AdamW_decay_only_retention_per_epoch": 0.9998590098695387}, {"name": "readouts", "lr": 0.001, "parameter_update_range": [45966.0, 45966.0], "moment_memory_epochs": [0.07092198581560286, 7.092198581560277], "AdamW_decay_only_retention_per_epoch": 1.0}, {"name": "lr_source_maps", "lr": 0.001, "parameter_update_range": [45966.0, 45966.0], "moment_memory_epochs": [0.07092198581560286, 7.092198581560277], "AdamW_decay_only_retention_per_epoch": 1.0}, {"name": "field_dependent_charges_map", "lr": 0.001, "parameter_update_range": [45966.0, 45966.0], "moment_memory_epochs": [0.07092198581560286, 7.092198581560277], "AdamW_decay_only_retention_per_epoch": 0.9985909865428542}, {"name": "electronic_references", "lr": 0.001, "parameter_update_range": [45966.0, 45966.0], "moment_memory_epochs": [0.07092198581560286, 7.092198581560277], "AdamW_decay_only_retention_per_epoch": 1.0}, {"name": "layer_feature_mixer", "lr": 0.001, "parameter_update_range": [45966.0, 45966.0], "moment_memory_epochs": [0.07092198581560286, 7.092198581560277], "AdamW_decay_only_retention_per_epoch": 0.9998590098695387}], "EMA_asymptotic_memory_epochs": 0.7092198581560277}
2026-10-08 06:56:27.377 INFO: Batching: optimizer graphs=8, device graphs<=8; one clipping/Adam/EMA update per optimizer batch
2026-10-08 06:56:27.377 INFO: 50-step finite-budget validation residual 0.073672 exceeds equilibrium tolerance 1e-06; metrics describe the exported finite trajectory, not a converged root
2026-10-08 07:04:15.435 INFO: Full validation audit {"graphs": 279, "index_convention": "supplied loader order, zero based", "force_rmse_by_element_column_eV_A": {"0": 0.10491198474850738, "1": 0.2535740009476738, "2": 0.09890054847047941, "3": 0.09351651152166301, "4": 0.09742738115325138}, "force_target_rms_by_element_column_eV_A": {"0": 0.6667205065800093, "1": 1.485388937044054, "2": 0.6623370749424797, "3": 0.6101502819784279, "4": 0.42143582945433244}, "force_rmse_over_target_rms_by_element_column": {"0": 0.15735526913168, "1": 0.17071219168515542, "2": 0.14932056835119545, "3": 0.15326799689157453, "4": 0.23117963481984574}, "density_observers": {"density_RMSE_e_A3": 0.00021866784936885446, "farfield_RMSE_e_A3": 6.37186355631011e-05, "scope": "Different Gaussian resolutions of the same error; smaller farfield RMSE is not an accuracy gain."}, "largest_force_errors": [{"index": 250, "atoms": 179, "composition": [13, 8, 56, 54, 48], "charge": -0.0, "force_rmse": 0.3100236325313407}, {"index": 152, "atoms": 342, "composition": [17, 13, 149, 150, 13], "charge": -0.0, "force_rmse": 0.216548877848348}, {"index": 169, "atoms": 347, "composition": [12, 8, 164, 150, 13], "charge": -0.0, "force_rmse": 0.21032946684351914}, {"index": 145, "atoms": 346, "composition": [25, 5, 153, 150, 13], "charge": -0.0, "force_rmse": 0.19583396896040356}, {"index": 231, "atoms": 181, "composition": [12, 10, 57, 54, 48], "charge": -0.0, "force_rmse": 0.19126583587126603}, {"index": 225, "atoms": 169, "composition": [3, 6, 58, 54, 48], "charge": -0.0, "force_rmse": 0.17458313410208257}, {"index": 214, "atoms": 328, "composition": [16, 11, 138, 150, 13], "charge": -0.0, "force_rmse": 0.17279420640991625}, {"index": 186, "atoms": 348, "composition": [14, 17, 154, 150, 13], "charge": -0.0, "force_rmse": 0.17188336767921736}], "atomic_numbers": [1, 6, 8, 25, 45]}
2026-10-08 07:04:15.465 INFO: Epoch 330: loss=6.20034, RMSE_E_per_atom=4.3248 meV, RMSE_F=105.8684 meV/A, RMSE_dip_per_atom=0.6925 meA, RMSE_rho=0.2187 me/A^3
2026-10-08 07:04:15.465 INFO: 50-step electronic residual maximum: 0.037983
2026-10-08 07:04:15.470 INFO: Optimizer epoch 330: lr=[0.001, 0.001, 0.001, 0.001, 0.001, 0.001, 0.001, 0.001, 0.001], mean gradient norm=6.6172, clipped=9/141
2026-10-08 07:04:15.470 INFO: Epoch timing: train=88.204s, validation=27.556s, updates=141, train/update=0.62556s, peak allocated=12353.0 MiB, backbone=CuEq
2026-10-08 07:04:15.470 INFO: Optimization budget: graphs=1125/1125, updates=141, mean retained gradient=0.98907, min retained gradient=0.66517
2026-10-08 07:04:15.471 INFO: Optimizer time scales {"updates_per_epoch": 141, "groups": [{"name": "embedding", "lr": 0.001, "parameter_update_range": [46671.0, 46671.0], "moment_memory_epochs": [0.07092198581560286, 7.092198581560277], "AdamW_decay_only_retention_per_epoch": 1.0}, {"name": "interactions_decay", "lr": 0.001, "parameter_update_range": [46671.0, 46671.0], "moment_memory_epochs": [0.07092198581560286, 7.092198581560277], "AdamW_decay_only_retention_per_epoch": 0.9998590098695387}, {"name": "interactions_no_decay", "lr": 0.001, "parameter_update_range": [46671.0, 46671.0], "moment_memory_epochs": [0.07092198581560286, 7.092198581560277], "AdamW_decay_only_retention_per_epoch": 1.0}, {"name": "products", "lr": 0.001, "parameter_update_range": [46671.0, 46671.0], "moment_memory_epochs": [0.07092198581560286, 7.092198581560277], "AdamW_decay_only_retention_per_epoch": 0.9998590098695387}, {"name": "readouts", "lr": 0.001, "parameter_update_range": [46671.0, 46671.0], "moment_memory_epochs": [0.07092198581560286, 7.092198581560277], "AdamW_decay_only_retention_per_epoch": 1.0}, {"name": "lr_source_maps", "lr": 0.001, "parameter_update_range": [46671.0, 46671.0], "moment_memory_epochs": [0.07092198581560286, 7.092198581560277], "AdamW_decay_only_retention_per_epoch": 1.0}, {"name": "field_dependent_charges_map", "lr": 0.001, "parameter_update_range": [46671.0, 46671.0], "moment_memory_epochs": [0.07092198581560286, 7.092198581560277], "AdamW_decay_only_retention_per_epoch": 0.9985909865428542}, {"name": "electronic_references", "lr": 0.001, "parameter_update_range": [46671.0, 46671.0], "moment_memory_epochs": [0.07092198581560286, 7.092198581560277], "AdamW_decay_only_retention_per_epoch": 1.0}, {"name": "layer_feature_mixer", "lr": 0.001, "parameter_update_range": [46671.0, 46671.0], "moment_memory_epochs": [0.07092198581560286, 7.092198581560277], "AdamW_decay_only_retention_per_epoch": 0.9998590098695387}], "EMA_asymptotic_memory_epochs": 0.7092198581560277}
2026-10-08 07:04:15.471 INFO: Batching: optimizer graphs=8, device graphs<=8; one clipping/Adam/EMA update per optimizer batch
2026-10-08 07:04:15.471 INFO: 50-step finite-budget validation residual 0.037983 exceeds equilibrium tolerance 1e-06; metrics describe the exported finite trajectory, not a converged root
2026-10-08 07:12:03.416 INFO: Full validation audit {"graphs": 279, "index_convention": "supplied loader order, zero based", "force_rmse_by_element_column_eV_A": {"0": 0.10460992409973613, "1": 0.2526690018983767, "2": 0.09854765804832243, "3": 0.09317333494916111, "4": 0.09743378544283406}, "force_target_rms_by_element_column_eV_A": {"0": 0.6667205065800093, "1": 1.485388937044054, "2": 0.6623370749424797, "3": 0.6101502819784279, "4": 0.42143582945433244}, "force_rmse_over_target_rms_by_element_column": {"0": 0.1569022147471363, "1": 0.17010292428944018, "2": 0.14878777253542802, "3": 0.15270555091287377, "4": 0.23119483117747625}, "density_observers": {"density_RMSE_e_A3": 0.00021886071934938963, "farfield_RMSE_e_A3": 6.386137517701946e-05, "scope": "Different Gaussian resolutions of the same error; smaller farfield RMSE is not an accuracy gain."}, "largest_force_errors": [{"index": 250, "atoms": 179, "composition": [13, 8, 56, 54, 48], "charge": -0.0, "force_rmse": 0.30699120713162975}, {"index": 152, "atoms": 342, "composition": [17, 13, 149, 150, 13], "charge": -0.0, "force_rmse": 0.2166680394924974}, {"index": 145, "atoms": 346, "composition": [25, 5, 153, 150, 13], "charge": -0.0, "force_rmse": 0.19566772571162552}, {"index": 231, "atoms": 181, "composition": [12, 10, 57, 54, 48], "charge": -0.0, "force_rmse": 0.1917579610690195}, {"index": 169, "atoms": 347, "composition": [12, 8, 164, 150, 13], "charge": -0.0, "force_rmse": 0.18660435400930017}, {"index": 186, "atoms": 348, "composition": [14, 17, 154, 150, 13], "charge": -0.0, "force_rmse": 0.17323730477235308}, {"index": 214, "atoms": 328, "composition": [16, 11, 138, 150, 13], "charge": -0.0, "force_rmse": 0.17267861127098014}, {"index": 225, "atoms": 169, "composition": [3, 6, 58, 54, 48], "charge": -0.0, "force_rmse": 0.17267413717642205}], "atomic_numbers": [1, 6, 8, 25, 45]}
2026-10-08 07:12:03.436 INFO: Epoch 335: loss=6.16222, RMSE_E_per_atom=4.3125 meV, RMSE_F=105.6119 meV/A, RMSE_dip_per_atom=0.6732 meA, RMSE_rho=0.2189 me/A^3
2026-10-08 07:12:03.436 INFO: 50-step electronic residual maximum: 0.11857
2026-10-08 07:12:03.441 INFO: Optimizer epoch 335: lr=[0.001, 0.001, 0.001, 0.001, 0.001, 0.001, 0.001, 0.001, 0.001], mean gradient norm=5.793, clipped=4/141
2026-10-08 07:12:03.441 INFO: Epoch timing: train=88.150s, validation=27.538s, updates=141, train/update=0.62518s, peak allocated=12553.4 MiB, backbone=CuEq
2026-10-08 07:12:03.442 INFO: Optimization budget: graphs=1125/1125, updates=141, mean retained gradient=0.99383, min retained gradient=0.30163
2026-10-08 07:12:03.442 INFO: Optimizer time scales {"updates_per_epoch": 141, "groups": [{"name": "embedding", "lr": 0.001, "parameter_update_range": [47376.0, 47376.0], "moment_memory_epochs": [0.07092198581560286, 7.092198581560277], "AdamW_decay_only_retention_per_epoch": 1.0}, {"name": "interactions_decay", "lr": 0.001, "parameter_update_range": [47376.0, 47376.0], "moment_memory_epochs": [0.07092198581560286, 7.092198581560277], "AdamW_decay_only_retention_per_epoch": 0.9998590098695387}, {"name": "interactions_no_decay", "lr": 0.001, "parameter_update_range": [47376.0, 47376.0], "moment_memory_epochs": [0.07092198581560286, 7.092198581560277], "AdamW_decay_only_retention_per_epoch": 1.0}, {"name": "products", "lr": 0.001, "parameter_update_range": [47376.0, 47376.0], "moment_memory_epochs": [0.07092198581560286, 7.092198581560277], "AdamW_decay_only_retention_per_epoch": 0.9998590098695387}, {"name": "readouts", "lr": 0.001, "parameter_update_range": [47376.0, 47376.0], "moment_memory_epochs": [0.07092198581560286, 7.092198581560277], "AdamW_decay_only_retention_per_epoch": 1.0}, {"name": "lr_source_maps", "lr": 0.001, "parameter_update_range": [47376.0, 47376.0], "moment_memory_epochs": [0.07092198581560286, 7.092198581560277], "AdamW_decay_only_retention_per_epoch": 1.0}, {"name": "field_dependent_charges_map", "lr": 0.001, "parameter_update_range": [47376.0, 47376.0], "moment_memory_epochs": [0.07092198581560286, 7.092198581560277], "AdamW_decay_only_retention_per_epoch": 0.9985909865428542}, {"name": "electronic_references", "lr": 0.001, "parameter_update_range": [47376.0, 47376.0], "moment_memory_epochs": [0.07092198581560286, 7.092198581560277], "AdamW_decay_only_retention_per_epoch": 1.0}, {"name": "layer_feature_mixer", "lr": 0.001, "parameter_update_range": [47376.0, 47376.0], "moment_memory_epochs": [0.07092198581560286, 7.092198581560277], "AdamW_decay_only_retention_per_epoch": 0.9998590098695387}], "EMA_asymptotic_memory_epochs": 0.7092198581560277}
2026-10-08 07:12:03.442 INFO: Batching: optimizer graphs=8, device graphs<=8; one clipping/Adam/EMA update per optimizer batch
2026-10-08 07:12:03.442 INFO: 50-step finite-budget validation residual 0.11857 exceeds equilibrium tolerance 1e-06; metrics describe the exported finite trajectory, not a converged root
2026-10-08 07:19:49.740 INFO: Full validation audit {"graphs": 279, "index_convention": "supplied loader order, zero based", "force_rmse_by_element_column_eV_A": {"0": 0.10460101976718857, "1": 0.252689728845366, "2": 0.09857007097883405, "3": 0.0930764956891795, "4": 0.09752542832717735}, "force_target_rms_by_element_column_eV_A": {"0": 0.6667205065800093, "1": 1.485388937044054, "2": 0.6623370749424797, "3": 0.6101502819784279, "4": 0.42143582945433244}, "force_rmse_over_target_rms_by_element_column": {"0": 0.15688885932689697, "1": 0.17011687817483162, "2": 0.14882161169581865, "3": 0.15254683712900463, "4": 0.23141228512405201}, "density_observers": {"density_RMSE_e_A3": 0.0002182188725416708, "farfield_RMSE_e_A3": 6.351571803381045e-05, "scope": "Different Gaussian resolutions of the same error; smaller farfield RMSE is not an accuracy gain."}, "largest_force_errors": [{"index": 250, "atoms": 179, "composition": [13, 8, 56, 54, 48], "charge": -0.0, "force_rmse": 0.30556433835240326}, {"index": 152, "atoms": 342, "composition": [17, 13, 149, 150, 13], "charge": -0.0, "force_rmse": 0.2170233466588602}, {"index": 169, "atoms": 347, "composition": [12, 8, 164, 150, 13], "charge": -0.0, "force_rmse": 0.20386396904267137}, {"index": 145, "atoms": 346, "composition": [25, 5, 153, 150, 13], "charge": -0.0, "force_rmse": 0.19344191175592004}, {"index": 231, "atoms": 181, "composition": [12, 10, 57, 54, 48], "charge": -0.0, "force_rmse": 0.1930439849996802}, {"index": 225, "atoms": 169, "composition": [3, 6, 58, 54, 48], "charge": -0.0, "force_rmse": 0.17480984112265757}, {"index": 214, "atoms": 328, "composition": [16, 11, 138, 150, 13], "charge": -0.0, "force_rmse": 0.17262939123376342}, {"index": 186, "atoms": 348, "composition": [14, 17, 154, 150, 13], "charge": -0.0, "force_rmse": 0.16974982369450686}], "atomic_numbers": [1, 6, 8, 25, 45]}
2026-10-08 07:19:49.757 INFO: Epoch 340: loss=6.16422, RMSE_E_per_atom=4.3134 meV, RMSE_F=105.6278 meV/A, RMSE_dip_per_atom=0.6786 meA, RMSE_rho=0.2182 me/A^3
2026-10-08 07:19:49.757 INFO: 50-step electronic residual maximum: 0.057271
2026-10-08 07:19:49.762 INFO: Optimizer epoch 340: lr=[0.001, 0.001, 0.001, 0.001, 0.001, 0.001, 0.001, 0.001, 0.001], mean gradient norm=5.499, clipped=2/141
2026-10-08 07:19:49.762 INFO: Epoch timing: train=87.034s, validation=27.743s, updates=141, train/update=0.61726s, peak allocated=12641.4 MiB, backbone=CuEq
2026-10-08 07:19:49.763 INFO: Optimization budget: graphs=1125/1125, updates=141, mean retained gradient=0.99758, min retained gradient=0.73463
2026-10-08 07:19:49.763 INFO: Optimizer time scales {"updates_per_epoch": 141, "groups": [{"name": "embedding", "lr": 0.001, "parameter_update_range": [48081.0, 48081.0], "moment_memory_epochs": [0.07092198581560286, 7.092198581560277], "AdamW_decay_only_retention_per_epoch": 1.0}, {"name": "interactions_decay", "lr": 0.001, "parameter_update_range": [48081.0, 48081.0], "moment_memory_epochs": [0.07092198581560286, 7.092198581560277], "AdamW_decay_only_retention_per_epoch": 0.9998590098695387}, {"name": "interactions_no_decay", "lr": 0.001, "parameter_update_range": [48081.0, 48081.0], "moment_memory_epochs": [0.07092198581560286, 7.092198581560277], "AdamW_decay_only_retention_per_epoch": 1.0}, {"name": "products", "lr": 0.001, "parameter_update_range": [48081.0, 48081.0], "moment_memory_epochs": [0.07092198581560286, 7.092198581560277], "AdamW_decay_only_retention_per_epoch": 0.9998590098695387}, {"name": "readouts", "lr": 0.001, "parameter_update_range": [48081.0, 48081.0], "moment_memory_epochs": [0.07092198581560286, 7.092198581560277], "AdamW_decay_only_retention_per_epoch": 1.0}, {"name": "lr_source_maps", "lr": 0.001, "parameter_update_range": [48081.0, 48081.0], "moment_memory_epochs": [0.07092198581560286, 7.092198581560277], "AdamW_decay_only_retention_per_epoch": 1.0}, {"name": "field_dependent_charges_map", "lr": 0.001, "parameter_update_range": [48081.0, 48081.0], "moment_memory_epochs": [0.07092198581560286, 7.092198581560277], "AdamW_decay_only_retention_per_epoch": 0.9985909865428542}, {"name": "electronic_references", "lr": 0.001, "parameter_update_range": [48081.0, 48081.0], "moment_memory_epochs": [0.07092198581560286, 7.092198581560277], "AdamW_decay_only_retention_per_epoch": 1.0}, {"name": "layer_feature_mixer", "lr": 0.001, "parameter_update_range": [48081.0, 48081.0], "moment_memory_epochs": [0.07092198581560286, 7.092198581560277], "AdamW_decay_only_retention_per_epoch": 0.9998590098695387}], "EMA_asymptotic_memory_epochs": 0.7092198581560277}
2026-10-08 07:19:49.763 INFO: Batching: optimizer graphs=8, device graphs<=8; one clipping/Adam/EMA update per optimizer batch
2026-10-08 07:19:49.763 INFO: 50-step finite-budget validation residual 0.057271 exceeds equilibrium tolerance 1e-06; metrics describe the exported finite trajectory, not a converged root
2026-10-08 07:27:38.942 INFO: Full validation audit {"graphs": 279, "index_convention": "supplied loader order, zero based", "force_rmse_by_element_column_eV_A": {"0": 0.10446161628209796, "1": 0.2529278165636114, "2": 0.09840645158376352, "3": 0.09316044532149928, "4": 0.09728804307818022}, "force_target_rms_by_element_column_eV_A": {"0": 0.6667205065800093, "1": 1.485388937044054, "2": 0.6623370749424797, "3": 0.6101502819784279, "4": 0.42143582945433244}, "force_rmse_over_target_rms_by_element_column": {"0": 0.15667977098520836, "1": 0.17027716462392772, "2": 0.1485745782724145, "3": 0.15268442558024253, "4": 0.23084900779354006}, "density_observers": {"density_RMSE_e_A3": 0.0002183650981213242, "farfield_RMSE_e_A3": 6.391159096967212e-05, "scope": "Different Gaussian resolutions of the same error; smaller farfield RMSE is not an accuracy gain."}, "largest_force_errors": [{"index": 250, "atoms": 179, "composition": [13, 8, 56, 54, 48], "charge": -0.0, "force_rmse": 0.3066269139260071}, {"index": 152, "atoms": 342, "composition": [17, 13, 149, 150, 13], "charge": -0.0, "force_rmse": 0.21650081232881482}, {"index": 169, "atoms": 347, "composition": [12, 8, 164, 150, 13], "charge": -0.0, "force_rmse": 0.20342302492951525}, {"index": 231, "atoms": 181, "composition": [12, 10, 57, 54, 48], "charge": -0.0, "force_rmse": 0.19548458039959168}, {"index": 145, "atoms": 346, "composition": [25, 5, 153, 150, 13], "charge": -0.0, "force_rmse": 0.1919012118471346}, {"index": 225, "atoms": 169, "composition": [3, 6, 58, 54, 48], "charge": -0.0, "force_rmse": 0.17345054410214847}, {"index": 214, "atoms": 328, "composition": [16, 11, 138, 150, 13], "charge": -0.0, "force_rmse": 0.17312523141262925}, {"index": 186, "atoms": 348, "composition": [14, 17, 154, 150, 13], "charge": -0.0, "force_rmse": 0.17021467605599347}], "atomic_numbers": [1, 6, 8, 25, 45]}
2026-10-08 07:27:38.964 INFO: Epoch 345: loss=6.16392, RMSE_E_per_atom=4.2766 meV, RMSE_F=105.5351 meV/A, RMSE_dip_per_atom=0.6988 meA, RMSE_rho=0.2184 me/A^3
2026-10-08 07:27:38.964 INFO: 50-step electronic residual maximum: 0.075307
2026-10-08 07:27:38.969 INFO: Optimizer epoch 345: lr=[0.001, 0.001, 0.001, 0.001, 0.001, 0.001, 0.001, 0.001, 0.001], mean gradient norm=6.0475, clipped=9/141
2026-10-08 07:27:38.969 INFO: Epoch timing: train=88.348s, validation=27.743s, updates=141, train/update=0.62658s, peak allocated=12581.2 MiB, backbone=CuEq
2026-10-08 07:27:38.969 INFO: Optimization budget: graphs=1125/1125, updates=141, mean retained gradient=0.99396, min retained gradient=0.78399
2026-10-08 07:27:38.969 INFO: Optimizer time scales {"updates_per_epoch": 141, "groups": [{"name": "embedding", "lr": 0.001, "parameter_update_range": [48786.0, 48786.0], "moment_memory_epochs": [0.07092198581560286, 7.092198581560277], "AdamW_decay_only_retention_per_epoch": 1.0}, {"name": "interactions_decay", "lr": 0.001, "parameter_update_range": [48786.0, 48786.0], "moment_memory_epochs": [0.07092198581560286, 7.092198581560277], "AdamW_decay_only_retention_per_epoch": 0.9998590098695387}, {"name": "interactions_no_decay", "lr": 0.001, "parameter_update_range": [48786.0, 48786.0], "moment_memory_epochs": [0.07092198581560286, 7.092198581560277], "AdamW_decay_only_retention_per_epoch": 1.0}, {"name": "products", "lr": 0.001, "parameter_update_range": [48786.0, 48786.0], "moment_memory_epochs": [0.07092198581560286, 7.092198581560277], "AdamW_decay_only_retention_per_epoch": 0.9998590098695387}, {"name": "readouts", "lr": 0.001, "parameter_update_range": [48786.0, 48786.0], "moment_memory_epochs": [0.07092198581560286, 7.092198581560277], "AdamW_decay_only_retention_per_epoch": 1.0}, {"name": "lr_source_maps", "lr": 0.001, "parameter_update_range": [48786.0, 48786.0], "moment_memory_epochs": [0.07092198581560286, 7.092198581560277], "AdamW_decay_only_retention_per_epoch": 1.0}, {"name": "field_dependent_charges_map", "lr": 0.001, "parameter_update_range": [48786.0, 48786.0], "moment_memory_epochs": [0.07092198581560286, 7.092198581560277], "AdamW_decay_only_retention_per_epoch": 0.9985909865428542}, {"name": "electronic_references", "lr": 0.001, "parameter_update_range": [48786.0, 48786.0], "moment_memory_epochs": [0.07092198581560286, 7.092198581560277], "AdamW_decay_only_retention_per_epoch": 1.0}, {"name": "layer_feature_mixer", "lr": 0.001, "parameter_update_range": [48786.0, 48786.0], "moment_memory_epochs": [0.07092198581560286, 7.092198581560277], "AdamW_decay_only_retention_per_epoch": 0.9998590098695387}], "EMA_asymptotic_memory_epochs": 0.7092198581560277}
2026-10-08 07:27:38.969 INFO: Batching: optimizer graphs=8, device graphs<=8; one clipping/Adam/EMA update per optimizer batch
2026-10-08 07:27:38.969 INFO: 50-step finite-budget validation residual 0.075307 exceeds equilibrium tolerance 1e-06; metrics describe the exported finite trajectory, not a converged root
2026-10-08 07:35:27.710 INFO: Full validation audit {"graphs": 279, "index_convention": "supplied loader order, zero based", "force_rmse_by_element_column_eV_A": {"0": 0.10457743339838994, "1": 0.2535221547263887, "2": 0.09855067351926629, "3": 0.09312176013103071, "4": 0.09717518091013083}, "force_target_rms_by_element_column_eV_A": {"0": 0.6667205065800093, "1": 1.485388937044054, "2": 0.6623370749424797, "3": 0.6101502819784279, "4": 0.42143582945433244}, "force_rmse_over_target_rms_by_element_column": {"0": 0.1568534826307164, "1": 0.170677287546588, "2": 0.14879232530932207, "3": 0.15262102285535464, "4": 0.23058120387142098}, "density_observers": {"density_RMSE_e_A3": 0.00021840678665444277, "farfield_RMSE_e_A3": 6.389817646768178e-05, "scope": "Different Gaussian resolutions of the same error; smaller farfield RMSE is not an accuracy gain."}, "largest_force_errors": [{"index": 250, "atoms": 179, "composition": [13, 8, 56, 54, 48], "charge": -0.0, "force_rmse": 0.30379285584786214}, {"index": 152, "atoms": 342, "composition": [17, 13, 149, 150, 13], "charge": -0.0, "force_rmse": 0.21492792685138665}, {"index": 169, "atoms": 347, "composition": [12, 8, 164, 150, 13], "charge": -0.0, "force_rmse": 0.2043744249368856}, {"index": 231, "atoms": 181, "composition": [12, 10, 57, 54, 48], "charge": -0.0, "force_rmse": 0.19400028949999107}, {"index": 145, "atoms": 346, "composition": [25, 5, 153, 150, 13], "charge": -0.0, "force_rmse": 0.19232806413168319}, {"index": 225, "atoms": 169, "composition": [3, 6, 58, 54, 48], "charge": -0.0, "force_rmse": 0.1761386765213981}, {"index": 214, "atoms": 328, "composition": [16, 11, 138, 150, 13], "charge": -0.0, "force_rmse": 0.17334226038275646}, {"index": 186, "atoms": 348, "composition": [14, 17, 154, 150, 13], "charge": -0.0, "force_rmse": 0.17204890786656843}], "atomic_numbers": [1, 6, 8, 25, 45]}
2026-10-08 07:35:27.732 INFO: Epoch 350: loss=6.16638, RMSE_E_per_atom=4.2654 meV, RMSE_F=105.5773 meV/A, RMSE_dip_per_atom=0.6903 meA, RMSE_rho=0.2184 me/A^3
2026-10-08 07:35:27.732 INFO: 50-step electronic residual maximum: 0.14211
2026-10-08 07:35:27.737 INFO: Optimizer epoch 350: lr=[0.001, 0.001, 0.001, 0.001, 0.001, 0.001, 0.001, 0.001, 0.001], mean gradient norm=6.9679, clipped=10/141
2026-10-08 07:35:27.737 INFO: Epoch timing: train=88.299s, validation=27.738s, updates=141, train/update=0.62624s, peak allocated=12505.2 MiB, backbone=CuEq
2026-10-08 07:35:27.737 INFO: Optimization budget: graphs=1125/1125, updates=141, mean retained gradient=0.9872, min retained gradient=0.16066
2026-10-08 07:35:27.738 INFO: Optimizer time scales {"updates_per_epoch": 141, "groups": [{"name": "embedding", "lr": 0.001, "parameter_update_range": [49491.0, 49491.0], "moment_memory_epochs": [0.07092198581560286, 7.092198581560277], "AdamW_decay_only_retention_per_epoch": 1.0}, {"name": "interactions_decay", "lr": 0.001, "parameter_update_range": [49491.0, 49491.0], "moment_memory_epochs": [0.07092198581560286, 7.092198581560277], "AdamW_decay_only_retention_per_epoch": 0.9998590098695387}, {"name": "interactions_no_decay", "lr": 0.001, "parameter_update_range": [49491.0, 49491.0], "moment_memory_epochs": [0.07092198581560286, 7.092198581560277], "AdamW_decay_only_retention_per_epoch": 1.0}, {"name": "products", "lr": 0.001, "parameter_update_range": [49491.0, 49491.0], "moment_memory_epochs": [0.07092198581560286, 7.092198581560277], "AdamW_decay_only_retention_per_epoch": 0.9998590098695387}, {"name": "readouts", "lr": 0.001, "parameter_update_range": [49491.0, 49491.0], "moment_memory_epochs": [0.07092198581560286, 7.092198581560277], "AdamW_decay_only_retention_per_epoch": 1.0}, {"name": "lr_source_maps", "lr": 0.001, "parameter_update_range": [49491.0, 49491.0], "moment_memory_epochs": [0.07092198581560286, 7.092198581560277], "AdamW_decay_only_retention_per_epoch": 1.0}, {"name": "field_dependent_charges_map", "lr": 0.001, "parameter_update_range": [49491.0, 49491.0], "moment_memory_epochs": [0.07092198581560286, 7.092198581560277], "AdamW_decay_only_retention_per_epoch": 0.9985909865428542}, {"name": "electronic_references", "lr": 0.001, "parameter_update_range": [49491.0, 49491.0], "moment_memory_epochs": [0.07092198581560286, 7.092198581560277], "AdamW_decay_only_retention_per_epoch": 1.0}, {"name": "layer_feature_mixer", "lr": 0.001, "parameter_update_range": [49491.0, 49491.0], "moment_memory_epochs": [0.07092198581560286, 7.092198581560277], "AdamW_decay_only_retention_per_epoch": 0.9998590098695387}], "EMA_asymptotic_memory_epochs": 0.7092198581560277}
2026-10-08 07:35:27.738 INFO: Batching: optimizer graphs=8, device graphs<=8; one clipping/Adam/EMA update per optimizer batch
2026-10-08 07:35:27.738 INFO: 50-step finite-budget validation residual 0.14211 exceeds equilibrium tolerance 1e-06; metrics describe the exported finite trajectory, not a converged root
2026-10-08 07:37:17.925 INFO: Full training audit {"graphs": 1125, "index_convention": "supplied loader order, zero based", "force_rmse_by_element_column_eV_A": {"0": 0.06464603656396066, "1": 0.12073973232796986, "2": 0.0734446589013798, "3": 0.07411136101154707, "4": 0.07568282514315185}, "force_target_rms_by_element_column_eV_A": {"0": 0.6774065086832185, "1": 1.538190971915685, "2": 0.6998679669900058, "3": 0.6220774482464436, "4": 0.4134908179035577}, "force_rmse_over_target_rms_by_element_column": {"0": 0.09543167320553697, "1": 0.0784946307268979, "2": 0.10494073506071554, "3": 0.1191352639779138, "4": 0.18303387128853743}, "density_observers": {"density_RMSE_e_A3": 0.00019873299440705268, "farfield_RMSE_e_A3": 6.158231474767246e-05, "scope": "Different Gaussian resolutions of the same error; smaller farfield RMSE is not an accuracy gain."}, "largest_force_errors": [{"index": 590, "atoms": 341, "composition": [12, 11, 155, 150, 13], "charge": -0.0, "force_rmse": 0.12013697754939211}, {"index": 797, "atoms": 350, "composition": [10, 20, 157, 150, 13], "charge": -0.0, "force_rmse": 0.11871972664718122}, {"index": 807, "atoms": 350, "composition": [22, 14, 151, 150, 13], "charge": -0.0, "force_rmse": 0.1138623356421052}, {"index": 740, "atoms": 333, "composition": [13, 7, 150, 150, 13], "charge": -0.0, "force_rmse": 0.11242434792333625}, {"index": 1019, "atoms": 174, "composition": [7, 7, 58, 54, 48], "charge": -0.0, "force_rmse": 0.11185204066979094}, {"index": 682, "atoms": 334, "composition": [12, 9, 150, 150, 13], "charge": -0.0, "force_rmse": 0.11038683319359482}, {"index": 190, "atoms": 259, "composition": [8, 3, 139, 96, 13], "charge": -0.0, "force_rmse": 0.11001477965243585}, {"index": 651, "atoms": 327, "composition": [13, 9, 142, 150, 13], "charge": -0.0, "force_rmse": 0.10989477857244888}], "atomic_numbers": [1, 6, 8, 25, 45]}
2026-10-08 07:37:17.944 INFO: Full-split generalization {"epoch": 350, "training_graphs": 1125, "validation_graphs": 279, "train": {"rmse_e_per_atom": 0.0041585033247588535, "rmse_f": 0.07621240805443884, "rmse_mu_per_atom": 0.00022566056214288414, "rmse_rho": 0.00019873299440705265}, "validation": {"rmse_e_per_atom": 0.004265431981124215, "rmse_f": 0.10557729109388314, "rmse_mu_per_atom": 0.0006903144533708478, "rmse_rho": 0.00021840678665444277}, "weighted_training_objectives": {"energy_per_atom": 0.0017293149902030446, "forces": 2.9041655707281473, "dipole": 0.008909848176000172, "fourier_density": 0.3949480306599363}, "weighted_validation_objectives": {"energy_per_atom": 0.0018193909985597244, "forces": 5.5732821973612685, "dipole": 0.11426228289089022, "fourier_density": 0.4770152445671928}, "seconds": 110.2062488340016, "scope": "Whole splits at the same EMA parameters and deployment step count; read-only, native units."}
2026-10-08 07:37:38.957 INFO: Electronic diagnostic {"train": {"graphs": 32, "charge_span": [-0.0, -0.0], "step_comparison": [[{"steps": 25, "WF_eV": 1.5829391503790848, "EF_eV": -0.7154326842003598, "residual": 0.0055841868603534245}, {"steps": 50, "WF_eV": 1.5819560003354625, "EF_eV": -0.7149285775173027, "residual": 0.00011550255272014046}, {"steps": 100, "WF_eV": 1.5819681878854, "EF_eV": -0.7149351061351973, "residual": 4.465771569206467e-08}], [{"steps": 25, "WF_eV": 1.5806161627379458, "EF_eV": -0.6311117309041625, "residual": 0.004845560106911225}, {"steps": 50, "WF_eV": 1.5797997324552555, "EF_eV": -0.6308086970376812, "residual": 0.00012694231827895322}, {"steps": 100, "WF_eV": 1.5798090456716998, "EF_eV": -0.6308117314714303, "residual": 5.646995339739225e-08}]], "dEF_dQ_and_dWF_dQ_eV_per_e": [[-0.2908454594562959, 0.023258771601786243], [-0.3485408880358365, 0.030452955331894405]], "force_RMSE_by_atomic_number_eV_A": {"1": 0.06711650464964304, "8": 0.06659063556916876, "45": 0.07619698410601185, "6": 0.1081134588261966, "25": 0.0652599882581133}, "force_RMSE_eV_A": 0.07176249403023101, "charge_response_identifiability": "Single-charge data do not determine capacitance; slopes above are predictions, not validation."}, "validation": {"graphs": 16, "charge_span": [-0.0, -0.0], "step_comparison": [[{"steps": 25, "WF_eV": 1.6061318261739972, "EF_eV": -0.8358129542860488, "residual": 0.009286822124474028}, {"steps": 50, "WF_eV": 1.6046113177672858, "EF_eV": -0.8351983596466739, "residual": 0.00020154081241472235}, {"steps": 100, "WF_eV": 1.604629187731927, "EF_eV": -0.8352047971015046, "residual": 5.898712248687821e-08}], [{"steps": 25, "WF_eV": 1.5973886292788273, "EF_eV": -0.890773893639133, "residual": 0.0022135330583236447}, {"steps": 50, "WF_eV": 1.5970327683628862, "EF_eV": -0.8906544857995692, "residual": 2.5381448200995083e-05}, {"steps": 100, "WF_eV": 1.5970322264503243, "EF_eV": -0.8906539198018196, "residual": 1.31708385708168e-08}]], "dEF_dQ_and_dWF_dQ_eV_per_e": [[-0.4380141701886109, 0.022740652086894464], [-0.37789194499780465, 0.022748885033008204]], "force_RMSE_by_atomic_number_eV_A": {"6": 0.2270099867361283, "8": 0.09539810610914687, "45": 0.09179637688858819, "1": 0.10100636793172549, "25": 0.0936232584178895}, "force_RMSE_eV_A": 0.10090647654432919, "charge_response_identifiability": "Single-charge data do not determine capacitance; slopes above are predictions, not validation."}, "epoch": 350, "response_weight_norms": {"vector_out.weight": 3.358728809912138, "scalar_out.weight": 4.672631029768027, "state_scalar.weight": 4.695723842847752, "state_vector.weight": 3.5347208691395102, "neighbor_scalar.weight": 3.429459142113133, "neighbor_vector.weight": 5.2914508997648015}, "regularization": {"field_weight_decay": 0.01}, "objective_gradients": {"training_index": 842, "atoms": 335, "terms": {"energy_per_atom": {"weighted_loss": 0.0027306705751985474, "gradient_norm": 0.7047400399949613}, "forces": {"weighted_loss": 5.581990114888709, "gradient_norm": 8.588146744653367}, "dipole": {"weighted_loss": 0.005875009042160638, "gradient_norm": 2.103326759440864}, "fourier_density": {"weighted_loss": 0.7399370618376442, "gradient_norm": 1.9759891504912672}, "density_observer_farfield": {"weighted_loss": 0.05532581109065725, "gradient_norm": 0.9037207858613067}}, "cosines": {"energy_per_atom / forces": 0.1726486625065882, "energy_per_atom / dipole": -0.012767267007047896, "energy_per_atom / fourier_density": -0.0033099937399320377, "energy_per_atom / density_observer_farfield": 0.045389064748976166, "forces / dipole": -0.12186685125351435, "forces / fourier_density": -0.0049050306610234655, "forces / density_observer_farfield": -0.10756487621310971, "dipole / fourier_density": 0.11585561969341712, "dipole / density_observer_farfield": -0.059615998242361586, "fourier_density / density_observer_farfield": -0.1771179056076386}, "scope": "One training graph, before clipping; diagnostic only.", "parameter_state": "EMA"}, "scope": "Deterministic panels, not whole-dataset metrics. Validation is development data, never used for fitting or selecting the probe."}
2026-10-08 07:45:23.932 INFO: Full validation audit {"graphs": 279, "index_convention": "supplied loader order, zero based", "force_rmse_by_element_column_eV_A": {"0": 0.10466105617518645, "1": 0.2532142815434327, "2": 0.09854628909872316, "3": 0.09313835166870399, "4": 0.09720532428987043}, "force_target_rms_by_element_column_eV_A": {"0": 0.6667205065800093, "1": 1.485388937044054, "2": 0.6623370749424797, "3": 0.6101502819784279, "4": 0.42143582945433244}, "force_rmse_over_target_rms_by_element_column": {"0": 0.15697890666668235, "1": 0.17047001982344964, "2": 0.14878570568812163, "3": 0.15264821539818108, "4": 0.2306527293033678}, "density_observers": {"density_RMSE_e_A3": 0.00021838191956259666, "farfield_RMSE_e_A3": 6.402843061092518e-05, "scope": "Different Gaussian resolutions of the same error; smaller farfield RMSE is not an accuracy gain."}, "largest_force_errors": [{"index": 250, "atoms": 179, "composition": [13, 8, 56, 54, 48], "charge": -0.0, "force_rmse": 0.30777406725030587}, {"index": 152, "atoms": 342, "composition": [17, 13, 149, 150, 13], "charge": -0.0, "force_rmse": 0.2155526606300595}, {"index": 169, "atoms": 347, "composition": [12, 8, 164, 150, 13], "charge": -0.0, "force_rmse": 0.20674203370647645}, {"index": 231, "atoms": 181, "composition": [12, 10, 57, 54, 48], "charge": -0.0, "force_rmse": 0.19379347564162525}, {"index": 145, "atoms": 346, "composition": [25, 5, 153, 150, 13], "charge": -0.0, "force_rmse": 0.19247180004770498}, {"index": 225, "atoms": 169, "composition": [3, 6, 58, 54, 48], "charge": -0.0, "force_rmse": 0.17608337403339322}, {"index": 214, "atoms": 328, "composition": [16, 11, 138, 150, 13], "charge": -0.0, "force_rmse": 0.17325112901839596}, {"index": 186, "atoms": 348, "composition": [14, 17, 154, 150, 13], "charge": -0.0, "force_rmse": 0.17071673800564524}], "atomic_numbers": [1, 6, 8, 25, 45]}
2026-10-08 07:45:23.951 INFO: Epoch 355: loss=6.16292, RMSE_E_per_atom=4.3051 meV, RMSE_F=105.5695 meV/A, RMSE_dip_per_atom=0.6936 meA, RMSE_rho=0.2184 me/A^3
2026-10-08 07:45:23.951 INFO: 50-step electronic residual maximum: 0.074338
2026-10-08 07:45:23.956 INFO: Optimizer epoch 355: lr=[0.001, 0.001, 0.001, 0.001, 0.001, 0.001, 0.001, 0.001, 0.001], mean gradient norm=6.3013, clipped=4/141
2026-10-08 07:45:23.956 INFO: Epoch timing: train=88.271s, validation=27.578s, updates=141, train/update=0.62604s, peak allocated=12491.5 MiB, backbone=CuEq
2026-10-08 07:45:23.956 INFO: Optimization budget: graphs=1125/1125, updates=141, mean retained gradient=0.99664, min retained gradient=0.69998
2026-10-08 07:45:23.956 INFO: Optimizer time scales {"updates_per_epoch": 141, "groups": [{"name": "embedding", "lr": 0.001, "parameter_update_range": [50196.0, 50196.0], "moment_memory_epochs": [0.07092198581560286, 7.092198581560277], "AdamW_decay_only_retention_per_epoch": 1.0}, {"name": "interactions_decay", "lr": 0.001, "parameter_update_range": [50196.0, 50196.0], "moment_memory_epochs": [0.07092198581560286, 7.092198581560277], "AdamW_decay_only_retention_per_epoch": 0.9998590098695387}, {"name": "interactions_no_decay", "lr": 0.001, "parameter_update_range": [50196.0, 50196.0], "moment_memory_epochs": [0.07092198581560286, 7.092198581560277], "AdamW_decay_only_retention_per_epoch": 1.0}, {"name": "products", "lr": 0.001, "parameter_update_range": [50196.0, 50196.0], "moment_memory_epochs": [0.07092198581560286, 7.092198581560277], "AdamW_decay_only_retention_per_epoch": 0.9998590098695387}, {"name": "readouts", "lr": 0.001, "parameter_update_range": [50196.0, 50196.0], "moment_memory_epochs": [0.07092198581560286, 7.092198581560277], "AdamW_decay_only_retention_per_epoch": 1.0}, {"name": "lr_source_maps", "lr": 0.001, "parameter_update_range": [50196.0, 50196.0], "moment_memory_epochs": [0.07092198581560286, 7.092198581560277], "AdamW_decay_only_retention_per_epoch": 1.0}, {"name": "field_dependent_charges_map", "lr": 0.001, "parameter_update_range": [50196.0, 50196.0], "moment_memory_epochs": [0.07092198581560286, 7.092198581560277], "AdamW_decay_only_retention_per_epoch": 0.9985909865428542}, {"name": "electronic_references", "lr": 0.001, "parameter_update_range": [50196.0, 50196.0], "moment_memory_epochs": [0.07092198581560286, 7.092198581560277], "AdamW_decay_only_retention_per_epoch": 1.0}, {"name": "layer_feature_mixer", "lr": 0.001, "parameter_update_range": [50196.0, 50196.0], "moment_memory_epochs": [0.07092198581560286, 7.092198581560277], "AdamW_decay_only_retention_per_epoch": 0.9998590098695387}], "EMA_asymptotic_memory_epochs": 0.7092198581560277}
2026-10-08 07:45:23.956 INFO: Batching: optimizer graphs=8, device graphs<=8; one clipping/Adam/EMA update per optimizer batch
2026-10-08 07:45:23.956 INFO: 50-step finite-budget validation residual 0.074338 exceeds equilibrium tolerance 1e-06; metrics describe the exported finite trajectory, not a converged root
2026-10-08 07:53:12.743 INFO: Full validation audit {"graphs": 279, "index_convention": "supplied loader order, zero based", "force_rmse_by_element_column_eV_A": {"0": 0.10462018060084265, "1": 0.2527186714304907, "2": 0.09839192403283324, "3": 0.09303589443754283, "4": 0.09702418006594331}, "force_target_rms_by_element_column_eV_A": {"0": 0.6667205065800093, "1": 1.485388937044054, "2": 0.6623370749424797, "3": 0.6101502819784279, "4": 0.42143582945433244}, "force_rmse_over_target_rms_by_element_column": {"0": 0.1569175982564259, "1": 0.17013636302785765, "2": 0.14855264449959715, "3": 0.15248029409389366, "4": 0.23022290295433226}, "density_observers": {"density_RMSE_e_A3": 0.0002182138068653302, "farfield_RMSE_e_A3": 6.394327173513948e-05, "scope": "Different Gaussian resolutions of the same error; smaller farfield RMSE is not an accuracy gain."}, "largest_force_errors": [{"index": 250, "atoms": 179, "composition": [13, 8, 56, 54, 48], "charge": -0.0, "force_rmse": 0.3039128392564692}, {"index": 152, "atoms": 342, "composition": [17, 13, 149, 150, 13], "charge": -0.0, "force_rmse": 0.21468054389491026}, {"index": 169, "atoms": 347, "composition": [12, 8, 164, 150, 13], "charge": -0.0, "force_rmse": 0.20786780099384558}, {"index": 231, "atoms": 181, "composition": [12, 10, 57, 54, 48], "charge": -0.0, "force_rmse": 0.1952535218881367}, {"index": 145, "atoms": 346, "composition": [25, 5, 153, 150, 13], "charge": -0.0, "force_rmse": 0.1907439847271303}, {"index": 225, "atoms": 169, "composition": [3, 6, 58, 54, 48], "charge": -0.0, "force_rmse": 0.17444329516901183}, {"index": 214, "atoms": 328, "composition": [16, 11, 138, 150, 13], "charge": -0.0, "force_rmse": 0.1729570524004439}, {"index": 175, "atoms": 352, "composition": [9, 16, 164, 150, 13], "charge": -0.0, "force_rmse": 0.1694867810013005}], "atomic_numbers": [1, 6, 8, 25, 45]}
2026-10-08 07:53:12.760 INFO: Epoch 360: loss=6.14699, RMSE_E_per_atom=4.2569 meV, RMSE_F=105.4016 meV/A, RMSE_dip_per_atom=0.6904 meA, RMSE_rho=0.2182 me/A^3
2026-10-08 07:53:12.760 INFO: 50-step electronic residual maximum: 0.074121
2026-10-08 07:53:12.764 INFO: Optimizer epoch 360: lr=[0.001, 0.001, 0.001, 0.001, 0.001, 0.001, 0.001, 0.001, 0.001], mean gradient norm=6.136, clipped=9/141
2026-10-08 07:53:12.765 INFO: Epoch timing: train=88.151s, validation=27.761s, updates=141, train/update=0.62519s, peak allocated=12789.9 MiB, backbone=CuEq
2026-10-08 07:53:12.765 INFO: Optimization budget: graphs=1125/1125, updates=141, mean retained gradient=0.99161, min retained gradient=0.62755
2026-10-08 07:53:12.765 INFO: Optimizer time scales {"updates_per_epoch": 141, "groups": [{"name": "embedding", "lr": 0.001, "parameter_update_range": [50901.0, 50901.0], "moment_memory_epochs": [0.07092198581560286, 7.092198581560277], "AdamW_decay_only_retention_per_epoch": 1.0}, {"name": "interactions_decay", "lr": 0.001, "parameter_update_range": [50901.0, 50901.0], "moment_memory_epochs": [0.07092198581560286, 7.092198581560277], "AdamW_decay_only_retention_per_epoch": 0.9998590098695387}, {"name": "interactions_no_decay", "lr": 0.001, "parameter_update_range": [50901.0, 50901.0], "moment_memory_epochs": [0.07092198581560286, 7.092198581560277], "AdamW_decay_only_retention_per_epoch": 1.0}, {"name": "products", "lr": 0.001, "parameter_update_range": [50901.0, 50901.0], "moment_memory_epochs": [0.07092198581560286, 7.092198581560277], "AdamW_decay_only_retention_per_epoch": 0.9998590098695387}, {"name": "readouts", "lr": 0.001, "parameter_update_range": [50901.0, 50901.0], "moment_memory_epochs": [0.07092198581560286, 7.092198581560277], "AdamW_decay_only_retention_per_epoch": 1.0}, {"name": "lr_source_maps", "lr": 0.001, "parameter_update_range": [50901.0, 50901.0], "moment_memory_epochs": [0.07092198581560286, 7.092198581560277], "AdamW_decay_only_retention_per_epoch": 1.0}, {"name": "field_dependent_charges_map", "lr": 0.001, "parameter_update_range": [50901.0, 50901.0], "moment_memory_epochs": [0.07092198581560286, 7.092198581560277], "AdamW_decay_only_retention_per_epoch": 0.9985909865428542}, {"name": "electronic_references", "lr": 0.001, "parameter_update_range": [50901.0, 50901.0], "moment_memory_epochs": [0.07092198581560286, 7.092198581560277], "AdamW_decay_only_retention_per_epoch": 1.0}, {"name": "layer_feature_mixer", "lr": 0.001, "parameter_update_range": [50901.0, 50901.0], "moment_memory_epochs": [0.07092198581560286, 7.092198581560277], "AdamW_decay_only_retention_per_epoch": 0.9998590098695387}], "EMA_asymptotic_memory_epochs": 0.7092198581560277}
2026-10-08 07:53:12.765 INFO: Batching: optimizer graphs=8, device graphs<=8; one clipping/Adam/EMA update per optimizer batch
2026-10-08 07:53:12.765 INFO: 50-step finite-budget validation residual 0.074121 exceeds equilibrium tolerance 1e-06; metrics describe the exported finite trajectory, not a converged root
2026-10-08 08:01:01.838 INFO: Full validation audit {"graphs": 279, "index_convention": "supplied loader order, zero based", "force_rmse_by_element_column_eV_A": {"0": 0.10464818642884774, "1": 0.2538228425288635, "2": 0.09839601988886144, "3": 0.09281546803028222, "4": 0.09696833210582755}, "force_target_rms_by_element_column_eV_A": {"0": 0.6667205065800093, "1": 1.485388937044054, "2": 0.6623370749424797, "3": 0.6101502819784279, "4": 0.42143582945433244}, "force_rmse_over_target_rms_by_element_column": {"0": 0.15695960360608693, "1": 0.1708797178966303, "2": 0.14855882844457496, "3": 0.15211902833073468, "4": 0.23009038465329443}, "density_observers": {"density_RMSE_e_A3": 0.00021822108057377115, "farfield_RMSE_e_A3": 6.371662021096512e-05, "scope": "Different Gaussian resolutions of the same error; smaller farfield RMSE is not an accuracy gain."}, "largest_force_errors": [{"index": 250, "atoms": 179, "composition": [13, 8, 56, 54, 48], "charge": -0.0, "force_rmse": 0.3033202614502361}, {"index": 152, "atoms": 342, "composition": [17, 13, 149, 150, 13], "charge": -0.0, "force_rmse": 0.21316547500828723}, {"index": 169, "atoms": 347, "composition": [12, 8, 164, 150, 13], "charge": -0.0, "force_rmse": 0.20111453304852706}, {"index": 231, "atoms": 181, "composition": [12, 10, 57, 54, 48], "charge": -0.0, "force_rmse": 0.20107020917915738}, {"index": 145, "atoms": 346, "composition": [25, 5, 153, 150, 13], "charge": -0.0, "force_rmse": 0.19121883105234797}, {"index": 225, "atoms": 169, "composition": [3, 6, 58, 54, 48], "charge": -0.0, "force_rmse": 0.17591737635773702}, {"index": 214, "atoms": 328, "composition": [16, 11, 138, 150, 13], "charge": -0.0, "force_rmse": 0.17222078216764858}, {"index": 175, "atoms": 352, "composition": [9, 16, 164, 150, 13], "charge": -0.0, "force_rmse": 0.16920875242095418}], "atomic_numbers": [1, 6, 8, 25, 45]}
2026-10-08 08:01:01.876 INFO: Epoch 365: loss=6.15105, RMSE_E_per_atom=4.2120 meV, RMSE_F=105.4186 meV/A, RMSE_dip_per_atom=0.7003 meA, RMSE_rho=0.2182 me/A^3
2026-10-08 08:01:01.876 INFO: 50-step electronic residual maximum: 0.10847
2026-10-08 08:01:01.881 INFO: Optimizer epoch 365: lr=[0.001, 0.001, 0.001, 0.001, 0.001, 0.001, 0.001, 0.001, 0.001], mean gradient norm=5.8715, clipped=5/141
2026-10-08 08:01:01.881 INFO: Epoch timing: train=88.079s, validation=27.772s, updates=141, train/update=0.62467s, peak allocated=12250.6 MiB, backbone=CuEq
2026-10-08 08:01:01.881 INFO: Optimization budget: graphs=1125/1125, updates=141, mean retained gradient=0.98834, min retained gradient=0.2714
2026-10-08 08:01:01.881 INFO: Optimizer time scales {"updates_per_epoch": 141, "groups": [{"name": "embedding", "lr": 0.001, "parameter_update_range": [51606.0, 51606.0], "moment_memory_epochs": [0.07092198581560286, 7.092198581560277], "AdamW_decay_only_retention_per_epoch": 1.0}, {"name": "interactions_decay", "lr": 0.001, "parameter_update_range": [51606.0, 51606.0], "moment_memory_epochs": [0.07092198581560286, 7.092198581560277], "AdamW_decay_only_retention_per_epoch": 0.9998590098695387}, {"name": "interactions_no_decay", "lr": 0.001, "parameter_update_range": [51606.0, 51606.0], "moment_memory_epochs": [0.07092198581560286, 7.092198581560277], "AdamW_decay_only_retention_per_epoch": 1.0}, {"name": "products", "lr": 0.001, "parameter_update_range": [51606.0, 51606.0], "moment_memory_epochs": [0.07092198581560286, 7.092198581560277], "AdamW_decay_only_retention_per_epoch": 0.9998590098695387}, {"name": "readouts", "lr": 0.001, "parameter_update_range": [51606.0, 51606.0], "moment_memory_epochs": [0.07092198581560286, 7.092198581560277], "AdamW_decay_only_retention_per_epoch": 1.0}, {"name": "lr_source_maps", "lr": 0.001, "parameter_update_range": [51606.0, 51606.0], "moment_memory_epochs": [0.07092198581560286, 7.092198581560277], "AdamW_decay_only_retention_per_epoch": 1.0}, {"name": "field_dependent_charges_map", "lr": 0.001, "parameter_update_range": [51606.0, 51606.0], "moment_memory_epochs": [0.07092198581560286, 7.092198581560277], "AdamW_decay_only_retention_per_epoch": 0.9985909865428542}, {"name": "electronic_references", "lr": 0.001, "parameter_update_range": [51606.0, 51606.0], "moment_memory_epochs": [0.07092198581560286, 7.092198581560277], "AdamW_decay_only_retention_per_epoch": 1.0}, {"name": "layer_feature_mixer", "lr": 0.001, "parameter_update_range": [51606.0, 51606.0], "moment_memory_epochs": [0.07092198581560286, 7.092198581560277], "AdamW_decay_only_retention_per_epoch": 0.9998590098695387}], "EMA_asymptotic_memory_epochs": 0.7092198581560277}
2026-10-08 08:01:01.881 INFO: Batching: optimizer graphs=8, device graphs<=8; one clipping/Adam/EMA update per optimizer batch
2026-10-08 08:01:01.882 INFO: 50-step finite-budget validation residual 0.10847 exceeds equilibrium tolerance 1e-06; metrics describe the exported finite trajectory, not a converged root
2026-10-08 08:08:48.353 INFO: Full validation audit {"graphs": 279, "index_convention": "supplied loader order, zero based", "force_rmse_by_element_column_eV_A": {"0": 0.10453920078465784, "1": 0.25304677978050205, "2": 0.09809667124219154, "3": 0.09286315344701901, "4": 0.09706123760836216}, "force_target_rms_by_element_column_eV_A": {"0": 0.6667205065800093, "1": 1.485388937044054, "2": 0.6623370749424797, "3": 0.6101502819784279, "4": 0.42143582945433244}, "force_rmse_over_target_rms_by_element_column": {"0": 0.15679613834123562, "1": 0.1703572535581616, "2": 0.1481068702830967, "3": 0.1521971818908415, "4": 0.2303108345914378}, "density_observers": {"density_RMSE_e_A3": 0.00021846006770222037, "farfield_RMSE_e_A3": 6.381918070247636e-05, "scope": "Different Gaussian resolutions of the same error; smaller farfield RMSE is not an accuracy gain."}, "largest_force_errors": [{"index": 250, "atoms": 179, "composition": [13, 8, 56, 54, 48], "charge": -0.0, "force_rmse": 0.30046846082286377}, {"index": 152, "atoms": 342, "composition": [17, 13, 149, 150, 13], "charge": -0.0, "force_rmse": 0.21522097100888646}, {"index": 169, "atoms": 347, "composition": [12, 8, 164, 150, 13], "charge": -0.0, "force_rmse": 0.21129765493593197}, {"index": 231, "atoms": 181, "composition": [12, 10, 57, 54, 48], "charge": -0.0, "force_rmse": 0.20024854370125816}, {"index": 145, "atoms": 346, "composition": [25, 5, 153, 150, 13], "charge": -0.0, "force_rmse": 0.18933727506167108}, {"index": 225, "atoms": 169, "composition": [3, 6, 58, 54, 48], "charge": -0.0, "force_rmse": 0.174159011132219}, {"index": 214, "atoms": 328, "composition": [16, 11, 138, 150, 13], "charge": -0.0, "force_rmse": 0.1721468878882255}, {"index": 175, "atoms": 352, "composition": [9, 16, 164, 150, 13], "charge": -0.0, "force_rmse": 0.17038020781668348}], "atomic_numbers": [1, 6, 8, 25, 45]}
2026-10-08 08:08:48.369 INFO: Epoch 370: loss=6.13655, RMSE_E_per_atom=4.2107 meV, RMSE_F=105.3155 meV/A, RMSE_dip_per_atom=0.6881 meA, RMSE_rho=0.2185 me/A^3
2026-10-08 08:08:48.369 INFO: 50-step electronic residual maximum: 0.058752
2026-10-08 08:08:48.373 INFO: Optimizer epoch 370: lr=[0.001, 0.001, 0.001, 0.001, 0.001, 0.001, 0.001, 0.001, 0.001], mean gradient norm=6.2582, clipped=9/141
2026-10-08 08:08:48.373 INFO: Epoch timing: train=86.745s, validation=27.279s, updates=141, train/update=0.61521s, peak allocated=12182.2 MiB, backbone=CuEq
2026-10-08 08:08:48.374 INFO: Optimization budget: graphs=1125/1125, updates=141, mean retained gradient=0.99036, min retained gradient=0.66902
2026-10-08 08:08:48.374 INFO: Optimizer time scales {"updates_per_epoch": 141, "groups": [{"name": "embedding", "lr": 0.001, "parameter_update_range": [52311.0, 52311.0], "moment_memory_epochs": [0.07092198581560286, 7.092198581560277], "AdamW_decay_only_retention_per_epoch": 1.0}, {"name": "interactions_decay", "lr": 0.001, "parameter_update_range": [52311.0, 52311.0], "moment_memory_epochs": [0.07092198581560286, 7.092198581560277], "AdamW_decay_only_retention_per_epoch": 0.9998590098695387}, {"name": "interactions_no_decay", "lr": 0.001, "parameter_update_range": [52311.0, 52311.0], "moment_memory_epochs": [0.07092198581560286, 7.092198581560277], "AdamW_decay_only_retention_per_epoch": 1.0}, {"name": "products", "lr": 0.001, "parameter_update_range": [52311.0, 52311.0], "moment_memory_epochs": [0.07092198581560286, 7.092198581560277], "AdamW_decay_only_retention_per_epoch": 0.9998590098695387}, {"name": "readouts", "lr": 0.001, "parameter_update_range": [52311.0, 52311.0], "moment_memory_epochs": [0.07092198581560286, 7.092198581560277], "AdamW_decay_only_retention_per_epoch": 1.0}, {"name": "lr_source_maps", "lr": 0.001, "parameter_update_range": [52311.0, 52311.0], "moment_memory_epochs": [0.07092198581560286, 7.092198581560277], "AdamW_decay_only_retention_per_epoch": 1.0}, {"name": "field_dependent_charges_map", "lr": 0.001, "parameter_update_range": [52311.0, 52311.0], "moment_memory_epochs": [0.07092198581560286, 7.092198581560277], "AdamW_decay_only_retention_per_epoch": 0.9985909865428542}, {"name": "electronic_references", "lr": 0.001, "parameter_update_range": [52311.0, 52311.0], "moment_memory_epochs": [0.07092198581560286, 7.092198581560277], "AdamW_decay_only_retention_per_epoch": 1.0}, {"name": "layer_feature_mixer", "lr": 0.001, "parameter_update_range": [52311.0, 52311.0], "moment_memory_epochs": [0.07092198581560286, 7.092198581560277], "AdamW_decay_only_retention_per_epoch": 0.9998590098695387}], "EMA_asymptotic_memory_epochs": 0.7092198581560277}
2026-10-08 08:08:48.374 INFO: Batching: optimizer graphs=8, device graphs<=8; one clipping/Adam/EMA update per optimizer batch
2026-10-08 08:08:48.374 INFO: 50-step finite-budget validation residual 0.058752 exceeds equilibrium tolerance 1e-06; metrics describe the exported finite trajectory, not a converged root
2026-10-08 08:16:29.511 INFO: Full validation audit {"graphs": 279, "index_convention": "supplied loader order, zero based", "force_rmse_by_element_column_eV_A": {"0": 0.10507067685640821, "1": 0.2533486906010662, "2": 0.09824098812581661, "3": 0.09272710693674928, "4": 0.09711335230299742}, "force_target_rms_by_element_column_eV_A": {"0": 0.6667205065800093, "1": 1.485388937044054, "2": 0.6623370749424797, "3": 0.6101502819784279, "4": 0.42143582945433244}, "force_rmse_over_target_rms_by_element_column": {"0": 0.1575932880711526, "1": 0.17056050727376082, "2": 0.14832476067317882, "3": 0.1519742097571098, "4": 0.23043449444898417}, "density_observers": {"density_RMSE_e_A3": 0.00021843788768191336, "farfield_RMSE_e_A3": 6.388029991609527e-05, "scope": "Different Gaussian resolutions of the same error; smaller farfield RMSE is not an accuracy gain."}, "largest_force_errors": [{"index": 250, "atoms": 179, "composition": [13, 8, 56, 54, 48], "charge": -0.0, "force_rmse": 0.30284360330301396}, {"index": 152, "atoms": 342, "composition": [17, 13, 149, 150, 13], "charge": -0.0, "force_rmse": 0.21851437021066894}, {"index": 169, "atoms": 347, "composition": [12, 8, 164, 150, 13], "charge": -0.0, "force_rmse": 0.21389599277643154}, {"index": 231, "atoms": 181, "composition": [12, 10, 57, 54, 48], "charge": -0.0, "force_rmse": 0.19764192159046354}, {"index": 145, "atoms": 346, "composition": [25, 5, 153, 150, 13], "charge": -0.0, "force_rmse": 0.18835020045641634}, {"index": 225, "atoms": 169, "composition": [3, 6, 58, 54, 48], "charge": -0.0, "force_rmse": 0.17455091271939835}, {"index": 214, "atoms": 328, "composition": [16, 11, 138, 150, 13], "charge": -0.0, "force_rmse": 0.17242547679270626}, {"index": 175, "atoms": 352, "composition": [9, 16, 164, 150, 13], "charge": -0.0, "force_rmse": 0.1703393040647029}], "atomic_numbers": [1, 6, 8, 25, 45]}
2026-10-08 08:16:29.529 INFO: Epoch 375: loss=6.14405, RMSE_E_per_atom=4.2490 meV, RMSE_F=105.3842 meV/A, RMSE_dip_per_atom=0.6919 meA, RMSE_rho=0.2184 me/A^3
2026-10-08 08:16:29.529 INFO: 50-step electronic residual maximum: 0.16717
2026-10-08 08:16:29.535 INFO: Optimizer epoch 375: lr=[0.001, 0.001, 0.001, 0.001, 0.001, 0.001, 0.001, 0.001, 0.001], mean gradient norm=6.2643, clipped=6/141
2026-10-08 08:16:29.535 INFO: Epoch timing: train=86.829s, validation=27.305s, updates=141, train/update=0.61581s, peak allocated=12542.5 MiB, backbone=CuEq
2026-10-08 08:16:29.535 INFO: Optimization budget: graphs=1125/1125, updates=141, mean retained gradient=0.99353, min retained gradient=0.72821
2026-10-08 08:16:29.535 INFO: Optimizer time scales {"updates_per_epoch": 141, "groups": [{"name": "embedding", "lr": 0.001, "parameter_update_range": [53016.0, 53016.0], "moment_memory_epochs": [0.07092198581560286, 7.092198581560277], "AdamW_decay_only_retention_per_epoch": 1.0}, {"name": "interactions_decay", "lr": 0.001, "parameter_update_range": [53016.0, 53016.0], "moment_memory_epochs": [0.07092198581560286, 7.092198581560277], "AdamW_decay_only_retention_per_epoch": 0.9998590098695387}, {"name": "interactions_no_decay", "lr": 0.001, "parameter_update_range": [53016.0, 53016.0], "moment_memory_epochs": [0.07092198581560286, 7.092198581560277], "AdamW_decay_only_retention_per_epoch": 1.0}, {"name": "products", "lr": 0.001, "parameter_update_range": [53016.0, 53016.0], "moment_memory_epochs": [0.07092198581560286, 7.092198581560277], "AdamW_decay_only_retention_per_epoch": 0.9998590098695387}, {"name": "readouts", "lr": 0.001, "parameter_update_range": [53016.0, 53016.0], "moment_memory_epochs": [0.07092198581560286, 7.092198581560277], "AdamW_decay_only_retention_per_epoch": 1.0}, {"name": "lr_source_maps", "lr": 0.001, "parameter_update_range": [53016.0, 53016.0], "moment_memory_epochs": [0.07092198581560286, 7.092198581560277], "AdamW_decay_only_retention_per_epoch": 1.0}, {"name": "field_dependent_charges_map", "lr": 0.001, "parameter_update_range": [53016.0, 53016.0], "moment_memory_epochs": [0.07092198581560286, 7.092198581560277], "AdamW_decay_only_retention_per_epoch": 0.9985909865428542}, {"name": "electronic_references", "lr": 0.001, "parameter_update_range": [53016.0, 53016.0], "moment_memory_epochs": [0.07092198581560286, 7.092198581560277], "AdamW_decay_only_retention_per_epoch": 1.0}, {"name": "layer_feature_mixer", "lr": 0.001, "parameter_update_range": [53016.0, 53016.0], "moment_memory_epochs": [0.07092198581560286, 7.092198581560277], "AdamW_decay_only_retention_per_epoch": 0.9998590098695387}], "EMA_asymptotic_memory_epochs": 0.7092198581560277}
2026-10-08 08:16:29.535 INFO: Batching: optimizer graphs=8, device graphs<=8; one clipping/Adam/EMA update per optimizer batch
2026-10-08 08:16:29.535 INFO: 50-step finite-budget validation residual 0.16717 exceeds equilibrium tolerance 1e-06; metrics describe the exported finite trajectory, not a converged root
2026-10-08 08:24:14.209 INFO: Full validation audit {"graphs": 279, "index_convention": "supplied loader order, zero based", "force_rmse_by_element_column_eV_A": {"0": 0.10431750581756201, "1": 0.25358862611548066, "2": 0.09806644217497125, "3": 0.09275373109380528, "4": 0.09691808557150187}, "force_target_rms_by_element_column_eV_A": {"0": 0.6667205065800093, "1": 1.485388937044054, "2": 0.6623370749424797, "3": 0.6101502819784279, "4": 0.42143582945433244}, "force_rmse_over_target_rms_by_element_column": {"0": 0.15646362274450826, "1": 0.17072203770422972, "2": 0.14806123027838622, "3": 0.15201784516602848, "4": 0.22997115764217216}, "density_observers": {"density_RMSE_e_A3": 0.00021841010187385404, "farfield_RMSE_e_A3": 6.360670788080724e-05, "scope": "Different Gaussian resolutions of the same error; smaller farfield RMSE is not an accuracy gain."}, "largest_force_errors": [{"index": 250, "atoms": 179, "composition": [13, 8, 56, 54, 48], "charge": -0.0, "force_rmse": 0.30248423682351644}, {"index": 152, "atoms": 342, "composition": [17, 13, 149, 150, 13], "charge": -0.0, "force_rmse": 0.21647114017169442}, {"index": 169, "atoms": 347, "composition": [12, 8, 164, 150, 13], "charge": -0.0, "force_rmse": 0.20307291369388342}, {"index": 231, "atoms": 181, "composition": [12, 10, 57, 54, 48], "charge": -0.0, "force_rmse": 0.2006242951662737}, {"index": 145, "atoms": 346, "composition": [25, 5, 153, 150, 13], "charge": -0.0, "force_rmse": 0.18912342529058404}, {"index": 225, "atoms": 169, "composition": [3, 6, 58, 54, 48], "charge": -0.0, "force_rmse": 0.17588013365891084}, {"index": 175, "atoms": 352, "composition": [9, 16, 164, 150, 13], "charge": -0.0, "force_rmse": 0.17160034193637827}, {"index": 214, "atoms": 328, "composition": [16, 11, 138, 150, 13], "charge": -0.0, "force_rmse": 0.17140493808166427}], "atomic_numbers": [1, 6, 8, 25, 45]}
2026-10-08 08:24:14.230 INFO: Epoch 380: loss=6.13089, RMSE_E_per_atom=4.2306 meV, RMSE_F=105.2665 meV/A, RMSE_dip_per_atom=0.6844 meA, RMSE_rho=0.2184 me/A^3
2026-10-08 08:24:14.230 INFO: 50-step electronic residual maximum: 0.054795
2026-10-08 08:24:14.236 INFO: Optimizer epoch 380: lr=[0.001, 0.001, 0.001, 0.001, 0.001, 0.001, 0.001, 0.001, 0.001], mean gradient norm=6.203, clipped=5/141
2026-10-08 08:24:14.236 INFO: Epoch timing: train=88.241s, validation=27.565s, updates=141, train/update=0.62582s, peak allocated=12753.0 MiB, backbone=CuEq
2026-10-08 08:24:14.236 INFO: Optimization budget: graphs=1125/1125, updates=141, mean retained gradient=0.99228, min retained gradient=0.20691
2026-10-08 08:24:14.236 INFO: Optimizer time scales {"updates_per_epoch": 141, "groups": [{"name": "embedding", "lr": 0.001, "parameter_update_range": [53721.0, 53721.0], "moment_memory_epochs": [0.07092198581560286, 7.092198581560277], "AdamW_decay_only_retention_per_epoch": 1.0}, {"name": "interactions_decay", "lr": 0.001, "parameter_update_range": [53721.0, 53721.0], "moment_memory_epochs": [0.07092198581560286, 7.092198581560277], "AdamW_decay_only_retention_per_epoch": 0.9998590098695387}, {"name": "interactions_no_decay", "lr": 0.001, "parameter_update_range": [53721.0, 53721.0], "moment_memory_epochs": [0.07092198581560286, 7.092198581560277], "AdamW_decay_only_retention_per_epoch": 1.0}, {"name": "products", "lr": 0.001, "parameter_update_range": [53721.0, 53721.0], "moment_memory_epochs": [0.07092198581560286, 7.092198581560277], "AdamW_decay_only_retention_per_epoch": 0.9998590098695387}, {"name": "readouts", "lr": 0.001, "parameter_update_range": [53721.0, 53721.0], "moment_memory_epochs": [0.07092198581560286, 7.092198581560277], "AdamW_decay_only_retention_per_epoch": 1.0}, {"name": "lr_source_maps", "lr": 0.001, "parameter_update_range": [53721.0, 53721.0], "moment_memory_epochs": [0.07092198581560286, 7.092198581560277], "AdamW_decay_only_retention_per_epoch": 1.0}, {"name": "field_dependent_charges_map", "lr": 0.001, "parameter_update_range": [53721.0, 53721.0], "moment_memory_epochs": [0.07092198581560286, 7.092198581560277], "AdamW_decay_only_retention_per_epoch": 0.9985909865428542}, {"name": "electronic_references", "lr": 0.001, "parameter_update_range": [53721.0, 53721.0], "moment_memory_epochs": [0.07092198581560286, 7.092198581560277], "AdamW_decay_only_retention_per_epoch": 1.0}, {"name": "layer_feature_mixer", "lr": 0.001, "parameter_update_range": [53721.0, 53721.0], "moment_memory_epochs": [0.07092198581560286, 7.092198581560277], "AdamW_decay_only_retention_per_epoch": 0.9998590098695387}], "EMA_asymptotic_memory_epochs": 0.7092198581560277}
2026-10-08 08:24:14.236 INFO: Batching: optimizer graphs=8, device graphs<=8; one clipping/Adam/EMA update per optimizer batch
2026-10-08 08:24:14.236 INFO: 50-step finite-budget validation residual 0.054795 exceeds equilibrium tolerance 1e-06; metrics describe the exported finite trajectory, not a converged root
2026-10-08 08:32:03.344 INFO: Full validation audit {"graphs": 279, "index_convention": "supplied loader order, zero based", "force_rmse_by_element_column_eV_A": {"0": 0.10455771075435566, "1": 0.2536138192935329, "2": 0.09836928811359207, "3": 0.09275267971029755, "4": 0.09686916488782298}, "force_target_rms_by_element_column_eV_A": {"0": 0.6667205065800093, "1": 1.485388937044054, "2": 0.6623370749424797, "3": 0.6101502819784279, "4": 0.42143582945433244}, "force_rmse_over_target_rms_by_element_column": {"0": 0.1568239010536693, "1": 0.17073899836512052, "2": 0.14851846866964963, "3": 0.15201612201103082, "4": 0.22985507666314806}, "density_observers": {"density_RMSE_e_A3": 0.000219004868037819, "farfield_RMSE_e_A3": 6.403851620330415e-05, "scope": "Different Gaussian resolutions of the same error; smaller farfield RMSE is not an accuracy gain."}, "largest_force_errors": [{"index": 250, "atoms": 179, "composition": [13, 8, 56, 54, 48], "charge": -0.0, "force_rmse": 0.30253823895157017}, {"index": 152, "atoms": 342, "composition": [17, 13, 149, 150, 13], "charge": -0.0, "force_rmse": 0.22158469099125214}, {"index": 169, "atoms": 347, "composition": [12, 8, 164, 150, 13], "charge": -0.0, "force_rmse": 0.21433188902022787}, {"index": 231, "atoms": 181, "composition": [12, 10, 57, 54, 48], "charge": -0.0, "force_rmse": 0.202942314286249}, {"index": 145, "atoms": 346, "composition": [25, 5, 153, 150, 13], "charge": -0.0, "force_rmse": 0.18969965242148448}, {"index": 225, "atoms": 169, "composition": [3, 6, 58, 54, 48], "charge": -0.0, "force_rmse": 0.18071414816417106}, {"index": 214, "atoms": 328, "composition": [16, 11, 138, 150, 13], "charge": -0.0, "force_rmse": 0.17191681615537077}, {"index": 175, "atoms": 352, "composition": [9, 16, 164, 150, 13], "charge": -0.0, "force_rmse": 0.17141225326080717}], "atomic_numbers": [1, 6, 8, 25, 45]}
2026-10-08 08:32:03.364 INFO: Epoch 385: loss=6.14867, RMSE_E_per_atom=4.2043 meV, RMSE_F=105.3431 meV/A, RMSE_dip_per_atom=0.7064 meA, RMSE_rho=0.2190 me/A^3
2026-10-08 08:32:03.364 INFO: 50-step electronic residual maximum: 0.13473
2026-10-08 08:32:03.369 INFO: Optimizer epoch 385: lr=[0.001, 0.001, 0.001, 0.001, 0.001, 0.001, 0.001, 0.001, 0.001], mean gradient norm=6.6848, clipped=12/141
2026-10-08 08:32:03.369 INFO: Epoch timing: train=88.026s, validation=27.984s, updates=141, train/update=0.62430s, peak allocated=12202.0 MiB, backbone=CuEq
2026-10-08 08:32:03.369 INFO: Optimization budget: graphs=1125/1125, updates=141, mean retained gradient=0.98886, min retained gradient=0.41794
2026-10-08 08:32:03.370 INFO: Optimizer time scales {"updates_per_epoch": 141, "groups": [{"name": "embedding", "lr": 0.001, "parameter_update_range": [54426.0, 54426.0], "moment_memory_epochs": [0.07092198581560286, 7.092198581560277], "AdamW_decay_only_retention_per_epoch": 1.0}, {"name": "interactions_decay", "lr": 0.001, "parameter_update_range": [54426.0, 54426.0], "moment_memory_epochs": [0.07092198581560286, 7.092198581560277], "AdamW_decay_only_retention_per_epoch": 0.9998590098695387}, {"name": "interactions_no_decay", "lr": 0.001, "parameter_update_range": [54426.0, 54426.0], "moment_memory_epochs": [0.07092198581560286, 7.092198581560277], "AdamW_decay_only_retention_per_epoch": 1.0}, {"name": "products", "lr": 0.001, "parameter_update_range": [54426.0, 54426.0], "moment_memory_epochs": [0.07092198581560286, 7.092198581560277], "AdamW_decay_only_retention_per_epoch": 0.9998590098695387}, {"name": "readouts", "lr": 0.001, "parameter_update_range": [54426.0, 54426.0], "moment_memory_epochs": [0.07092198581560286, 7.092198581560277], "AdamW_decay_only_retention_per_epoch": 1.0}, {"name": "lr_source_maps", "lr": 0.001, "parameter_update_range": [54426.0, 54426.0], "moment_memory_epochs": [0.07092198581560286, 7.092198581560277], "AdamW_decay_only_retention_per_epoch": 1.0}, {"name": "field_dependent_charges_map", "lr": 0.001, "parameter_update_range": [54426.0, 54426.0], "moment_memory_epochs": [0.07092198581560286, 7.092198581560277], "AdamW_decay_only_retention_per_epoch": 0.9985909865428542}, {"name": "electronic_references", "lr": 0.001, "parameter_update_range": [54426.0, 54426.0], "moment_memory_epochs": [0.07092198581560286, 7.092198581560277], "AdamW_decay_only_retention_per_epoch": 1.0}, {"name": "layer_feature_mixer", "lr": 0.001, "parameter_update_range": [54426.0, 54426.0], "moment_memory_epochs": [0.07092198581560286, 7.092198581560277], "AdamW_decay_only_retention_per_epoch": 0.9998590098695387}], "EMA_asymptotic_memory_epochs": 0.7092198581560277}
2026-10-08 08:32:03.370 INFO: Batching: optimizer graphs=8, device graphs<=8; one clipping/Adam/EMA update per optimizer batch
2026-10-08 08:32:03.370 INFO: 50-step finite-budget validation residual 0.13473 exceeds equilibrium tolerance 1e-06; metrics describe the exported finite trajectory, not a converged root
2026-10-08 08:39:52.136 INFO: Full validation audit {"graphs": 279, "index_convention": "supplied loader order, zero based", "force_rmse_by_element_column_eV_A": {"0": 0.10474735313856731, "1": 0.2544631614628143, "2": 0.09811950237384373, "3": 0.09264471643574308, "4": 0.09674653445604502}, "force_target_rms_by_element_column_eV_A": {"0": 0.6667205065800093, "1": 1.485388937044054, "2": 0.6623370749424797, "3": 0.6101502819784279, "4": 0.42143582945433244}, "force_rmse_over_target_rms_by_element_column": {"0": 0.1571083416586005, "1": 0.17131079619402562, "2": 0.1481413408457693, "3": 0.15183917662930552, "4": 0.22956409420933832}, "density_observers": {"density_RMSE_e_A3": 0.00021842790669537388, "farfield_RMSE_e_A3": 6.308526603412813e-05, "scope": "Different Gaussian resolutions of the same error; smaller farfield RMSE is not an accuracy gain."}, "largest_force_errors": [{"index": 250, "atoms": 179, "composition": [13, 8, 56, 54, 48], "charge": -0.0, "force_rmse": 0.30152168839781435}, {"index": 152, "atoms": 342, "composition": [17, 13, 149, 150, 13], "charge": -0.0, "force_rmse": 0.218266825510073}, {"index": 169, "atoms": 347, "composition": [12, 8, 164, 150, 13], "charge": -0.0, "force_rmse": 0.21825550818976758}, {"index": 231, "atoms": 181, "composition": [12, 10, 57, 54, 48], "charge": -0.0, "force_rmse": 0.1998075058629563}, {"index": 145, "atoms": 346, "composition": [25, 5, 153, 150, 13], "charge": -0.0, "force_rmse": 0.18928246626657189}, {"index": 225, "atoms": 169, "composition": [3, 6, 58, 54, 48], "charge": -0.0, "force_rmse": 0.1767003358059514}, {"index": 214, "atoms": 328, "composition": [16, 11, 138, 150, 13], "charge": -0.0, "force_rmse": 0.1723298536852589}, {"index": 175, "atoms": 352, "composition": [9, 16, 164, 150, 13], "charge": -0.0, "force_rmse": 0.17204536818113003}], "atomic_numbers": [1, 6, 8, 25, 45]}
2026-10-08 08:39:52.162 INFO: Epoch 390: loss=6.13911, RMSE_E_per_atom=4.1962 meV, RMSE_F=105.2814 meV/A, RMSE_dip_per_atom=0.7008 meA, RMSE_rho=0.2184 me/A^3
2026-10-08 08:39:52.162 INFO: 50-step electronic residual maximum: 0.16962
2026-10-08 08:39:52.172 INFO: Optimizer epoch 390: lr=[0.001, 0.001, 0.001, 0.001, 0.001, 0.001, 0.001, 0.001, 0.001], mean gradient norm=6.1466, clipped=6/141
2026-10-08 08:39:52.172 INFO: Epoch timing: train=88.369s, validation=27.572s, updates=141, train/update=0.62673s, peak allocated=12172.6 MiB, backbone=CuEq
2026-10-08 08:39:52.172 INFO: Optimization budget: graphs=1125/1125, updates=141, mean retained gradient=0.99298, min retained gradient=0.6371
2026-10-08 08:39:52.172 INFO: Optimizer time scales {"updates_per_epoch": 141, "groups": [{"name": "embedding", "lr": 0.001, "parameter_update_range": [55131.0, 55131.0], "moment_memory_epochs": [0.07092198581560286, 7.092198581560277], "AdamW_decay_only_retention_per_epoch": 1.0}, {"name": "interactions_decay", "lr": 0.001, "parameter_update_range": [55131.0, 55131.0], "moment_memory_epochs": [0.07092198581560286, 7.092198581560277], "AdamW_decay_only_retention_per_epoch": 0.9998590098695387}, {"name": "interactions_no_decay", "lr": 0.001, "parameter_update_range": [55131.0, 55131.0], "moment_memory_epochs": [0.07092198581560286, 7.092198581560277], "AdamW_decay_only_retention_per_epoch": 1.0}, {"name": "products", "lr": 0.001, "parameter_update_range": [55131.0, 55131.0], "moment_memory_epochs": [0.07092198581560286, 7.092198581560277], "AdamW_decay_only_retention_per_epoch": 0.9998590098695387}, {"name": "readouts", "lr": 0.001, "parameter_update_range": [55131.0, 55131.0], "moment_memory_epochs": [0.07092198581560286, 7.092198581560277], "AdamW_decay_only_retention_per_epoch": 1.0}, {"name": "lr_source_maps", "lr": 0.001, "parameter_update_range": [55131.0, 55131.0], "moment_memory_epochs": [0.07092198581560286, 7.092198581560277], "AdamW_decay_only_retention_per_epoch": 1.0}, {"name": "field_dependent_charges_map", "lr": 0.001, "parameter_update_range": [55131.0, 55131.0], "moment_memory_epochs": [0.07092198581560286, 7.092198581560277], "AdamW_decay_only_retention_per_epoch": 0.9985909865428542}, {"name": "electronic_references", "lr": 0.001, "parameter_update_range": [55131.0, 55131.0], "moment_memory_epochs": [0.07092198581560286, 7.092198581560277], "AdamW_decay_only_retention_per_epoch": 1.0}, {"name": "layer_feature_mixer", "lr": 0.001, "parameter_update_range": [55131.0, 55131.0], "moment_memory_epochs": [0.07092198581560286, 7.092198581560277], "AdamW_decay_only_retention_per_epoch": 0.9998590098695387}], "EMA_asymptotic_memory_epochs": 0.7092198581560277}
2026-10-08 08:39:52.172 INFO: Batching: optimizer graphs=8, device graphs<=8; one clipping/Adam/EMA update per optimizer batch
2026-10-08 08:39:52.172 INFO: 50-step finite-budget validation residual 0.16962 exceeds equilibrium tolerance 1e-06; metrics describe the exported finite trajectory, not a converged root
2026-10-08 08:47:41.135 INFO: Full validation audit {"graphs": 279, "index_convention": "supplied loader order, zero based", "force_rmse_by_element_column_eV_A": {"0": 0.10485714747879525, "1": 0.2550053966711526, "2": 0.09821455931605601, "3": 0.09253609327655833, "4": 0.09663231372153137}, "force_target_rms_by_element_column_eV_A": {"0": 0.6667205065800093, "1": 1.485388937044054, "2": 0.6623370749424797, "3": 0.6101502819784279, "4": 0.42143582945433244}, "force_rmse_over_target_rms_by_element_column": {"0": 0.1572730198695515, "1": 0.17167584213910808, "2": 0.1482848583171724, "3": 0.15166114973594322, "4": 0.22929306662570467}, "density_observers": {"density_RMSE_e_A3": 0.00021923577505889358, "farfield_RMSE_e_A3": 6.363557428241651e-05, "scope": "Different Gaussian resolutions of the same error; smaller farfield RMSE is not an accuracy gain."}, "largest_force_errors": [{"index": 250, "atoms": 179, "composition": [13, 8, 56, 54, 48], "charge": -0.0, "force_rmse": 0.2989083619517258}, {"index": 169, "atoms": 347, "composition": [12, 8, 164, 150, 13], "charge": -0.0, "force_rmse": 0.21897386236399285}, {"index": 152, "atoms": 342, "composition": [17, 13, 149, 150, 13], "charge": -0.0, "force_rmse": 0.21812132536584225}, {"index": 231, "atoms": 181, "composition": [12, 10, 57, 54, 48], "charge": -0.0, "force_rmse": 0.20505673988534825}, {"index": 145, "atoms": 346, "composition": [25, 5, 153, 150, 13], "charge": -0.0, "force_rmse": 0.1883520372012375}, {"index": 225, "atoms": 169, "composition": [3, 6, 58, 54, 48], "charge": -0.0, "force_rmse": 0.1732761401269532}, {"index": 214, "atoms": 328, "composition": [16, 11, 138, 150, 13], "charge": -0.0, "force_rmse": 0.1726697850401114}, {"index": 175, "atoms": 352, "composition": [9, 16, 164, 150, 13], "charge": -0.0, "force_rmse": 0.17195570505669353}], "atomic_numbers": [1, 6, 8, 25, 45]}
2026-10-08 08:47:41.158 INFO: Epoch 395: loss=6.1496, RMSE_E_per_atom=4.1611 meV, RMSE_F=105.2896 meV/A, RMSE_dip_per_atom=0.7165 meA, RMSE_rho=0.2192 me/A^3
2026-10-08 08:47:41.158 INFO: 50-step electronic residual maximum: 0.091396
2026-10-08 08:47:41.164 INFO: Optimizer epoch 395: lr=[0.001, 0.001, 0.001, 0.001, 0.001, 0.001, 0.001, 0.001, 0.001], mean gradient norm=6.5019, clipped=13/141
2026-10-08 08:47:41.164 INFO: Epoch timing: train=88.239s, validation=27.758s, updates=141, train/update=0.62581s, peak allocated=12693.0 MiB, backbone=CuEq
2026-10-08 08:47:41.164 INFO: Optimization budget: graphs=1125/1125, updates=141, mean retained gradient=0.99058, min retained gradient=0.64754
2026-10-08 08:47:41.164 INFO: Optimizer time scales {"updates_per_epoch": 141, "groups": [{"name": "embedding", "lr": 0.001, "parameter_update_range": [55836.0, 55836.0], "moment_memory_epochs": [0.07092198581560286, 7.092198581560277], "AdamW_decay_only_retention_per_epoch": 1.0}, {"name": "interactions_decay", "lr": 0.001, "parameter_update_range": [55836.0, 55836.0], "moment_memory_epochs": [0.07092198581560286, 7.092198581560277], "AdamW_decay_only_retention_per_epoch": 0.9998590098695387}, {"name": "interactions_no_decay", "lr": 0.001, "parameter_update_range": [55836.0, 55836.0], "moment_memory_epochs": [0.07092198581560286, 7.092198581560277], "AdamW_decay_only_retention_per_epoch": 1.0}, {"name": "products", "lr": 0.001, "parameter_update_range": [55836.0, 55836.0], "moment_memory_epochs": [0.07092198581560286, 7.092198581560277], "AdamW_decay_only_retention_per_epoch": 0.9998590098695387}, {"name": "readouts", "lr": 0.001, "parameter_update_range": [55836.0, 55836.0], "moment_memory_epochs": [0.07092198581560286, 7.092198581560277], "AdamW_decay_only_retention_per_epoch": 1.0}, {"name": "lr_source_maps", "lr": 0.001, "parameter_update_range": [55836.0, 55836.0], "moment_memory_epochs": [0.07092198581560286, 7.092198581560277], "AdamW_decay_only_retention_per_epoch": 1.0}, {"name": "field_dependent_charges_map", "lr": 0.001, "parameter_update_range": [55836.0, 55836.0], "moment_memory_epochs": [0.07092198581560286, 7.092198581560277], "AdamW_decay_only_retention_per_epoch": 0.9985909865428542}, {"name": "electronic_references", "lr": 0.001, "parameter_update_range": [55836.0, 55836.0], "moment_memory_epochs": [0.07092198581560286, 7.092198581560277], "AdamW_decay_only_retention_per_epoch": 1.0}, {"name": "layer_feature_mixer", "lr": 0.001, "parameter_update_range": [55836.0, 55836.0], "moment_memory_epochs": [0.07092198581560286, 7.092198581560277], "AdamW_decay_only_retention_per_epoch": 0.9998590098695387}], "EMA_asymptotic_memory_epochs": 0.7092198581560277}
2026-10-08 08:47:41.165 INFO: Batching: optimizer graphs=8, device graphs<=8; one clipping/Adam/EMA update per optimizer batch
2026-10-08 08:47:41.165 INFO: 50-step finite-budget validation residual 0.091396 exceeds equilibrium tolerance 1e-06; metrics describe the exported finite trajectory, not a converged root
2026-10-08 08:55:29.207 INFO: Full validation audit {"graphs": 279, "index_convention": "supplied loader order, zero based", "force_rmse_by_element_column_eV_A": {"0": 0.10449188205049079, "1": 0.2533727244929078, "2": 0.09811014524995758, "3": 0.09235918191994606, "4": 0.09664301746237279}, "force_target_rms_by_element_column_eV_A": {"0": 0.6667205065800093, "1": 1.485388937044054, "2": 0.6623370749424797, "3": 0.6101502819784279, "4": 0.42143582945433244}, "force_rmse_over_target_rms_by_element_column": {"0": 0.15672516597170438, "1": 0.17057668747494734, "2": 0.14812721341090243, "3": 0.15137120255106504, "4": 0.229318464895366}, "density_observers": {"density_RMSE_e_A3": 0.00021874451280102638, "farfield_RMSE_e_A3": 6.343774981527493e-05, "scope": "Different Gaussian resolutions of the same error; smaller farfield RMSE is not an accuracy gain."}, "largest_force_errors": [{"index": 250, "atoms": 179, "composition": [13, 8, 56, 54, 48], "charge": -0.0, "force_rmse": 0.29731908144174557}, {"index": 152, "atoms": 342, "composition": [17, 13, 149, 150, 13], "charge": -0.0, "force_rmse": 0.21727430441169185}, {"index": 231, "atoms": 181, "composition": [12, 10, 57, 54, 48], "charge": -0.0, "force_rmse": 0.2047725712719238}, {"index": 169, "atoms": 347, "composition": [12, 8, 164, 150, 13], "charge": -0.0, "force_rmse": 0.20474331905961982}, {"index": 145, "atoms": 346, "composition": [25, 5, 153, 150, 13], "charge": -0.0, "force_rmse": 0.1890548281836388}, {"index": 225, "atoms": 169, "composition": [3, 6, 58, 54, 48], "charge": -0.0, "force_rmse": 0.1736996592171761}, {"index": 214, "atoms": 328, "composition": [16, 11, 138, 150, 13], "charge": -0.0, "force_rmse": 0.17262068745503567}, {"index": 175, "atoms": 352, "composition": [9, 16, 164, 150, 13], "charge": -0.0, "force_rmse": 0.17234097328908055}], "atomic_numbers": [1, 6, 8, 25, 45]}
2026-10-08 08:55:29.239 INFO: Epoch 400: loss=6.1211, RMSE_E_per_atom=4.1994 meV, RMSE_F=105.0816 meV/A, RMSE_dip_per_atom=0.7093 meA, RMSE_rho=0.2187 me/A^3
2026-10-08 08:55:29.239 INFO: 50-step electronic residual maximum: 0.12271
2026-10-08 08:55:29.245 INFO: Optimizer epoch 400: lr=[0.001, 0.001, 0.001, 0.001, 0.001, 0.001, 0.001, 0.001, 0.001], mean gradient norm=5.7999, clipped=4/141
2026-10-08 08:55:29.245 INFO: Epoch timing: train=88.018s, validation=27.728s, updates=141, train/update=0.62424s, peak allocated=12279.5 MiB, backbone=CuEq
2026-10-08 08:55:29.245 INFO: Optimization budget: graphs=1125/1125, updates=141, mean retained gradient=0.9977, min retained gradient=0.71976
2026-10-08 08:55:29.245 INFO: Optimizer time scales {"updates_per_epoch": 141, "groups": [{"name": "embedding", "lr": 0.001, "parameter_update_range": [56541.0, 56541.0], "moment_memory_epochs": [0.07092198581560286, 7.092198581560277], "AdamW_decay_only_retention_per_epoch": 1.0}, {"name": "interactions_decay", "lr": 0.001, "parameter_update_range": [56541.0, 56541.0], "moment_memory_epochs": [0.07092198581560286, 7.092198581560277], "AdamW_decay_only_retention_per_epoch": 0.9998590098695387}, {"name": "interactions_no_decay", "lr": 0.001, "parameter_update_range": [56541.0, 56541.0], "moment_memory_epochs": [0.07092198581560286, 7.092198581560277], "AdamW_decay_only_retention_per_epoch": 1.0}, {"name": "products", "lr": 0.001, "parameter_update_range": [56541.0, 56541.0], "moment_memory_epochs": [0.07092198581560286, 7.092198581560277], "AdamW_decay_only_retention_per_epoch": 0.9998590098695387}, {"name": "readouts", "lr": 0.001, "parameter_update_range": [56541.0, 56541.0], "moment_memory_epochs": [0.07092198581560286, 7.092198581560277], "AdamW_decay_only_retention_per_epoch": 1.0}, {"name": "lr_source_maps", "lr": 0.001, "parameter_update_range": [56541.0, 56541.0], "moment_memory_epochs": [0.07092198581560286, 7.092198581560277], "AdamW_decay_only_retention_per_epoch": 1.0}, {"name": "field_dependent_charges_map", "lr": 0.001, "parameter_update_range": [56541.0, 56541.0], "moment_memory_epochs": [0.07092198581560286, 7.092198581560277], "AdamW_decay_only_retention_per_epoch": 0.9985909865428542}, {"name": "electronic_references", "lr": 0.001, "parameter_update_range": [56541.0, 56541.0], "moment_memory_epochs": [0.07092198581560286, 7.092198581560277], "AdamW_decay_only_retention_per_epoch": 1.0}, {"name": "layer_feature_mixer", "lr": 0.001, "parameter_update_range": [56541.0, 56541.0], "moment_memory_epochs": [0.07092198581560286, 7.092198581560277], "AdamW_decay_only_retention_per_epoch": 0.9998590098695387}], "EMA_asymptotic_memory_epochs": 0.7092198581560277}
2026-10-08 08:55:29.245 INFO: Batching: optimizer graphs=8, device graphs<=8; one clipping/Adam/EMA update per optimizer batch
2026-10-08 08:55:29.245 INFO: 50-step finite-budget validation residual 0.12271 exceeds equilibrium tolerance 1e-06; metrics describe the exported finite trajectory, not a converged root
2026-10-08 08:57:20.270 INFO: Full training audit {"graphs": 1125, "index_convention": "supplied loader order, zero based", "force_rmse_by_element_column_eV_A": {"0": 0.06337261738463193, "1": 0.11527292410340435, "2": 0.0715871035752991, "3": 0.07245513485184578, "4": 0.07375476617977875}, "force_target_rms_by_element_column_eV_A": {"0": 0.6774065086832185, "1": 1.538190971915685, "2": 0.6998679669900058, "3": 0.6220774482464436, "4": 0.4134908179035577}, "force_rmse_over_target_rms_by_element_column": {"0": 0.09355182829261449, "1": 0.07494058033629063, "2": 0.10228658397266148, "3": 0.11647285246569779, "4": 0.17837098911584842}, "density_observers": {"density_RMSE_e_A3": 0.00019762146324441842, "farfield_RMSE_e_A3": 6.082588809088614e-05, "scope": "Different Gaussian resolutions of the same error; smaller farfield RMSE is not an accuracy gain."}, "largest_force_errors": [{"index": 590, "atoms": 341, "composition": [12, 11, 155, 150, 13], "charge": -0.0, "force_rmse": 0.11826757665544169}, {"index": 563, "atoms": 177, "composition": [13, 6, 56, 54, 48], "charge": -0.0, "force_rmse": 0.11530924553826176}, {"index": 807, "atoms": 350, "composition": [22, 14, 151, 150, 13], "charge": -0.0, "force_rmse": 0.11023371620085433}, {"index": 654, "atoms": 333, "composition": [12, 6, 152, 150, 13], "charge": -0.0, "force_rmse": 0.10989218642319581}, {"index": 1019, "atoms": 174, "composition": [7, 7, 58, 54, 48], "charge": -0.0, "force_rmse": 0.10971256437861653}, {"index": 740, "atoms": 333, "composition": [13, 7, 150, 150, 13], "charge": -0.0, "force_rmse": 0.10877040210849451}, {"index": 797, "atoms": 350, "composition": [10, 20, 157, 150, 13], "charge": -0.0, "force_rmse": 0.10807605799011741}, {"index": 190, "atoms": 259, "composition": [8, 3, 139, 96, 13], "charge": -0.0, "force_rmse": 0.10766803960878507}], "atomic_numbers": [1, 6, 8, 25, 45]}
2026-10-08 08:57:20.297 INFO: Full-split generalization {"epoch": 400, "training_graphs": 1125, "validation_graphs": 279, "train": {"rmse_e_per_atom": 0.004093974277084974, "rmse_f": 0.07421859071944237, "rmse_mu_per_atom": 0.00020138445915936708, "rmse_rho": 0.00019762146324441848}, "validation": {"rmse_e_per_atom": 0.0041994221054372834, "rmse_f": 0.10508164726571899, "rmse_mu_per_atom": 0.0007093448568925917, "rmse_rho": 0.00021874451280102638}, "weighted_training_objectives": {"energy_per_atom": 0.0016760625381433425, "forces": 2.754199604190049, "dipole": 0.007446308321073778, "fourier_density": 0.3905424273486503}, "weighted_validation_objectives": {"energy_per_atom": 0.0017635146019635308, "forces": 5.521076296038491, "dipole": 0.11977186223326589, "fourier_density": 0.4784916188055838}, "seconds": 111.00084656398394, "scope": "Whole splits at the same EMA parameters and deployment step count; read-only, native units."}
2026-10-08 08:57:41.546 INFO: Electronic diagnostic {"train": {"graphs": 32, "charge_span": [-0.0, -0.0], "step_comparison": [[{"steps": 25, "WF_eV": 1.556831935017068, "EF_eV": -0.6706514648310565, "residual": 0.005956008421922652}, {"steps": 50, "WF_eV": 1.5559968034599005, "EF_eV": -0.670187374557538, "residual": 0.00012059256793869291}, {"steps": 100, "WF_eV": 1.5560060218749712, "EF_eV": -0.6701935066833941, "residual": 3.854194058350302e-08}], [{"steps": 25, "WF_eV": 1.5554069382424378, "EF_eV": -0.5744993002268598, "residual": 0.005099587401745813}, {"steps": 50, "WF_eV": 1.5547638937796906, "EF_eV": -0.5742523477781776, "residual": 0.00015129944872377746}, {"steps": 100, "WF_eV": 1.5547716527626005, "EF_eV": -0.5742553721710091, "residual": 8.39798349715204e-08}]], "dEF_dQ_and_dWF_dQ_eV_per_e": [[-0.2927891037164343, 0.02923900571411009], [-0.3474265453292713, 0.03766385143740836]], "force_RMSE_by_atomic_number_eV_A": {"1": 0.0653026827535123, "8": 0.0654369495174741, "45": 0.07436659836622293, "6": 0.10439326283328558, "25": 0.06376600277361975}, "force_RMSE_eV_A": 0.0701080025529341, "charge_response_identifiability": "Single-charge data do not determine capacitance; slopes above are predictions, not validation."}, "validation": {"graphs": 16, "charge_span": [-0.0, -0.0], "step_comparison": [[{"steps": 25, "WF_eV": 1.5819158529739512, "EF_eV": -0.7898217167714061, "residual": 0.007873965836285763}, {"steps": 50, "WF_eV": 1.5809425237389854, "EF_eV": -0.7893830969678437, "residual": 0.00013268849340563205}, {"steps": 100, "WF_eV": 1.5809483116344947, "EF_eV": -0.7893857907910578, "residual": 2.5124735735480852e-08}], [{"steps": 25, "WF_eV": 1.5750332961015563, "EF_eV": -0.8564716733928683, "residual": 0.0018433778493181126}, {"steps": 50, "WF_eV": 1.5748275974886936, "EF_eV": -0.856405440748462, "residual": 2.7833721947683604e-05}, {"steps": 100, "WF_eV": 1.5748271579402249, "EF_eV": -0.8564050921387002, "residual": 2.5913165779822833e-08}]], "dEF_dQ_and_dWF_dQ_eV_per_e": [[-0.44144161259878634, 0.02982488649496684], [-0.38853778498267877, 0.030568498974359315]], "force_RMSE_by_atomic_number_eV_A": {"6": 0.22946410981991, "8": 0.09419403718043981, "45": 0.09065507360458025, "1": 0.10024279887315969, "25": 0.0933319494940515}, "force_RMSE_eV_A": 0.10027753366178777, "charge_response_identifiability": "Single-charge data do not determine capacitance; slopes above are predictions, not validation."}, "epoch": 400, "response_weight_norms": {"vector_out.weight": 3.3397272703873946, "scalar_out.weight": 4.797441172006847, "state_scalar.weight": 4.614989083281328, "state_vector.weight": 3.595444072075545, "neighbor_scalar.weight": 3.4731929936836026, "neighbor_vector.weight": 5.228860028469781}, "regularization": {"field_weight_decay": 0.01}, "objective_gradients": {"training_index": 1123, "atoms": 171, "terms": {"energy_per_atom": {"weighted_loss": 0.0010214305882403198, "gradient_norm": 0.4309028460097699}, "forces": {"weighted_loss": 4.041591582503492, "gradient_norm": 9.08502414426869}, "dipole": {"weighted_loss": 0.0017994340079909542, "gradient_norm": 0.7878345223946802}, "fourier_density": {"weighted_loss": 0.37033965135832936, "gradient_norm": 1.8640678733759448}, "density_observer_farfield": {"weighted_loss": 0.03633621614704958, "gradient_norm": 0.6436827896678532}}, "cosines": {"energy_per_atom / forces": 0.12071562877430782, "energy_per_atom / dipole": -0.03710485886643628, "energy_per_atom / fourier_density": 0.0041366343014623596, "energy_per_atom / density_observer_farfield": -0.034963983488100085, "forces / dipole": -0.06545773503268497, "forces / fourier_density": -0.008167096983158434, "forces / density_observer_farfield": 0.02579116406765124, "dipole / fourier_density": 0.13575017895818495, "dipole / density_observer_farfield": -0.2507894102454323, "fourier_density / density_observer_farfield": -0.13775028686005944}, "scope": "One training graph, before clipping; diagnostic only.", "parameter_state": "EMA"}, "scope": "Deterministic panels, not whole-dataset metrics. Validation is development data, never used for fitting or selecting the probe."}
2026-10-08 09:05:28.841 INFO: Full validation audit {"graphs": 279, "index_convention": "supplied loader order, zero based", "force_rmse_by_element_column_eV_A": {"0": 0.10488291706101079, "1": 0.2528419273492092, "2": 0.09784464418117927, "3": 0.09243629904749243, "4": 0.09663272191797047}, "force_target_rms_by_element_column_eV_A": {"0": 0.6667205065800093, "1": 1.485388937044054, "2": 0.6623370749424797, "3": 0.6101502819784279, "4": 0.42143582945433244}, "force_rmse_over_target_rms_by_element_column": {"0": 0.15731167112140473, "1": 0.17021934191348453, "2": 0.1477263585005815, "3": 0.1514975929336054, "4": 0.22929403521074315}, "density_observers": {"density_RMSE_e_A3": 0.00021859728557385006, "farfield_RMSE_e_A3": 6.34988100840726e-05, "scope": "Different Gaussian resolutions of the same error; smaller farfield RMSE is not an accuracy gain."}, "largest_force_errors": [{"index": 250, "atoms": 179, "composition": [13, 8, 56, 54, 48], "charge": -0.0, "force_rmse": 0.29813532512333246}, {"index": 152, "atoms": 342, "composition": [17, 13, 149, 150, 13], "charge": -0.0, "force_rmse": 0.21881613986763565}, {"index": 231, "atoms": 181, "composition": [12, 10, 57, 54, 48], "charge": -0.0, "force_rmse": 0.20585151942845564}, {"index": 169, "atoms": 347, "composition": [12, 8, 164, 150, 13], "charge": -0.0, "force_rmse": 0.20491953401928412}, {"index": 145, "atoms": 346, "composition": [25, 5, 153, 150, 13], "charge": -0.0, "force_rmse": 0.18835203599489406}, {"index": 225, "atoms": 169, "composition": [3, 6, 58, 54, 48], "charge": -0.0, "force_rmse": 0.1768026986733864}, {"index": 175, "atoms": 352, "composition": [9, 16, 164, 150, 13], "charge": -0.0, "force_rmse": 0.17263321188049507}, {"index": 214, "atoms": 328, "composition": [16, 11, 138, 150, 13], "charge": -0.0, "force_rmse": 0.17202693616041237}], "atomic_numbers": [1, 6, 8, 25, 45]}
2026-10-08 09:05:28.870 INFO: Epoch 405: loss=6.11165, RMSE_E_per_atom=4.1141 meV, RMSE_F=104.9975 meV/A, RMSE_dip_per_atom=0.7094 meA, RMSE_rho=0.2186 me/A^3
2026-10-08 09:05:28.870 INFO: 50-step electronic residual maximum: 0.068873
2026-10-08 09:05:28.877 INFO: Optimizer epoch 405: lr=[0.001, 0.001, 0.001, 0.001, 0.001, 0.001, 0.001, 0.001, 0.001], mean gradient norm=5.7593, clipped=5/141
2026-10-08 09:05:28.877 INFO: Epoch timing: train=88.025s, validation=27.540s, updates=141, train/update=0.62429s, peak allocated=13140.4 MiB, backbone=CuEq
2026-10-08 09:05:28.877 INFO: Optimization budget: graphs=1125/1125, updates=141, mean retained gradient=0.99575, min retained gradient=0.76037
2026-10-08 09:05:28.877 INFO: Optimizer time scales {"updates_per_epoch": 141, "groups": [{"name": "embedding", "lr": 0.001, "parameter_update_range": [57246.0, 57246.0], "moment_memory_epochs": [0.07092198581560286, 7.092198581560277], "AdamW_decay_only_retention_per_epoch": 1.0}, {"name": "interactions_decay", "lr": 0.001, "parameter_update_range": [57246.0, 57246.0], "moment_memory_epochs": [0.07092198581560286, 7.092198581560277], "AdamW_decay_only_retention_per_epoch": 0.9998590098695387}, {"name": "interactions_no_decay", "lr": 0.001, "parameter_update_range": [57246.0, 57246.0], "moment_memory_epochs": [0.07092198581560286, 7.092198581560277], "AdamW_decay_only_retention_per_epoch": 1.0}, {"name": "products", "lr": 0.001, "parameter_update_range": [57246.0, 57246.0], "moment_memory_epochs": [0.07092198581560286, 7.092198581560277], "AdamW_decay_only_retention_per_epoch": 0.9998590098695387}, {"name": "readouts", "lr": 0.001, "parameter_update_range": [57246.0, 57246.0], "moment_memory_epochs": [0.07092198581560286, 7.092198581560277], "AdamW_decay_only_retention_per_epoch": 1.0}, {"name": "lr_source_maps", "lr": 0.001, "parameter_update_range": [57246.0, 57246.0], "moment_memory_epochs": [0.07092198581560286, 7.092198581560277], "AdamW_decay_only_retention_per_epoch": 1.0}, {"name": "field_dependent_charges_map", "lr": 0.001, "parameter_update_range": [57246.0, 57246.0], "moment_memory_epochs": [0.07092198581560286, 7.092198581560277], "AdamW_decay_only_retention_per_epoch": 0.9985909865428542}, {"name": "electronic_references", "lr": 0.001, "parameter_update_range": [57246.0, 57246.0], "moment_memory_epochs": [0.07092198581560286, 7.092198581560277], "AdamW_decay_only_retention_per_epoch": 1.0}, {"name": "layer_feature_mixer", "lr": 0.001, "parameter_update_range": [57246.0, 57246.0], "moment_memory_epochs": [0.07092198581560286, 7.092198581560277], "AdamW_decay_only_retention_per_epoch": 0.9998590098695387}], "EMA_asymptotic_memory_epochs": 0.7092198581560277}
2026-10-08 09:05:28.877 INFO: Batching: optimizer graphs=8, device graphs<=8; one clipping/Adam/EMA update per optimizer batch
2026-10-08 09:05:28.877 INFO: 50-step finite-budget validation residual 0.068873 exceeds equilibrium tolerance 1e-06; metrics describe the exported finite trajectory, not a converged root
2026-10-08 09:13:17.937 INFO: Full validation audit {"graphs": 279, "index_convention": "supplied loader order, zero based", "force_rmse_by_element_column_eV_A": {"0": 0.10491521010069889, "1": 0.2543462783748312, "2": 0.09801734051392769, "3": 0.0924558321424473, "4": 0.09666215603148498}, "force_target_rms_by_element_column_eV_A": {"0": 0.6667205065800093, "1": 1.485388937044054, "2": 0.6623370749424797, "3": 0.6101502819784279, "4": 0.42143582945433244}, "force_rmse_over_target_rms_by_element_column": {"0": 0.15736010676928025, "1": 0.17123210765322117, "2": 0.14798709633224133, "3": 0.15152960651375413, "4": 0.22936387766707306}, "density_observers": {"density_RMSE_e_A3": 0.0002191429166788219, "farfield_RMSE_e_A3": 6.281772191670895e-05, "scope": "Different Gaussian resolutions of the same error; smaller farfield RMSE is not an accuracy gain."}, "largest_force_errors": [{"index": 250, "atoms": 179, "composition": [13, 8, 56, 54, 48], "charge": -0.0, "force_rmse": 0.2998842622996416}, {"index": 152, "atoms": 342, "composition": [17, 13, 149, 150, 13], "charge": -0.0, "force_rmse": 0.21804825975628292}, {"index": 169, "atoms": 347, "composition": [12, 8, 164, 150, 13], "charge": -0.0, "force_rmse": 0.2180474538259735}, {"index": 231, "atoms": 181, "composition": [12, 10, 57, 54, 48], "charge": -0.0, "force_rmse": 0.20621066503089008}, {"index": 145, "atoms": 346, "composition": [25, 5, 153, 150, 13], "charge": -0.0, "force_rmse": 0.18831249139039608}, {"index": 225, "atoms": 169, "composition": [3, 6, 58, 54, 48], "charge": -0.0, "force_rmse": 0.17576631540203105}, {"index": 214, "atoms": 328, "composition": [16, 11, 138, 150, 13], "charge": -0.0, "force_rmse": 0.17300673273361877}, {"index": 175, "atoms": 352, "composition": [9, 16, 164, 150, 13], "charge": -0.0, "force_rmse": 0.17287473756396535}], "atomic_numbers": [1, 6, 8, 25, 45]}
2026-10-08 09:13:17.987 INFO: Epoch 410: loss=6.12944, RMSE_E_per_atom=4.1653 meV, RMSE_F=105.1778 meV/A, RMSE_dip_per_atom=0.6973 meA, RMSE_rho=0.2191 me/A^3
2026-10-08 09:13:17.987 INFO: 50-step electronic residual maximum: 0.094429
2026-10-08 09:13:18.000 INFO: Optimizer epoch 410: lr=[0.001, 0.001, 0.001, 0.001, 0.001, 0.001, 0.001, 0.001, 0.001], mean gradient norm=6.4617, clipped=14/141
2026-10-08 09:13:18.000 INFO: Epoch timing: train=88.216s, validation=27.774s, updates=141, train/update=0.62565s, peak allocated=12472.6 MiB, backbone=CuEq
2026-10-08 09:13:18.000 INFO: Optimization budget: graphs=1125/1125, updates=141, mean retained gradient=0.98264, min retained gradient=0.6592
2026-10-08 09:13:18.001 INFO: Optimizer time scales {"updates_per_epoch": 141, "groups": [{"name": "embedding", "lr": 0.001, "parameter_update_range": [57951.0, 57951.0], "moment_memory_epochs": [0.07092198581560286, 7.092198581560277], "AdamW_decay_only_retention_per_epoch": 1.0}, {"name": "interactions_decay", "lr": 0.001, "parameter_update_range": [57951.0, 57951.0], "moment_memory_epochs": [0.07092198581560286, 7.092198581560277], "AdamW_decay_only_retention_per_epoch": 0.9998590098695387}, {"name": "interactions_no_decay", "lr": 0.001, "parameter_update_range": [57951.0, 57951.0], "moment_memory_epochs": [0.07092198581560286, 7.092198581560277], "AdamW_decay_only_retention_per_epoch": 1.0}, {"name": "products", "lr": 0.001, "parameter_update_range": [57951.0, 57951.0], "moment_memory_epochs": [0.07092198581560286, 7.092198581560277], "AdamW_decay_only_retention_per_epoch": 0.9998590098695387}, {"name": "readouts", "lr": 0.001, "parameter_update_range": [57951.0, 57951.0], "moment_memory_epochs": [0.07092198581560286, 7.092198581560277], "AdamW_decay_only_retention_per_epoch": 1.0}, {"name": "lr_source_maps", "lr": 0.001, "parameter_update_range": [57951.0, 57951.0], "moment_memory_epochs": [0.07092198581560286, 7.092198581560277], "AdamW_decay_only_retention_per_epoch": 1.0}, {"name": "field_dependent_charges_map", "lr": 0.001, "parameter_update_range": [57951.0, 57951.0], "moment_memory_epochs": [0.07092198581560286, 7.092198581560277], "AdamW_decay_only_retention_per_epoch": 0.9985909865428542}, {"name": "electronic_references", "lr": 0.001, "parameter_update_range": [57951.0, 57951.0], "moment_memory_epochs": [0.07092198581560286, 7.092198581560277], "AdamW_decay_only_retention_per_epoch": 1.0}, {"name": "layer_feature_mixer", "lr": 0.001, "parameter_update_range": [57951.0, 57951.0], "moment_memory_epochs": [0.07092198581560286, 7.092198581560277], "AdamW_decay_only_retention_per_epoch": 0.9998590098695387}], "EMA_asymptotic_memory_epochs": 0.7092198581560277}
2026-10-08 09:13:18.001 INFO: Batching: optimizer graphs=8, device graphs<=8; one clipping/Adam/EMA update per optimizer batch
2026-10-08 09:13:18.001 INFO: 50-step finite-budget validation residual 0.094429 exceeds equilibrium tolerance 1e-06; metrics describe the exported finite trajectory, not a converged root
2026-10-08 09:21:04.918 INFO: Full validation audit {"graphs": 279, "index_convention": "supplied loader order, zero based", "force_rmse_by_element_column_eV_A": {"0": 0.10464962270809607, "1": 0.2535424953520961, "2": 0.09783154424404202, "3": 0.09231116097047733, "4": 0.09648600625647992}, "force_target_rms_by_element_column_eV_A": {"0": 0.6667205065800093, "1": 1.485388937044054, "2": 0.6623370749424797, "3": 0.6101502819784279, "4": 0.42143582945433244}, "force_rmse_over_target_rms_by_element_column": {"0": 0.1569617578509829, "1": 0.170690981351086, "2": 0.1477065801465789, "3": 0.15129249907277928, "4": 0.22894590234866424}, "density_observers": {"density_RMSE_e_A3": 0.000218434209314566, "farfield_RMSE_e_A3": 6.33636859626389e-05, "scope": "Different Gaussian resolutions of the same error; smaller farfield RMSE is not an accuracy gain."}, "largest_force_errors": [{"index": 250, "atoms": 179, "composition": [13, 8, 56, 54, 48], "charge": -0.0, "force_rmse": 0.2959460463984506}, {"index": 152, "atoms": 342, "composition": [17, 13, 149, 150, 13], "charge": -0.0, "force_rmse": 0.2157412713511428}, {"index": 169, "atoms": 347, "composition": [12, 8, 164, 150, 13], "charge": -0.0, "force_rmse": 0.21509996792183048}, {"index": 231, "atoms": 181, "composition": [12, 10, 57, 54, 48], "charge": -0.0, "force_rmse": 0.20936048571887986}, {"index": 145, "atoms": 346, "composition": [25, 5, 153, 150, 13], "charge": -0.0, "force_rmse": 0.1875662799204827}, {"index": 225, "atoms": 169, "composition": [3, 6, 58, 54, 48], "charge": -0.0, "force_rmse": 0.1766618434437824}, {"index": 175, "atoms": 352, "composition": [9, 16, 164, 150, 13], "charge": -0.0, "force_rmse": 0.17316726615330316}, {"index": 214, "atoms": 328, "composition": [16, 11, 138, 150, 13], "charge": -0.0, "force_rmse": 0.17244715245904238}], "atomic_numbers": [1, 6, 8, 25, 45]}
2026-10-08 09:21:04.941 INFO: Epoch 415: loss=6.10888, RMSE_E_per_atom=4.1296 meV, RMSE_F=104.9603 meV/A, RMSE_dip_per_atom=0.7191 meA, RMSE_rho=0.2184 me/A^3
2026-10-08 09:21:04.941 INFO: 50-step electronic residual maximum: 0.27804
2026-10-08 09:21:04.949 INFO: Optimizer epoch 415: lr=[0.001, 0.001, 0.001, 0.001, 0.001, 0.001, 0.001, 0.001, 0.001], mean gradient norm=6.5257, clipped=6/141
2026-10-08 09:21:04.949 INFO: Epoch timing: train=87.168s, validation=27.770s, updates=141, train/update=0.61821s, peak allocated=12443.5 MiB, backbone=CuEq
2026-10-08 09:21:04.949 INFO: Optimization budget: graphs=1125/1125, updates=141, mean retained gradient=0.98899, min retained gradient=0.40571
2026-10-08 09:21:04.949 INFO: Optimizer time scales {"updates_per_epoch": 141, "groups": [{"name": "embedding", "lr": 0.001, "parameter_update_range": [58656.0, 58656.0], "moment_memory_epochs": [0.07092198581560286, 7.092198581560277], "AdamW_decay_only_retention_per_epoch": 1.0}, {"name": "interactions_decay", "lr": 0.001, "parameter_update_range": [58656.0, 58656.0], "moment_memory_epochs": [0.07092198581560286, 7.092198581560277], "AdamW_decay_only_retention_per_epoch": 0.9998590098695387}, {"name": "interactions_no_decay", "lr": 0.001, "parameter_update_range": [58656.0, 58656.0], "moment_memory_epochs": [0.07092198581560286, 7.092198581560277], "AdamW_decay_only_retention_per_epoch": 1.0}, {"name": "products", "lr": 0.001, "parameter_update_range": [58656.0, 58656.0], "moment_memory_epochs": [0.07092198581560286, 7.092198581560277], "AdamW_decay_only_retention_per_epoch": 0.9998590098695387}, {"name": "readouts", "lr": 0.001, "parameter_update_range": [58656.0, 58656.0], "moment_memory_epochs": [0.07092198581560286, 7.092198581560277], "AdamW_decay_only_retention_per_epoch": 1.0}, {"name": "lr_source_maps", "lr": 0.001, "parameter_update_range": [58656.0, 58656.0], "moment_memory_epochs": [0.07092198581560286, 7.092198581560277], "AdamW_decay_only_retention_per_epoch": 1.0}, {"name": "field_dependent_charges_map", "lr": 0.001, "parameter_update_range": [58656.0, 58656.0], "moment_memory_epochs": [0.07092198581560286, 7.092198581560277], "AdamW_decay_only_retention_per_epoch": 0.9985909865428542}, {"name": "electronic_references", "lr": 0.001, "parameter_update_range": [58656.0, 58656.0], "moment_memory_epochs": [0.07092198581560286, 7.092198581560277], "AdamW_decay_only_retention_per_epoch": 1.0}, {"name": "layer_feature_mixer", "lr": 0.001, "parameter_update_range": [58656.0, 58656.0], "moment_memory_epochs": [0.07092198581560286, 7.092198581560277], "AdamW_decay_only_retention_per_epoch": 0.9998590098695387}], "EMA_asymptotic_memory_epochs": 0.7092198581560277}
2026-10-08 09:21:04.949 INFO: Batching: optimizer graphs=8, device graphs<=8; one clipping/Adam/EMA update per optimizer batch
2026-10-08 09:21:04.949 INFO: 50-step finite-budget validation residual 0.27804 exceeds equilibrium tolerance 1e-06; metrics describe the exported finite trajectory, not a converged root
