2026-10-10 18:10:08.607 INFO: MACE version: 0.3.16
2026-10-10 18:10:08.867 INFO: CUDA version: 12.8, CUDA device: 0
2026-10-10 18:10:08.868 INFO: Configuration: Namespace(config='config.yaml', name='fit_0', seed=7777, work_dir='.', log_dir='./logs', model_dir='.', checkpoints_dir='checkpoints_IrO2_scratch_noproto', results_dir='./results', downloads_dir='./downloads', device='cuda', default_dtype='float64', distributed=False, launcher='slurm', log_level='INFO', plot=True, plot_frequency=0, plot_interaction_e=False, r_max=6.0, radial_type='bessel', num_radial_basis=8, num_cutoff_basis=5, pair_repulsion=False, distance_transform='None', apply_cutoff=True, use_last_readout_only=False, use_embedding_readout=False, interaction='RealAgnosticResidualInteractionBlock', interaction_first='RealAgnosticResidualInteractionBlock', max_ell=3, correlation=3, use_reduced_cg=False, use_so3=False, use_agnostic_product=False, num_interactions=2, MLP_irreps='64x0e', radial_MLP='[64, 64, 64]', hidden_irreps='64x0e + 64x1o', edge_irreps=None, use_edge_irreps_first=False, num_channels=None, max_L=None, gate='silu', num_recursion_steps=1, field_si=False, add_local_electron_energy=False, fixedpoint_update_config=None, scaling='rms_forces_scaling', avg_num_neighbors=1, compute_avg_num_neighbors=True, compute_stress=False, compute_forces=True, train_file='/fs/cephfs/data/qm_inorganics/shuang/electrocatalysis/IrO2_110/ml_training/data/IrO2OH_110_0_1733_vasp_sp_train.xyz', valid_file='/fs/cephfs/data/qm_inorganics/shuang/electrocatalysis/IrO2_110/ml_training/data/IrO2OH_110_0_1733_vasp_sp_valid.xyz', valid_fraction=0.1, test_file=None, test_dir=None, multi_processed_test=False, num_workers=0, pin_memory=True, atomic_numbers=None, mean=None, std=None, statistics_file=None, les_arguments=None, E0s='{1: -1.20639624, 8: -1.98686083, 77: -1.75921356}', pseudolabel_replay=False, pseudolabel_replay_compute_stress=False, foundation_filter_elements=True, multiheads_finetuning=True, foundation_head=None, weight_pt_head=1.0, real_pt_data_ratio_threshold=0.1, num_samples_pt=10000, force_mh_ft_lr=False, subselect_pt='random', filter_type_pt='none', allow_random_padding_pt=True, pt_train_file=None, pt_valid_file=None, foundation_model_elements=False, keep_isolated_atoms=False, lora=False, lora_rank=4, lora_alpha=1.0, energy_key=None, forces_key=None, virials_key=None, stress_key=None, dipole_key=None, polarizability_key=None, head_key=None, charges_key=None, elec_temp_key=None, total_spin_key=None, total_charge_key=None, embedding_specs=None, skip_evaluate_heads='pt_head', forces_weight=100.0, swa_forces_weight=100.0, energy_weight=1.0, swa_energy_weight=1000.0, virials_weight=1.0, swa_virials_weight=10.0, stress_weight=1.0, swa_stress_weight=10.0, dipole_weight=1.0, swa_dipole_weight=1.0, swa_polarizability_weight=1.0, polarizability_weight=1.0, config_type_weights={'slab': 1.0, 'bulk': 1.0}, huber_delta=0.01, beta=0.9, beta1_schedulefree=0.9, beta2_schedulefree=0.98, batch_size=8, valid_batch_size=4, lr=0.003, swa_lr=0.001, weight_decay=0.001, lr_params_factors='{"embedding_lr_factor": 1.0, "interactions_lr_factor": 1.0, "products_lr_factor": 1.0, "readouts_lr_factor": 1.0}', freeze=None, scheduler='none', lr_factor=0.8, scheduler_patience=50, lr_scheduler_gamma=0.9993, swa=False, start_swa=None, lbfgs=False, ema=True, ema_decay=0.99, max_num_epochs=500, patience=1000, foundation_model=None, foundation_model_kwargs='{}', foundation_model_readout=True, eval_interval=5, keep_checkpoints=True, save_all_checkpoints=True, save_cpu=True, clip_grad=10.0, dry_run=False, enable_cueq=True, only_cueq=False, enable_oeq=False, wandb=False, wandb_dir=None, wandb_project='', wandb_entity='', wandb_name='', wandb_log_hypers=['num_channels', 'max_L', 'correlation', 'lr', 'swa_lr', 'weight_decay', 'batch_size', 'max_num_epochs', 'start_swa', 'energy_weight', 'forces_weight'], amsgrad=False, atomic_multipoles_key=None, electrostatic_potentials_key=None, external_field_key=None, fermi_level_key=None, include_local_electron_energy=False, atomic_multipoles_max_l=1, atomic_multipoles_smearing_width=1.5, kspace_cutoff_factor=1.0, atomic_formal_charges='{}', formal_charges_from_data=False, field_feature_max_l=1, field_feature_widths='[1.5, 3.0]', dont_include_pbc_corrections=False, include_electrostatic_self_interaction=True, valid_set_seed=7777, quadrupole_feature_corrections=False, electrostatic_pbc_method='mixed_periodic', static_bond_transfer_block='OxidationDependentSymmetricPredictionSourceBlock', oxidation_state_mixer='SumOxidationStateMixer', return_electrostatic_potentials=False, train_schedule=[{'name': 'stage1', 'start': 0, 'end': 49, 'lr': 0.003, 'loss': {'energy_per_atom': {'weight': 100}, 'forces': {'weight': 500}, 'dipole': {'weight': 10}, 'fourier_density': {'weight': 10, 'reference': 'farfield'}, 'fourier_potential': {'weight': 100}, 'vacuum_potential': {'weight': 100, 'relative': True}, 'fermi_level': {'weight': 100, 'relative': True}}, 'fixed_point_training_options': FixedPointTrainingOptions(mode='unroll_scf', scf=FixedPointSCFOptions(num_scf_steps=12, scf_tolerance=1e-06, mixing_parameter=0.5, constant_charge=True, use_autograd_forces=True, initial_density='local_guess', initial_fermi_level='zero'), linear_solve='inverse', fixedpoint_scf_stability=False, reference_conditioning='none')}, {'name': 'stage2', 'start': 50, 'end': 349, 'lr': 0.001, 'loss': {'energy_per_atom': {'weight': 100}, 'forces': {'weight': 500}, 'dipole': {'weight': 100}, 'fourier_density': {'weight': 10, 'reference': 'farfield'}, 'fourier_potential': {'weight': 100}, 'vacuum_potential': {'weight': 100, 'relative': True}, 'fermi_level': {'weight': 100, 'relative': True}}, 'fixed_point_training_options': FixedPointTrainingOptions(mode='unroll_scf', scf=FixedPointSCFOptions(num_scf_steps=20, scf_tolerance=1e-06, mixing_parameter=0.5, constant_charge=True, use_autograd_forces=True, initial_density='local_guess', initial_fermi_level='zero'), linear_solve='inverse', fixedpoint_scf_stability=False, reference_conditioning='none')}, {'name': 'stage3', 'start': 350, 'end': 400, 'lr': 0.001, 'loss': {'energy_per_atom': {'weight': 100}, 'forces': {'weight': 500}, 'dipole': {'weight': 100}, 'fourier_density': {'weight': 10, 'reference': 'farfield'}, 'fourier_potential': {'weight': 100}, 'vacuum_potential': {'weight': 100, 'relative': True}, 'fermi_level': {'weight': 100, 'relative': True}}, 'fixed_point_training_options': FixedPointTrainingOptions(mode='unroll_scf', scf=FixedPointSCFOptions(num_scf_steps=50, scf_tolerance=1e-06, mixing_parameter=0.5, constant_charge=True, use_autograd_forces=True, initial_density='local_guess', initial_fermi_level='zero'), linear_solve='inverse', fixedpoint_scf_stability=False, reference_conditioning='none')}], fixed_point_update_config={'type': <class 'mace_scf.electrostatics.coupled.CoupledResponse'>, 'potential_widths': [1.5, 3.0]}, field_readout_config={'type': <class 'mace_scf.electrostatics.field_blocks.StrictQuadraticFieldEnergyReadout'>}, field_block_weight_decay=0.01, local_charges_weight_decay=0.0, field_feature_norms='None', fermi_level_offset=None, field_norm_factor=1.0, oxidation_state_range='(-6.0, 6.0)', polarizable_charges=False, beta_two=0.999, log_on_test_sets=False, scf_convergence_summary=False, use_linear_final_readout=False, include_field_si=False, use_linear_local_charges=False, atom_density_scaling='None', allow_low_density_pbc=False, override_pbc_checks=False, low_density_pbc_max_volume_per_atom=100.0, wandb_watch='off', wandb_watch_log_freq=50, debug_log_grad_summary=False, fixedpoint_initial_charge_head_scale=0.01, heads={'default': {'arrays_keys': {'forces': 'vasp_forces'}, 'info_keys': {'dipole': 'vasp_dipole', 'dipole_correction_zfrac': 'dipole_correction_zfrac', 'dipole_weight': 'config_dipole_weight', 'energy': 'vasp_free_energy', 'external_field': 'external_field', 'fermi_level': 'vasp_efermi', 'fourier_density': 'vasp_rho_fftn_shifted_1.5', 'fourier_potential': 'vasp_phi_fftn_shifted_1.5', 'total_charge': 'total_charge', 'vacuum_zfrac': 'vacuum_zfrac', 'vacuum_potential': 'vacuum_potential', 'vacuum_xfrac': 'vacuum_xfrac', 'vacuum_yfrac': 'vacuum_yfrac', 'dipole_correction_xfrac': 'dipole_correction_xfrac', 'dipole_correction_yfrac': 'dipole_correction_yfrac', 'stress': 'none', 'head': 'head'}}}, error_table='ElectrostaticRMSE', compute_polarizability=True, restart_latest=False, model='FixedPoint', optimizer='adamw', qeq_charges='autograd', train_hardness=False, read_enegs=False, read_hardness=False, enegs_key=None, default_hardness=2.0)
2026-10-10 18:10:08.868 INFO: Using the key specifications to parse data:
2026-10-10 18:10:08.868 INFO: KeySpecification(info_keys={'dipole': 'vasp_dipole', 'dipole_correction_zfrac': 'dipole_correction_zfrac', 'dipole_weight': 'config_dipole_weight', 'energy': 'vasp_free_energy', 'external_field': 'external_field', 'fermi_level': 'vasp_efermi', 'fourier_density': 'vasp_rho_fftn_shifted_1.5', 'fourier_potential': 'vasp_phi_fftn_shifted_1.5', 'total_charge': 'total_charge', 'vacuum_zfrac': 'vacuum_zfrac', 'vacuum_potential': 'vacuum_potential', 'vacuum_xfrac': 'vacuum_xfrac', 'vacuum_yfrac': 'vacuum_yfrac', 'dipole_correction_xfrac': 'dipole_correction_xfrac', 'dipole_correction_yfrac': 'dipole_correction_yfrac', 'stress': 'none', 'head': 'head'}, arrays_keys={'forces': 'vasp_forces'})
2026-10-10 18:11:14.871 DEBUG: Loading training file: /fs/cephfs/data/qm_inorganics/shuang/electrocatalysis/IrO2_110/ml_training/data/IrO2OH_110_0_1733_vasp_sp_train.xyz
2026-10-10 18:11:41.239 INFO: Training set 1/1 [dipole components: 1307, dipole_correction_zfrac: 1307, dipole_weight: 1384, energy: 1384, external_field: 1384, fermi_level: 1307, fourier_density: 1384, fourier_potential: 1384, total_charge: 1384, vacuum_zfrac: 1307, vacuum_potential: 1307, vacuum_xfrac: 0, vacuum_yfrac: 0, dipole_correction_xfrac: 0, dipole_correction_yfrac: 0, stress: 0, head: 1384, forces: 1384]
2026-10-10 18:11:41.253 INFO: Total Training set [dipole components: 1307, dipole_correction_zfrac: 1307, dipole_weight: 1384, energy: 1384, external_field: 1384, fermi_level: 1307, fourier_density: 1384, fourier_potential: 1384, total_charge: 1384, vacuum_zfrac: 1307, vacuum_potential: 1307, vacuum_xfrac: 0, vacuum_yfrac: 0, dipole_correction_xfrac: 0, dipole_correction_yfrac: 0, stress: 0, head: 1384, forces: 1384]
2026-10-10 18:11:47.913 INFO: Validation set 1/1 [dipole components: 330, dipole_correction_zfrac: 330, dipole_weight: 350, energy: 350, external_field: 350, fermi_level: 330, fourier_density: 350, fourier_potential: 350, total_charge: 350, vacuum_zfrac: 330, vacuum_potential: 330, vacuum_xfrac: 0, vacuum_yfrac: 0, dipole_correction_xfrac: 0, dipole_correction_yfrac: 0, stress: 0, head: 350, forces: 350]
2026-10-10 18:11:47.914 INFO: Total Validation set [dipole components: 330, dipole_correction_zfrac: 330, dipole_weight: 350, energy: 350, external_field: 350, fermi_level: 330, fourier_density: 350, fourier_potential: 350, total_charge: 350, vacuum_zfrac: 330, vacuum_potential: 330, vacuum_xfrac: 0, vacuum_yfrac: 0, dipole_correction_xfrac: 0, dipole_correction_yfrac: 0, stress: 0, head: 350, forces: 350]
2026-10-10 18:11:47.914 INFO: Total number of configurations: train=1384, valid=350, tests=[]
2026-10-10 18:11:47.937 INFO: AtomicNumberTable: (1, 8, 77)
2026-10-10 18:11:47.937 INFO: Isolated Atomic Energies (E0s) not in training file, using command line argument
2026-10-10 18:11:59.465 INFO: Atomic energies: [-1.20639624, -1.98686083, -1.75921356]
2026-10-10 18:12:00.769 INFO: Average number of neighbors: 73.78193549865908
2026-10-10 18:12:00.782 INFO: computed Fermi level offset -1.7218048201989287
2026-10-10 18:12:00.783 INFO: using Fermi level offset -1.7218048201989287
2026-10-10 18:12:00.783 INFO: using normalization for field features None
2026-10-10 18:12:00.783 INFO: using atom density scaling factors [1. 1. 1.]
2026-10-10 18:12:00.783 INFO: Building model
2026-10-10 18:12:00.783 INFO: Hidden irreps: 64x0e + 64x1o
2026-10-10 18:12:01.639 INFO: Rescaled initial FixedPoint charge heads by 0.01 to keep initial charge predictions small
2026-10-10 18:12:03.090 DEBUG: Fixed training-geometry readout units by layer/irrep: [[1.0561878020405968, 1.0000029789706075], [1.0200169853101115, 1.000001501690063]]; initial energy function preserved by inverse weight transformation
2026-10-10 18:12:04.228 INFO: Electronic response CoupledResponse: 4 coarse + 8 regular coefficients per atom; deployment uses 50 steps
2026-10-10 18:12:13.334 DEBUG: Training-only atomic vacuum reference: relative=True, labels=1307, residual_RMSE=0.00276677 eV; shared EF/vacuum gauge, fitted independently of optional spatial proto data
2026-10-10 18:12:14.148 INFO: SCF CUDA linear algebra: cuSOLVER/cuBLAS selected (process-wide); exact cached matrix-solve derivatives; torch=2.9.1+cu128 CUDA=12.8
2026-10-10 18:12:57.012 DEBUG: Training-only cold reference fit: rank=8/9; scalar gauges follow the configured relative/absolute objectives; candidates=[{'fraction': 0.0, 'loss': 2183.7526444771174}, {'fraction': 1.0, 'loss': 2095.3919286897576}, {'fraction': 0.5, 'loss': 2117.1458327812425}, {'fraction': 0.25, 'loss': 2144.8439768215985}]
2026-10-10 18:12:58.514 INFO: Coupled response: neutral reference, screened moment seed, 2 local potential channels, Gaussian receiver widths [1.5, 0.0, 3.0]; fixed Q is enforced without measured EF
2026-10-10 18:12:58.514 DEBUG: Constitutive charge response: field; stored in checkpoint metadata
2026-10-10 18:13:06.405 DEBUG: Training-only EF reference initialization: offset correction -0.905514 eV
2026-10-10 18:13:06.405 DEBUG: Training-only total-energy reference: 4.05477 -> 0.0354035 eV/atom on 64 graphs
2026-10-10 18:13:06.408 DEBUG: Normalized paths for operand 2 in uv,iu,iv operands=[(64, 64)],[(1, 64)],[(1, 64)] paths=[op0[0]*op1[0]*op2[0]*1.]: got uv,iu,iv operands=[(64, 64)],[(1, 64)],[(1, 64)] paths=[op0[0]*op1[0]*op2[0]*0.12]
2026-10-10 18:13:06.416 DEBUG: Normalized paths for operand 3 in uv,iu,jv,kuv+ijk sizes=256,64,16,1024 num_segments=4,1,4,4 num_paths=4 i=1 j={1, 3, 5, 7} k={1, 3, 5, 7} u=64 v=1: got uv,iu,jv,kuv+ijk sizes=256,64,16,1024 num_segments=4,1,4,4 num_paths=4 i=1 j={1, 3, 5, 7} k={1, 3, 5, 7} u=64 v=1
2026-10-10 18:13:06.417 DEBUG: Flattened ijk in uv,iu,jv,kuv+ijk sizes=256,64,16,1024 num_segments=4,1,4,4 num_paths=4 i=1 j={1, 3, 5, 7} k={1, 3, 5, 7} u=64 v=1: got uv,u,v,uv sizes=256,64,16,1024 num_segments=4,1,16,16 num_paths=16 u=64 v=1
2026-10-10 18:13:06.418 DEBUG: Squeezed uv,u,v,uv sizes=256,64,16,1024 num_segments=4,1,16,16 num_paths=16 u=64 v=1 to u,u,,u sizes=256,64,16,1024 num_segments=4,1,16,16 num_paths=16 u=64
2026-10-10 18:13:06.419 DEBUG: Flattened ijk in uv,iu,jv,kuv+ijk sizes=256,64,16,1024 num_segments=4,1,4,4 num_paths=4 i=1 j={1, 3, 5, 7} k={1, 3, 5, 7} u=64 v=1: got uv,u,v,uv sizes=256,64,16,1024 num_segments=4,1,16,16 num_paths=16 u=64 v=1
2026-10-10 18:13:06.420 DEBUG: Squeezed uv,u,v,uv sizes=256,64,16,1024 num_segments=4,1,16,16 num_paths=16 u=64 v=1 to u,u,,u sizes=256,64,16,1024 num_segments=4,1,16,16 num_paths=16 u=64
2026-10-10 18:13:06.441 DEBUG: Normalized paths for operand 2 in uv,iu,iv sizes=16384,1024,1024 num_segments=4,4,4 num_paths=4 i={1, 3, 5, 7} u=64 v=64: got uv,iu,iv sizes=16384,1024,1024 num_segments=4,4,4 num_paths=4 i={1, 3, 5, 7} u=64 v=64
2026-10-10 18:13:06.458 DEBUG: Normalized paths for operand 3 in uvw,iu,jv,kw+ijk sizes=12288,64,3,256 num_segments=1,1,1,2 num_paths=1 i=1 j=1 k={1, 3} u=64 v=3 w=64: got uvw,iu,jv,kw+ijk sizes=12288,64,3,256 num_segments=1,1,1,2 num_paths=1 i=1 j=1 k={1, 3} u=64 v=3 w=64
2026-10-10 18:13:07.611 DEBUG: Flattened abciu in u,a,b,c,i+abcui operands=[(23,)],[(16,)],[(16,)],[(16,)],[(1,)] paths=[op0[0]*op1[0]*op2[0]*op3[0]*op4[0]*c c.shape=(16, 16, 16, 23, 1) c.nnz=276]: got ,,,, sizes=23,16,16,16,1 num_segments=23,16,16,16,1 num_paths=276
2026-10-10 18:13:07.614 DEBUG: Flattened abiu in u,a,b,i+abui operands=[(4,)],[(16,)],[(16,)],[(1,)] paths=[op0[0]*op1[0]*op2[0]*op3[0]*c c.shape=(16, 16, 4, 1) c.nnz=16]: got ,,, sizes=4,16,16,1 num_segments=4,16,16,1 num_paths=16
2026-10-10 18:13:07.615 DEBUG: Flattened aiu in u,a,i+aui operands=[(1,)],[(16,)],[(1,)] paths=[op0[0]*op1[0]*op2[0]*c c.shape=(16, 1, 1) c.nnz=1]: got ,, sizes=1,16,1 num_segments=1,16,1 num_paths=1
2026-10-10 18:13:07.669 DEBUG: Flattened abciu in u,a,b,c,i+abcui operands=[(51,)],[(16,)],[(16,)],[(16,)],[(3,)] paths=[op0[0]*op1[0]*op2[0]*op3[0]*op4[0]*c c.shape=(16, 16, 16, 51, 3) c.nnz=1554]: got ,,,, sizes=51,16,16,16,3 num_segments=51,16,16,16,3 num_paths=1554
2026-10-10 18:13:07.679 DEBUG: Flattened abiu in u,a,b,i+abui operands=[(6,)],[(16,)],[(16,)],[(3,)] paths=[op0[0]*op1[0]*op2[0]*op3[0]*c c.shape=(16, 16, 6, 3) c.nnz=70]: got ,,, sizes=6,16,16,3 num_segments=6,16,16,3 num_paths=70
2026-10-10 18:13:07.681 DEBUG: Flattened aiu in u,a,i+aui operands=[(1,)],[(16,)],[(3,)] paths=[op0[0]*op1[0]*op2[0]*c c.shape=(16, 1, 3) c.nnz=3]: got ,, sizes=1,16,3 num_segments=1,16,3 num_paths=3
2026-10-10 18:13:07.798 DEBUG: _reduced_tensor_product_basis (0e+1o+2e+3o,), frozenset({(1, (0,))}), keep_ir=frozenset({0e, 1o})
2026-10-10 18:13:07.799 DEBUG: Normalized paths for operand 2 in w,a,i+aiw sizes=2,16,4 num_segments=2,1,2 num_paths=2 a=16 i={1, 3} w=1: got w,a,i+aiw sizes=2,16,4 num_segments=2,1,2 num_paths=2 a=16 i={1, 3} w=1
2026-10-10 18:13:07.799 DEBUG: Flattened aiw in w,a,i+aiw sizes=2,16,4 num_segments=2,1,2 num_paths=2 a=16 i={1, 3} w=1: got ,, sizes=2,16,4 num_segments=2,16,4 num_paths=4
2026-10-10 18:13:07.799 DEBUG: _reduced_tensor_product_basis (0e+1o+2e+3o, 0e+1o+2e+3o), frozenset({(1, (0, 1)), (1, (1, 0))}), keep_ir=frozenset({0e, 1o}), use _optimized_reduced_symmetric_tensor_product_basis
2026-10-10 18:13:07.800 DEBUG: _reduced_tensor_product_basis (0e,), frozenset({(1, (0,))}), keep_ir=frozenset({0e, 2o, 3o, 2e, 3e, 1e, 1o, 4e})
2026-10-10 18:13:07.800 DEBUG: _reduced_tensor_product_basis (0e, 0e), frozenset({(1, (0, 1)), (1, (1, 0))}), keep_ir=frozenset({0e, 1o})
2026-10-10 18:13:07.874 DEBUG: _reduced_tensor_product_basis (1o,), frozenset({(1, (0,))}), keep_ir=frozenset({0e, 2o, 3o, 2e, 3e, 1e, 1o, 4e})
2026-10-10 18:13:07.874 DEBUG: _reduced_tensor_product_basis (1o, 1o), frozenset({(1, (0, 1)), (1, (1, 0))}), keep_ir=frozenset({0e, 1o})
2026-10-10 18:13:07.875 DEBUG: _reduced_tensor_product_basis (2e,), frozenset({(1, (0,))}), keep_ir=frozenset({0e, 2o, 3o, 2e, 3e, 1e, 1o, 4e})
2026-10-10 18:13:07.875 DEBUG: _reduced_tensor_product_basis (2e, 2e), frozenset({(1, (0, 1)), (1, (1, 0))}), keep_ir=frozenset({0e, 1o})
2026-10-10 18:13:07.876 DEBUG: _reduced_tensor_product_basis (3o,), frozenset({(1, (0,))}), keep_ir=frozenset({0e, 2o, 3o, 2e, 3e, 1e, 1o, 4e})
2026-10-10 18:13:07.877 DEBUG: _reduced_tensor_product_basis (3o, 3o), frozenset({(1, (0, 1)), (1, (1, 0))}), keep_ir=frozenset({0e, 1o})
2026-10-10 18:13:07.881 DEBUG: Normalized paths for operand 3 in w,a,b,i+abiw sizes=7,16,16,4 num_segments=2,1,1,2 num_paths=2 a=16 b=16 i={1, 3} w={3, 4}: got w,a,b,i+abiw sizes=7,16,16,4 num_segments=2,1,1,2 num_paths=2 a=16 b=16 i={1, 3} w={3, 4}
2026-10-10 18:13:07.882 DEBUG: Flattened abiw in w,a,b,i+abiw sizes=7,16,16,4 num_segments=2,1,1,2 num_paths=2 a=16 b=16 i={1, 3} w={3, 4}: got ,,, sizes=7,16,16,4 num_segments=7,16,16,4 num_paths=86
2026-10-10 18:13:07.883 DEBUG: _reduced_tensor_product_basis (0e+1o+2e+3o, 0e+1o+2e+3o, 0e+1o+2e+3o), frozenset({(1, (0, 1, 2)), (1, (1, 0, 2)), (1, (2, 0, 1)), (1, (1, 2, 0)), (1, (0, 2, 1)), (1, (2, 1, 0))}), keep_ir=frozenset({0e, 1o}), use _optimized_reduced_symmetric_tensor_product_basis
2026-10-10 18:13:07.883 DEBUG: _reduced_tensor_product_basis (0e,), frozenset({(1, (0,))}), keep_ir=frozenset({0e, 2o, 7o, 3o, 2e, 4e, 3e, 5o, 6e, 1e, 6o, 1o, 5e, 4o, 0o})
2026-10-10 18:13:07.884 DEBUG: _reduced_tensor_product_basis (0e, 0e), frozenset({(1, (0, 1)), (1, (1, 0))}), keep_ir=frozenset({0e, 2o, 3o, 2e, 3e, 1e, 1o, 4e})
2026-10-10 18:13:07.884 DEBUG: _reduced_tensor_product_basis (0e, 0e, 0e), frozenset({(1, (0, 1, 2)), (1, (1, 0, 2)), (1, (2, 0, 1)), (1, (1, 2, 0)), (1, (0, 2, 1)), (1, (2, 1, 0))}), keep_ir=frozenset({0e, 1o})
2026-10-10 18:13:07.885 DEBUG: _reduced_tensor_product_basis (1o,), frozenset({(1, (0,))}), keep_ir=frozenset({0e, 2o, 7o, 3o, 2e, 4e, 3e, 5o, 6e, 1e, 6o, 1o, 5e, 4o, 0o})
2026-10-10 18:13:07.886 DEBUG: _reduced_tensor_product_basis (1o, 1o), frozenset({(1, (0, 1)), (1, (1, 0))}), keep_ir=frozenset({0e, 2o, 3o, 2e, 3e, 1e, 1o, 4e})
2026-10-10 18:13:07.887 DEBUG: _reduced_tensor_product_basis (1o, 1o, 1o), frozenset({(1, (0, 1, 2)), (1, (1, 0, 2)), (1, (2, 0, 1)), (1, (1, 2, 0)), (1, (0, 2, 1)), (1, (2, 1, 0))}), keep_ir=frozenset({0e, 1o})
2026-10-10 18:13:07.887 DEBUG: _reduced_tensor_product_basis (1o, 1o), frozenset({(1, (0, 1)), (1, (1, 0))}), keep_ir=frozenset({0e, 1e, 2e, 1o})
2026-10-10 18:13:07.889 DEBUG: _reduced_tensor_product_basis (2e,), frozenset({(1, (0,))}), keep_ir=frozenset({0e, 2o, 7o, 3o, 2e, 4e, 3e, 5o, 6e, 1e, 6o, 1o, 5e, 4o, 0o})
2026-10-10 18:13:07.889 DEBUG: _reduced_tensor_product_basis (2e, 2e), frozenset({(1, (0, 1)), (1, (1, 0))}), keep_ir=frozenset({0e, 2o, 3o, 2e, 3e, 1e, 1o, 4e})
2026-10-10 18:13:07.891 DEBUG: _reduced_tensor_product_basis (2e, 2e, 2e), frozenset({(1, (0, 1, 2)), (1, (1, 0, 2)), (1, (2, 0, 1)), (1, (1, 2, 0)), (1, (0, 2, 1)), (1, (2, 1, 0))}), keep_ir=frozenset({0e, 1o})
2026-10-10 18:13:07.891 DEBUG: _reduced_tensor_product_basis (2e, 2e), frozenset({(1, (0, 1)), (1, (1, 0))}), keep_ir=frozenset({3o, 1o, 2o, 2e})
2026-10-10 18:13:07.893 DEBUG: _reduced_tensor_product_basis (3o,), frozenset({(1, (0,))}), keep_ir=frozenset({0e, 2o, 7o, 3o, 2e, 4e, 3e, 5o, 6e, 1e, 6o, 1o, 5e, 4o, 0o})
2026-10-10 18:13:07.894 DEBUG: _reduced_tensor_product_basis (3o, 3o), frozenset({(1, (0, 1)), (1, (1, 0))}), keep_ir=frozenset({0e, 2o, 3o, 2e, 3e, 1e, 1o, 4e})
2026-10-10 18:13:07.896 DEBUG: _reduced_tensor_product_basis (3o, 3o, 3o), frozenset({(1, (0, 1, 2)), (1, (1, 0, 2)), (1, (2, 0, 1)), (1, (1, 2, 0)), (1, (0, 2, 1)), (1, (2, 1, 0))}), keep_ir=frozenset({0e, 1o})
2026-10-10 18:13:07.896 DEBUG: _reduced_tensor_product_basis (3o, 3o), frozenset({(1, (0, 1)), (1, (1, 0))}), keep_ir=frozenset({3e, 3o, 2e, 4e})
2026-10-10 18:13:07.950 DEBUG: Normalized paths for operand 4 in w,a,b,c,i+abciw sizes=20,16,16,16,4 num_segments=2,1,1,1,2 num_paths=2 a=16 b=16 c=16 i={1, 3} w={8, 12}: got w,a,b,c,i+abciw sizes=20,16,16,16,4 num_segments=2,1,1,1,2 num_paths=2 a=16 b=16 c=16 i={1, 3} w={8, 12}
2026-10-10 18:13:07.975 DEBUG: Flattened abciw in w,a,b,c,i+abciw sizes=20,16,16,16,4 num_segments=2,1,1,1,2 num_paths=2 a=16 b=16 c=16 i={1, 3} w={8, 12}: got ,,,, sizes=20,16,16,16,4 num_segments=20,16,16,16,4 num_paths=1949
2026-10-10 18:13:08.680 DEBUG: Normalized paths for operand 2 in uv,iu,iv sizes=8192,256,256 num_segments=2,2,2 num_paths=2 i={1, 3} u=64 v=64: got uv,iu,iv sizes=8192,256,256 num_segments=2,2,2 num_paths=2 i={1, 3} u=64 v=64
2026-10-10 18:13:08.699 DEBUG: Normalized paths for operand 2 in uv,iu,iv sizes=8192,256,256 num_segments=2,2,2 num_paths=2 i={1, 3} u=64 v=64: got uv,iu,iv sizes=8192,256,256 num_segments=2,2,2 num_paths=2 i={1, 3} u=64 v=64
2026-10-10 18:13:08.719 DEBUG: Normalized paths for operand 3 in uv,iu,jv,kuv+ijk sizes=640,256,16,2560 num_segments=10,2,4,10 num_paths=10 i={1, 3} j={1, 3, 5, 7} k={1, 3, 5, 7} u=64 v=1: got uv,iu,jv,kuv+ijk sizes=640,256,16,2560 num_segments=10,2,4,10 num_paths=10 i={1, 3} j={1, 3, 5, 7} k={1, 3, 5, 7} u=64 v=1
2026-10-10 18:13:08.721 DEBUG: Flattened ijk in uv,iu,jv,kuv+ijk sizes=640,256,16,2560 num_segments=10,2,4,10 num_paths=10 i={1, 3} j={1, 3, 5, 7} k={1, 3, 5, 7} u=64 v=1: got uv,u,v,uv sizes=640,256,16,2560 num_segments=10,4,16,40 num_paths=86 u=64 v=1
2026-10-10 18:13:08.722 DEBUG: Squeezed uv,u,v,uv sizes=640,256,16,2560 num_segments=10,4,16,40 num_paths=86 u=64 v=1 to u,u,,u sizes=640,256,16,2560 num_segments=10,4,16,40 num_paths=86 u=64
2026-10-10 18:13:08.724 DEBUG: Flattened ijk in uv,iu,jv,kuv+ijk sizes=640,256,16,2560 num_segments=10,2,4,10 num_paths=10 i={1, 3} j={1, 3, 5, 7} k={1, 3, 5, 7} u=64 v=1: got uv,u,v,uv sizes=640,256,16,2560 num_segments=10,4,16,40 num_paths=86 u=64 v=1
2026-10-10 18:13:08.726 DEBUG: Squeezed uv,u,v,uv sizes=640,256,16,2560 num_segments=10,4,16,40 num_paths=86 u=64 v=1 to u,u,,u sizes=640,256,16,2560 num_segments=10,4,16,40 num_paths=86 u=64
2026-10-10 18:13:08.774 DEBUG: Normalized paths for operand 2 in uv,iu,iv sizes=40960,2560,1024 num_segments=10,10,4 num_paths=10 i={1, 3, 5, 7} u=64 v=64: got uv,iu,iv sizes=40960,2560,1024 num_segments=10,10,4 num_paths=10 i={1, 3, 5, 7} u=64 v=64
2026-10-10 18:13:08.810 DEBUG: Normalized paths for operand 3 in uvw,iu,jv,kw+ijk sizes=24576,256,3,256 num_segments=2,2,1,2 num_paths=2 i={1, 3} j=1 k={1, 3} u=64 v=3 w=64: got uvw,iu,jv,kw+ijk sizes=24576,256,3,256 num_segments=2,2,1,2 num_paths=2 i={1, 3} j=1 k={1, 3} u=64 v=3 w=64
2026-10-10 18:13:08.841 DEBUG: Normalized paths for operand 2 in uv,iu,iv sizes=8192,256,256 num_segments=2,2,2 num_paths=2 i={1, 3} u=64 v=64: got uv,iu,iv sizes=8192,256,256 num_segments=2,2,2 num_paths=2 i={1, 3} u=64 v=64
2026-10-10 18:13:08.853 DEBUG: Transferring additional key: interactions.0.conv_tp_weights.layer1.weight
2026-10-10 18:13:08.853 DEBUG: Transferring additional key: interactions.1.conv_tp_weights.layer0.weight
2026-10-10 18:13:08.853 DEBUG: Transferring key products.0.linear.weight after adapting shape (8192,) → (1, 8192) -> torch.Size([1, 8192])
2026-10-10 18:13:08.853 DEBUG: Transferring key interactions.1.linear_up.weight after adapting shape (8192,) → (1, 8192) -> torch.Size([1, 8192])
2026-10-10 18:13:08.853 DEBUG: Transferring additional key: interactions.0.conv_tp_weights.layer2.weight
2026-10-10 18:13:08.853 DEBUG: Transferring additional key: interactions.1.conv_tp_weights.layer2.weight
2026-10-10 18:13:08.853 DEBUG: Transferring key interactions.1.skip_tp.weight after adapting shape (24576,) → (1, 24576) -> torch.Size([1, 24576])
2026-10-10 18:13:08.853 DEBUG: Transferring additional key: interactions.1.conv_tp_weights.layer1.weight
2026-10-10 18:13:08.853 DEBUG: Transferring key interactions.0.linear.weight after adapting shape (16384,) → (1, 16384) -> torch.Size([1, 16384])
2026-10-10 18:13:08.853 DEBUG: Transferring additional key: interactions.1.conv_tp_weights.layer3.weight
2026-10-10 18:13:08.853 DEBUG: Transferring additional key: interactions.0.conv_tp_weights.layer0.weight
2026-10-10 18:13:08.853 DEBUG: Transferring key interactions.0.skip_tp.weight after adapting shape (12288,) → (1, 12288) -> torch.Size([1, 12288])
2026-10-10 18:13:08.853 DEBUG: Transferring key interactions.1.linear.weight after adapting shape (40960,) → (1, 40960) -> torch.Size([1, 40960])
2026-10-10 18:13:08.853 DEBUG: Transferring additional key: interactions.0.conv_tp_weights.layer3.weight
2026-10-10 18:13:08.853 DEBUG: Transferring key interactions.0.linear_up.weight after adapting shape (4096,) → (1, 4096) -> torch.Size([1, 4096])
2026-10-10 18:13:08.853 DEBUG: Transferring key products.1.linear.weight after adapting shape (8192,) → (1, 8192) -> torch.Size([1, 8192])
2026-10-10 18:13:08.856 DEBUG: Normalized paths for operand 3 in uv,iu,jv,kuv+ijk sizes=256,64,16,1024 num_segments=4,1,4,4 num_paths=4 i=1 j={1, 3, 5, 7} k={1, 3, 5, 7} u=64 v=1: got uv,iu,jv,kuv+ijk sizes=256,64,16,1024 num_segments=4,1,4,4 num_paths=4 i=1 j={1, 3, 5, 7} k={1, 3, 5, 7} u=64 v=1
2026-10-10 18:13:08.857 DEBUG: Flattened ijk in uv,iu,jv,kuv+ijk sizes=256,64,16,1024 num_segments=4,1,4,4 num_paths=4 i=1 j={1, 3, 5, 7} k={1, 3, 5, 7} u=64 v=1: got uv,u,v,uv sizes=256,64,16,1024 num_segments=4,1,16,16 num_paths=16 u=64 v=1
2026-10-10 18:13:08.857 DEBUG: Squeezed uv,u,v,uv sizes=256,64,16,1024 num_segments=4,1,16,16 num_paths=16 u=64 v=1 to u,u,,u sizes=256,64,16,1024 num_segments=4,1,16,16 num_paths=16 u=64
2026-10-10 18:13:08.860 DEBUG: Normalized paths for operand 3 in uv,iu,jv,kuv+ijk sizes=640,256,16,2560 num_segments=10,2,4,10 num_paths=10 i={1, 3} j={1, 3, 5, 7} k={1, 3, 5, 7} u=64 v=1: got uv,iu,jv,kuv+ijk sizes=640,256,16,2560 num_segments=10,2,4,10 num_paths=10 i={1, 3} j={1, 3, 5, 7} k={1, 3, 5, 7} u=64 v=1
2026-10-10 18:13:08.862 DEBUG: Flattened ijk in uv,iu,jv,kuv+ijk sizes=640,256,16,2560 num_segments=10,2,4,10 num_paths=10 i={1, 3} j={1, 3, 5, 7} k={1, 3, 5, 7} u=64 v=1: got uv,u,v,uv sizes=640,256,16,2560 num_segments=10,4,16,40 num_paths=86 u=64 v=1
2026-10-10 18:13:08.864 DEBUG: Squeezed uv,u,v,uv sizes=640,256,16,2560 num_segments=10,4,16,40 num_paths=86 u=64 v=1 to u,u,,u sizes=640,256,16,2560 num_segments=10,4,16,40 num_paths=86 u=64
2026-10-10 18:13:08.866 INFO: CuEquivariance ACTIVE: 2 interaction/product layers, O3_e3nn, ir_mul, fused CUDA convolution=True; electronic response/readouts retain their original coordinates
2026-10-10 18:13:08.868 INFO: No external LR schedule: the learning rate follows the explicit training stages.
2026-10-10 18:13:08.869 INFO: restart_latest is False; starting from initialized model and optimizer.
2026-10-10 18:13:08.869 INFO: FixedPointCore(
  (node_embedding): LinearNodeEmbeddingBlock(
    (linear): Linear(3x0e -> 64x0e | 192 weights)
  )
  (radial_embedding): RadialEmbeddingBlock(
    (bessel_fn): BesselBasis(r_max=6.0, num_basis=8, trainable=False)
    (cutoff_fn): PolynomialCutoff(p=5, r_max=6.0)
  )
  (spherical_harmonics): SphericalHarmonics()
  (atomic_energies_fn): AtomicEnergiesBlock(energies=[[-5.0802, -4.5647, -10.7186]])
  (interactions): ModuleList(
    (0): RealAgnosticResidualInteractionBlock(
      (linear_up): Linear(
        shared_weights=True, internal_weights=True, weight_numel=4096
        (transpose_in): TransposeIrrepsLayout((irrep,mul) -> (irrep,mul))
        (transpose_out): TransposeIrrepsLayout((irrep,mul) -> (irrep,mul))
        (f): ╭ a=[4096:1⨯(64,64)] b=[64:1⨯(1,64)] -> C=[64:1⨯(1,64)]
        ╰─ []·a[uv]·b[iu]➜C[iv] ─ num_paths=1 i=1 u=64 v=64
        SegmentedPolynomial(
          (m): SegmentedPolynomialNaive(
            (graphs): ModuleList(
              (0): uv,iu,iv operands=[(64, 64)],[(1, 64)],[(1, 64)] paths=[op0[0]*op1[0]*op2[0]*0.12]
            )
          )
          (fallback): SegmentedPolynomialNaive(
            (graphs): ModuleList(
              (0): uv,iu,iv operands=[(64, 64)],[(1, 64)],[(1, 64)] paths=[op0[0]*op1[0]*op2[0]*0.12]
            )
          )
        )
      )
      (conv_tp): FusedConvolution(
        (fused): ╭ a=[256:4⨯(64)] b=[64:1⨯(64)] c=[16:16⨯()] -> D=[1024:16⨯(64)]
        ╰─ []·a[u]·b[u]·c[]➜D[u] ─ num_paths=16 u=64
        SegmentedPolynomial(
          (m): SegmentedPolynomialFromUniform1dJit()
          (fallback): SegmentedPolynomialFromUniform1dJit()
        )
        (unfused): ChannelWiseTensorProduct(
          shared_weights=False, internal_weights=False, weight_numel=256
          (transpose_in1): TransposeIrrepsLayout((irrep,mul) -> (irrep,mul))
          (transpose_in2): TransposeIrrepsLayout((irrep,mul) -> (irrep,mul))
          (transpose_out): TransposeIrrepsLayout((irrep,mul) -> (irrep,mul))
          (f): ╭ a=[256:4⨯(64,1)] b=[64:1⨯(1,64)] c=[16:(1,1)+(3,1)+(5,1)+...] -> D=[1024:(1,64,1)+(3,64,1)+...]
          ╰─ [ijk]·a[uv]·b[iu]·c[jv]➜D[kuv] ─ num_paths=4 i=1 j={1, 3, 5, 7} k={1, 3, 5, 7} u=64 v=1
          SegmentedPolynomial(
            (m): SegmentedPolynomialFromUniform1dJit()
            (fallback): SegmentedPolynomialFromUniform1dJit()
          )
        )
      )
      (conv_tp_weights): FullyConnectedNet[8, 64, 64, 64, 256]
      (linear): Linear(
        shared_weights=True, internal_weights=True, weight_numel=16384
        (transpose_in): TransposeIrrepsLayout((irrep,mul) -> (irrep,mul))
        (transpose_out): TransposeIrrepsLayout((irrep,mul) -> (irrep,mul))
        (f): ╭ a=[16384:4⨯(64,64)] b=[1024:(1,64)+(3,64)+(5,64)+...] -> C=[1024:(1,64)+(3,64)+(5,64)+...]
        ╰─ []·a[uv]·b[iu]➜C[iv] ─ num_paths=4 i={1, 3, 5, 7} u=64 v=64
        SegmentedPolynomial(
          (m): SegmentedPolynomialNaive(
            (graphs): ModuleList(
              (0): uv,iu,iv sizes=16384,1024,1024 num_segments=4,4,4 num_paths=4 i={1, 3, 5, 7} u=64 v=64
            )
          )
          (fallback): SegmentedPolynomialNaive(
            (graphs): ModuleList(
              (0): uv,iu,iv sizes=16384,1024,1024 num_segments=4,4,4 num_paths=4 i={1, 3, 5, 7} u=64 v=64
            )
          )
        )
      )
      (skip_tp): FullyConnectedTensorProduct(
        shared_weights=True, internal_weights=True, weight_numel=12288
        (transpose_in1): TransposeIrrepsLayout((irrep,mul) -> (irrep,mul))
        (transpose_in2): TransposeIrrepsLayout((irrep,mul) -> (irrep,mul))
        (transpose_out): TransposeIrrepsLayout((irrep,mul) -> (irrep,mul))
        (f): ╭ a=[12288:1⨯(64,3,64)] b=[64:1⨯(1,64)] c=[3:1⨯(1,3)] -> D=[256:(1,64)+(3,64)]
        ╰─ [ijk]·a[uvw]·b[iu]·c[jv]➜D[kw] ─ num_paths=1 i=1 j=1 k={1, 3} u=64 v=3 w=64
        SegmentedPolynomial(
          (m): SegmentedPolynomialNaive(
            (graphs): ModuleList(
              (0): uvw,iu,jv,kw+ijk sizes=12288,64,3,256 num_segments=1,1,1,2 num_paths=1 i=1 j=1 k={1, 3} u=64 v=3 w=64
            )
          )
          (fallback): SegmentedPolynomialNaive(
            (graphs): ModuleList(
              (0): uvw,iu,jv,kw+ijk sizes=12288,64,3,256 num_segments=1,1,1,2 num_paths=1 i=1 j=1 k={1, 3} u=64 v=3 w=64
            )
          )
        )
      )
      (reshape): reshape_irreps()
    )
    (1): RealAgnosticResidualInteractionBlock(
      (linear_up): Linear(
        shared_weights=True, internal_weights=True, weight_numel=8192
        (transpose_in): TransposeIrrepsLayout((irrep,mul) -> (irrep,mul))
        (transpose_out): TransposeIrrepsLayout((irrep,mul) -> (irrep,mul))
        (f): ╭ a=[8192:2⨯(64,64)] b=[256:(1,64)+(3,64)] -> C=[256:(1,64)+(3,64)]
        ╰─ []·a[uv]·b[iu]➜C[iv] ─ num_paths=2 i={1, 3} u=64 v=64
        SegmentedPolynomial(
          (m): SegmentedPolynomialNaive(
            (graphs): ModuleList(
              (0): uv,iu,iv sizes=8192,256,256 num_segments=2,2,2 num_paths=2 i={1, 3} u=64 v=64
            )
          )
          (fallback): SegmentedPolynomialNaive(
            (graphs): ModuleList(
              (0): uv,iu,iv sizes=8192,256,256 num_segments=2,2,2 num_paths=2 i={1, 3} u=64 v=64
            )
          )
        )
      )
      (conv_tp): FusedConvolution(
        (fused): ╭ a=[640:10⨯(64)] b=[256:4⨯(64)] c=[16:16⨯()] -> D=[2560:40⨯(64)]
        ╰─ []·a[u]·b[u]·c[]➜D[u] ─ num_paths=86 u=64
        SegmentedPolynomial(
          (m): SegmentedPolynomialFromUniform1dJit()
          (fallback): SegmentedPolynomialFromUniform1dJit()
        )
        (unfused): ChannelWiseTensorProduct(
          shared_weights=False, internal_weights=False, weight_numel=640
          (transpose_in1): TransposeIrrepsLayout((irrep,mul) -> (irrep,mul))
          (transpose_in2): TransposeIrrepsLayout((irrep,mul) -> (irrep,mul))
          (transpose_out): TransposeIrrepsLayout((irrep,mul) -> (irrep,mul))
          (f): ╭ a=[640:10⨯(64,1)] b=[256:(1,64)+(3,64)] c=[16:(1,1)+(3,1)+(5,1)+...] -> D=[2560:(1,64,1)+(1,64,1)+...]
          ╰─ [ijk]·a[uv]·b[iu]·c[jv]➜D[kuv] ─ num_paths=10 i={1, 3} j={1, 3, 5, 7} k={1, 3, 5, 7} u=64 v=1
          SegmentedPolynomial(
            (m): SegmentedPolynomialFromUniform1dJit()
            (fallback): SegmentedPolynomialFromUniform1dJit()
          )
        )
      )
      (conv_tp_weights): FullyConnectedNet[8, 64, 64, 64, 640]
      (linear): Linear(
        shared_weights=True, internal_weights=True, weight_numel=40960
        (transpose_in): TransposeIrrepsLayout((irrep,mul) -> (irrep,mul))
        (transpose_out): TransposeIrrepsLayout((irrep,mul) -> (irrep,mul))
        (f): ╭ a=[40960:10⨯(64,64)] b=[2560:(1,64)+(1,64)+(3,64)+...] -> C=[1024:(1,64)+(3,64)+(5,64)+...]
        ╰─ []·a[uv]·b[iu]➜C[iv] ─ num_paths=10 i={1, 3, 5, 7} u=64 v=64
        SegmentedPolynomial(
          (m): SegmentedPolynomialNaive(
            (graphs): ModuleList(
              (0): uv,iu,iv sizes=40960,2560,1024 num_segments=10,10,4 num_paths=10 i={1, 3, 5, 7} u=64 v=64
            )
          )
          (fallback): SegmentedPolynomialNaive(
            (graphs): ModuleList(
              (0): uv,iu,iv sizes=40960,2560,1024 num_segments=10,10,4 num_paths=10 i={1, 3, 5, 7} u=64 v=64
            )
          )
        )
      )
      (skip_tp): FullyConnectedTensorProduct(
        shared_weights=True, internal_weights=True, weight_numel=24576
        (transpose_in1): TransposeIrrepsLayout((irrep,mul) -> (irrep,mul))
        (transpose_in2): TransposeIrrepsLayout((irrep,mul) -> (irrep,mul))
        (transpose_out): TransposeIrrepsLayout((irrep,mul) -> (irrep,mul))
        (f): ╭ a=[24576:2⨯(64,3,64)] b=[256:(1,64)+(3,64)] c=[3:1⨯(1,3)] -> D=[256:(1,64)+(3,64)]
        ╰─ [ijk]·a[uvw]·b[iu]·c[jv]➜D[kw] ─ num_paths=2 i={1, 3} j=1 k={1, 3} u=64 v=3 w=64
        SegmentedPolynomial(
          (m): SegmentedPolynomialNaive(
            (graphs): ModuleList(
              (0): uvw,iu,jv,kw+ijk sizes=24576,256,3,256 num_segments=2,2,1,2 num_paths=2 i={1, 3} j=1 k={1, 3} u=64 v=3 w=64
            )
          )
          (fallback): SegmentedPolynomialNaive(
            (graphs): ModuleList(
              (0): uvw,iu,jv,kw+ijk sizes=24576,256,3,256 num_segments=2,2,1,2 num_paths=2 i={1, 3} j=1 k={1, 3} u=64 v=3 w=64
            )
          )
        )
      )
      (reshape): reshape_irreps()
    )
  )
  (products): ModuleList(
    (0-1): 2 x EquivariantProductBasisBlock(
      (symmetric_contractions): SymmetricContraction(
        contraction_degree=3, weight_shape=(86, 64)
        (transpose_in): TransposeIrrepsLayout((irrep,mul) -> (irrep,mul))
        (transpose_out): TransposeIrrepsLayout((irrep,mul) -> (irrep,mul))
        (f): ╭ a=[1856:29⨯(64)] b=[1024:16⨯(64)] -> C=[256:4⨯(64)]
        │  []·a[u]·b[u]➜C[u] ─────────── num_paths=4 u=64
        │  []·a[u]·b[u]·b[u]➜C[u] ────── num_paths=86 u=64
        ╰─ []·a[u]·b[u]·b[u]·b[u]➜C[u] ─ num_paths=1949 u=64
        SegmentedPolynomial(
          (m): SegmentedPolynomialFromUniform1dJit()
          (fallback): SegmentedPolynomialFromUniform1dJit()
        )
      )
      (linear): Linear(
        shared_weights=True, internal_weights=True, weight_numel=8192
        (transpose_in): TransposeIrrepsLayout((irrep,mul) -> (irrep,mul))
        (transpose_out): TransposeIrrepsLayout((irrep,mul) -> (irrep,mul))
        (f): ╭ a=[8192:2⨯(64,64)] b=[256:(1,64)+(3,64)] -> C=[256:(1,64)+(3,64)]
        ╰─ []·a[uv]·b[iu]➜C[iv] ─ num_paths=2 i={1, 3} u=64 v=64
        SegmentedPolynomial(
          (m): SegmentedPolynomialNaive(
            (graphs): ModuleList(
              (0): uv,iu,iv sizes=8192,256,256 num_segments=2,2,2 num_paths=2 i={1, 3} u=64 v=64
            )
          )
          (fallback): SegmentedPolynomialNaive(
            (graphs): ModuleList(
              (0): uv,iu,iv sizes=8192,256,256 num_segments=2,2,2 num_paths=2 i={1, 3} u=64 v=64
            )
          )
        )
      )
    )
  )
  (readouts): ModuleList(
    (0): LinearReadoutBlock(
      (linear): Linear(64x0e+64x1o -> 1x0e | 64 weights)
    )
    (1): NonLinearReadoutBlock(
      (linear_1): Linear(64x0e+64x1o -> 64x0e | 4096 weights)
      (non_linearity): Activation [x] (64x0e -> 64x0e)
      (linear_2): Linear(64x0e -> 1x0e | 64 weights)
    )
  )
  (electric_potential_descriptor): GTOElectrostaticFeatures(
    (density_basis): GTOBasis(
      (radial_spline): RadialIntegralDirect()
      (spherical_harmonics): SphericalHarmonics()
    )
    (feature_basis): GTOBasis(
      (radial_spline): RadialIntegralDirect()
      (spherical_harmonics): SphericalHarmonics()
    )
    (self_interaction_terms): GTOSelfInteractionBlock()
    (realspace_features): RealSpaceFiniteDifferenceElectrostaticFeatures(
      (self_interaction): GTOSelfInteractionBlock()
    )
    (non_periodic_correction_terms): NonPeriodicFeatureCorrections(
      (self_field): CorrectivePotentialBlock()
      (displaced_interactions): GTOInternalFieldtoFeaturesBlock()
    )
  )
  (lr_source_maps): ModuleList(
    (0-1): 2 x GeneralNonLinearBiasReadoutBlock(
      (equivariant_nonlin): Gate (64x0e -> 64x0e)
      (linear_1): Linear(64x0e+64x1o -> 64x0e | 4096 weights)
      (linear_mid): Linear(64x0e -> 64x0e | 4096 weights)
      (linear_2): Linear(64x0e -> 1x0e+1x1o | 64 weights)
    )
  )
  (field_dependent_charges_map): CoupledResponse(
    (chemical_scalar): Linear(in_features=64, out_features=64, bias=True)
    (chemical_vector): Linear(in_features=64, out_features=16, bias=False)
    (shared): Sequential(
      (0): Linear(in_features=96, out_features=64, bias=True)
      (1): SiLU()
      (2): Linear(in_features=64, out_features=64, bias=True)
      (3): SiLU()
    )
    (vector_out): Linear(in_features=64, out_features=96, bias=True)
    (scalar_out): Linear(in_features=64, out_features=4, bias=True)
    (dipole_hardness): Linear(in_features=64, out_features=1, bias=True)
    (state_scalar): Linear(in_features=3, out_features=64, bias=False)
    (state_vector): Linear(in_features=3, out_features=16, bias=False)
    (neighbor_scalar): Linear(in_features=3, out_features=64, bias=False)
    (neighbor_vector): Linear(in_features=3, out_features=16, bias=False)
    (neighbor_divergence): Linear(in_features=3, out_features=64, bias=False)
    (neighbor_gradient): Linear(in_features=3, out_features=16, bias=False)
    (common_level): Linear(in_features=64, out_features=1, bias=False)
    (local_source_scalar): Linear(in_features=64, out_features=2, bias=False)
    (local_source_vector): Linear(in_features=16, out_features=2, bias=False)
  )
  (local_electron_energy): Identity()
  (external_field_contribution): DisplacedGTOExternalFieldBlock()
  (external_field_contribution_internal): GTOInternalFieldtoFeaturesBlock()
  (coulomb_energy): GTOElectrostaticEnergy(
    (density_basis): GTOBasis(
      (radial_spline): RadialIntegralDirect()
      (spherical_harmonics): SphericalHarmonics()
    )
    (self_interaction_terms): GTOSelfInteractionBlock()
    (realspace_energy): RealSpaceFiniteDiffereneEnergy(
      (self_interaction): GTOSelfInteractionBlock()
    )
    (monopole_dipole_correction): MonopoleDipoleCorrectionBlock()
  )
  (layer_feature_mixer): MultiLayerFeatureMixer(
    (linears): ModuleList(
      (0-1): 2 x Linear(64x0e+64x1o -> 64x0e+64x1o | 8192 weights)
    )
  )
)
2026-10-10 18:13:08.872 INFO: Number of parameters: 291038
2026-10-10 18:13:08.872 INFO: Optimizer: AdamW (
Parameter Group 0
    amsgrad: False
    betas: (0.9, 0.999)
    capturable: False
    decoupled_weight_decay: True
    differentiable: False
    eps: 1e-08
    foreach: None
    fused: None
    lr: 0.003
    maximize: False
    name: embedding
    weight_decay: 0.0

Parameter Group 1
    amsgrad: False
    betas: (0.9, 0.999)
    capturable: False
    decoupled_weight_decay: True
    differentiable: False
    eps: 1e-08
    foreach: None
    fused: None
    lr: 0.003
    maximize: False
    name: interactions_decay
    weight_decay: 0.001

Parameter Group 2
    amsgrad: False
    betas: (0.9, 0.999)
    capturable: False
    decoupled_weight_decay: True
    differentiable: False
    eps: 1e-08
    foreach: None
    fused: None
    lr: 0.003
    maximize: False
    name: interactions_no_decay
    weight_decay: 0.0

Parameter Group 3
    amsgrad: False
    betas: (0.9, 0.999)
    capturable: False
    decoupled_weight_decay: True
    differentiable: False
    eps: 1e-08
    foreach: None
    fused: None
    lr: 0.003
    maximize: False
    name: products
    weight_decay: 0.001

Parameter Group 4
    amsgrad: False
    betas: (0.9, 0.999)
    capturable: False
    decoupled_weight_decay: True
    differentiable: False
    eps: 1e-08
    foreach: None
    fused: None
    lr: 0.003
    maximize: False
    name: readouts
    weight_decay: 0.0

Parameter Group 5
    amsgrad: False
    betas: (0.9, 0.999)
    capturable: False
    decoupled_weight_decay: True
    differentiable: False
    eps: 1e-08
    foreach: None
    fused: None
    lr: 0.003
    maximize: False
    name: lr_source_maps
    weight_decay: 0.0

Parameter Group 6
    amsgrad: False
    betas: (0.9, 0.999)
    capturable: False
    decoupled_weight_decay: True
    differentiable: False
    eps: 1e-08
    foreach: None
    fused: None
    lr: 0.003
    maximize: False
    name: field_dependent_charges_map
    weight_decay: 0.01

Parameter Group 7
    amsgrad: False
    betas: (0.9, 0.999)
    capturable: False
    decoupled_weight_decay: True
    differentiable: False
    eps: 1e-08
    foreach: None
    fused: None
    lr: 0.003
    maximize: False
    name: electronic_references
    weight_decay: 0.0

Parameter Group 8
    amsgrad: False
    betas: (0.9, 0.999)
    capturable: False
    decoupled_weight_decay: True
    differentiable: False
    eps: 1e-08
    foreach: None
    fused: None
    lr: 0.003
    maximize: False
    name: layer_feature_mixer
    weight_decay: 0.001
)
2026-10-10 18:13:08.872 INFO: WeightedLoss(energy_per_atom_weight=100, forces_weight=500, dipole_weight=10, fourier_density_weight=10, fourier_density options: reference=farfield, fourier_potential_weight=100, vacuum_potential_weight=100, vacuum_potential options: relative=True, fermi_level_weight=100, fermi_level options: relative=True, )
2026-10-10 18:13:08.872 INFO: FixedPointWrapper: mode=unroll_scf, scf_options=FixedPointSCFOptions(num_scf_steps=12, scf_tolerance=1e-06, mixing_parameter=0.5, constant_charge=True, use_autograd_forces=True, initial_density='local_guess', initial_fermi_level='zero'), linear_solve=inverse, fixedpoint_scf_stability=False
2026-10-10 18:13:08.872 INFO: Setting global learning rate to 0.003
2026-10-10 18:13:08.872 DEBUG: Optimizer: AdamW (
Parameter Group 0
    amsgrad: False
    betas: (0.9, 0.999)
    capturable: False
    decoupled_weight_decay: True
    differentiable: False
    eps: 1e-08
    foreach: None
    fused: None
    lr: 0.003
    maximize: False
    name: embedding
    weight_decay: 0.0

Parameter Group 1
    amsgrad: False
    betas: (0.9, 0.999)
    capturable: False
    decoupled_weight_decay: True
    differentiable: False
    eps: 1e-08
    foreach: None
    fused: None
    lr: 0.003
    maximize: False
    name: interactions_decay
    weight_decay: 0.001

Parameter Group 2
    amsgrad: False
    betas: (0.9, 0.999)
    capturable: False
    decoupled_weight_decay: True
    differentiable: False
    eps: 1e-08
    foreach: None
    fused: None
    lr: 0.003
    maximize: False
    name: interactions_no_decay
    weight_decay: 0.0

Parameter Group 3
    amsgrad: False
    betas: (0.9, 0.999)
    capturable: False
    decoupled_weight_decay: True
    differentiable: False
    eps: 1e-08
    foreach: None
    fused: None
    lr: 0.003
    maximize: False
    name: products
    weight_decay: 0.001

Parameter Group 4
    amsgrad: False
    betas: (0.9, 0.999)
    capturable: False
    decoupled_weight_decay: True
    differentiable: False
    eps: 1e-08
    foreach: None
    fused: None
    lr: 0.003
    maximize: False
    name: readouts
    weight_decay: 0.0

Parameter Group 5
    amsgrad: False
    betas: (0.9, 0.999)
    capturable: False
    decoupled_weight_decay: True
    differentiable: False
    eps: 1e-08
    foreach: None
    fused: None
    lr: 0.003
    maximize: False
    name: lr_source_maps
    weight_decay: 0.0

Parameter Group 6
    amsgrad: False
    betas: (0.9, 0.999)
    capturable: False
    decoupled_weight_decay: True
    differentiable: False
    eps: 1e-08
    foreach: None
    fused: None
    lr: 0.003
    maximize: False
    name: field_dependent_charges_map
    weight_decay: 0.01

Parameter Group 7
    amsgrad: False
    betas: (0.9, 0.999)
    capturable: False
    decoupled_weight_decay: True
    differentiable: False
    eps: 1e-08
    foreach: None
    fused: None
    lr: 0.003
    maximize: False
    name: electronic_references
    weight_decay: 0.0

Parameter Group 8
    amsgrad: False
    betas: (0.9, 0.999)
    capturable: False
    decoupled_weight_decay: True
    differentiable: False
    eps: 1e-08
    foreach: None
    fused: None
    lr: 0.003
    maximize: False
    name: layer_feature_mixer
    weight_decay: 0.001
)
2026-10-10 18:13:08.887 INFO: CoupledResponse mode=unroll_scf: 12 training steps; 50 validation/deployment steps
2026-10-10 18:15:57.506 DEBUG: Training-only scalar reference calibration {'fermi_level': {'observed_training_graphs': 61, 'shift_eV': 4.413707130441971, 'reference_eV': 4.413707130441971, 'panel_RMSE_before_eV': 4.419693550468114, 'panel_RMSE_after_eV': 0.22995748897383625}, 'vacuum_potential': {'observed_training_graphs': 61, 'shift_eV': 0.03213713728457, 'reference_eV': 0.03213713728457, 'panel_RMSE_before_eV': 0.37389071381451044, 'panel_RMSE_after_eV': 0.3725070070265482}, 'seconds': 8.379000700020697}; constants saved with the model; relative errors and physical fixed-Q trajectory unchanged
2026-10-10 18:16:43.391 DEBUG: validation stability outliers (zero-based evaluation order; force SSE in eV^2/A^2): by force contribution=[{'index': 134, 'SCF_residual': 2.9219470940033965e-10, 'force_SSE': 256.0781631875107, 'force_RMSE_meV_A': 688.6354773881552}, {'index': 293, 'SCF_residual': 1.3058182313230304e-10, 'force_SSE': 245.65879434923644, 'force_RMSE_meV_A': 870.7503404529211}, {'index': 136, 'SCF_residual': 1.7451151634872986e-10, 'force_SSE': 113.69232624061712, 'force_RMSE_meV_A': 488.20968069912107}, {'index': 72, 'SCF_residual': 1.5264875149502422e-10, 'force_SSE': 104.22293048028878, 'force_RMSE_meV_A': 465.97328804049306}, {'index': 308, 'SCF_residual': 6.090884741016822e-10, 'force_SSE': 102.90754363998911, 'force_RMSE_meV_A': 389.5908595143026}]; by SCF residual=[{'index': 137, 'SCF_residual': 1.5315862605946862e-09, 'force_SSE': 54.122386791592476, 'force_RMSE_meV_A': 312.2784239087058}, {'index': 335, 'SCF_residual': 1.5168496025202982e-09, 'force_SSE': 54.76586072001691, 'force_RMSE_meV_A': 314.12931496845846}, {'index': 285, 'SCF_residual': 1.4895245523116607e-09, 'force_SSE': 62.38862502667058, 'force_RMSE_meV_A': 334.376392307209}, {'index': 15, 'SCF_residual': 1.4846594717510264e-09, 'force_SSE': 46.306749189719376, 'force_RMSE_meV_A': 290.426321866673}, {'index': 168, 'SCF_residual': 1.4555208358024707e-09, 'force_SSE': 63.70216617292019, 'force_RMSE_meV_A': 338.7900202028469}]
2026-10-10 18:16:43.391 DEBUG: Validation voltage: centered EF/vacuum covariance=-0.0522575 eV^2, WF bias=0.0994129 eV, maximum SCF residual=1.53159e-09
2026-10-10 18:16:43.392 DEBUG: validation largest relative WF contributions (zero-based evaluation indices): [{'index': 2, 'WF_error_meV': 2856.198725416018, 'relative_WF_SSE_fraction': 0.0731606492280877, 'EF_error_meV': -1240.3196322497213, 'vacuum_error_meV': 1715.291957721151}, {'index': 81, 'WF_error_meV': 2698.588246872739, 'relative_WF_SSE_fraction': 0.0653091389297437, 'EF_error_meV': -902.0761298905677, 'vacuum_error_meV': 1895.9249815370258}, {'index': 147, 'WF_error_meV': 1853.1590405422835, 'relative_WF_SSE_fraction': 0.03079825383172515, 'EF_error_meV': -629.706427531226, 'vacuum_error_meV': 1322.865477565912}, {'index': 237, 'WF_error_meV': 1825.0471449816494, 'relative_WF_SSE_fraction': 0.02987093963255184, 'EF_error_meV': -581.9142729141233, 'vacuum_error_meV': 1342.5457366223802}, {'index': 47, 'WF_error_meV': 1713.2888455873526, 'relative_WF_SSE_fraction': 0.026324606225210198, 'EF_error_meV': -622.5425215444005, 'vacuum_error_meV': 1190.1591885978066}]
2026-10-10 18:16:43.392 DEBUG: validation polarization diagnostic: centered dipole-step RMSE=763.235 meV, correlation with WF residual=-0.918058; 4*pi*kappa*delta(D_normal)/area, observed slab components only, no prediction correction
2026-10-10 18:16:43.394 INFO: Epoch 0: loss=84.7334, RMSE_E_per_atom=31.1354 meV, RMSE_F=313.6994 meV/A, RMSE_dip_per_atom=2.2944 meA, RMSE_rho=0.1216 me/A^3, RMSE_EF(abs/rel)=253.1854/250.0965 meV, RMSE_ESP=341.3494 mV, RMSE_ESPvac(abs/rel)=417.6515/413.3215 mV, RMSE_WF(abs/rel)=589.7294/581.2898 meV
2026-10-10 18:16:43.407 DEBUG: 50-step electronic residual maximum: 1.5316e-09
2026-10-10 18:16:43.413 DEBUG: Optimizer epoch 0: lr=[0.003, 0.003, 0.003, 0.003, 0.003, 0.003, 0.003, 0.003, 0.003], mean gradient norm=139.97, clipped=173/173
2026-10-10 18:16:43.413 DEBUG: Epoch timing: train=160.254s, validation=54.287s, updates=173, train/update=0.92632s, peak allocated=6954.0 MiB, backbone=CuEq
2026-10-10 18:16:43.413 DEBUG: Optimization budget: graphs=1384/1384, updates=173, mean retained gradient=0.10205, min retained gradient=0.016004
2026-10-10 18:16:43.413 DEBUG: Batching: optimizer graphs=8, device graphs<=8; one clipping/Adam/EMA update per optimizer batch
2026-10-10 18:22:13.971 DEBUG: Training-only scalar reference calibration {'fermi_level': {'observed_training_graphs': 61, 'shift_eV': 2.3337170603899526, 'reference_eV': 6.747424190831923, 'panel_RMSE_before_eV': 2.3563448853243, 'panel_RMSE_after_eV': 0.32576970491263774}, 'vacuum_potential': {'observed_training_graphs': 61, 'shift_eV': -0.12553481820345447, 'reference_eV': -0.09339768091888447, 'panel_RMSE_before_eV': 0.5318349657042813, 'panel_RMSE_after_eV': 0.5168069660562827}, 'seconds': 8.408636667008977}; constants saved with the model; relative errors and physical fixed-Q trajectory unchanged
2026-10-10 18:22:48.929 DEBUG: validation stability outliers (zero-based evaluation order; force SSE in eV^2/A^2): by force contribution=[{'index': 134, 'SCF_residual': 0.03229414956654875, 'force_SSE': 69.28927656176359, 'force_RMSE_meV_A': 358.2087032923363}, {'index': 293, 'SCF_residual': 0.00010520653049606032, 'force_SSE': 63.17818815469016, 'force_RMSE_meV_A': 441.58171144743545}, {'index': 60, 'SCF_residual': 0.0019432240467911477, 'force_SSE': 36.08726890863242, 'force_RMSE_meV_A': 269.19211615287}, {'index': 2, 'SCF_residual': 1.3914848467891243, 'force_SSE': 36.079395979684534, 'force_RMSE_meV_A': 254.2801913917041}, {'index': 47, 'SCF_residual': 2.944373907726239, 'force_SSE': 32.870383221040896, 'force_RMSE_meV_A': 242.7086665364491}]; by SCF residual=[{'index': 81, 'SCF_residual': 4.436275829981138, 'force_SSE': 25.08852533056235, 'force_RMSE_meV_A': 212.04130477179018}, {'index': 47, 'SCF_residual': 2.944373907726239, 'force_SSE': 32.870383221040896, 'force_RMSE_meV_A': 242.7086665364491}, {'index': 2, 'SCF_residual': 1.3914848467891243, 'force_SSE': 36.079395979684534, 'force_RMSE_meV_A': 254.2801913917041}, {'index': 147, 'SCF_residual': 1.0094616664877545, 'force_SSE': 17.900730060850506, 'force_RMSE_meV_A': 179.1093559794509}, {'index': 92, 'SCF_residual': 0.6880534410251445, 'force_SSE': 9.317478737370111, 'force_RMSE_meV_A': 130.27558527625675}]
2026-10-10 18:22:48.930 DEBUG: Validation voltage: centered EF/vacuum covariance=-0.069694 eV^2, WF bias=-0.00536044 eV, maximum SCF residual=4.43628
2026-10-10 18:22:48.930 DEBUG: validation largest relative WF contributions (zero-based evaluation indices): [{'index': 147, 'WF_error_meV': 3350.438425229856, 'relative_WF_SSE_fraction': 0.0507132076872033, 'EF_error_meV': -1469.1318140491214, 'vacuum_error_meV': 1875.9461728923727}, {'index': 143, 'WF_error_meV': 3004.5589052001333, 'relative_WF_SSE_fraction': 0.04078300713582577, 'EF_error_meV': -1281.7656488643627, 'vacuum_error_meV': 1717.432818047409}, {'index': 237, 'WF_error_meV': 2828.6244785197487, 'relative_WF_SSE_fraction': 0.036146677995370316, 'EF_error_meV': -1279.1753609435889, 'vacuum_error_meV': 1544.088679287798}, {'index': 62, 'WF_error_meV': 2733.1292543553145, 'relative_WF_SSE_fraction': 0.033747230743797686, 'EF_error_meV': -1200.9034189972217, 'vacuum_error_meV': 1526.8653970697312}, {'index': 2, 'WF_error_meV': -2616.4513723314326, 'relative_WF_SSE_fraction': 0.0309273803082181, 'EF_error_meV': 82.24580772891987, 'vacuum_error_meV': -2539.566002890874}]
2026-10-10 18:22:48.930 DEBUG: validation polarization diagnostic: centered dipole-step RMSE=1063.16 meV, correlation with WF residual=-0.723634; 4*pi*kappa*delta(D_normal)/area, observed slab components only, no prediction correction
2026-10-10 18:22:48.932 INFO: Epoch 5: loss=104.954, RMSE_E_per_atom=24.9846 meV, RMSE_F=148.3209 meV/A, RMSE_dip_per_atom=2.9012 meA, RMSE_rho=0.1288 me/A^3, RMSE_EF(abs/rel)=302.7387/301.3592 meV, RMSE_ESP=633.1841 mV, RMSE_ESPvac(abs/rel)=664.6262/663.7442 mV, RMSE_WF(abs/rel)=819.0180/819.0004 meV
2026-10-10 18:22:48.943 DEBUG: 50-step electronic residual maximum: 4.4363
2026-10-10 18:22:48.950 DEBUG: Optimizer epoch 5: lr=[0.003, 0.003, 0.003, 0.003, 0.003, 0.003, 0.003, 0.003, 0.003], mean gradient norm=170.17, clipped=173/173
2026-10-10 18:22:48.950 DEBUG: Epoch timing: train=64.813s, validation=43.388s, updates=173, train/update=0.37464s, peak allocated=6683.6 MiB, backbone=CuEq
2026-10-10 18:22:48.950 DEBUG: Optimization budget: graphs=1384/1384, updates=173, mean retained gradient=0.088968, min retained gradient=0.00963
2026-10-10 18:22:48.950 DEBUG: Batching: optimizer graphs=8, device graphs<=8; one clipping/Adam/EMA update per optimizer batch
2026-10-10 18:22:48.950 DEBUG: 50-step finite-budget validation residual 4.4363 exceeds equilibrium tolerance 1e-06; metrics describe the exported finite trajectory, not a converged root
2026-10-10 18:28:17.545 DEBUG: Training-only scalar reference calibration {'fermi_level': {'observed_training_graphs': 61, 'shift_eV': -1.716481215435488, 'reference_eV': 5.030942975396435, 'panel_RMSE_before_eV': 1.7319366593617764, 'panel_RMSE_after_eV': 0.23086106016030458}, 'vacuum_potential': {'observed_training_graphs': 61, 'shift_eV': 0.03539516643192237, 'reference_eV': -0.058002514486962094, 'panel_RMSE_before_eV': 0.45327655688759694, 'panel_RMSE_after_eV': 0.4518924863472853}, 'seconds': 8.389612513012253}; constants saved with the model; relative errors and physical fixed-Q trajectory unchanged
2026-10-10 18:28:52.190 DEBUG: validation stability outliers (zero-based evaluation order; force SSE in eV^2/A^2): by force contribution=[{'index': 134, 'SCF_residual': 0.013335696794612772, 'force_SSE': 29.19771697953126, 'force_RMSE_meV_A': 232.52923742701952}, {'index': 293, 'SCF_residual': 0.0004498949534790242, 'force_SSE': 26.530024195521612, 'force_RMSE_meV_A': 286.1516918120851}, {'index': 60, 'SCF_residual': 0.00044343922202561004, 'force_SSE': 23.688226223490926, 'force_RMSE_meV_A': 218.09795809286928}, {'index': 114, 'SCF_residual': 0.00046485215712044337, 'force_SSE': 22.057490509283838, 'force_RMSE_meV_A': 210.45700182468585}, {'index': 129, 'SCF_residual': 0.00463157279483406, 'force_SSE': 18.791707734544108, 'force_RMSE_meV_A': 201.6796768792354}]; by SCF residual=[{'index': 255, 'SCF_residual': 0.45471587277518233, 'force_SSE': 6.712192478094253, 'force_RMSE_meV_A': 143.93277406799393}, {'index': 120, 'SCF_residual': 0.4245494413036277, 'force_SSE': 2.799248006308386, 'force_RMSE_meV_A': 92.94974093808966}, {'index': 194, 'SCF_residual': 0.35934791827876084, 'force_SSE': 1.0957046810049502, 'force_RMSE_meV_A': 58.15328512649077}, {'index': 203, 'SCF_residual': 0.3298584768687354, 'force_SSE': 4.862568342941728, 'force_RMSE_meV_A': 122.50684464301597}, {'index': 187, 'SCF_residual': 0.2606304468042531, 'force_SSE': 7.39971003190951, 'force_RMSE_meV_A': 151.12448911277502}]
2026-10-10 18:28:52.190 DEBUG: Validation voltage: centered EF/vacuum covariance=-0.0233435 eV^2, WF bias=0.00930872 eV, maximum SCF residual=0.454716
2026-10-10 18:28:52.190 DEBUG: validation largest relative WF contributions (zero-based evaluation indices): [{'index': 147, 'WF_error_meV': 2960.748320517765, 'relative_WF_SSE_fraction': 0.06628666213264925, 'EF_error_meV': -1270.0877361212183, 'vacuum_error_meV': 1699.9693005577492}, {'index': 143, 'WF_error_meV': 2577.628483567177, 'relative_WF_SSE_fraction': 0.050241640522825856, 'EF_error_meV': -1072.7819113519258, 'vacuum_error_meV': 1514.1552883764539}, {'index': 237, 'WF_error_meV': 2411.686443288415, 'relative_WF_SSE_fraction': 0.04398097487903871, 'EF_error_meV': -1090.0207942785912, 'vacuum_error_meV': 1330.9743651710262}, {'index': 62, 'WF_error_meV': 2362.6250531471205, 'relative_WF_SSE_fraction': 0.04220974973834189, 'EF_error_meV': -1030.9801253470644, 'vacuum_error_meV': 1340.9536439612589}, {'index': 91, 'WF_error_meV': 1966.4407984720433, 'relative_WF_SSE_fraction': 0.029240508420423434, 'EF_error_meV': -898.575424757477, 'vacuum_error_meV': 1077.1740898757694}]
2026-10-10 18:28:52.190 DEBUG: validation polarization diagnostic: centered dipole-step RMSE=1014.98 meV, correlation with WF residual=-0.873943; 4*pi*kappa*delta(D_normal)/area, observed slab components only, no prediction correction
2026-10-10 18:28:52.193 INFO: Epoch 10: loss=62.2607, RMSE_E_per_atom=22.7834 meV, RMSE_F=109.7331 meV/A, RMSE_dip_per_atom=2.7330 meA, RMSE_rho=0.1143 me/A^3, RMSE_EF(abs/rel)=230.9895/229.0178 meV, RMSE_ESP=449.9939 mV, RMSE_ESPvac(abs/rel)=549.5789/549.1849 mV, RMSE_WF(abs/rel)=633.1089/633.0404 meV
2026-10-10 18:28:52.216 DEBUG: 50-step electronic residual maximum: 0.45472
2026-10-10 18:28:52.232 DEBUG: Optimizer epoch 10: lr=[0.003, 0.003, 0.003, 0.003, 0.003, 0.003, 0.003, 0.003, 0.003], mean gradient norm=112.39, clipped=173/173
2026-10-10 18:28:52.232 DEBUG: Epoch timing: train=63.491s, validation=43.077s, updates=173, train/update=0.36700s, peak allocated=6820.4 MiB, backbone=CuEq
2026-10-10 18:28:52.232 DEBUG: Optimization budget: graphs=1384/1384, updates=173, mean retained gradient=0.12134, min retained gradient=0.025705
2026-10-10 18:28:52.232 DEBUG: Batching: optimizer graphs=8, device graphs<=8; one clipping/Adam/EMA update per optimizer batch
2026-10-10 18:28:52.232 DEBUG: 50-step finite-budget validation residual 0.45472 exceeds equilibrium tolerance 1e-06; metrics describe the exported finite trajectory, not a converged root
2026-10-10 18:34:18.217 DEBUG: Training-only scalar reference calibration {'fermi_level': {'observed_training_graphs': 61, 'shift_eV': -0.3755599458494741, 'reference_eV': 4.655383029546961, 'panel_RMSE_before_eV': 0.42306363284008913, 'panel_RMSE_after_eV': 0.19477567739682947}, 'vacuum_potential': {'observed_training_graphs': 61, 'shift_eV': -0.010174770113826264, 'reference_eV': -0.06817728460078835, 'panel_RMSE_before_eV': 0.3530380182091243, 'panel_RMSE_after_eV': 0.35289136622218}, 'seconds': 8.378761744999792}; constants saved with the model; relative errors and physical fixed-Q trajectory unchanged
2026-10-10 18:34:52.895 DEBUG: validation stability outliers (zero-based evaluation order; force SSE in eV^2/A^2): by force contribution=[{'index': 134, 'SCF_residual': 0.0012371892322073919, 'force_SSE': 14.228918479039823, 'force_RMSE_meV_A': 162.32636580438475}, {'index': 60, 'SCF_residual': 0.00013290318204761675, 'force_SSE': 14.13768548938817, 'force_RMSE_meV_A': 168.49013824410738}, {'index': 114, 'SCF_residual': 8.365350620076484e-05, 'force_SSE': 12.613631483797583, 'force_RMSE_meV_A': 159.14954375272956}, {'index': 2, 'SCF_residual': 0.028176203089277152, 'force_SSE': 12.580799778956603, 'force_RMSE_meV_A': 150.1540414474571}, {'index': 143, 'SCF_residual': 0.007617908900987125, 'force_SSE': 12.25632790608482, 'force_RMSE_meV_A': 148.20507869640127}]; by SCF residual=[{'index': 147, 'SCF_residual': 0.3323532175115944, 'force_SSE': 8.190330464619052, 'force_RMSE_meV_A': 121.15284390115984}, {'index': 194, 'SCF_residual': 0.13527899954312902, 'force_SSE': 1.3964273052535539, 'force_RMSE_meV_A': 65.65029184005056}, {'index': 120, 'SCF_residual': 0.11035557997816281, 'force_SSE': 1.2459590063307482, 'force_RMSE_meV_A': 62.01251880608583}, {'index': 306, 'SCF_residual': 0.08948332398739023, 'force_SSE': 2.2223106216806006, 'force_RMSE_meV_A': 82.81897971026186}, {'index': 149, 'SCF_residual': 0.08909230933500112, 'force_SSE': 1.9098064313794254, 'force_RMSE_meV_A': 76.77541464805607}]
2026-10-10 18:34:52.895 DEBUG: Validation voltage: centered EF/vacuum covariance=-0.0208302 eV^2, WF bias=0.00205811 eV, maximum SCF residual=0.332353
2026-10-10 18:34:52.896 DEBUG: validation largest relative WF contributions (zero-based evaluation indices): [{'index': 143, 'WF_error_meV': 2432.6860343032936, 'relative_WF_SSE_fraction': 0.06924121195088927, 'EF_error_meV': -970.9417766624848, 'vacuum_error_meV': 1463.8023717012488}, {'index': 237, 'WF_error_meV': 2325.858948924255, 'relative_WF_SSE_fraction': 0.06329352508631989, 'EF_error_meV': -1000.9587903663408, 'vacuum_error_meV': 1326.958272618354}, {'index': 147, 'WF_error_meV': 2277.999407707185, 'relative_WF_SSE_fraction': 0.06071552444109258, 'EF_error_meV': -979.2403939581922, 'vacuum_error_meV': 1300.8171278094333}, {'index': 62, 'WF_error_meV': 2221.0185940022075, 'relative_WF_SSE_fraction': 0.057716093171709455, 'EF_error_meV': -933.8265195707725, 'vacuum_error_meV': 1289.250188491875}, {'index': 91, 'WF_error_meV': 1831.3541072798248, 'relative_WF_SSE_fraction': 0.03924074017549834, 'EF_error_meV': -812.0829800675159, 'vacuum_error_meV': 1021.3292412727491}]
2026-10-10 18:34:52.896 DEBUG: validation polarization diagnostic: centered dipole-step RMSE=796.872 meV, correlation with WF residual=-0.8812; 4*pi*kappa*delta(D_normal)/area, observed slab components only, no prediction correction
2026-10-10 18:34:52.898 INFO: Epoch 15: loss=37.129, RMSE_E_per_atom=22.5471 meV, RMSE_F=88.0536 meV/A, RMSE_dip_per_atom=2.1066 meA, RMSE_rho=0.0874 me/A^3, RMSE_EF(abs/rel)=202.2504/201.0828 meV, RMSE_ESP=333.6661 mV, RMSE_ESPvac(abs/rel)=421.0551/420.5967 mV, RMSE_WF(abs/rel)=508.9209/508.9168 meV
2026-10-10 18:34:52.926 DEBUG: 50-step electronic residual maximum: 0.33235
2026-10-10 18:34:52.932 DEBUG: Optimizer epoch 15: lr=[0.003, 0.003, 0.003, 0.003, 0.003, 0.003, 0.003, 0.003, 0.003], mean gradient norm=107.9, clipped=173/173
2026-10-10 18:34:52.932 DEBUG: Epoch timing: train=63.419s, validation=43.095s, updates=173, train/update=0.36659s, peak allocated=6728.6 MiB, backbone=CuEq
2026-10-10 18:34:52.932 DEBUG: Optimization budget: graphs=1384/1384, updates=173, mean retained gradient=0.13229, min retained gradient=0.016532
2026-10-10 18:34:52.932 DEBUG: Batching: optimizer graphs=8, device graphs<=8; one clipping/Adam/EMA update per optimizer batch
2026-10-10 18:34:52.932 DEBUG: 50-step finite-budget validation residual 0.33235 exceeds equilibrium tolerance 1e-06; metrics describe the exported finite trajectory, not a converged root
2026-10-10 18:40:18.633 DEBUG: Training-only scalar reference calibration {'fermi_level': {'observed_training_graphs': 61, 'shift_eV': 0.0019754057282826065, 'reference_eV': 4.657358435275244, 'panel_RMSE_before_eV': 0.17526656488595416, 'panel_RMSE_after_eV': 0.1752554322671085}, 'vacuum_potential': {'observed_training_graphs': 61, 'shift_eV': -0.0013674408430846851, 'reference_eV': -0.06954472544387304, 'panel_RMSE_before_eV': 0.2437862069139058, 'panel_RMSE_after_eV': 0.24378237177246911}, 'seconds': 8.347582807997242}; constants saved with the model; relative errors and physical fixed-Q trajectory unchanged
2026-10-10 18:40:53.185 DEBUG: validation stability outliers (zero-based evaluation order; force SSE in eV^2/A^2): by force contribution=[{'index': 2, 'SCF_residual': 0.013566910917953479, 'force_SSE': 11.279028884245514, 'force_RMSE_meV_A': 142.1735327430052}, {'index': 143, 'SCF_residual': 0.04036949595349171, 'force_SSE': 10.431973420700032, 'force_RMSE_meV_A': 136.73073125174915}, {'index': 168, 'SCF_residual': 0.000521104833292263, 'force_SSE': 10.049539837318271, 'force_RMSE_meV_A': 134.563289890516}, {'index': 60, 'SCF_residual': 3.6868708542137085e-05, 'force_SSE': 9.478543071570734, 'force_RMSE_meV_A': 137.96093294559276}, {'index': 172, 'SCF_residual': 0.00012420920889555376, 'force_SSE': 9.322287630088553, 'force_RMSE_meV_A': 124.9608825231014}]; by SCF residual=[{'index': 62, 'SCF_residual': 0.09334126707081578, 'force_SSE': 4.344353210451301, 'force_RMSE_meV_A': 88.23592936100047}, {'index': 147, 'SCF_residual': 0.07435035464670481, 'force_SSE': 7.108557971685609, 'force_RMSE_meV_A': 112.86873439415209}, {'index': 313, 'SCF_residual': 0.04754726382626018, 'force_SSE': 2.6830321282598346, 'force_RMSE_meV_A': 69.52907394026396}, {'index': 305, 'SCF_residual': 0.0414757409561064, 'force_SSE': 0.8282458729555007, 'force_RMSE_meV_A': 50.56000813589889}, {'index': 143, 'SCF_residual': 0.04036949595349171, 'force_SSE': 10.431973420700032, 'force_RMSE_meV_A': 136.73073125174915}]
2026-10-10 18:40:53.185 DEBUG: Validation voltage: centered EF/vacuum covariance=-0.0231024 eV^2, WF bias=-0.00479687 eV, maximum SCF residual=0.0933413
2026-10-10 18:40:53.185 DEBUG: validation largest relative WF contributions (zero-based evaluation indices): [{'index': 143, 'WF_error_meV': 2318.1069287760893, 'relative_WF_SSE_fraction': 0.1046104930071448, 'EF_error_meV': -917.5178053652658, 'vacuum_error_meV': 1395.7922563672466}, {'index': 237, 'WF_error_meV': 2234.874223143537, 'relative_WF_SSE_fraction': 0.09723318045312439, 'EF_error_meV': -944.6104794682107, 'vacuum_error_meV': 1285.4668766317498}, {'index': 62, 'WF_error_meV': 1969.1034070669036, 'relative_WF_SSE_fraction': 0.07548234188647132, 'EF_error_meV': -817.5538979628443, 'vacuum_error_meV': 1146.7526420604827}, {'index': 91, 'WF_error_meV': 1755.3628712132665, 'relative_WF_SSE_fraction': 0.05998492702865968, 'EF_error_meV': -793.623636910399, 'vacuum_error_meV': 956.9423672592911}, {'index': 201, 'WF_error_meV': 1638.634102702903, 'relative_WF_SSE_fraction': 0.05227238269981843, 'EF_error_meV': -819.8706675161661, 'vacuum_error_meV': 813.9665681431607}]
2026-10-10 18:40:53.186 DEBUG: validation polarization diagnostic: centered dipole-step RMSE=511.66 meV, correlation with WF residual=-0.872744; 4*pi*kappa*delta(D_normal)/area, observed slab components only, no prediction correction
2026-10-10 18:40:53.188 INFO: Epoch 20: loss=19.554, RMSE_E_per_atom=20.8049 meV, RMSE_F=77.7712 meV/A, RMSE_dip_per_atom=1.3188 meA, RMSE_rho=0.0768 me/A^3, RMSE_EF(abs/rel)=173.9543/173.4690 meV, RMSE_ESP=231.5021 mV, RMSE_ESPvac(abs/rel)=282.2769/281.7163 mV, RMSE_WF(abs/rel)=394.5672/394.5380 meV
2026-10-10 18:40:53.201 DEBUG: 50-step electronic residual maximum: 0.093341
2026-10-10 18:40:53.208 DEBUG: Optimizer epoch 20: lr=[0.003, 0.003, 0.003, 0.003, 0.003, 0.003, 0.003, 0.003, 0.003], mean gradient norm=80.744, clipped=173/173
2026-10-10 18:40:53.208 DEBUG: Epoch timing: train=63.423s, validation=42.923s, updates=173, train/update=0.36661s, peak allocated=6664.8 MiB, backbone=CuEq
2026-10-10 18:40:53.208 DEBUG: Optimization budget: graphs=1384/1384, updates=173, mean retained gradient=0.17092, min retained gradient=0.028971
2026-10-10 18:40:53.208 DEBUG: Batching: optimizer graphs=8, device graphs<=8; one clipping/Adam/EMA update per optimizer batch
2026-10-10 18:40:53.208 DEBUG: 50-step finite-budget validation residual 0.093341 exceeds equilibrium tolerance 1e-06; metrics describe the exported finite trajectory, not a converged root
2026-10-10 18:46:16.740 DEBUG: Training-only scalar reference calibration {'fermi_level': {'observed_training_graphs': 61, 'shift_eV': 0.14571740676169323, 'reference_eV': 4.803075842036937, 'panel_RMSE_before_eV': 0.17528400229743998, 'panel_RMSE_after_eV': 0.09742134688073342}, 'vacuum_potential': {'observed_training_graphs': 61, 'shift_eV': 0.026590602148970723, 'reference_eV': -0.042954123294902315, 'panel_RMSE_before_eV': 0.11510154519867535, 'panel_RMSE_after_eV': 0.11198797071327732}, 'seconds': 8.359711158031132}; constants saved with the model; relative errors and physical fixed-Q trajectory unchanged
2026-10-10 18:46:50.845 DEBUG: validation stability outliers (zero-based evaluation order; force SSE in eV^2/A^2): by force contribution=[{'index': 2, 'SCF_residual': 0.002145460372597441, 'force_SSE': 10.064588750822786, 'force_RMSE_meV_A': 134.3015167557992}, {'index': 143, 'SCF_residual': 0.00815690142858383, 'force_SSE': 9.2321148984479, 'force_RMSE_meV_A': 128.6274029069252}, {'index': 57, 'SCF_residual': 6.282554521615247e-05, 'force_SSE': 8.762298632232655, 'force_RMSE_meV_A': 120.24657445037919}, {'index': 60, 'SCF_residual': 1.3906496618747155e-05, 'force_SSE': 8.564943059095894, 'force_RMSE_meV_A': 131.1437411451954}, {'index': 168, 'SCF_residual': 0.00017264536449546064, 'force_SSE': 8.282071150638982, 'force_RMSE_meV_A': 122.1583018950085}]; by SCF residual=[{'index': 201, 'SCF_residual': 0.01698601120973997, 'force_SSE': 5.183631233770753, 'force_RMSE_meV_A': 96.38289116470092}, {'index': 237, 'SCF_residual': 0.009845968239379665, 'force_SSE': 3.6658854171410535, 'force_RMSE_meV_A': 81.05360650515762}, {'index': 283, 'SCF_residual': 0.008488363095726648, 'force_SSE': 2.4216874960143686, 'force_RMSE_meV_A': 66.05604358209462}, {'index': 143, 'SCF_residual': 0.00815690142858383, 'force_SSE': 9.2321148984479, 'force_RMSE_meV_A': 128.6274029069252}, {'index': 313, 'SCF_residual': 0.007609129130493386, 'force_SSE': 1.9861613764110013, 'force_RMSE_meV_A': 59.821978792802305}]
2026-10-10 18:46:50.846 DEBUG: Validation voltage: centered EF/vacuum covariance=-0.00925468 eV^2, WF bias=0.00777686 eV, maximum SCF residual=0.016986
2026-10-10 18:46:50.846 DEBUG: validation largest relative WF contributions (zero-based evaluation indices): [{'index': 91, 'WF_error_meV': 1643.2736440481883, 'relative_WF_SSE_fraction': 0.15293856315566848, 'EF_error_meV': -704.2937675461151, 'vacuum_error_meV': 946.7567354444997}, {'index': 237, 'WF_error_meV': 1217.963265218164, 'relative_WF_SSE_fraction': 0.08401669736816685, 'EF_error_meV': -522.0568818114335, 'vacuum_error_meV': 703.6832423491566}, {'index': 168, 'WF_error_meV': 1168.6603593969487, 'relative_WF_SSE_fraction': 0.07735241058149077, 'EF_error_meV': -616.7625151065073, 'vacuum_error_meV': 559.6747032328677}, {'index': 276, 'WF_error_meV': 1096.368101475841, 'relative_WF_SSE_fraction': 0.06807850480854503, 'EF_error_meV': -475.11980449257436, 'vacuum_error_meV': 629.0251559256932}, {'index': 93, 'WF_error_meV': 987.1622054727859, 'relative_WF_SSE_fraction': 0.055191762782206076, 'EF_error_meV': -401.98883417752484, 'vacuum_error_meV': 592.9502302376877}]
2026-10-10 18:46:50.846 DEBUG: validation polarization diagnostic: centered dipole-step RMSE=248.488 meV, correlation with WF residual=-0.865225; 4*pi*kappa*delta(D_normal)/area, observed slab components only, no prediction correction
2026-10-10 18:46:50.848 INFO: Epoch 25: loss=7.90617, RMSE_E_per_atom=19.2642 meV, RMSE_F=70.6187 meV/A, RMSE_dip_per_atom=0.7078 meA, RMSE_rho=0.0693 me/A^3, RMSE_EF(abs/rel)=112.7263/111.9995 meV, RMSE_ESP=133.7490 mV, RMSE_ESPvac(abs/rel)=149.9203/149.8368 mV, RMSE_WF(abs/rel)=231.4407/231.3100 meV
2026-10-10 18:46:50.862 DEBUG: 50-step electronic residual maximum: 0.016986
2026-10-10 18:46:50.867 DEBUG: Optimizer epoch 25: lr=[0.003, 0.003, 0.003, 0.003, 0.003, 0.003, 0.003, 0.003, 0.003], mean gradient norm=72.331, clipped=173/173
2026-10-10 18:46:50.867 DEBUG: Epoch timing: train=63.314s, validation=42.487s, updates=173, train/update=0.36598s, peak allocated=6267.7 MiB, backbone=CuEq
2026-10-10 18:46:50.867 DEBUG: Optimization budget: graphs=1384/1384, updates=173, mean retained gradient=0.18061, min retained gradient=0.020618
2026-10-10 18:46:50.867 DEBUG: Batching: optimizer graphs=8, device graphs<=8; one clipping/Adam/EMA update per optimizer batch
2026-10-10 18:46:50.867 DEBUG: 50-step finite-budget validation residual 0.016986 exceeds equilibrium tolerance 1e-06; metrics describe the exported finite trajectory, not a converged root
2026-10-10 18:52:12.990 DEBUG: Training-only scalar reference calibration {'fermi_level': {'observed_training_graphs': 61, 'shift_eV': 0.21934875168453763, 'reference_eV': 5.022424593721475, 'panel_RMSE_before_eV': 0.22920079453546746, 'panel_RMSE_after_eV': 0.06647653232626251}, 'vacuum_potential': {'observed_training_graphs': 61, 'shift_eV': 0.014943650462267168, 'reference_eV': -0.028010472832635146, 'panel_RMSE_before_eV': 0.07748934192812222, 'panel_RMSE_after_eV': 0.0760347645706556}, 'seconds': 8.290079157974105}; constants saved with the model; relative errors and physical fixed-Q trajectory unchanged
2026-10-10 18:52:47.097 DEBUG: validation stability outliers (zero-based evaluation order; force SSE in eV^2/A^2): by force contribution=[{'index': 2, 'SCF_residual': 0.0005318531655566505, 'force_SSE': 8.80193851720298, 'force_RMSE_meV_A': 125.59491774814397}, {'index': 143, 'SCF_residual': 0.00022579804112599078, 'force_SSE': 7.815857510219469, 'force_RMSE_meV_A': 118.3508052391353}, {'index': 168, 'SCF_residual': 2.0240547812910847e-05, 'force_SSE': 7.803111638334283, 'force_RMSE_meV_A': 118.57343973087445}, {'index': 57, 'SCF_residual': 4.861820568358155e-07, 'force_SSE': 7.290267997807843, 'force_RMSE_meV_A': 109.68201863069457}, {'index': 60, 'SCF_residual': 8.01300865660437e-08, 'force_SSE': 6.766282443453561, 'force_RMSE_meV_A': 116.56291235661257}]; by SCF residual=[{'index': 198, 'SCF_residual': 0.0010080738662466837, 'force_SSE': 2.3741813889364707, 'force_RMSE_meV_A': 65.40492568904911}, {'index': 283, 'SCF_residual': 0.0008564850213597097, 'force_SSE': 1.9445638487422023, 'force_RMSE_meV_A': 59.19221778563755}, {'index': 2, 'SCF_residual': 0.0005318531655566505, 'force_SSE': 8.80193851720298, 'force_RMSE_meV_A': 125.59491774814397}, {'index': 47, 'SCF_residual': 0.00044365220268982597, 'force_SSE': 5.305471996935369, 'force_RMSE_meV_A': 97.5090474336889}, {'index': 143, 'SCF_residual': 0.00022579804112599078, 'force_SSE': 7.815857510219469, 'force_RMSE_meV_A': 118.3508052391353}]
2026-10-10 18:52:47.098 DEBUG: Validation voltage: centered EF/vacuum covariance=-0.00530825 eV^2, WF bias=-0.00126314 eV, maximum SCF residual=0.00100807
2026-10-10 18:52:47.098 DEBUG: validation largest relative WF contributions (zero-based evaluation indices): [{'index': 91, 'WF_error_meV': 1184.8096623399301, 'relative_WF_SSE_fraction': 0.14402863434210092, 'EF_error_meV': -502.5449107275156, 'vacuum_error_meV': 681.0016073145056}, {'index': 276, 'WF_error_meV': 944.3370033817815, 'relative_WF_SSE_fraction': 0.09149675326023343, 'EF_error_meV': -379.4308119783613, 'vacuum_error_meV': 563.6430471055114}, {'index': 93, 'WF_error_meV': 862.5133053310212, 'relative_WF_SSE_fraction': 0.0763278931508553, 'EF_error_meV': -313.0613764203656, 'vacuum_error_meV': 548.1887846127469}, {'index': 168, 'WF_error_meV': 814.6280920160511, 'relative_WF_SSE_fraction': 0.06808797735693992, 'EF_error_meV': -376.09465171940394, 'vacuum_error_meV': 437.2702959987382}, {'index': 2, 'WF_error_meV': -785.3994572164075, 'relative_WF_SSE_fraction': 0.06328967446125648, 'EF_error_meV': 188.35460938629046, 'vacuum_error_meV': -598.3079921280261}]
2026-10-10 18:52:47.098 DEBUG: validation polarization diagnostic: centered dipole-step RMSE=177.329 meV, correlation with WF residual=-0.822925; 4*pi*kappa*delta(D_normal)/area, observed slab components only, no prediction correction
2026-10-10 18:52:47.100 INFO: Epoch 30: loss=5.16021, RMSE_E_per_atom=17.9903 meV, RMSE_F=64.8250 meV/A, RMSE_dip_per_atom=0.5387 meA, RMSE_rho=0.0647 me/A^3, RMSE_EF(abs/rel)=80.2660/80.1939 meV, RMSE_ESP=103.5138 mV, RMSE_ESPvac(abs/rel)=111.8437/111.7464 mV, RMSE_WF(abs/rel)=171.8616/171.8570 meV
2026-10-10 18:52:47.117 DEBUG: 50-step electronic residual maximum: 0.0010081
2026-10-10 18:52:47.121 DEBUG: Optimizer epoch 30: lr=[0.003, 0.003, 0.003, 0.003, 0.003, 0.003, 0.003, 0.003, 0.003], mean gradient norm=55.332, clipped=173/173
2026-10-10 18:52:47.121 DEBUG: Epoch timing: train=62.368s, validation=42.421s, updates=173, train/update=0.36051s, peak allocated=6787.6 MiB, backbone=CuEq
2026-10-10 18:52:47.121 DEBUG: Optimization budget: graphs=1384/1384, updates=173, mean retained gradient=0.23287, min retained gradient=0.023502
2026-10-10 18:52:47.121 DEBUG: Batching: optimizer graphs=8, device graphs<=8; one clipping/Adam/EMA update per optimizer batch
2026-10-10 18:52:47.121 DEBUG: 50-step finite-budget validation residual 0.0010081 exceeds equilibrium tolerance 1e-06; metrics describe the exported finite trajectory, not a converged root
2026-10-10 18:58:10.952 DEBUG: Training-only scalar reference calibration {'fermi_level': {'observed_training_graphs': 61, 'shift_eV': -0.110731763021536, 'reference_eV': 4.911692830699939, 'panel_RMSE_before_eV': 0.1288323129057164, 'panel_RMSE_after_eV': 0.06585014431858757}, 'vacuum_potential': {'observed_training_graphs': 61, 'shift_eV': 0.0014218733607368344, 'reference_eV': -0.026588599471898313, 'panel_RMSE_before_eV': 0.07683481152404933, 'panel_RMSE_after_eV': 0.07682165409623912}, 'seconds': 8.273983811028302}; constants saved with the model; relative errors and physical fixed-Q trajectory unchanged
2026-10-10 18:58:44.753 DEBUG: validation stability outliers (zero-based evaluation order; force SSE in eV^2/A^2): by force contribution=[{'index': 2, 'SCF_residual': 8.281317397867971e-05, 'force_SSE': 8.59442175570449, 'force_RMSE_meV_A': 124.10555799943907}, {'index': 168, 'SCF_residual': 1.2392352086720848e-06, 'force_SSE': 7.420481981948404, 'force_RMSE_meV_A': 115.62974446617288}, {'index': 143, 'SCF_residual': 0.0005458395424451368, 'force_SSE': 7.2400934295671915, 'force_RMSE_meV_A': 113.9081991375756}, {'index': 57, 'SCF_residual': 9.657880051250345e-08, 'force_SSE': 6.210804495358764, 'force_RMSE_meV_A': 101.23661542432274}, {'index': 146, 'SCF_residual': 9.065299844124297e-09, 'force_SSE': 5.707316000026502, 'force_RMSE_meV_A': 107.704390683071}]; by SCF residual=[{'index': 198, 'SCF_residual': 0.0007608188865635412, 'force_SSE': 2.030774562945946, 'force_RMSE_meV_A': 60.49010883251304}, {'index': 283, 'SCF_residual': 0.0006194958559504471, 'force_SSE': 1.8557272327746674, 'force_RMSE_meV_A': 57.82432595081474}, {'index': 143, 'SCF_residual': 0.0005458395424451368, 'force_SSE': 7.2400934295671915, 'force_RMSE_meV_A': 113.9081991375756}, {'index': 147, 'SCF_residual': 0.0002288399205445657, 'force_SSE': 5.412738439179744, 'force_RMSE_meV_A': 98.48983754118204}, {'index': 313, 'SCF_residual': 0.00022556683642616093, 'force_SSE': 1.44539289814503, 'force_RMSE_meV_A': 51.03245563549968}]
2026-10-10 18:58:44.753 DEBUG: Validation voltage: centered EF/vacuum covariance=-0.00473798 eV^2, WF bias=0.00214797 eV, maximum SCF residual=0.000760819
2026-10-10 18:58:44.753 DEBUG: validation largest relative WF contributions (zero-based evaluation indices): [{'index': 91, 'WF_error_meV': 1036.0989760346151, 'relative_WF_SSE_fraction': 0.12725305691188898, 'EF_error_meV': -453.8141526156881, 'vacuum_error_meV': 584.4327884815073}, {'index': 276, 'WF_error_meV': 941.6841447392163, 'relative_WF_SSE_fraction': 0.10511779717054665, 'EF_error_meV': -390.25815768175426, 'vacuum_error_meV': 553.5739521200425}, {'index': 168, 'WF_error_meV': 889.2587882272876, 'relative_WF_SSE_fraction': 0.09373937781535728, 'EF_error_meV': -404.8346793040425, 'vacuum_error_meV': 486.5720739858252}, {'index': 93, 'WF_error_meV': 770.2021256809386, 'relative_WF_SSE_fraction': 0.07031940068486806, 'EF_error_meV': -282.5617814196468, 'vacuum_error_meV': 489.78830932387217}, {'index': 2, 'WF_error_meV': -678.0693828736495, 'relative_WF_SSE_fraction': 0.054502196452627, 'EF_error_meV': 153.20853115065546, 'vacuum_error_meV': -522.7128866604138}]
2026-10-10 18:58:44.753 DEBUG: validation polarization diagnostic: centered dipole-step RMSE=165.153 meV, correlation with WF residual=-0.834935; 4*pi*kappa*delta(D_normal)/area, observed slab components only, no prediction correction
2026-10-10 18:58:44.755 INFO: Epoch 35: loss=4.48181, RMSE_E_per_atom=16.7617 meV, RMSE_F=60.5767 meV/A, RMSE_dip_per_atom=0.4901 meA, RMSE_rho=0.0625 me/A^3, RMSE_EF(abs/rel)=75.3795/75.2685 meV, RMSE_ESP=97.6017 mV, RMSE_ESPvac(abs/rel)=102.1075/102.0891 mV, RMSE_WF(abs/rel)=159.9003/159.8859 meV
2026-10-10 18:58:44.772 DEBUG: 50-step electronic residual maximum: 0.00076082
2026-10-10 18:58:44.779 DEBUG: Optimizer epoch 35: lr=[0.003, 0.003, 0.003, 0.003, 0.003, 0.003, 0.003, 0.003, 0.003], mean gradient norm=47.412, clipped=173/173
2026-10-10 18:58:44.779 DEBUG: Epoch timing: train=62.999s, validation=42.101s, updates=173, train/update=0.36416s, peak allocated=6606.7 MiB, backbone=CuEq
2026-10-10 18:58:44.779 DEBUG: Optimization budget: graphs=1384/1384, updates=173, mean retained gradient=0.26749, min retained gradient=0.032335
2026-10-10 18:58:44.779 DEBUG: Batching: optimizer graphs=8, device graphs<=8; one clipping/Adam/EMA update per optimizer batch
2026-10-10 18:58:44.779 DEBUG: 50-step finite-budget validation residual 0.00076082 exceeds equilibrium tolerance 1e-06; metrics describe the exported finite trajectory, not a converged root
2026-10-10 19:04:07.356 DEBUG: Training-only scalar reference calibration {'fermi_level': {'observed_training_graphs': 61, 'shift_eV': -0.2391764642966471, 'reference_eV': 4.672516366403292, 'panel_RMSE_before_eV': 0.2447607343863665, 'panel_RMSE_after_eV': 0.051984959593214544}, 'vacuum_potential': {'observed_training_graphs': 61, 'shift_eV': -0.0035547118095427734, 'reference_eV': -0.030143311281441085, 'panel_RMSE_before_eV': 0.055626785482264726, 'panel_RMSE_after_eV': 0.0555130911321014}, 'seconds': 8.276148784032557}; constants saved with the model; relative errors and physical fixed-Q trajectory unchanged
2026-10-10 19:04:41.516 DEBUG: validation stability outliers (zero-based evaluation order; force SSE in eV^2/A^2): by force contribution=[{'index': 2, 'SCF_residual': 1.5095146224219924e-05, 'force_SSE': 7.533548829034037, 'force_RMSE_meV_A': 116.19373289716243}, {'index': 168, 'SCF_residual': 1.1954566195626626e-05, 'force_SSE': 6.611503776655364, 'force_RMSE_meV_A': 109.14494682483955}, {'index': 143, 'SCF_residual': 0.00011781430665980253, 'force_SSE': 5.947705687579715, 'force_RMSE_meV_A': 103.24229155860445}, {'index': 57, 'SCF_residual': 1.6488332588160404e-08, 'force_SSE': 5.690324326821036, 'force_RMSE_meV_A': 96.90187891196113}, {'index': 146, 'SCF_residual': 1.3316427960319288e-09, 'force_SSE': 5.05316465756711, 'force_RMSE_meV_A': 101.34426413519357}]; by SCF residual=[{'index': 276, 'SCF_residual': 0.00019170396716194915, 'force_SSE': 2.369045498525599, 'force_RMSE_meV_A': 65.33414457841988}, {'index': 198, 'SCF_residual': 0.00018441691677528738, 'force_SSE': 1.9333677840030448, 'force_RMSE_meV_A': 59.02156857253323}, {'index': 283, 'SCF_residual': 0.00013865570239435243, 'force_SSE': 1.7234649991432154, 'force_RMSE_meV_A': 55.725598613192005}, {'index': 143, 'SCF_residual': 0.00011781430665980253, 'force_SSE': 5.947705687579715, 'force_RMSE_meV_A': 103.24229155860445}, {'index': 313, 'SCF_residual': 6.02566948204597e-05, 'force_SSE': 1.301327438509392, 'force_RMSE_meV_A': 48.42245474405801}]
2026-10-10 19:04:41.516 DEBUG: Validation voltage: centered EF/vacuum covariance=-0.00477378 eV^2, WF bias=-0.000538622 eV, maximum SCF residual=0.000191704
2026-10-10 19:04:41.516 DEBUG: validation largest relative WF contributions (zero-based evaluation indices): [{'index': 91, 'WF_error_meV': 952.8716535106128, 'relative_WF_SSE_fraction': 0.10829369108116366, 'EF_error_meV': -423.0793437634409, 'vacuum_error_meV': 529.2536874670377}, {'index': 276, 'WF_error_meV': 890.4388069467726, 'relative_WF_SSE_fraction': 0.09456762878464249, 'EF_error_meV': -362.6110951044323, 'vacuum_error_meV': 527.2890895622062}, {'index': 2, 'WF_error_meV': -793.8721582829522, 'relative_WF_SSE_fraction': 0.07516843073220203, 'EF_error_meV': 240.69879333340194, 'vacuum_error_meV': -553.7119872296845}, {'index': 198, 'WF_error_meV': -766.1584813520741, 'relative_WF_SSE_fraction': 0.07001185239913864, 'EF_error_meV': 370.1904375943122, 'vacuum_error_meV': -396.50666603789597}, {'index': 168, 'WF_error_meV': 744.648904896247, 'relative_WF_SSE_fraction': 0.06613592798090785, 'EF_error_meV': -329.7560525263883, 'vacuum_error_meV': 414.3542300897245}]
2026-10-10 19:04:41.516 DEBUG: validation polarization diagnostic: centered dipole-step RMSE=157.885 meV, correlation with WF residual=-0.837046; 4*pi*kappa*delta(D_normal)/area, observed slab components only, no prediction correction
2026-10-10 19:04:41.519 INFO: Epoch 40: loss=4.15661, RMSE_E_per_atom=15.4584 meV, RMSE_F=56.7288 meV/A, RMSE_dip_per_atom=0.4520 meA, RMSE_rho=0.0611 me/A^3, RMSE_EF(abs/rel)=73.1729/73.1581 meV, RMSE_ESP=93.9990 mV, RMSE_ESPvac(abs/rel)=102.5246/102.5048 mV, RMSE_WF(abs/rel)=159.3963/159.3954 meV
2026-10-10 19:04:41.533 DEBUG: 50-step electronic residual maximum: 0.0001917
2026-10-10 19:04:41.541 DEBUG: Optimizer epoch 40: lr=[0.003, 0.003, 0.003, 0.003, 0.003, 0.003, 0.003, 0.003, 0.003], mean gradient norm=44.387, clipped=173/173
2026-10-10 19:04:41.541 DEBUG: Epoch timing: train=62.997s, validation=42.462s, updates=173, train/update=0.36415s, peak allocated=6713.8 MiB, backbone=CuEq
2026-10-10 19:04:41.541 DEBUG: Optimization budget: graphs=1384/1384, updates=173, mean retained gradient=0.29032, min retained gradient=0.049312
2026-10-10 19:04:41.541 DEBUG: Batching: optimizer graphs=8, device graphs<=8; one clipping/Adam/EMA update per optimizer batch
2026-10-10 19:04:41.541 DEBUG: 50-step finite-budget validation residual 0.0001917 exceeds equilibrium tolerance 1e-06; metrics describe the exported finite trajectory, not a converged root
2026-10-10 19:10:05.834 DEBUG: Training-only scalar reference calibration {'fermi_level': {'observed_training_graphs': 61, 'shift_eV': -0.09324164100761805, 'reference_eV': 4.579274725395673, 'panel_RMSE_before_eV': 0.10319755349213576, 'panel_RMSE_after_eV': 0.04422365237029507}, 'vacuum_potential': {'observed_training_graphs': 61, 'shift_eV': 0.01368330783919023, 'reference_eV': -0.016460003442250855, 'panel_RMSE_before_eV': 0.05173001420565482, 'panel_RMSE_after_eV': 0.04988748797339072}, 'seconds': 8.26380492100725}; constants saved with the model; relative errors and physical fixed-Q trajectory unchanged
2026-10-10 19:10:40.154 DEBUG: validation stability outliers (zero-based evaluation order; force SSE in eV^2/A^2): by force contribution=[{'index': 2, 'SCF_residual': 1.5609419541373626e-06, 'force_SSE': 7.0710393579087985, 'force_RMSE_meV_A': 112.57048256376724}, {'index': 168, 'SCF_residual': 8.906757820170697e-07, 'force_SSE': 6.573087782760666, 'force_RMSE_meV_A': 108.82739273905068}, {'index': 57, 'SCF_residual': 1.2505477486879357e-08, 'force_SSE': 5.636796394779407, 'force_RMSE_meV_A': 96.44503209501049}, {'index': 143, 'SCF_residual': 3.6991079383597025e-05, 'force_SSE': 5.355088848648506, 'force_RMSE_meV_A': 97.96393938851702}, {'index': 146, 'SCF_residual': 1.0273275563577045e-09, 'force_SSE': 4.6526718866155194, 'force_RMSE_meV_A': 97.24530927529514}]; by SCF residual=[{'index': 276, 'SCF_residual': 0.0004337193969495279, 'force_SSE': 2.1167507139751085, 'force_RMSE_meV_A': 61.7573092872868}, {'index': 198, 'SCF_residual': 8.622092377241763e-05, 'force_SSE': 1.7166386143887138, 'force_RMSE_meV_A': 55.61512877309674}, {'index': 143, 'SCF_residual': 3.6991079383597025e-05, 'force_SSE': 5.355088848648506, 'force_RMSE_meV_A': 97.96393938851702}, {'index': 283, 'SCF_residual': 2.9539496428476752e-05, 'force_SSE': 1.5620234907427908, 'force_RMSE_meV_A': 53.05145370371203}, {'index': 147, 'SCF_residual': 2.28783900810825e-05, 'force_SSE': 4.248492585590241, 'force_RMSE_meV_A': 87.25701115487188}]
2026-10-10 19:10:40.154 DEBUG: Validation voltage: centered EF/vacuum covariance=-0.00398582 eV^2, WF bias=0.00711469 eV, maximum SCF residual=0.000433719
2026-10-10 19:10:40.154 DEBUG: validation largest relative WF contributions (zero-based evaluation indices): [{'index': 91, 'WF_error_meV': 895.1815823384028, 'relative_WF_SSE_fraction': 0.11374002324830787, 'EF_error_meV': -413.13636522363913, 'vacuum_error_meV': 489.1599068373731}, {'index': 168, 'WF_error_meV': 778.7612149954226, 'relative_WF_SSE_fraction': 0.08607948579704384, 'EF_error_meV': -370.9561906937777, 'vacuum_error_meV': 414.9197140242542}, {'index': 2, 'WF_error_meV': -719.9007225745315, 'relative_WF_SSE_fraction': 0.07355907424877928, 'EF_error_meV': 208.8011069333009, 'vacuum_error_meV': -503.98492591862134}, {'index': 93, 'WF_error_meV': 688.8104456187358, 'relative_WF_SSE_fraction': 0.06734269381976742, 'EF_error_meV': -262.1777384030095, 'vacuum_error_meV': 433.74739693833584}, {'index': 276, 'WF_error_meV': 659.5342715357688, 'relative_WF_SSE_fraction': 0.061739878663189245, 'EF_error_meV': -287.9833910938718, 'vacuum_error_meV': 378.6655701645065}]
2026-10-10 19:10:40.154 DEBUG: validation polarization diagnostic: centered dipole-step RMSE=147.274 meV, correlation with WF residual=-0.824682; 4*pi*kappa*delta(D_normal)/area, observed slab components only, no prediction correction
2026-10-10 19:10:40.156 INFO: Epoch 45: loss=3.6231, RMSE_E_per_atom=14.3549 meV, RMSE_F=54.0390 meV/A, RMSE_dip_per_atom=0.4182 meA, RMSE_rho=0.0593 me/A^3, RMSE_EF(abs/rel)=69.1007/68.8550 meV, RMSE_ESP=86.8996 mV, RMSE_ESPvac(abs/rel)=92.9456/92.9366 mV, RMSE_WF(abs/rel)=146.2890/146.1159 meV
2026-10-10 19:10:40.172 DEBUG: 50-step electronic residual maximum: 0.00043372
2026-10-10 19:10:40.177 DEBUG: Optimizer epoch 45: lr=[0.003, 0.003, 0.003, 0.003, 0.003, 0.003, 0.003, 0.003, 0.003], mean gradient norm=37.981, clipped=172/173
2026-10-10 19:10:40.177 DEBUG: Epoch timing: train=63.010s, validation=42.608s, updates=173, train/update=0.36422s, peak allocated=6864.8 MiB, backbone=CuEq
2026-10-10 19:10:40.177 DEBUG: Optimization budget: graphs=1384/1384, updates=173, mean retained gradient=0.32292, min retained gradient=0.084602
2026-10-10 19:10:40.177 DEBUG: Batching: optimizer graphs=8, device graphs<=8; one clipping/Adam/EMA update per optimizer batch
2026-10-10 19:10:40.177 DEBUG: 50-step finite-budget validation residual 0.00043372 exceeds equilibrium tolerance 1e-06; metrics describe the exported finite trajectory, not a converged root
2026-10-10 19:14:59.891 DEBUG: Training-only scalar reference calibration {'fermi_level': {'observed_training_graphs': 61, 'shift_eV': -0.07142046675263312, 'reference_eV': 4.50785425864304, 'panel_RMSE_before_eV': 0.08646806654143435, 'panel_RMSE_after_eV': 0.04874262467543111}, 'vacuum_potential': {'observed_training_graphs': 61, 'shift_eV': 0.0036666220440168405, 'reference_eV': -0.012793381398234015, 'panel_RMSE_before_eV': 0.058671367666287645, 'panel_RMSE_after_eV': 0.05855668421810641}, 'seconds': 8.242961756011937}; constants saved with the model; relative errors and physical fixed-Q trajectory unchanged
2026-10-10 19:15:33.666 DEBUG: validation stability outliers (zero-based evaluation order; force SSE in eV^2/A^2): by force contribution=[{'index': 2, 'SCF_residual': 1.3946520870389278e-06, 'force_SSE': 6.897680884074557, 'force_RMSE_meV_A': 111.18199168983831}, {'index': 168, 'SCF_residual': 4.268996895540056e-06, 'force_SSE': 5.908005581181161, 'force_RMSE_meV_A': 103.17487630827243}, {'index': 57, 'SCF_residual': 6.54975168545846e-09, 'force_SSE': 5.270585332575503, 'force_RMSE_meV_A': 93.25950639105275}, {'index': 143, 'SCF_residual': 6.988965850940332e-05, 'force_SSE': 4.719593602178858, 'force_RMSE_meV_A': 91.96767394307494}, {'index': 146, 'SCF_residual': 5.805962377536389e-10, 'force_SSE': 4.2058502370150785, 'force_RMSE_meV_A': 92.45796932387202}]; by SCF residual=[{'index': 276, 'SCF_residual': 0.0005930107213606428, 'force_SSE': 1.9656768127363282, 'force_RMSE_meV_A': 59.512687915673396}, {'index': 198, 'SCF_residual': 0.00018071852660350718, 'force_SSE': 1.4842275254376351, 'force_RMSE_meV_A': 51.71347822006716}, {'index': 283, 'SCF_residual': 9.22784529304721e-05, 'force_SSE': 1.485499926476337, 'force_RMSE_meV_A': 51.73563997962631}, {'index': 143, 'SCF_residual': 6.988965850940332e-05, 'force_SSE': 4.719593602178858, 'force_RMSE_meV_A': 91.96767394307494}, {'index': 147, 'SCF_residual': 3.644017056902982e-05, 'force_SSE': 3.8782814616492103, 'force_RMSE_meV_A': 83.36861040036706}]
2026-10-10 19:15:33.667 DEBUG: Validation voltage: centered EF/vacuum covariance=-0.0038363 eV^2, WF bias=0.00630501 eV, maximum SCF residual=0.000593011
2026-10-10 19:15:33.667 DEBUG: validation largest relative WF contributions (zero-based evaluation indices): [{'index': 91, 'WF_error_meV': 798.982583007722, 'relative_WF_SSE_fraction': 0.09298457154733766, 'EF_error_meV': -360.8329066463703, 'vacuum_error_meV': 444.45469071160824}, {'index': 2, 'WF_error_meV': -711.9858085037304, 'relative_WF_SSE_fraction': 0.07383783330393678, 'EF_error_meV': 220.1806049542976, 'vacuum_error_meV': -485.50018919917636}, {'index': 276, 'WF_error_meV': 698.1103022020994, 'relative_WF_SSE_fraction': 0.07098790572854458, 'EF_error_meV': -295.0188698958193, 'vacuum_error_meV': 409.39644665653674}, {'index': 211, 'WF_error_meV': -694.43668784393, 'relative_WF_SSE_fraction': 0.07024276261440335, 'EF_error_meV': 338.72001192582036, 'vacuum_error_meV': -349.4116615678533}, {'index': 168, 'WF_error_meV': 657.1356800392401, 'relative_WF_SSE_fraction': 0.06289938028892293, 'EF_error_meV': -299.49006060242044, 'vacuum_error_meV': 363.95063378707613}]
2026-10-10 19:15:33.667 DEBUG: validation polarization diagnostic: centered dipole-step RMSE=144.301 meV, correlation with WF residual=-0.829574; 4*pi*kappa*delta(D_normal)/area, observed slab components only, no prediction correction
2026-10-10 19:15:33.669 INFO: Epoch 49: loss=3.4486, RMSE_E_per_atom=13.4153 meV, RMSE_F=51.9066 meV/A, RMSE_dip_per_atom=0.4162 meA, RMSE_rho=0.0582 me/A^3, RMSE_EF(abs/rel)=66.9156/66.8022 meV, RMSE_ESP=84.9995 mV, RMSE_ESPvac(abs/rel)=93.1387/93.1075 mV, RMSE_WF(abs/rel)=144.3741/144.2364 meV
2026-10-10 19:15:33.683 DEBUG: 50-step electronic residual maximum: 0.00059301
2026-10-10 19:15:33.689 DEBUG: Optimizer epoch 49: lr=[0.003, 0.003, 0.003, 0.003, 0.003, 0.003, 0.003, 0.003, 0.003], mean gradient norm=38.402, clipped=173/173
2026-10-10 19:15:33.689 DEBUG: Epoch timing: train=62.772s, validation=42.042s, updates=173, train/update=0.36284s, peak allocated=6666.0 MiB, backbone=CuEq
2026-10-10 19:15:33.689 DEBUG: Optimization budget: graphs=1384/1384, updates=173, mean retained gradient=0.32827, min retained gradient=0.049444
2026-10-10 19:15:33.689 DEBUG: Batching: optimizer graphs=8, device graphs<=8; one clipping/Adam/EMA update per optimizer batch
2026-10-10 19:15:33.689 DEBUG: 50-step finite-budget validation residual 0.00059301 exceeds equilibrium tolerance 1e-06; metrics describe the exported finite trajectory, not a converged root
2026-10-10 19:15:33.767 INFO: WeightedLoss(energy_per_atom_weight=100, forces_weight=500, dipole_weight=100, fourier_density_weight=10, fourier_density options: reference=farfield, fourier_potential_weight=100, vacuum_potential_weight=100, vacuum_potential options: relative=True, fermi_level_weight=100, fermi_level options: relative=True, )
2026-10-10 19:15:33.768 INFO: FixedPointWrapper: mode=unroll_scf, scf_options=FixedPointSCFOptions(num_scf_steps=20, scf_tolerance=1e-06, mixing_parameter=0.5, constant_charge=True, use_autograd_forces=True, initial_density='local_guess', initial_fermi_level='zero'), linear_solve=inverse, fixedpoint_scf_stability=False
2026-10-10 19:15:33.768 INFO: Setting global learning rate to 0.001
2026-10-10 19:15:33.768 DEBUG: Optimizer: AdamW (
Parameter Group 0
    amsgrad: False
    betas: (0.9, 0.999)
    capturable: False
    decoupled_weight_decay: True
    differentiable: False
    eps: 1e-08
    foreach: None
    fused: None
    lr: 0.001
    maximize: False
    name: embedding
    weight_decay: 0.0

Parameter Group 1
    amsgrad: False
    betas: (0.9, 0.999)
    capturable: False
    decoupled_weight_decay: True
    differentiable: False
    eps: 1e-08
    foreach: None
    fused: None
    lr: 0.001
    maximize: False
    name: interactions_decay
    weight_decay: 0.001

Parameter Group 2
    amsgrad: False
    betas: (0.9, 0.999)
    capturable: False
    decoupled_weight_decay: True
    differentiable: False
    eps: 1e-08
    foreach: None
    fused: None
    lr: 0.001
    maximize: False
    name: interactions_no_decay
    weight_decay: 0.0

Parameter Group 3
    amsgrad: False
    betas: (0.9, 0.999)
    capturable: False
    decoupled_weight_decay: True
    differentiable: False
    eps: 1e-08
    foreach: None
    fused: None
    lr: 0.001
    maximize: False
    name: products
    weight_decay: 0.001

Parameter Group 4
    amsgrad: False
    betas: (0.9, 0.999)
    capturable: False
    decoupled_weight_decay: True
    differentiable: False
    eps: 1e-08
    foreach: None
    fused: None
    lr: 0.001
    maximize: False
    name: readouts
    weight_decay: 0.0

Parameter Group 5
    amsgrad: False
    betas: (0.9, 0.999)
    capturable: False
    decoupled_weight_decay: True
    differentiable: False
    eps: 1e-08
    foreach: None
    fused: None
    lr: 0.001
    maximize: False
    name: lr_source_maps
    weight_decay: 0.0

Parameter Group 6
    amsgrad: False
    betas: (0.9, 0.999)
    capturable: False
    decoupled_weight_decay: True
    differentiable: False
    eps: 1e-08
    foreach: None
    fused: None
    lr: 0.001
    maximize: False
    name: field_dependent_charges_map
    weight_decay: 0.01

Parameter Group 7
    amsgrad: False
    betas: (0.9, 0.999)
    capturable: False
    decoupled_weight_decay: True
    differentiable: False
    eps: 1e-08
    foreach: None
    fused: None
    lr: 0.001
    maximize: False
    name: electronic_references
    weight_decay: 0.0

Parameter Group 8
    amsgrad: False
    betas: (0.9, 0.999)
    capturable: False
    decoupled_weight_decay: True
    differentiable: False
    eps: 1e-08
    foreach: None
    fused: None
    lr: 0.001
    maximize: False
    name: layer_feature_mixer
    weight_decay: 0.001
)
2026-10-10 19:15:33.781 INFO: CoupledResponse mode=unroll_scf: 20 training steps; 50 validation/deployment steps
2026-10-10 19:17:08.109 DEBUG: Training-only scalar reference calibration {'fermi_level': {'observed_training_graphs': 61, 'shift_eV': 0.00019724416060228455, 'reference_eV': 4.508051502803642, 'panel_RMSE_before_eV': 0.0424122606375903, 'panel_RMSE_after_eV': 0.0424118019793076}, 'vacuum_potential': {'observed_training_graphs': 61, 'shift_eV': 0.0019299208332396543, 'reference_eV': -0.01086346056499436, 'panel_RMSE_before_eV': 0.047194024853399436, 'panel_RMSE_after_eV': 0.04715454789774483}, 'seconds': 8.235374483978376}; constants saved with the model; relative errors and physical fixed-Q trajectory unchanged
2026-10-10 19:17:42.098 DEBUG: validation stability outliers (zero-based evaluation order; force SSE in eV^2/A^2): by force contribution=[{'index': 2, 'SCF_residual': 4.756326655863674e-07, 'force_SSE': 6.622447762321527, 'force_RMSE_meV_A': 108.9412041147941}, {'index': 168, 'SCF_residual': 8.23369361224735e-06, 'force_SSE': 5.6748398034272975, 'force_RMSE_meV_A': 101.11842850218692}, {'index': 57, 'SCF_residual': 3.11159292776253e-09, 'force_SSE': 5.036314837722124, 'force_RMSE_meV_A': 91.1633180467738}, {'index': 143, 'SCF_residual': 2.2859090662130654e-05, 'force_SSE': 4.518327673181234, 'force_RMSE_meV_A': 89.98534003642897}, {'index': 146, 'SCF_residual': 4.622373594997953e-10, 'force_SSE': 3.9748540803267685, 'force_RMSE_meV_A': 89.8831002357019}]; by SCF residual=[{'index': 276, 'SCF_residual': 0.0012694210048709298, 'force_SSE': 1.8667972733122649, 'force_RMSE_meV_A': 57.9965403334779}, {'index': 198, 'SCF_residual': 0.00010250735641048614, 'force_SSE': 1.4402151704463935, 'force_RMSE_meV_A': 50.94096867053669}, {'index': 301, 'SCF_residual': 5.5582329956394005e-05, 'force_SSE': 1.2618609001281678, 'force_RMSE_meV_A': 48.20652508747666}, {'index': 283, 'SCF_residual': 4.7494791928670566e-05, 'force_SSE': 1.4726829622979154, 'force_RMSE_meV_A': 51.51196768665704}, {'index': 143, 'SCF_residual': 2.2859090662130654e-05, 'force_SSE': 4.518327673181234, 'force_RMSE_meV_A': 89.98534003642897}]
2026-10-10 19:17:42.098 DEBUG: Validation voltage: centered EF/vacuum covariance=-0.00324694 eV^2, WF bias=0.00712907 eV, maximum SCF residual=0.00126942
2026-10-10 19:17:42.099 DEBUG: validation largest relative WF contributions (zero-based evaluation indices): [{'index': 91, 'WF_error_meV': 729.6660064600467, 'relative_WF_SSE_fraction': 0.08991122612025336, 'EF_error_meV': -338.3614250725971, 'vacuum_error_meV': 398.43364878444464}, {'index': 211, 'WF_error_meV': -692.8576536801913, 'relative_WF_SSE_fraction': 0.0810687972783312, 'EF_error_meV': 337.7730342870914, 'vacuum_error_meV': -347.95555199610465}, {'index': 2, 'WF_error_meV': -653.4923050959402, 'relative_WF_SSE_fraction': 0.07211849392192246, 'EF_error_meV': 200.96602709988366, 'vacuum_error_meV': -445.39721059906157}, {'index': 198, 'WF_error_meV': -573.7109883253604, 'relative_WF_SSE_fraction': 0.05558428562807832, 'EF_error_meV': 261.8887340738108, 'vacuum_error_meV': -304.69318685455437}, {'index': 313, 'WF_error_meV': -570.6561842952822, 'relative_WF_SSE_fraction': 0.05499392900699678, 'EF_error_meV': 242.69317933890707, 'vacuum_error_meV': -320.8339375593803}]
2026-10-10 19:17:42.099 DEBUG: validation polarization diagnostic: centered dipole-step RMSE=131.032 meV, correlation with WF residual=-0.810949; 4*pi*kappa*delta(D_normal)/area, observed slab components only, no prediction correction
2026-10-10 19:17:42.101 INFO: Epoch 50: loss=3.22544, RMSE_E_per_atom=12.9889 meV, RMSE_F=51.0366 meV/A, RMSE_dip_per_atom=0.3677 meA, RMSE_rho=0.0582 me/A^3, RMSE_EF(abs/rel)=63.2064/63.0906 meV, RMSE_ESP=80.3087 mV, RMSE_ESPvac(abs/rel)=86.4908/86.4276 mV, RMSE_WF(abs/rel)=134.1450/133.9554 meV
2026-10-10 19:17:42.112 DEBUG: 50-step electronic residual maximum: 0.0012694
2026-10-10 19:17:42.118 DEBUG: Optimizer epoch 50: lr=[0.001, 0.001, 0.001, 0.001, 0.001, 0.001, 0.001, 0.001, 0.001], mean gradient norm=26.06, clipped=166/173
2026-10-10 19:17:42.118 DEBUG: Epoch timing: train=86.105s, validation=42.245s, updates=173, train/update=0.49772s, peak allocated=7474.5 MiB, backbone=CuEq
2026-10-10 19:17:42.118 DEBUG: Optimization budget: graphs=1384/1384, updates=173, mean retained gradient=0.49334, min retained gradient=0.048695
2026-10-10 19:17:42.118 DEBUG: Batching: optimizer graphs=8, device graphs<=8; one clipping/Adam/EMA update per optimizer batch
2026-10-10 19:17:42.118 DEBUG: 50-step finite-budget validation residual 0.0012694 exceeds equilibrium tolerance 1e-06; metrics describe the exported finite trajectory, not a converged root
2026-10-10 19:25:01.303 DEBUG: Training-only scalar reference calibration {'fermi_level': {'observed_training_graphs': 61, 'shift_eV': -0.020471259045206722, 'reference_eV': 4.487580243758436, 'panel_RMSE_before_eV': 0.041180489043633924, 'panel_RMSE_after_eV': 0.03573178180523461}, 'vacuum_potential': {'observed_training_graphs': 61, 'shift_eV': -0.0025719866317936643, 'reference_eV': -0.013435447196788025, 'panel_RMSE_before_eV': 0.04108232758127637, 'panel_RMSE_after_eV': 0.04100173806390621}, 'seconds': 8.265704174991697}; constants saved with the model; relative errors and physical fixed-Q trajectory unchanged
2026-10-10 19:25:35.349 DEBUG: validation stability outliers (zero-based evaluation order; force SSE in eV^2/A^2): by force contribution=[{'index': 2, 'SCF_residual': 5.482212153129495e-07, 'force_SSE': 6.223441921287219, 'force_RMSE_meV_A': 105.60834116080487}, {'index': 168, 'SCF_residual': 5.915786045918026e-06, 'force_SSE': 5.394005499944674, 'force_RMSE_meV_A': 98.5846277506242}, {'index': 57, 'SCF_residual': 1.8661167611178087e-09, 'force_SSE': 4.909249887421547, 'force_RMSE_meV_A': 90.00595769996396}, {'index': 143, 'SCF_residual': 2.783284228091709e-05, 'force_SSE': 4.135923002966317, 'force_RMSE_meV_A': 86.09325404706662}, {'index': 172, 'SCF_residual': 6.025890286753821e-09, 'force_SSE': 3.588387730457312, 'force_RMSE_meV_A': 77.52870253015264}]; by SCF residual=[{'index': 276, 'SCF_residual': 0.000993491036563432, 'force_SSE': 1.6399530375806592, 'force_RMSE_meV_A': 54.358719061280034}, {'index': 198, 'SCF_residual': 8.860225275830746e-05, 'force_SSE': 1.3414071759001076, 'force_RMSE_meV_A': 49.16248434006036}, {'index': 143, 'SCF_residual': 2.783284228091709e-05, 'force_SSE': 4.135923002966317, 'force_RMSE_meV_A': 86.09325404706662}, {'index': 19, 'SCF_residual': 2.0350815582714787e-05, 'force_SSE': 1.7592138713575582, 'force_RMSE_meV_A': 56.30057480316494}, {'index': 283, 'SCF_residual': 1.7848634048078793e-05, 'force_SSE': 1.366705393081777, 'force_RMSE_meV_A': 49.62390794553554}]
2026-10-10 19:25:35.349 DEBUG: Validation voltage: centered EF/vacuum covariance=-0.00330482 eV^2, WF bias=0.00369527 eV, maximum SCF residual=0.000993491
2026-10-10 19:25:35.350 DEBUG: validation largest relative WF contributions (zero-based evaluation indices): [{'index': 91, 'WF_error_meV': 812.9714225721178, 'relative_WF_SSE_fraction': 0.11131096518596416, 'EF_error_meV': -365.50341855693665, 'vacuum_error_meV': 451.163275760373}, {'index': 2, 'WF_error_meV': -727.117168371907, 'relative_WF_SSE_fraction': 0.08904226270976964, 'EF_error_meV': 240.7499111078304, 'vacuum_error_meV': -482.67198551888504}, {'index': 211, 'WF_error_meV': -662.3513361298001, 'relative_WF_SSE_fraction': 0.07388635169035285, 'EF_error_meV': 319.28292225900066, 'vacuum_error_meV': -339.3731421256079}, {'index': 168, 'WF_error_meV': 592.4941310809371, 'relative_WF_SSE_fraction': 0.05912286824791958, 'EF_error_meV': -271.117598985712, 'vacuum_error_meV': 325.0718038404168}, {'index': 313, 'WF_error_meV': -585.21839238061, 'relative_WF_SSE_fraction': 0.05767974382676217, 'EF_error_meV': 251.30058042759873, 'vacuum_error_meV': -330.2225402078198}]
2026-10-10 19:25:35.350 DEBUG: validation polarization diagnostic: centered dipole-step RMSE=124.636 meV, correlation with WF residual=-0.846664; 4*pi*kappa*delta(D_normal)/area, observed slab components only, no prediction correction
2026-10-10 19:25:35.352 INFO: Epoch 55: loss=3.05956, RMSE_E_per_atom=12.0488 meV, RMSE_F=49.1506 meV/A, RMSE_dip_per_atom=0.3049 meA, RMSE_rho=0.0568 me/A^3, RMSE_EF(abs/rel)=62.7522/62.6909 meV, RMSE_ESP=77.4117 mV, RMSE_ESPvac(abs/rel)=86.3357/86.3307 mV, RMSE_WF(abs/rel)=134.1881/134.1372 meV
2026-10-10 19:25:35.364 DEBUG: 50-step electronic residual maximum: 0.00099349
2026-10-10 19:25:35.368 DEBUG: Optimizer epoch 55: lr=[0.001, 0.001, 0.001, 0.001, 0.001, 0.001, 0.001, 0.001, 0.001], mean gradient norm=26.578, clipped=169/173
2026-10-10 19:25:35.368 DEBUG: Epoch timing: train=85.963s, validation=42.331s, updates=173, train/update=0.49689s, peak allocated=7049.3 MiB, backbone=CuEq
2026-10-10 19:25:35.368 DEBUG: Optimization budget: graphs=1384/1384, updates=173, mean retained gradient=0.47909, min retained gradient=0.06712
2026-10-10 19:25:35.368 DEBUG: Batching: optimizer graphs=8, device graphs<=8; one clipping/Adam/EMA update per optimizer batch
2026-10-10 19:25:35.368 DEBUG: 50-step finite-budget validation residual 0.00099349 exceeds equilibrium tolerance 1e-06; metrics describe the exported finite trajectory, not a converged root
2026-10-10 19:32:52.742 DEBUG: Training-only scalar reference calibration {'fermi_level': {'observed_training_graphs': 61, 'shift_eV': 0.0005848121613860349, 'reference_eV': 4.488165055919822, 'panel_RMSE_before_eV': 0.0321203766913092, 'panel_RMSE_after_eV': 0.03211505244472589}, 'vacuum_potential': {'observed_training_graphs': 61, 'shift_eV': -0.001499763032587048, 'reference_eV': -0.014935210229375072, 'panel_RMSE_before_eV': 0.035931257119403946, 'panel_RMSE_after_eV': 0.03589994357971614}, 'seconds': 8.241796085960232}; constants saved with the model; relative errors and physical fixed-Q trajectory unchanged
2026-10-10 19:33:26.673 DEBUG: validation stability outliers (zero-based evaluation order; force SSE in eV^2/A^2): by force contribution=[{'index': 2, 'SCF_residual': 8.582860080430521e-07, 'force_SSE': 5.756266021565155, 'force_RMSE_meV_A': 101.56716461305848}, {'index': 168, 'SCF_residual': 1.5808919050286363e-05, 'force_SSE': 4.909106451026909, 'force_RMSE_meV_A': 94.04911934035923}, {'index': 57, 'SCF_residual': 1.5881730375255643e-09, 'force_SSE': 4.6546355777297315, 'force_RMSE_meV_A': 87.64083976625024}, {'index': 143, 'SCF_residual': 2.425889970436579e-05, 'force_SSE': 3.7126796989678046, 'force_RMSE_meV_A': 81.56928250029267}, {'index': 47, 'SCF_residual': 1.8123163060046465e-05, 'force_SSE': 3.4934064906153655, 'force_RMSE_meV_A': 79.12385928801557}]; by SCF residual=[{'index': 276, 'SCF_residual': 0.0013511364426405659, 'force_SSE': 1.5089814828728552, 'force_RMSE_meV_A': 52.142933890661205}, {'index': 198, 'SCF_residual': 9.753055900652008e-05, 'force_SSE': 1.2727359951977013, 'force_RMSE_meV_A': 47.887555892582654}, {'index': 19, 'SCF_residual': 6.566614858494191e-05, 'force_SSE': 1.6638378554439575, 'force_RMSE_meV_A': 54.753137315088786}, {'index': 301, 'SCF_residual': 5.1848263258880145e-05, 'force_SSE': 1.1187389286531584, 'force_RMSE_meV_A': 45.39044708180062}, {'index': 211, 'SCF_residual': 3.0556353136756975e-05, 'force_SSE': 1.324215293458866, 'force_RMSE_meV_A': 49.383217775864544}]
2026-10-10 19:33:26.673 DEBUG: Validation voltage: centered EF/vacuum covariance=-0.00305647 eV^2, WF bias=0.00720769 eV, maximum SCF residual=0.00135114
2026-10-10 19:33:26.674 DEBUG: validation largest relative WF contributions (zero-based evaluation indices): [{'index': 91, 'WF_error_meV': 778.2475468319368, 'relative_WF_SSE_fraction': 0.10810315032721914, 'EF_error_meV': -352.46388063266437, 'vacuum_error_meV': 432.99135123989174}, {'index': 211, 'WF_error_meV': -761.9067923054514, 'relative_WF_SSE_fraction': 0.10361115620560632, 'EF_error_meV': 359.90001805743486, 'vacuum_error_meV': -394.7990892073965}, {'index': 2, 'WF_error_meV': -620.850009300868, 'relative_WF_SSE_fraction': 0.06879806340126868, 'EF_error_meV': 204.38057899126716, 'vacuum_error_meV': -409.2617452689815}, {'index': 168, 'WF_error_meV': 586.9577828465153, 'relative_WF_SSE_fraction': 0.061491708630978956, 'EF_error_meV': -259.46076787611184, 'vacuum_error_meV': 334.7047000110228}, {'index': 313, 'WF_error_meV': -583.8877818425161, 'relative_WF_SSE_fraction': 0.060850143189632264, 'EF_error_meV': 250.49079471268755, 'vacuum_error_meV': -326.1893020892095}]
2026-10-10 19:33:26.674 DEBUG: validation polarization diagnostic: centered dipole-step RMSE=121.692 meV, correlation with WF residual=-0.841141; 4*pi*kappa*delta(D_normal)/area, observed slab components only, no prediction correction
2026-10-10 19:33:26.676 INFO: Epoch 60: loss=2.91422, RMSE_E_per_atom=11.3658 meV, RMSE_F=47.8717 meV/A, RMSE_dip_per_atom=0.3018 meA, RMSE_rho=0.0564 me/A^3, RMSE_EF(abs/rel)=61.5331/61.4150 meV, RMSE_ESP=75.6573 mV, RMSE_ESPvac(abs/rel)=84.2892/84.2207 mV, RMSE_WF(abs/rel)=130.4984/130.2992 meV
2026-10-10 19:33:26.688 DEBUG: 50-step electronic residual maximum: 0.0013511
2026-10-10 19:33:26.696 DEBUG: Optimizer epoch 60: lr=[0.001, 0.001, 0.001, 0.001, 0.001, 0.001, 0.001, 0.001, 0.001], mean gradient norm=27.886, clipped=165/173
2026-10-10 19:33:26.696 DEBUG: Epoch timing: train=85.816s, validation=42.196s, updates=173, train/update=0.49604s, peak allocated=7084.5 MiB, backbone=CuEq
2026-10-10 19:33:26.696 DEBUG: Optimization budget: graphs=1384/1384, updates=173, mean retained gradient=0.4601, min retained gradient=0.07556
2026-10-10 19:33:26.696 DEBUG: Batching: optimizer graphs=8, device graphs<=8; one clipping/Adam/EMA update per optimizer batch
2026-10-10 19:33:26.696 DEBUG: 50-step finite-budget validation residual 0.0013511 exceeds equilibrium tolerance 1e-06; metrics describe the exported finite trajectory, not a converged root
2026-10-10 19:40:44.247 DEBUG: Training-only scalar reference calibration {'fermi_level': {'observed_training_graphs': 61, 'shift_eV': 0.006984238801005376, 'reference_eV': 4.495149294720828, 'panel_RMSE_before_eV': 0.03321943160951189, 'panel_RMSE_after_eV': 0.03247693096383291}, 'vacuum_potential': {'observed_training_graphs': 61, 'shift_eV': 0.0013750460253613406, 'reference_eV': -0.01356016420401373, 'panel_RMSE_before_eV': 0.03833860369096442, 'panel_RMSE_after_eV': 0.03831393716914211}, 'seconds': 8.223281694052275}; constants saved with the model; relative errors and physical fixed-Q trajectory unchanged
2026-10-10 19:41:18.133 DEBUG: validation stability outliers (zero-based evaluation order; force SSE in eV^2/A^2): by force contribution=[{'index': 2, 'SCF_residual': 1.526257033201972e-06, 'force_SSE': 5.4602343083579985, 'force_RMSE_meV_A': 98.92100961884059}, {'index': 168, 'SCF_residual': 1.0370634182521599e-05, 'force_SSE': 4.92829345644762, 'force_RMSE_meV_A': 94.23273332359277}, {'index': 57, 'SCF_residual': 2.6874981129410003e-09, 'force_SSE': 4.628840478495274, 'force_RMSE_meV_A': 87.39765800397434}, {'index': 143, 'SCF_residual': 1.6899536254166847e-05, 'force_SSE': 3.538242184673243, 'force_RMSE_meV_A': 79.6299931861519}, {'index': 47, 'SCF_residual': 4.130807298929895e-05, 'force_SSE': 3.413981788148486, 'force_RMSE_meV_A': 78.2192235461702}]; by SCF residual=[{'index': 276, 'SCF_residual': 0.0009870281920617563, 'force_SSE': 1.3568017988014194, 'force_RMSE_meV_A': 49.443785512117934}, {'index': 198, 'SCF_residual': 8.682877721977178e-05, 'force_SSE': 1.1129623524727945, 'force_RMSE_meV_A': 44.78099565689728}, {'index': 19, 'SCF_residual': 7.631913113503863e-05, 'force_SSE': 1.5188580348708085, 'force_RMSE_meV_A': 52.313297964393016}, {'index': 47, 'SCF_residual': 4.130807298929895e-05, 'force_SSE': 3.413981788148486, 'force_RMSE_meV_A': 78.2192235461702}, {'index': 301, 'SCF_residual': 3.290936071786987e-05, 'force_SSE': 1.0687148133483462, 'force_RMSE_meV_A': 44.36403096806515}]
2026-10-10 19:41:18.133 DEBUG: Validation voltage: centered EF/vacuum covariance=-0.00320951 eV^2, WF bias=0.00553139 eV, maximum SCF residual=0.000987028
2026-10-10 19:41:18.134 DEBUG: validation largest relative WF contributions (zero-based evaluation indices): [{'index': 91, 'WF_error_meV': 834.8570649882892, 'relative_WF_SSE_fraction': 0.12036791214524172, 'EF_error_meV': -375.05998773024766, 'vacuum_error_meV': 465.32846448892064}, {'index': 2, 'WF_error_meV': -682.8489609292187, 'relative_WF_SSE_fraction': 0.08052593566892938, 'EF_error_meV': 220.4463520397033, 'vacuum_error_meV': -456.8712216586364}, {'index': 168, 'WF_error_meV': 659.7338428387872, 'relative_WF_SSE_fraction': 0.07516644312821183, 'EF_error_meV': -294.66008161081356, 'vacuum_error_meV': 370.6051484588526}, {'index': 211, 'WF_error_meV': -639.5680989059384, 'relative_WF_SSE_fraction': 0.07064152412515594, 'EF_error_meV': 304.7612012127413, 'vacuum_error_meV': -329.27551046231775}, {'index': 313, 'WF_error_meV': -595.7732055691578, 'relative_WF_SSE_fraction': 0.06129829692943786, 'EF_error_meV': 252.22873468684946, 'vacuum_error_meV': -338.01308365142944}]
2026-10-10 19:41:18.134 DEBUG: validation polarization diagnostic: centered dipole-step RMSE=122.819 meV, correlation with WF residual=-0.852843; 4*pi*kappa*delta(D_normal)/area, observed slab components only, no prediction correction
2026-10-10 19:41:18.136 INFO: Epoch 65: loss=2.87579, RMSE_E_per_atom=10.7139 meV, RMSE_F=46.7443 meV/A, RMSE_dip_per_atom=0.2954 meA, RMSE_rho=0.0556 me/A^3, RMSE_EF(abs/rel)=61.4721/61.4052 meV, RMSE_ESP=75.0495 mV, RMSE_ESPvac(abs/rel)=85.8158/85.7745 mV, RMSE_WF(abs/rel)=132.5800/132.4646 meV
2026-10-10 19:41:18.147 DEBUG: 50-step electronic residual maximum: 0.00098703
2026-10-10 19:41:18.158 DEBUG: Optimizer epoch 65: lr=[0.001, 0.001, 0.001, 0.001, 0.001, 0.001, 0.001, 0.001, 0.001], mean gradient norm=25.613, clipped=170/173
2026-10-10 19:41:18.158 DEBUG: Epoch timing: train=85.630s, validation=42.134s, updates=173, train/update=0.49497s, peak allocated=7028.8 MiB, backbone=CuEq
2026-10-10 19:41:18.158 DEBUG: Optimization budget: graphs=1384/1384, updates=173, mean retained gradient=0.49655, min retained gradient=0.082574
2026-10-10 19:41:18.158 DEBUG: Batching: optimizer graphs=8, device graphs<=8; one clipping/Adam/EMA update per optimizer batch
2026-10-10 19:41:18.158 DEBUG: 50-step finite-budget validation residual 0.00098703 exceeds equilibrium tolerance 1e-06; metrics describe the exported finite trajectory, not a converged root
2026-10-10 19:48:29.688 DEBUG: Training-only scalar reference calibration {'fermi_level': {'observed_training_graphs': 61, 'shift_eV': 0.001309184914999429, 'reference_eV': 4.496458479635828, 'panel_RMSE_before_eV': 0.031110854653414437, 'panel_RMSE_after_eV': 0.031083296352288903}, 'vacuum_potential': {'observed_training_graphs': 61, 'shift_eV': -0.002610302299668275, 'reference_eV': -0.016170466503682007, 'panel_RMSE_before_eV': 0.03684159664840618, 'panel_RMSE_after_eV': 0.03674900768059186}, 'seconds': 8.260918048967142}; constants saved with the model; relative errors and physical fixed-Q trajectory unchanged
2026-10-10 19:49:03.427 DEBUG: validation stability outliers (zero-based evaluation order; force SSE in eV^2/A^2): by force contribution=[{'index': 2, 'SCF_residual': 6.496638074171557e-07, 'force_SSE': 5.229521423560081, 'force_RMSE_meV_A': 96.80858532568277}, {'index': 168, 'SCF_residual': 8.868884881607642e-06, 'force_SSE': 4.823043966514598, 'force_RMSE_meV_A': 93.22107760069775}, {'index': 57, 'SCF_residual': 2.7339651653690566e-09, 'force_SSE': 4.368350721659242, 'force_RMSE_meV_A': 84.9028829939939}, {'index': 143, 'SCF_residual': 1.4245652782296503e-05, 'force_SSE': 3.224308521404109, 'force_RMSE_meV_A': 76.01533189771592}, {'index': 114, 'SCF_residual': 8.87195872323332e-10, 'force_SSE': 3.2095934879439056, 'force_RMSE_meV_A': 80.28055084054205}]; by SCF residual=[{'index': 276, 'SCF_residual': 0.0009739798380791198, 'force_SSE': 1.252298287143354, 'force_RMSE_meV_A': 47.50150850413284}, {'index': 19, 'SCF_residual': 0.00011546443063426004, 'force_SSE': 1.4235672908488495, 'force_RMSE_meV_A': 50.64569191587343}, {'index': 198, 'SCF_residual': 7.583756416529308e-05, 'force_SSE': 1.0416484068622973, 'force_RMSE_meV_A': 43.32255736136157}, {'index': 301, 'SCF_residual': 3.220014209104338e-05, 'force_SSE': 1.028910245673487, 'force_RMSE_meV_A': 43.530016435678036}, {'index': 211, 'SCF_residual': 2.4079247649688718e-05, 'force_SSE': 1.3651972407478872, 'force_RMSE_meV_A': 50.14155359904357}]
2026-10-10 19:49:03.427 DEBUG: Validation voltage: centered EF/vacuum covariance=-0.00321483 eV^2, WF bias=0.00426834 eV, maximum SCF residual=0.00097398
2026-10-10 19:49:03.427 DEBUG: validation largest relative WF contributions (zero-based evaluation indices): [{'index': 91, 'WF_error_meV': 808.2511203017008, 'relative_WF_SSE_fraction': 0.11185222780012127, 'EF_error_meV': -364.67836290756986, 'vacuum_error_meV': 447.8411020443156}, {'index': 2, 'WF_error_meV': -690.4177516079234, 'relative_WF_SSE_fraction': 0.08161611278784729, 'EF_error_meV': 221.8866897583427, 'vacuum_error_meV': -464.26271719939604}, {'index': 168, 'WF_error_meV': 658.3395122810564, 'relative_WF_SSE_fraction': 0.07420819203349686, 'EF_error_meV': -293.1878974509923, 'vacuum_error_meV': 369.41995948024874}, {'index': 211, 'WF_error_meV': -616.7397045256859, 'relative_WF_SSE_fraction': 0.06512621292282345, 'EF_error_meV': 291.85551849110567, 'vacuum_error_meV': -320.61584138439514}, {'index': 313, 'WF_error_meV': -555.3030433076624, 'relative_WF_SSE_fraction': 0.05279734881028359, 'EF_error_meV': 241.40151754648429, 'vacuum_error_meV': -309.6331811109936}]
2026-10-10 19:49:03.427 DEBUG: validation polarization diagnostic: centered dipole-step RMSE=124.063 meV, correlation with WF residual=-0.854183; 4*pi*kappa*delta(D_normal)/area, observed slab components only, no prediction correction
2026-10-10 19:49:03.429 INFO: Epoch 70: loss=2.82328, RMSE_E_per_atom=10.3428 meV, RMSE_F=45.5694 meV/A, RMSE_dip_per_atom=0.3015 meA, RMSE_rho=0.0550 me/A^3, RMSE_EF(abs/rel)=60.8081/60.7372 meV, RMSE_ESP=74.1951 mV, RMSE_ESPvac(abs/rel)=87.0719/87.0617 mV, RMSE_WF(abs/rel)=133.1038/133.0353 meV
2026-10-10 19:49:03.444 DEBUG: 50-step electronic residual maximum: 0.00097398
2026-10-10 19:49:03.452 DEBUG: Optimizer epoch 70: lr=[0.001, 0.001, 0.001, 0.001, 0.001, 0.001, 0.001, 0.001, 0.001], mean gradient norm=26.18, clipped=160/173
2026-10-10 19:49:03.452 DEBUG: Epoch timing: train=84.771s, validation=42.026s, updates=173, train/update=0.49000s, peak allocated=6868.3 MiB, backbone=CuEq
2026-10-10 19:49:03.452 DEBUG: Optimization budget: graphs=1384/1384, updates=173, mean retained gradient=0.4927, min retained gradient=0.050451
2026-10-10 19:49:03.452 DEBUG: Batching: optimizer graphs=8, device graphs<=8; one clipping/Adam/EMA update per optimizer batch
2026-10-10 19:49:03.452 DEBUG: 50-step finite-budget validation residual 0.00097398 exceeds equilibrium tolerance 1e-06; metrics describe the exported finite trajectory, not a converged root
