2026-10-08 13:09:47.854 INFO: MACE version: 0.3.16
2026-10-08 13:09:48.120 INFO: CUDA version: 12.8, CUDA device: 0
2026-10-08 13:09:48.120 INFO: Configuration: Namespace(config='config.yaml', name='fit_0', seed=7777, work_dir='.', log_dir='./logs', model_dir='.', checkpoints_dir='checkpoints_IrO2_scratch_v372_hotfix', results_dir='./results', downloads_dir='./downloads', device='cuda', default_dtype='float64', distributed=False, launcher='slurm', log_level='INFO', plot=True, plot_frequency=0, plot_interaction_e=False, r_max=6.0, radial_type='bessel', num_radial_basis=8, num_cutoff_basis=5, pair_repulsion=False, distance_transform='None', apply_cutoff=True, use_last_readout_only=False, use_embedding_readout=False, interaction='RealAgnosticResidualInteractionBlock', interaction_first='RealAgnosticResidualInteractionBlock', max_ell=3, correlation=3, use_reduced_cg=False, use_so3=False, use_agnostic_product=False, num_interactions=2, MLP_irreps='64x0e', radial_MLP='[64, 64, 64]', hidden_irreps='64x0e + 64x1o', edge_irreps=None, use_edge_irreps_first=False, num_channels=None, max_L=None, gate='silu', num_recursion_steps=1, field_si=False, add_local_electron_energy=False, fixedpoint_update_config=None, scaling='rms_forces_scaling', avg_num_neighbors=1, compute_avg_num_neighbors=True, compute_stress=False, compute_forces=True, train_file='/fs/cephfs/data/qm_inorganics/shuang/electrocatalysis/IrO2_110/ml_training/data/IrO2OH_110_0_1735_vasp_sp_train.xyz', valid_file='/fs/cephfs/data/qm_inorganics/shuang/electrocatalysis/IrO2_110/ml_training/data/IrO2OH_110_0_1735_vasp_sp_valid.xyz', valid_fraction=0.1, test_file=None, test_dir=None, multi_processed_test=False, num_workers=0, pin_memory=True, atomic_numbers=None, mean=None, std=None, statistics_file=None, les_arguments=None, E0s='{1: -1.20639624, 8: -1.98686083, 77: -1.75921356}', pseudolabel_replay=False, pseudolabel_replay_compute_stress=False, foundation_filter_elements=True, multiheads_finetuning=True, foundation_head=None, weight_pt_head=1.0, real_pt_data_ratio_threshold=0.1, num_samples_pt=10000, force_mh_ft_lr=False, subselect_pt='random', filter_type_pt='none', allow_random_padding_pt=True, pt_train_file=None, pt_valid_file=None, foundation_model_elements=False, keep_isolated_atoms=False, lora=False, lora_rank=4, lora_alpha=1.0, energy_key=None, forces_key=None, virials_key=None, stress_key=None, dipole_key=None, polarizability_key=None, head_key=None, charges_key=None, elec_temp_key=None, total_spin_key=None, total_charge_key=None, embedding_specs=None, skip_evaluate_heads='pt_head', forces_weight=100.0, swa_forces_weight=100.0, energy_weight=1.0, swa_energy_weight=1000.0, virials_weight=1.0, swa_virials_weight=10.0, stress_weight=1.0, swa_stress_weight=10.0, dipole_weight=1.0, swa_dipole_weight=1.0, swa_polarizability_weight=1.0, polarizability_weight=1.0, config_type_weights={'slab': 1.0, 'bulk': 1.0}, huber_delta=0.01, beta=0.9, beta1_schedulefree=0.9, beta2_schedulefree=0.98, batch_size=8, valid_batch_size=4, lr=0.003, swa_lr=0.001, weight_decay=0.001, lr_params_factors='{"embedding_lr_factor": 1.0, "interactions_lr_factor": 1.0, "products_lr_factor": 1.0, "readouts_lr_factor": 1.0}', freeze=None, scheduler='none', lr_factor=0.8, scheduler_patience=50, lr_scheduler_gamma=0.9993, swa=False, start_swa=None, lbfgs=False, ema=True, ema_decay=0.99, max_num_epochs=500, patience=1000, foundation_model=None, foundation_model_kwargs='{}', foundation_model_readout=True, eval_interval=5, keep_checkpoints=False, save_all_checkpoints=False, save_cpu=True, clip_grad=10.0, dry_run=False, enable_cueq=True, only_cueq=False, enable_oeq=False, wandb=False, wandb_dir=None, wandb_project='', wandb_entity='', wandb_name='', wandb_log_hypers=['num_channels', 'max_L', 'correlation', 'lr', 'swa_lr', 'weight_decay', 'batch_size', 'max_num_epochs', 'start_swa', 'energy_weight', 'forces_weight'], amsgrad=False, atomic_multipoles_key=None, electrostatic_potentials_key=None, external_field_key=None, fermi_level_key=None, include_local_electron_energy=False, atomic_multipoles_max_l=1, atomic_multipoles_smearing_width=1.5, kspace_cutoff_factor=1.0, atomic_formal_charges='{}', formal_charges_from_data=False, field_feature_max_l=1, field_feature_widths='[1.5, 3.0]', dont_include_pbc_corrections=False, include_electrostatic_self_interaction=True, valid_set_seed=7777, quadrupole_feature_corrections=False, electrostatic_pbc_method='mixed_periodic', static_bond_transfer_block='OxidationDependentSymmetricPredictionSourceBlock', oxidation_state_mixer='SumOxidationStateMixer', return_electrostatic_potentials=False, train_schedule=[{'name': 'stage1', 'start': 0, 'end': 49, 'lr': 0.003, 'loss': {'energy_per_atom': {'weight': 100}, 'forces': {'weight': 500}, 'dipole': {'weight': 10}, 'fourier_density': {'weight': 10, 'reference': 'farfield'}, 'fourier_potential': {'weight': 100}, 'vacuum_potential': {'weight': 100, 'relative': True}, 'fermi_level': {'weight': 100, 'relative': True}}, 'fixed_point_training_options': FixedPointTrainingOptions(mode='unroll_scf', scf=FixedPointSCFOptions(num_scf_steps=12, scf_tolerance=1e-06, mixing_parameter=0.5, constant_charge=True, use_autograd_forces=True, initial_density='local_guess', initial_fermi_level='zero'), linear_solve='inverse', fixedpoint_scf_stability=False, reference_conditioning='none')}, {'name': 'stage2', 'start': 50, 'end': 499, 'lr': 0.001, 'loss': {'energy_per_atom': {'weight': 100}, 'forces': {'weight': 500}, 'dipole': {'weight': 10}, 'fourier_density': {'weight': 10, 'reference': 'farfield'}, 'fourier_potential': {'weight': 100}, 'vacuum_potential': {'weight': 100, 'relative': True}, 'fermi_level': {'weight': 100, 'relative': True}}, 'fixed_point_training_options': FixedPointTrainingOptions(mode='unroll_scf', scf=FixedPointSCFOptions(num_scf_steps=25, scf_tolerance=1e-06, mixing_parameter=0.5, constant_charge=True, use_autograd_forces=True, initial_density='local_guess', initial_fermi_level='zero'), linear_solve='inverse', fixedpoint_scf_stability=False, reference_conditioning='none')}, {'name': 'stage3', 'start': 500, 'end': 550, 'lr': 0.001, 'loss': {'energy_per_atom': {'weight': 100}, 'forces': {'weight': 500}, 'dipole': {'weight': 10}, 'fourier_density': {'weight': 10, 'reference': 'farfield'}, 'fourier_potential': {'weight': 100}, 'vacuum_potential': {'weight': 100, 'relative': True}, 'fermi_level': {'weight': 100, 'relative': True}}, 'fixed_point_training_options': FixedPointTrainingOptions(mode='unroll_scf', scf=FixedPointSCFOptions(num_scf_steps=50, scf_tolerance=1e-06, mixing_parameter=0.5, constant_charge=True, use_autograd_forces=True, initial_density='local_guess', initial_fermi_level='zero'), linear_solve='inverse', fixedpoint_scf_stability=False, reference_conditioning='none')}], fixed_point_update_config={'type': <class 'mace_scf.electrostatics.coupled.CoupledResponse'>, 'potential_widths': [1.5, 3.0]}, field_readout_config={'type': <class 'mace_scf.electrostatics.field_blocks.StrictQuadraticFieldEnergyReadout'>}, field_block_weight_decay=0.01, local_charges_weight_decay=0.0, field_feature_norms='None', fermi_level_offset=None, field_norm_factor=1.0, oxidation_state_range='(-6.0, 6.0)', polarizable_charges=False, beta_two=0.999, log_on_test_sets=False, scf_convergence_summary=False, use_linear_final_readout=False, include_field_si=False, use_linear_local_charges=False, atom_density_scaling='None', allow_low_density_pbc=False, override_pbc_checks=False, low_density_pbc_max_volume_per_atom=100.0, wandb_watch='off', wandb_watch_log_freq=50, debug_log_grad_summary=False, fixedpoint_initial_charge_head_scale=0.01, heads={'default': {'arrays_keys': {'forces': 'vasp_forces'}, 'info_keys': {'dipole': 'vasp_dipole', 'dipole_correction_zfrac': 'dipole_correction_zfrac', 'dipole_weight': 'config_dipole_weight', 'energy': 'vasp_free_energy', 'external_field': 'external_field', 'fermi_level': 'vasp_efermi', 'fourier_density': 'vasp_rho_fftn_shifted_1.5', 'fourier_potential': 'vasp_phi_fftn_shifted_1.5', 'fourier_proto_potential': 'vasp_proto_phi_fftn_shifted_1.5', 'total_charge': 'total_charge', 'vacuum_zfrac': 'vacuum_zfrac', 'vacuum_potential': 'vacuum_potential', 'vacuum_xfrac': 'vacuum_xfrac', 'vacuum_yfrac': 'vacuum_yfrac', 'dipole_correction_xfrac': 'dipole_correction_xfrac', 'dipole_correction_yfrac': 'dipole_correction_yfrac', 'stress': 'none', 'head': 'head'}}}, error_table='ElectrostaticRMSE', compute_polarizability=True, restart_latest=False, model='FixedPoint', optimizer='adamw', qeq_charges='autograd', train_hardness=False, read_enegs=False, read_hardness=False, enegs_key=None, default_hardness=2.0)
2026-10-08 13:09:48.120 INFO: Using the key specifications to parse data:
2026-10-08 13:09:48.120 INFO: KeySpecification(info_keys={'dipole': 'vasp_dipole', 'dipole_correction_zfrac': 'dipole_correction_zfrac', 'dipole_weight': 'config_dipole_weight', 'energy': 'vasp_free_energy', 'external_field': 'external_field', 'fermi_level': 'vasp_efermi', 'fourier_density': 'vasp_rho_fftn_shifted_1.5', 'fourier_potential': 'vasp_phi_fftn_shifted_1.5', 'fourier_proto_potential': 'vasp_proto_phi_fftn_shifted_1.5', 'total_charge': 'total_charge', 'vacuum_zfrac': 'vacuum_zfrac', 'vacuum_potential': 'vacuum_potential', 'vacuum_xfrac': 'vacuum_xfrac', 'vacuum_yfrac': 'vacuum_yfrac', 'dipole_correction_xfrac': 'dipole_correction_xfrac', 'dipole_correction_yfrac': 'dipole_correction_yfrac', 'stress': 'none', 'head': 'head'}, arrays_keys={'forces': 'vasp_forces'})
2026-10-08 13:11:21.882 INFO: Training set 1/1 [dipole components: 1308, dipole_correction_zfrac: 1385, dipole_weight: 1385, energy: 1385, external_field: 1385, fermi_level: 1308, fourier_density: 1385, fourier_potential: 1385, fourier_proto_potential: 1385, total_charge: 1385, vacuum_zfrac: 1385, vacuum_potential: 1308, vacuum_xfrac: 0, vacuum_yfrac: 0, dipole_correction_xfrac: 0, dipole_correction_yfrac: 0, stress: 0, head: 1385, forces: 1385]
2026-10-08 13:11:21.913 INFO: Total Training set [dipole components: 1308, dipole_correction_zfrac: 1385, dipole_weight: 1385, energy: 1385, external_field: 1385, fermi_level: 1308, fourier_density: 1385, fourier_potential: 1385, fourier_proto_potential: 1385, total_charge: 1385, vacuum_zfrac: 1385, vacuum_potential: 1308, vacuum_xfrac: 0, vacuum_yfrac: 0, dipole_correction_xfrac: 0, dipole_correction_yfrac: 0, stress: 0, head: 1385, forces: 1385]
2026-10-08 13:11:28.635 INFO: Validation set 1/1 [dipole components: 331, dipole_correction_zfrac: 351, dipole_weight: 351, energy: 351, external_field: 351, fermi_level: 331, fourier_density: 351, fourier_potential: 351, fourier_proto_potential: 351, total_charge: 351, vacuum_zfrac: 351, vacuum_potential: 331, vacuum_xfrac: 0, vacuum_yfrac: 0, dipole_correction_xfrac: 0, dipole_correction_yfrac: 0, stress: 0, head: 351, forces: 351]
2026-10-08 13:11:28.636 INFO: Total Validation set [dipole components: 331, dipole_correction_zfrac: 351, dipole_weight: 351, energy: 351, external_field: 351, fermi_level: 331, fourier_density: 351, fourier_potential: 351, fourier_proto_potential: 351, total_charge: 351, vacuum_zfrac: 351, vacuum_potential: 331, vacuum_xfrac: 0, vacuum_yfrac: 0, dipole_correction_xfrac: 0, dipole_correction_yfrac: 0, stress: 0, head: 351, forces: 351]
2026-10-08 13:11:28.636 INFO: Total number of configurations: train=1385, valid=351, tests=[]
2026-10-08 13:11:28.659 INFO: AtomicNumberTable: (1, 8, 77)
2026-10-08 13:11:28.659 INFO: Isolated Atomic Energies (E0s) not in training file, using command line argument
2026-10-08 13:11:39.945 INFO: Atomic energies: [-1.20639624, -1.98686083, -1.75921356]
2026-10-08 13:11:41.216 INFO: Average number of neighbors: 73.78564068510717
2026-10-08 13:11:41.229 INFO: computed Fermi level offset -1.7212872324159036
2026-10-08 13:11:41.229 INFO: using Fermi level offset -1.7212872324159036
2026-10-08 13:11:41.229 INFO: using normalization for field features None
2026-10-08 13:11:41.230 INFO: using atom density scaling factors [1. 1. 1.]
2026-10-08 13:11:41.230 INFO: Building model
2026-10-08 13:11:41.230 INFO: Hidden irreps: 64x0e + 64x1o
2026-10-08 13:11:42.055 INFO: Rescaled initial FixedPoint charge heads by 0.01 to keep initial charge predictions small
2026-10-08 13:11:43.472 INFO: Fixed training-geometry readout units by layer/irrep: [[1.0557618647558156, 1.000003020319366], [1.019880021396985, 1.000001529906156]]; initial energy function preserved by inverse weight transformation
2026-10-08 13:11:45.671 INFO: Frozen training-only proto fit: spectral component RMS 7.38826e-05 eV, observations 773412
2026-10-08 13:11:45.672 INFO: Electronic response CoupledResponse: 4 coarse + 8 regular coefficients per atom; deployment uses 50 steps
2026-10-08 13:11:46.453 INFO: SCF CUDA linear algebra: cuSOLVER/cuBLAS selected (process-wide); exact cached matrix-solve derivatives; torch=2.9.1+cu128 CUDA=12.8
2026-10-08 13:12:31.136 INFO: Training-only cold reference fit: rank=8/9; scalar gauges follow the configured relative/absolute objectives; candidates=[{'fraction': 0.0, 'loss': 3393.7179938786912}, {'fraction': 1.0, 'loss': 2157.157583652562}, {'fraction': 0.5, 'loss': 2465.2513387563054}, {'fraction': 0.25, 'loss': 2851.9453884010345}]
2026-10-08 13:12:32.673 INFO: Coupled total-field response: screened moment seed, 2 local potential channels, Gaussian receiver widths [1.5, 0.0, 3.0]
2026-10-08 13:12:41.142 INFO: Training-only EF reference initialization: offset correction 1.4707 eV
2026-10-08 13:12:41.142 INFO: Training-only total-energy reference: 4.03884 -> 0.0346383 eV/atom on 64 graphs
2026-10-08 13:12:43.588 INFO: CuEquivariance ACTIVE: 2 interaction/product layers, O3_e3nn, ir_mul, fused CUDA convolution=True; electronic response/readouts retain their original coordinates
2026-10-08 13:12:43.589 INFO: No external LR schedule: the learning rate follows the explicit training stages.
2026-10-08 13:12:43.590 INFO: restart_latest is False; starting from initialized model and optimizer.
2026-10-08 13:12:43.590 INFO: FixedPointCore(
  (node_embedding): LinearNodeEmbeddingBlock(
    (linear): Linear(3x0e -> 64x0e | 192 weights)
  )
  (radial_embedding): RadialEmbeddingBlock(
    (bessel_fn): BesselBasis(r_max=6.0, num_basis=8, trainable=False)
    (cutoff_fn): PolynomialCutoff(p=5, r_max=6.0)
  )
  (spherical_harmonics): SphericalHarmonics()
  (atomic_energies_fn): AtomicEnergiesBlock(energies=[[-4.4060, -5.9065, -8.2249]])
  (interactions): ModuleList(
    (0): RealAgnosticResidualInteractionBlock(
      (linear_up): Linear(
        shared_weights=True, internal_weights=True, weight_numel=4096
        (transpose_in): TransposeIrrepsLayout((irrep,mul) -> (irrep,mul))
        (transpose_out): TransposeIrrepsLayout((irrep,mul) -> (irrep,mul))
        (f): ╭ a=[4096:1⨯(64,64)] b=[64:1⨯(1,64)] -> C=[64:1⨯(1,64)]
        ╰─ []·a[uv]·b[iu]➜C[iv] ─ num_paths=1 i=1 u=64 v=64
        SegmentedPolynomial(
          (m): SegmentedPolynomialNaive(
            (graphs): ModuleList(
              (0): uv,iu,iv operands=[(64, 64)],[(1, 64)],[(1, 64)] paths=[op0[0]*op1[0]*op2[0]*0.12]
            )
          )
          (fallback): SegmentedPolynomialNaive(
            (graphs): ModuleList(
              (0): uv,iu,iv operands=[(64, 64)],[(1, 64)],[(1, 64)] paths=[op0[0]*op1[0]*op2[0]*0.12]
            )
          )
        )
      )
      (conv_tp): FusedConvolution(
        (fused): ╭ a=[256:4⨯(64)] b=[64:1⨯(64)] c=[16:16⨯()] -> D=[1024:16⨯(64)]
        ╰─ []·a[u]·b[u]·c[]➜D[u] ─ num_paths=16 u=64
        SegmentedPolynomial(
          (m): SegmentedPolynomialFromUniform1dJit()
          (fallback): SegmentedPolynomialFromUniform1dJit()
        )
        (unfused): ChannelWiseTensorProduct(
          shared_weights=False, internal_weights=False, weight_numel=256
          (transpose_in1): TransposeIrrepsLayout((irrep,mul) -> (irrep,mul))
          (transpose_in2): TransposeIrrepsLayout((irrep,mul) -> (irrep,mul))
          (transpose_out): TransposeIrrepsLayout((irrep,mul) -> (irrep,mul))
          (f): ╭ a=[256:4⨯(64,1)] b=[64:1⨯(1,64)] c=[16:(1,1)+(3,1)+(5,1)+...] -> D=[1024:(1,64,1)+(3,64,1)+...]
          ╰─ [ijk]·a[uv]·b[iu]·c[jv]➜D[kuv] ─ num_paths=4 i=1 j={1, 3, 5, 7} k={1, 3, 5, 7} u=64 v=1
          SegmentedPolynomial(
            (m): SegmentedPolynomialFromUniform1dJit()
            (fallback): SegmentedPolynomialFromUniform1dJit()
          )
        )
      )
      (conv_tp_weights): FullyConnectedNet[8, 64, 64, 64, 256]
      (linear): Linear(
        shared_weights=True, internal_weights=True, weight_numel=16384
        (transpose_in): TransposeIrrepsLayout((irrep,mul) -> (irrep,mul))
        (transpose_out): TransposeIrrepsLayout((irrep,mul) -> (irrep,mul))
        (f): ╭ a=[16384:4⨯(64,64)] b=[1024:(1,64)+(3,64)+(5,64)+...] -> C=[1024:(1,64)+(3,64)+(5,64)+...]
        ╰─ []·a[uv]·b[iu]➜C[iv] ─ num_paths=4 i={1, 3, 5, 7} u=64 v=64
        SegmentedPolynomial(
          (m): SegmentedPolynomialNaive(
            (graphs): ModuleList(
              (0): uv,iu,iv sizes=16384,1024,1024 num_segments=4,4,4 num_paths=4 i={1, 3, 5, 7} u=64 v=64
            )
          )
          (fallback): SegmentedPolynomialNaive(
            (graphs): ModuleList(
              (0): uv,iu,iv sizes=16384,1024,1024 num_segments=4,4,4 num_paths=4 i={1, 3, 5, 7} u=64 v=64
            )
          )
        )
      )
      (skip_tp): FullyConnectedTensorProduct(
        shared_weights=True, internal_weights=True, weight_numel=12288
        (transpose_in1): TransposeIrrepsLayout((irrep,mul) -> (irrep,mul))
        (transpose_in2): TransposeIrrepsLayout((irrep,mul) -> (irrep,mul))
        (transpose_out): TransposeIrrepsLayout((irrep,mul) -> (irrep,mul))
        (f): ╭ a=[12288:1⨯(64,3,64)] b=[64:1⨯(1,64)] c=[3:1⨯(1,3)] -> D=[256:(1,64)+(3,64)]
        ╰─ [ijk]·a[uvw]·b[iu]·c[jv]➜D[kw] ─ num_paths=1 i=1 j=1 k={1, 3} u=64 v=3 w=64
        SegmentedPolynomial(
          (m): SegmentedPolynomialNaive(
            (graphs): ModuleList(
              (0): uvw,iu,jv,kw+ijk sizes=12288,64,3,256 num_segments=1,1,1,2 num_paths=1 i=1 j=1 k={1, 3} u=64 v=3 w=64
            )
          )
          (fallback): SegmentedPolynomialNaive(
            (graphs): ModuleList(
              (0): uvw,iu,jv,kw+ijk sizes=12288,64,3,256 num_segments=1,1,1,2 num_paths=1 i=1 j=1 k={1, 3} u=64 v=3 w=64
            )
          )
        )
      )
      (reshape): reshape_irreps()
    )
    (1): RealAgnosticResidualInteractionBlock(
      (linear_up): Linear(
        shared_weights=True, internal_weights=True, weight_numel=8192
        (transpose_in): TransposeIrrepsLayout((irrep,mul) -> (irrep,mul))
        (transpose_out): TransposeIrrepsLayout((irrep,mul) -> (irrep,mul))
        (f): ╭ a=[8192:2⨯(64,64)] b=[256:(1,64)+(3,64)] -> C=[256:(1,64)+(3,64)]
        ╰─ []·a[uv]·b[iu]➜C[iv] ─ num_paths=2 i={1, 3} u=64 v=64
        SegmentedPolynomial(
          (m): SegmentedPolynomialNaive(
            (graphs): ModuleList(
              (0): uv,iu,iv sizes=8192,256,256 num_segments=2,2,2 num_paths=2 i={1, 3} u=64 v=64
            )
          )
          (fallback): SegmentedPolynomialNaive(
            (graphs): ModuleList(
              (0): uv,iu,iv sizes=8192,256,256 num_segments=2,2,2 num_paths=2 i={1, 3} u=64 v=64
            )
          )
        )
      )
      (conv_tp): FusedConvolution(
        (fused): ╭ a=[640:10⨯(64)] b=[256:4⨯(64)] c=[16:16⨯()] -> D=[2560:40⨯(64)]
        ╰─ []·a[u]·b[u]·c[]➜D[u] ─ num_paths=86 u=64
        SegmentedPolynomial(
          (m): SegmentedPolynomialFromUniform1dJit()
          (fallback): SegmentedPolynomialFromUniform1dJit()
        )
        (unfused): ChannelWiseTensorProduct(
          shared_weights=False, internal_weights=False, weight_numel=640
          (transpose_in1): TransposeIrrepsLayout((irrep,mul) -> (irrep,mul))
          (transpose_in2): TransposeIrrepsLayout((irrep,mul) -> (irrep,mul))
          (transpose_out): TransposeIrrepsLayout((irrep,mul) -> (irrep,mul))
          (f): ╭ a=[640:10⨯(64,1)] b=[256:(1,64)+(3,64)] c=[16:(1,1)+(3,1)+(5,1)+...] -> D=[2560:(1,64,1)+(1,64,1)+...]
          ╰─ [ijk]·a[uv]·b[iu]·c[jv]➜D[kuv] ─ num_paths=10 i={1, 3} j={1, 3, 5, 7} k={1, 3, 5, 7} u=64 v=1
          SegmentedPolynomial(
            (m): SegmentedPolynomialFromUniform1dJit()
            (fallback): SegmentedPolynomialFromUniform1dJit()
          )
        )
      )
      (conv_tp_weights): FullyConnectedNet[8, 64, 64, 64, 640]
      (linear): Linear(
        shared_weights=True, internal_weights=True, weight_numel=40960
        (transpose_in): TransposeIrrepsLayout((irrep,mul) -> (irrep,mul))
        (transpose_out): TransposeIrrepsLayout((irrep,mul) -> (irrep,mul))
        (f): ╭ a=[40960:10⨯(64,64)] b=[2560:(1,64)+(1,64)+(3,64)+...] -> C=[1024:(1,64)+(3,64)+(5,64)+...]
        ╰─ []·a[uv]·b[iu]➜C[iv] ─ num_paths=10 i={1, 3, 5, 7} u=64 v=64
        SegmentedPolynomial(
          (m): SegmentedPolynomialNaive(
            (graphs): ModuleList(
              (0): uv,iu,iv sizes=40960,2560,1024 num_segments=10,10,4 num_paths=10 i={1, 3, 5, 7} u=64 v=64
            )
          )
          (fallback): SegmentedPolynomialNaive(
            (graphs): ModuleList(
              (0): uv,iu,iv sizes=40960,2560,1024 num_segments=10,10,4 num_paths=10 i={1, 3, 5, 7} u=64 v=64
            )
          )
        )
      )
      (skip_tp): FullyConnectedTensorProduct(
        shared_weights=True, internal_weights=True, weight_numel=24576
        (transpose_in1): TransposeIrrepsLayout((irrep,mul) -> (irrep,mul))
        (transpose_in2): TransposeIrrepsLayout((irrep,mul) -> (irrep,mul))
        (transpose_out): TransposeIrrepsLayout((irrep,mul) -> (irrep,mul))
        (f): ╭ a=[24576:2⨯(64,3,64)] b=[256:(1,64)+(3,64)] c=[3:1⨯(1,3)] -> D=[256:(1,64)+(3,64)]
        ╰─ [ijk]·a[uvw]·b[iu]·c[jv]➜D[kw] ─ num_paths=2 i={1, 3} j=1 k={1, 3} u=64 v=3 w=64
        SegmentedPolynomial(
          (m): SegmentedPolynomialNaive(
            (graphs): ModuleList(
              (0): uvw,iu,jv,kw+ijk sizes=24576,256,3,256 num_segments=2,2,1,2 num_paths=2 i={1, 3} j=1 k={1, 3} u=64 v=3 w=64
            )
          )
          (fallback): SegmentedPolynomialNaive(
            (graphs): ModuleList(
              (0): uvw,iu,jv,kw+ijk sizes=24576,256,3,256 num_segments=2,2,1,2 num_paths=2 i={1, 3} j=1 k={1, 3} u=64 v=3 w=64
            )
          )
        )
      )
      (reshape): reshape_irreps()
    )
  )
  (products): ModuleList(
    (0-1): 2 x EquivariantProductBasisBlock(
      (symmetric_contractions): SymmetricContraction(
        contraction_degree=3, weight_shape=(86, 64)
        (transpose_in): TransposeIrrepsLayout((irrep,mul) -> (irrep,mul))
        (transpose_out): TransposeIrrepsLayout((irrep,mul) -> (irrep,mul))
        (f): ╭ a=[1856:29⨯(64)] b=[1024:16⨯(64)] -> C=[256:4⨯(64)]
        │  []·a[u]·b[u]➜C[u] ─────────── num_paths=4 u=64
        │  []·a[u]·b[u]·b[u]➜C[u] ────── num_paths=86 u=64
        ╰─ []·a[u]·b[u]·b[u]·b[u]➜C[u] ─ num_paths=1949 u=64
        SegmentedPolynomial(
          (m): SegmentedPolynomialFromUniform1dJit()
          (fallback): SegmentedPolynomialFromUniform1dJit()
        )
      )
      (linear): Linear(
        shared_weights=True, internal_weights=True, weight_numel=8192
        (transpose_in): TransposeIrrepsLayout((irrep,mul) -> (irrep,mul))
        (transpose_out): TransposeIrrepsLayout((irrep,mul) -> (irrep,mul))
        (f): ╭ a=[8192:2⨯(64,64)] b=[256:(1,64)+(3,64)] -> C=[256:(1,64)+(3,64)]
        ╰─ []·a[uv]·b[iu]➜C[iv] ─ num_paths=2 i={1, 3} u=64 v=64
        SegmentedPolynomial(
          (m): SegmentedPolynomialNaive(
            (graphs): ModuleList(
              (0): uv,iu,iv sizes=8192,256,256 num_segments=2,2,2 num_paths=2 i={1, 3} u=64 v=64
            )
          )
          (fallback): SegmentedPolynomialNaive(
            (graphs): ModuleList(
              (0): uv,iu,iv sizes=8192,256,256 num_segments=2,2,2 num_paths=2 i={1, 3} u=64 v=64
            )
          )
        )
      )
    )
  )
  (readouts): ModuleList(
    (0): LinearReadoutBlock(
      (linear): Linear(64x0e+64x1o -> 1x0e | 64 weights)
    )
    (1): NonLinearReadoutBlock(
      (linear_1): Linear(64x0e+64x1o -> 64x0e | 4096 weights)
      (non_linearity): Activation [x] (64x0e -> 64x0e)
      (linear_2): Linear(64x0e -> 1x0e | 64 weights)
    )
  )
  (electric_potential_descriptor): GTOElectrostaticFeatures(
    (density_basis): GTOBasis(
      (radial_spline): RadialIntegralDirect()
      (spherical_harmonics): SphericalHarmonics()
    )
    (feature_basis): GTOBasis(
      (radial_spline): RadialIntegralDirect()
      (spherical_harmonics): SphericalHarmonics()
    )
    (self_interaction_terms): GTOSelfInteractionBlock()
    (realspace_features): RealSpaceFiniteDifferenceElectrostaticFeatures(
      (self_interaction): GTOSelfInteractionBlock()
    )
    (non_periodic_correction_terms): NonPeriodicFeatureCorrections(
      (self_field): CorrectivePotentialBlock()
      (displaced_interactions): GTOInternalFieldtoFeaturesBlock()
    )
  )
  (lr_source_maps): ModuleList(
    (0-1): 2 x GeneralNonLinearBiasReadoutBlock(
      (equivariant_nonlin): Gate (64x0e -> 64x0e)
      (linear_1): Linear(64x0e+64x1o -> 64x0e | 4096 weights)
      (linear_mid): Linear(64x0e -> 64x0e | 4096 weights)
      (linear_2): Linear(64x0e -> 1x0e+1x1o | 64 weights)
    )
  )
  (field_dependent_charges_map): CoupledResponse(
    (chemical_scalar): Linear(in_features=64, out_features=64, bias=True)
    (chemical_vector): Linear(in_features=64, out_features=16, bias=False)
    (shared): Sequential(
      (0): Linear(in_features=96, out_features=64, bias=True)
      (1): SiLU()
      (2): Linear(in_features=64, out_features=64, bias=True)
      (3): SiLU()
    )
    (vector_out): Linear(in_features=64, out_features=96, bias=True)
    (scalar_out): Linear(in_features=64, out_features=4, bias=True)
    (dipole_hardness): Linear(in_features=64, out_features=1, bias=True)
    (state_scalar): Linear(in_features=3, out_features=64, bias=False)
    (state_vector): Linear(in_features=3, out_features=16, bias=False)
    (neighbor_scalar): Linear(in_features=3, out_features=64, bias=False)
    (neighbor_vector): Linear(in_features=3, out_features=16, bias=False)
    (neighbor_divergence): Linear(in_features=3, out_features=64, bias=False)
    (neighbor_gradient): Linear(in_features=3, out_features=16, bias=False)
    (common_level): Linear(in_features=64, out_features=1, bias=False)
    (local_source_scalar): Linear(in_features=64, out_features=2, bias=False)
    (local_source_vector): Linear(in_features=16, out_features=2, bias=False)
  )
  (local_electron_energy): Identity()
  (external_field_contribution): DisplacedGTOExternalFieldBlock()
  (external_field_contribution_internal): GTOInternalFieldtoFeaturesBlock()
  (coulomb_energy): GTOElectrostaticEnergy(
    (density_basis): GTOBasis(
      (radial_spline): RadialIntegralDirect()
      (spherical_harmonics): SphericalHarmonics()
    )
    (self_interaction_terms): GTOSelfInteractionBlock()
    (realspace_energy): RealSpaceFiniteDiffereneEnergy(
      (self_interaction): GTOSelfInteractionBlock()
    )
    (monopole_dipole_correction): MonopoleDipoleCorrectionBlock()
  )
  (layer_feature_mixer): MultiLayerFeatureMixer(
    (linears): ModuleList(
      (0-1): 2 x Linear(64x0e+64x1o -> 64x0e+64x1o | 8192 weights)
    )
  )
)
2026-10-08 13:12:43.593 INFO: Number of parameters: 291038
2026-10-08 13:12:43.593 INFO: Optimizer: AdamW (
Parameter Group 0
    amsgrad: False
    betas: (0.9, 0.999)
    capturable: False
    decoupled_weight_decay: True
    differentiable: False
    eps: 1e-08
    foreach: None
    fused: None
    lr: 0.003
    maximize: False
    name: embedding
    weight_decay: 0.0

Parameter Group 1
    amsgrad: False
    betas: (0.9, 0.999)
    capturable: False
    decoupled_weight_decay: True
    differentiable: False
    eps: 1e-08
    foreach: None
    fused: None
    lr: 0.003
    maximize: False
    name: interactions_decay
    weight_decay: 0.001

Parameter Group 2
    amsgrad: False
    betas: (0.9, 0.999)
    capturable: False
    decoupled_weight_decay: True
    differentiable: False
    eps: 1e-08
    foreach: None
    fused: None
    lr: 0.003
    maximize: False
    name: interactions_no_decay
    weight_decay: 0.0

Parameter Group 3
    amsgrad: False
    betas: (0.9, 0.999)
    capturable: False
    decoupled_weight_decay: True
    differentiable: False
    eps: 1e-08
    foreach: None
    fused: None
    lr: 0.003
    maximize: False
    name: products
    weight_decay: 0.001

Parameter Group 4
    amsgrad: False
    betas: (0.9, 0.999)
    capturable: False
    decoupled_weight_decay: True
    differentiable: False
    eps: 1e-08
    foreach: None
    fused: None
    lr: 0.003
    maximize: False
    name: readouts
    weight_decay: 0.0

Parameter Group 5
    amsgrad: False
    betas: (0.9, 0.999)
    capturable: False
    decoupled_weight_decay: True
    differentiable: False
    eps: 1e-08
    foreach: None
    fused: None
    lr: 0.003
    maximize: False
    name: lr_source_maps
    weight_decay: 0.0

Parameter Group 6
    amsgrad: False
    betas: (0.9, 0.999)
    capturable: False
    decoupled_weight_decay: True
    differentiable: False
    eps: 1e-08
    foreach: None
    fused: None
    lr: 0.003
    maximize: False
    name: field_dependent_charges_map
    weight_decay: 0.01

Parameter Group 7
    amsgrad: False
    betas: (0.9, 0.999)
    capturable: False
    decoupled_weight_decay: True
    differentiable: False
    eps: 1e-08
    foreach: None
    fused: None
    lr: 0.003
    maximize: False
    name: electronic_references
    weight_decay: 0.0

Parameter Group 8
    amsgrad: False
    betas: (0.9, 0.999)
    capturable: False
    decoupled_weight_decay: True
    differentiable: False
    eps: 1e-08
    foreach: None
    fused: None
    lr: 0.003
    maximize: False
    name: layer_feature_mixer
    weight_decay: 0.001
)
2026-10-08 13:12:43.593 INFO: WeightedLoss(energy_per_atom_weight=100, forces_weight=500, dipole_weight=10, fourier_density_weight=10, fourier_density options: reference=farfield, fourier_potential_weight=100, vacuum_potential_weight=100, vacuum_potential options: relative=True, fermi_level_weight=100, fermi_level options: relative=True, )
2026-10-08 13:12:43.594 INFO: FixedPointWrapper: mode=unroll_scf, scf_options=FixedPointSCFOptions(num_scf_steps=12, scf_tolerance=1e-06, mixing_parameter=0.5, constant_charge=True, use_autograd_forces=True, initial_density='local_guess', initial_fermi_level='zero'), linear_solve=inverse, fixedpoint_scf_stability=False
2026-10-08 13:12:43.594 INFO: Setting global learning rate to 0.003
2026-10-08 13:12:43.608 INFO: Runtime inventory {"parameters": 291038, "parameter_MiB": 2.2204437255859375, "optimizer_MiB": 0.0, "batch_size": 8, "layout": "ir_mul", "blocks": {"node_embedding": 192, "radial_embedding": 0, "spherical_harmonics": 0, "atomic_energies_fn": 0, "interactions": 181248, "products": 49408, "readouts": 4224, "electric_potential_descriptor": 0, "lr_source_maps": 16512, "field_dependent_charges_map": 23070, "local_electron_energy": 0, "external_field_contribution": 0, "external_field_contribution_internal": 0, "coulomb_energy": 0, "layer_feature_mixer": 16384}, "optimizer_groups": [{"name": "embedding", "lr": 0.003, "weight_decay": 0.0, "parameters": 192}, {"name": "interactions_decay", "lr": 0.003, "weight_decay": 0.001, "parameters": 57344}, {"name": "interactions_no_decay", "lr": 0.003, "weight_decay": 0.0, "parameters": 123904}, {"name": "products", "lr": 0.003, "weight_decay": 0.001, "parameters": 49408}, {"name": "readouts", "lr": 0.003, "weight_decay": 0.0, "parameters": 4224}, {"name": "lr_source_maps", "lr": 0.003, "weight_decay": 0.0, "parameters": 16512}, {"name": "field_dependent_charges_map", "lr": 0.003, "weight_decay": 0.01, "parameters": 22768}, {"name": "electronic_references", "lr": 0.003, "weight_decay": 0.0, "parameters": 302}, {"name": "layer_feature_mixer", "lr": 0.003, "weight_decay": 0.001, "parameters": 16384}], "gpu": "NVIDIA H100 NVL", "device_MiB": 95319.4375}
2026-10-08 13:12:43.621 INFO: CoupledResponse mode=unroll_scf: 12 training steps; 50 validation/deployment steps
2026-10-08 13:12:43.621 INFO: Observation convention: RMSE_ESP is the real-space error of the retained zero-mean deformation spectrum; proto supplies the atomic reference field. EF and vacuum include saved training-only scalar references [0.0, 0.0] eV; WF is their difference. Relative RMSE removes one whole-split bias.
2026-10-08 13:15:26.014 WARNING: A relative scalar loss needs at least two observed labels in an optimizer batch; singleton batches contribute no scalar pair loss. Device microbatch size may still be one.
2026-10-08 13:15:35.000 INFO: Training-only scalar reference calibration {'fermi_level': {'observed_training_graphs': 60, 'shift_eV': -0.6692097318925898, 'reference_eV': -0.6692097318925898, 'panel_RMSE_before_eV': 0.737209871518585, 'panel_RMSE_after_eV': 0.3092518866631158}, 'vacuum_potential': {'observed_training_graphs': 60, 'shift_eV': -0.02936739026737669, 'reference_eV': -0.02936739026737669, 'panel_RMSE_before_eV': 0.4070319430361584, 'panel_RMSE_after_eV': 0.4059711307970976}, 'seconds': 8.961859803006519}; constants saved with the model; relative errors and physical fixed-Q trajectory unchanged
2026-10-08 13:16:22.073 INFO: Full validation audit {"graphs": 351, "index_convention": "supplied loader order, zero based", "force_rmse_by_element_column_eV_A": {"0": 0.21968471441800916, "1": 0.30459368848130874, "2": 0.5171070166286755}, "force_target_rms_by_element_column_eV_A": {"0": 0.7584590607696344, "1": 0.8723013494869878, "2": 0.9590743569439976}, "force_rmse_over_target_rms_by_element_column": {"0": 0.28964610719408845, "1": 0.3491840161206266, "2": 0.5391730191560846}, "density_observers": {"density_RMSE_e_A3": 0.0008767888516573034, "farfield_RMSE_e_A3": 0.00035851288017008787, "scope": "Different Gaussian resolutions of the same error; smaller farfield RMSE is not an accuracy gain."}, "potential_error_power_fractions": {"normal_reciprocal_line": 0.9319006904415446, "Gaussian_lowpass": 0.775869355407117, "Gaussian_width_A": 1.5}, "observed_EF_vac_WF": 331, "EF_vac_WF_rmse_eV": [0.28319829552966447, 0.39923272137420973, 0.5975028606232409], "EF_vac_WF_relative_rmse_eV": [0.2829617771497389, 0.39758833504389807, 0.5955902363384398], "EF_vac_WF_bias_eV": [-0.011571830588486877, 0.03619781281898831, 0.04776964340747527], "EF_vac_covariance_eV2": -0.05829193906548062, "WF_absolute_error_quantiles_eV": {"median": 0.3133290366063992, "p90": 0.8516264587616051, "p99": 2.044478040643685, "max": 2.808127065971191}, "WF_identity_max_error_eV": 1.3322676295501878e-15, "WF_variance_components_eV2": {"EF": 0.08006736732773852, "vacuum": 0.15807648416297898, "covariance_contribution": 0.11658387813096124}, "WF_centered_squared_error_share_largest_10_percent": 0.6026383400795741, "independent_single_anchor_EF_vac_WF_RMSE_eV": [0.40016838287835416, 0.5622748156604187, 0.8422917898468185], "relative_error_scope": "One whole-split offset for RMSE_rel; no fitted offset is applied to predictions. Single-anchor expectation assumes independent configurations.", "spectral_minus_measured_vacuum_RMSE_eV": 0.018893168071070512, "spectral_minus_measured_vacuum_bias_eV": -0.012520879424160507, "spectral_minus_measured_vacuum_relative_RMSE_eV": 0.014148476179693427, "WF_squared_error_share_largest_10_percent": 0.6092966940470568, "largest_WF_errors": [{"index": 213, "atoms": 186, "composition": [66, 90, 30], "charge": -0.0, "weight": 1.0, "ef": -1.527864451004737, "vac": 1.2802626149664542, "wf": 2.808127065971191, "vacuum_reference_gap": -0.013998135067152528, "force_rmse": 0.3237831467597578, "potential_error_power_eV2": 2.1192754272009715, "gaussian_lowpass_error_power_eV2": 1.9920147476074423, "planar_error_power_eV2": 2.107782022842162}, {"index": 232, "atoms": 186, "composition": [66, 90, 30], "charge": -0.0, "weight": 1.0, "ef": -1.2508775066471962, "vac": 1.555448270647462, "wf": 2.806325777294658, "vacuum_reference_gap": -0.018906561849262538, "force_rmse": 0.2857882296784883, "potential_error_power_eV2": 1.612146499267131, "gaussian_lowpass_error_power_eV2": 1.5048686508979547, "planar_error_power_eV2": 1.6028020685590953}, {"index": 67, "atoms": 186, "composition": [66, 90, 30], "charge": -0.0, "weight": 1.0, "ef": -0.9940983294501612, "vac": 1.1219038443953133, "wf": 2.116002173845474, "vacuum_reference_gap": -0.032858295786241776, "force_rmse": 0.3029753270717793, "potential_error_power_eV2": 1.0879096935758155, "gaussian_lowpass_error_power_eV2": 1.0095280296112128, "planar_error_power_eV2": 1.0757008992240458}, {"index": 193, "atoms": 186, "composition": [66, 90, 30], "charge": -0.0, "weight": 1.0, "ef": -1.038576308774502, "vac": 1.0613540135190513, "wf": 2.0999303222935533, "vacuum_reference_gap": -0.028958271338110908, "force_rmse": 0.3228163389798554, "potential_error_power_eV2": 1.08685459778077, "gaussian_lowpass_error_power_eV2": 1.0137308298349221, "planar_error_power_eV2": 1.0733728757328502}, {"index": 313, "atoms": 186, "composition": [66, 90, 30], "charge": -0.0, "weight": 1.0, "ef": -1.0018954597930434, "vac": 0.9131939236676221, "wf": 1.915089383460666, "vacuum_reference_gap": -0.022617004941184238, "force_rmse": 0.358566747503508, "potential_error_power_eV2": 1.087928260734049, "gaussian_lowpass_error_power_eV2": 1.0175795975050788, "planar_error_power_eV2": 1.0789328217996677}, {"index": 309, "atoms": 186, "composition": [66, 90, 30], "charge": -0.0, "weight": 1.0, "ef": -0.8653468428369949, "vac": 0.9883726270211093, "wf": 1.8537194698581048, "vacuum_reference_gap": -0.028532527035856958, "force_rmse": 0.3456908228569007, "potential_error_power_eV2": 0.828671666347233, "gaussian_lowpass_error_power_eV2": 0.7613343469086792, "planar_error_power_eV2": 0.8190101607980869}, {"index": 312, "atoms": 164, "composition": [40, 88, 36], "charge": -0.0, "weight": 1.0, "ef": 0.8300314355326734, "vac": -0.8880447515934708, "wf": -1.7180761871261439, "vacuum_reference_gap": -0.010186692218902227, "force_rmse": 0.3405782404246868, "potential_error_power_eV2": 0.6287340998771571, "gaussian_lowpass_error_power_eV2": 0.5297754432239833, "planar_error_power_eV2": 0.5921299946572497}, {"index": 96, "atoms": 108, "composition": [72, 36, 0], "charge": -0.0, "weight": 1.0, "ef": -0.41491787278022363, "vac": 1.287524873875542, "wf": 1.7024427466557661, "vacuum_reference_gap": -0.0018300953504992723, "force_rmse": 0.216969898062111, "potential_error_power_eV2": 0.914824469097395, "gaussian_lowpass_error_power_eV2": 0.8403426728330768, "planar_error_power_eV2": 0.9103495693150524}], "composition_cohorts": [{"element_counts": "(66, 90, 30)", "graphs": 10, "wf_rmse_eV": 1.903690621253572}, {"element_counts": "(40, 88, 36)", "graphs": 1, "wf_rmse_eV": 1.7180761871261439}, {"element_counts": "(40, 111, 48)", "graphs": 1, "wf_rmse_eV": 1.5643256502150713}, {"element_counts": "(20, 44, 18)", "graphs": 1, "wf_rmse_eV": 1.5357083178253506}, {"element_counts": "(41, 135, 60)", "graphs": 1, "wf_rmse_eV": 1.3876739862520324}, {"element_counts": "(23, 128, 60)", "graphs": 1, "wf_rmse_eV": 1.296808459719741}, {"element_counts": "(21, 127, 60)", "graphs": 1, "wf_rmse_eV": 1.0649248311924069}, {"element_counts": "(8, 122, 60)", "graphs": 2, "wf_rmse_eV": 0.9035644823299542}, {"element_counts": "(32, 136, 60)", "graphs": 1, "wf_rmse_eV": 0.8833966311948309}, {"element_counts": "(10, 53, 24)", "graphs": 1, "wf_rmse_eV": 0.8807438015809614}, {"element_counts": "(14, 43, 18)", "graphs": 1, "wf_rmse_eV": 0.8770654247914322}, {"element_counts": "(19, 69, 30)", "graphs": 1, "wf_rmse_eV": 0.8458784037579061}], "scope": "Full supplied split; diagnostic only, no reference-dependent correction is installed.", "atomic_numbers": [1, 8, 77]}
2026-10-08 13:16:22.076 INFO: Epoch 0: loss=95.0551, RMSE_E_per_atom=20.3511 meV, RMSE_F=321.4576 meV/A, RMSE_dip_per_atom=3.7407 meA, RMSE_rho=0.3585 me/A^3, RMSE_EF(abs/rel)=283.1983/282.9618 meV, RMSE_ESP=418.9835 mV, RMSE_ESPvac(abs/rel)=399.2327/397.5883 mV, RMSE_WF(abs/rel)=597.5029/595.5902 meV
2026-10-08 13:16:22.076 INFO: 50-step electronic residual maximum: 2.5205e-11
2026-10-08 13:16:22.082 INFO: Optimizer epoch 0: lr=[0.003, 0.003, 0.003, 0.003, 0.003, 0.003, 0.003, 0.003, 0.003], mean gradient norm=213.96, clipped=174/174
2026-10-08 13:16:22.082 INFO: Epoch timing: train=162.429s, validation=56.045s, updates=174, train/update=0.93350s, peak allocated=6386.0 MiB, backbone=CuEq
2026-10-08 13:16:22.082 INFO: Optimization budget: graphs=1385/1385, updates=174, mean retained gradient=0.064233, min retained gradient=0.010002
2026-10-08 13:16:22.083 INFO: Optimizer time scales {"updates_per_epoch": 174, "groups": [{"name": "embedding", "lr": 0.003, "parameter_update_range": [174.0, 174.0], "moment_memory_epochs": [0.057471264367816105, 5.747126436781604], "AdamW_decay_only_retention_per_epoch": 1.0}, {"name": "interactions_decay", "lr": 0.003, "parameter_update_range": [174.0, 174.0], "moment_memory_epochs": [0.057471264367816105, 5.747126436781604], "AdamW_decay_only_retention_per_epoch": 0.9994781354357083}, {"name": "interactions_no_decay", "lr": 0.003, "parameter_update_range": [174.0, 174.0], "moment_memory_epochs": [0.057471264367816105, 5.747126436781604], "AdamW_decay_only_retention_per_epoch": 1.0}, {"name": "products", "lr": 0.003, "parameter_update_range": [174.0, 174.0], "moment_memory_epochs": [0.057471264367816105, 5.747126436781604], "AdamW_decay_only_retention_per_epoch": 0.9994781354357083}, {"name": "readouts", "lr": 0.003, "parameter_update_range": [174.0, 174.0], "moment_memory_epochs": [0.057471264367816105, 5.747126436781604], "AdamW_decay_only_retention_per_epoch": 1.0}, {"name": "lr_source_maps", "lr": 0.003, "parameter_update_range": [174.0, 174.0], "moment_memory_epochs": [0.057471264367816105, 5.747126436781604], "AdamW_decay_only_retention_per_epoch": 1.0}, {"name": "field_dependent_charges_map", "lr": 0.003, "parameter_update_range": [174.0, 174.0], "moment_memory_epochs": [0.057471264367816105, 5.747126436781604], "AdamW_decay_only_retention_per_epoch": 0.9947935226309068}, {"name": "electronic_references", "lr": 0.003, "parameter_update_range": [174.0, 174.0], "moment_memory_epochs": [0.057471264367816105, 5.747126436781604], "AdamW_decay_only_retention_per_epoch": 1.0}, {"name": "layer_feature_mixer", "lr": 0.003, "parameter_update_range": [174.0, 174.0], "moment_memory_epochs": [0.057471264367816105, 5.747126436781604], "AdamW_decay_only_retention_per_epoch": 0.9994781354357083}], "EMA_asymptotic_memory_epochs": 0.5747126436781604}
2026-10-08 13:16:22.083 INFO: Batching: optimizer graphs=8, device graphs<=8; one clipping/Adam/EMA update per optimizer batch
2026-10-08 13:18:45.029 INFO: Full training audit {"graphs": 1385, "index_convention": "supplied loader order, zero based", "force_rmse_by_element_column_eV_A": {"0": 0.22227407433403437, "1": 0.30114618870321747, "2": 0.5049165446960502}, "force_target_rms_by_element_column_eV_A": {"0": 0.7573264491735692, "1": 0.8678911240069728, "2": 0.9536206914917966}, "force_rmse_over_target_rms_by_element_column": {"0": 0.2934983646439266, "1": 0.34698613728511646, "2": 0.5294731429392371}, "density_observers": {"density_RMSE_e_A3": 0.0008829517637231215, "farfield_RMSE_e_A3": 0.00036404462104390044, "scope": "Different Gaussian resolutions of the same error; smaller farfield RMSE is not an accuracy gain."}, "potential_error_power_fractions": {"normal_reciprocal_line": 0.9300845842288993, "Gaussian_lowpass": 0.7755846151574121, "Gaussian_width_A": 1.5}, "observed_EF_vac_WF": 1308, "EF_vac_WF_rmse_eV": [0.29567870419980735, 0.39969552568418726, 0.6064541581472044], "EF_vac_WF_relative_rmse_eV": [0.2956618250409467, 0.39943556092887866, 0.6061995096607304], "EF_vac_WF_bias_eV": [-0.003159324410978063, 0.014413393680562513, 0.017572718091540557], "EF_vac_covariance_eV2": -0.060256581695899196, "WF_absolute_error_quantiles_eV": {"median": 0.3052134957982724, "p90": 0.8564232549054924, "p99": 2.350265460468818, "max": 3.30873009970115}, "WF_identity_max_error_eV": 1.3322676295501878e-15, "WF_variance_components_eV2": {"EF": 0.08741591478654336, "vacuum": 0.15954876733456794, "covariance_contribution": 0.12051316339179839}, "WF_centered_squared_error_share_largest_10_percent": 0.648862867628799, "independent_single_anchor_EF_vac_WF_RMSE_eV": [0.41812896284888795, 0.564887187559725, 0.8572955680661251], "relative_error_scope": "One whole-split offset for RMSE_rel; no fitted offset is applied to predictions. Single-anchor expectation assumes independent configurations.", "spectral_minus_measured_vacuum_RMSE_eV": 0.01993836079990492, "spectral_minus_measured_vacuum_bias_eV": -0.013947753090286202, "spectral_minus_measured_vacuum_relative_RMSE_eV": 0.014247751230267771, "WF_squared_error_share_largest_10_percent": 0.649616153475046, "largest_WF_errors": [{"index": 900, "atoms": 186, "composition": [66, 90, 30], "charge": -0.0, "weight": 1.0, "ef": -1.5317384711989557, "vac": 1.776991628502195, "wf": 3.30873009970115, "vacuum_reference_gap": -0.02863074816411615, "force_rmse": 0.312708631761593, "potential_error_power_eV2": 2.4744921291361295, "gaussian_lowpass_error_power_eV2": 2.332521496315517, "planar_error_power_eV2": 2.4641905871927228}, {"index": 521, "atoms": 74, "composition": [13, 43, 18], "charge": -0.0, "weight": 1.0, "ef": 1.0930720240758633, "vac": -2.1578184973876846, "wf": -3.250890521463548, "vacuum_reference_gap": -0.03135572134522757, "force_rmse": 0.49856617172200196, "potential_error_power_eV2": 2.8411955935756206, "gaussian_lowpass_error_power_eV2": 2.5924774136652218, "planar_error_power_eV2": 2.813424746121842}, {"index": 362, "atoms": 186, "composition": [66, 90, 30], "charge": -0.0, "weight": 1.0, "ef": -1.5735961672433465, "vac": 1.5772540527296557, "wf": 3.150850219973002, "vacuum_reference_gap": -0.028526526699480304, "force_rmse": 0.36115966372259917, "potential_error_power_eV2": 2.7441345273460382, "gaussian_lowpass_error_power_eV2": 2.584104014030008, "planar_error_power_eV2": 2.727257899958987}, {"index": 253, "atoms": 185, "composition": [65, 90, 30], "charge": -0.0, "weight": 1.0, "ef": -1.3271658494171141, "vac": 1.6144378752421322, "wf": 2.941603724659246, "vacuum_reference_gap": -0.024980008677061072, "force_rmse": 0.31019207742896643, "potential_error_power_eV2": 2.281686239292882, "gaussian_lowpass_error_power_eV2": 2.143989130998168, "planar_error_power_eV2": 2.2625424280112965}, {"index": 921, "atoms": 186, "composition": [66, 90, 30], "charge": -0.0, "weight": 1.0, "ef": -1.3424845352893646, "vac": 1.4098157379775595, "wf": 2.7523002732669237, "vacuum_reference_gap": -0.02638626598568017, "force_rmse": 0.32869968010992234, "potential_error_power_eV2": 1.7998011375781422, "gaussian_lowpass_error_power_eV2": 1.6879162887537054, "planar_error_power_eV2": 1.7866956800688847}, {"index": 1231, "atoms": 186, "composition": [66, 90, 30], "charge": -0.0, "weight": 1.0, "ef": -1.2053988983417088, "vac": 1.5266718950859501, "wf": 2.732070793427659, "vacuum_reference_gap": -0.01997829105874649, "force_rmse": 0.2999271226067616, "potential_error_power_eV2": 1.519071112373927, "gaussian_lowpass_error_power_eV2": 1.41651927097511, "planar_error_power_eV2": 1.509678310800052}, {"index": 408, "atoms": 186, "composition": [66, 90, 30], "charge": -0.0, "weight": 1.0, "ef": -1.256106649223673, "vac": 1.4509473299347517, "wf": 2.707053979158425, "vacuum_reference_gap": -0.01660010659738198, "force_rmse": 0.2957648357628498, "potential_error_power_eV2": 1.6130945414536064, "gaussian_lowpass_error_power_eV2": 1.5147283967644245, "planar_error_power_eV2": 1.6031525209561106}, {"index": 1174, "atoms": 186, "composition": [66, 90, 30], "charge": -0.0, "weight": 1.0, "ef": -1.2792576161946179, "vac": 1.4194561887780868, "wf": 2.698713804972705, "vacuum_reference_gap": -0.025010427219293696, "force_rmse": 0.30258543508285773, "potential_error_power_eV2": 1.6122043258940284, "gaussian_lowpass_error_power_eV2": 1.512057596626609, "planar_error_power_eV2": 1.6001738849634966}], "composition_cohorts": [{"element_counts": "(13, 43, 18)", "graphs": 1, "wf_rmse_eV": 3.250890521463548}, {"element_counts": "(39, 88, 36)", "graphs": 2, "wf_rmse_eV": 2.2606605724680238}, {"element_counts": "(10, 39, 18)", "graphs": 2, "wf_rmse_eV": 2.0682410365309254}, {"element_counts": "(37, 87, 36)", "graphs": 1, "wf_rmse_eV": 1.9898330092608205}, {"element_counts": "(66, 90, 30)", "graphs": 29, "wf_rmse_eV": 1.9097962297879183}, {"element_counts": "(37, 137, 60)", "graphs": 1, "wf_rmse_eV": 1.8289726023398618}, {"element_counts": "(21, 56, 24)", "graphs": 1, "wf_rmse_eV": 1.8140953759168434}, {"element_counts": "(38, 137, 60)", "graphs": 1, "wf_rmse_eV": 1.6458168901381631}, {"element_counts": "(33, 136, 60)", "graphs": 1, "wf_rmse_eV": 1.5770416748005651}, {"element_counts": "(39, 138, 60)", "graphs": 1, "wf_rmse_eV": 1.511660219741473}, {"element_counts": "(35, 136, 60)", "graphs": 1, "wf_rmse_eV": 1.5033983181740256}, {"element_counts": "(36, 86, 36)", "graphs": 1, "wf_rmse_eV": 1.4560927152734102}], "scope": "Full supplied split; diagnostic only, no reference-dependent correction is installed.", "atomic_numbers": [1, 8, 77]}
2026-10-08 13:18:45.070 INFO: Full-split generalization {"epoch": 0, "training_graphs": 1385, "validation_graphs": 351, "train": {"rmse_e_per_atom": 0.021469336381933653, "rmse_f": 0.3201103639046463, "rmse_mu_per_atom": 0.0036831135181523466, "rmse_fermi_level": 0.2956787041998072, "rmse_fermi_level_rel": 0.2956618250409465, "rmse_rho": 0.0003640446210439005, "rmse_esp": 0.4172406246010052, "rmse_esp_vac": 0.3996955256841873, "rmse_esp_vac_rel": 0.3994355609288787, "rmse_wf_abs": 0.6064541581472044, "rmse_wf_rel": 0.6061995096607302}, "validation": {"rmse_e_per_atom": 0.020351110860045877, "rmse_f": 0.3214575993932913, "rmse_mu_per_atom": 0.0037406692872692634, "rmse_fermi_level": 0.28319829552966447, "rmse_fermi_level_rel": 0.28296177714973897, "rmse_rho": 0.00035851288017008787, "rmse_esp": 0.4189835421375771, "rmse_esp_vac": 0.3992327213742098, "rmse_esp_vac_rel": 0.397588335043898, "rmse_wf_abs": 0.5975028606232409, "rmse_wf_rel": 0.5955902363384399}, "weighted_training_objectives": {"energy_per_atom": 0.04609324046806201, "forces": 51.23532253958251, "dipole": 0.6100746377031319, "fourier_density": 1.3252848611099708, "fourier_potential/spatial": 17.408973881743684, "vacuum_potential": 15.967083984209252, "fermi_level": 8.748279765937154}, "weighted_validation_objectives": {"energy_per_atom": 0.04141677132378774, "forces": 51.66749410384888, "dipole": 0.619562920988243, "fourier_density": 1.285314852478518, "fourier_potential/spatial": 17.55472085821509, "vacuum_potential": 15.855550381195762, "fermi_level": 8.030999571358018}, "seconds": 142.94092508900212, "scope": "Whole splits at the same EMA parameters and deployment step count; read-only, native units."}
2026-10-08 13:19:08.215 INFO: Electronic diagnostic {"train": {"graphs": 32, "charge_span": [-0.0, -0.0], "step_comparison": [[{"steps": 12, "WF_eV": 4.279888124821627, "EF_eV": -2.707079234866441, "residual": 4.965971827353144e-05}, {"steps": 50, "WF_eV": 4.279844972451869, "EF_eV": -2.7070241126781065, "residual": 5.595524044110789e-14}, {"steps": 100, "WF_eV": 4.279844972451844, "EF_eV": -2.707024112678117, "residual": 1.7763568394002505e-15}], [{"steps": 12, "WF_eV": 7.870031662363963, "EF_eV": -1.1143364367047708, "residual": 0.0010115370138069624}, {"steps": 50, "WF_eV": 7.871836602223228, "EF_eV": -1.1145950369311655, "residual": 1.0874634526203408e-12}, {"steps": 100, "WF_eV": 7.87183660222141, "EF_eV": -1.114595036930994, "residual": 1.7763568394002505e-15}]], "dEF_dQ_and_dWF_dQ_eV_per_e": [[-2.721047397140808, 4.659742553446478], [-2.910271688782373, 4.85433454812334]], "force_RMSE_by_atomic_number_eV_A": {"1": 0.2150603195979363, "8": 0.2971132159132288, "77": 0.533528749648921}, "force_RMSE_eV_A": 0.3219445019326196, "charge_response_identifiability": "Single-charge data do not determine capacitance; slopes above are predictions, not validation.", "EF_vac_WF_RMSE": [0.2652223353286858, 0.37406185783418544, 0.5464848382119694], "EF_vac_WF_bias": [0.01217670099221535, 0.007753969482248299, -0.004422731509967085], "EF_vac_covariance": -0.044284676643887196, "WF_relative_RMSE_eV": 0.5464669412156175, "WF_error_variance_from_EF_vac_covariance": 0.2986261178415531, "reference_WF_identity_max_error_eV": 6.661338147750939e-16, "spectral_minus_measured_vacuum_RMSE_eV": 0.017911616927492383, "Gaussian_lowpass_potential_error_power_fraction": 0.7567462622997148, "reference_conditioning": {"EF_given_DFT_field_eV_RMSE": 0.3111554374642884, "charge_error_e_RMSE": 0.15612662331278362, "vacuum_given_DFT_EF_eV_RMSE": 0.3367504821240874, "scope": "Oracle conditional errors, not deployment metrics; charge error measures the departure from the prescribed fixed-Q ensemble.", "dmu_dQ_eV_per_e_range": [-4.022241325705119, -1.1094828591433694]}}, "validation": {"graphs": 16, "charge_span": [-0.0, -0.0], "step_comparison": [[{"steps": 12, "WF_eV": 7.703532438826963, "EF_eV": -1.120401374398745, "residual": 0.0009992102047139406}, {"steps": 50, "WF_eV": 7.70532459158423, "EF_eV": -1.12066830122548, "residual": 1.0960676810611858e-12}, {"steps": 100, "WF_eV": 7.705324591582727, "EF_eV": -1.120668301225343, "residual": 1.7763568394002505e-15}], [{"steps": 12, "WF_eV": 6.75337291398171, "EF_eV": -0.4548499996706449, "residual": 0.0010648038356727008}, {"steps": 50, "WF_eV": 6.756212125753498, "EF_eV": -0.45542556375161214, "residual": 3.852917984659143e-12}, {"steps": 100, "WF_eV": 6.7562121257553125, "EF_eV": -0.4554255637513167, "residual": 1.7763568394002505e-15}]], "dEF_dQ_and_dWF_dQ_eV_per_e": [[-2.921629482372512, 4.913781664534067], [-1.1905628380785904, 2.1507650790223654]], "force_RMSE_by_atomic_number_eV_A": {"8": 0.2921136828360382, "77": 0.5585280324434957, "1": 0.20036156773026703}, "force_RMSE_eV_A": 0.3234353369503997, "charge_response_identifiability": "Single-charge data do not determine capacitance; slopes above are predictions, not validation.", "EF_vac_WF_RMSE": [0.1858003060584313, 0.30141632126009454, 0.4110812607137451], "EF_vac_WF_bias": [0.03043642078296428, -0.011614651059446287, -0.04205107184241038], "EF_vac_covariance": -0.02145361682142083, "WF_relative_RMSE_eV": 0.4089248222679892, "WF_error_variance_from_EF_vac_covariance": 0.1672195102669066, "reference_WF_identity_max_error_eV": 8.881784197001252e-16, "spectral_minus_measured_vacuum_RMSE_eV": 0.013575822888915484, "Gaussian_lowpass_potential_error_power_fraction": 0.6784348791184648, "reference_conditioning": {"EF_given_DFT_field_eV_RMSE": 0.2199406864038646, "charge_error_e_RMSE": 0.08105684000697283, "vacuum_given_DFT_EF_eV_RMSE": 0.27846953231413113, "scope": "Oracle conditional errors, not deployment metrics; charge error measures the departure from the prescribed fixed-Q ensemble.", "dmu_dQ_eV_per_e_range": [-4.103270909731261, -1.2168706089572106]}}, "model_field_EF_readout_probe": {"selected_ridge": 0.001, "relative": true, "training_before": 0.2649426638164341, "training_after": 0.19461223207908201, "development_before": 0.1832904198842075, "development_after": 0.17215388633010223, "development_absolute_after": 0.17351988937525106, "selection": "training inner split only; diagnostic readout NOT installed"}, "epoch": 0, "WF_generalization": {"panel_relative_gap_eV": -0.13754211894762824, "validation_covariance_amplification_eV2": 0.04290723364284166, "bias_only_correction_is_insufficient": true}, "response_weight_norms": {"vector_out.weight": 3.6714725857334836, "scalar_out.weight": 0.8925838817754708, "state_scalar.weight": 4.491375291023871, "state_vector.weight": 2.2976828455353524, "neighbor_scalar.weight": 0.5672162679184037, "neighbor_vector.weight": 0.33837060849473904, "common_level.weight": 0.43979439908994505}, "regularization": {"field_weight_decay": 0.01}, "objective_gradients": {"training_indices": [0, 692], "atoms": 180, "terms": {"energy_per_atom": {"weighted_loss": 0.013674436832271515, "gradient_norm": 2.2403740903921063}, "forces": {"weighted_loss": 20.888685160888617, "gradient_norm": 8.227469409752166}, "dipole": {"weighted_loss": 0.36280451516377993, "gradient_norm": 0.8368962911473986}, "fourier_density": {"weighted_loss": 0.11018897051269612, "gradient_norm": 1.0044130597968282}, "fourier_potential": {"weighted_loss": 26.047209511507564, "gradient_norm": 57.91397002642775}, "vacuum_potential": {"weighted_loss": 24.112313589116045, "gradient_norm": 106.11365564772329, "relative": true, "observed_labels": 2, "pair_weight": 1.0}, "fermi_level": {"weighted_loss": 0.04510897992054312, "gradient_norm": 3.7758620725456757, "relative": true, "observed_labels": 2, "pair_weight": 1.0}, "density_observer_density": {"weighted_loss": 3.4827400611031303, "gradient_norm": 14.957809146803292}}, "cosines": {"energy_per_atom / forces": 0.00541641426928564, "energy_per_atom / dipole": -0.018928690992055613, "energy_per_atom / fourier_density": -0.010284165478939901, "energy_per_atom / fourier_potential": -0.0161740244185582, "energy_per_atom / vacuum_potential": -0.029699285429684703, "energy_per_atom / fermi_level": 0.017177805801998295, "energy_per_atom / density_observer_density": 0.022560926987561108, "forces / dipole": 0.0014946216499702506, "forces / fourier_density": -0.02420520673157871, "forces / fourier_potential": 0.06067584823077313, "forces / vacuum_potential": -9.47528359815914e-05, "forces / fermi_level": 0.002212939348819946, "forces / density_observer_density": -0.07873440428008523, "dipole / fourier_density": 0.3775737945385303, "dipole / fourier_potential": 0.7948481296229489, "dipole / vacuum_potential": 0.7889091909027683, "dipole / fermi_level": -0.5001046451864832, "dipole / density_observer_density": -0.28271062185115003, "fourier_density / fourier_potential": -0.08467388799242309, "fourier_density / vacuum_potential": 0.684098881896784, "fourier_density / fermi_level": -0.8673280822884265, "fourier_density / density_observer_density": 0.3720440727597221, "fourier_potential / vacuum_potential": 0.43660780693778034, "fourier_potential / fermi_level": -0.06509803037583096, "fourier_potential / density_observer_density": -0.5023087701578705, "vacuum_potential / fermi_level": -0.8195093189774523, "vacuum_potential / density_observer_density": -0.27367948232621414, "fermi_level / density_observer_density": -0.184807583146826}, "scope": "Training pair for relative losses, otherwise one graph; before clipping, diagnostic only.", "parameter_state": "EMA"}, "scope": "Deterministic panels, not whole-dataset metrics. Validation is development data, never used for fitting or selecting the probe."}
2026-10-08 13:24:37.749 INFO: Training-only scalar reference calibration {'fermi_level': {'observed_training_graphs': 60, 'shift_eV': -2.6184549449130157, 'reference_eV': -3.2876646768056057, 'panel_RMSE_before_eV': 2.6238419202717593, 'panel_RMSE_after_eV': 0.16804798135047416}, 'vacuum_potential': {'observed_training_graphs': 60, 'shift_eV': 0.0369033928054981, 'reference_eV': 0.0075360025381214085, 'panel_RMSE_before_eV': 0.18414972856707895, 'panel_RMSE_after_eV': 0.18041414060647235}, 'seconds': 8.922040538978763}; constants saved with the model; relative errors and physical fixed-Q trajectory unchanged
2026-10-08 13:25:13.303 INFO: Full validation audit {"graphs": 351, "index_convention": "supplied loader order, zero based", "force_rmse_by_element_column_eV_A": {"0": 0.08874611307228171, "1": 0.14083148245455107, "2": 0.21324700356398824}, "force_target_rms_by_element_column_eV_A": {"0": 0.7584590607696344, "1": 0.8723013494869878, "2": 0.9590743569439976}, "force_rmse_over_target_rms_by_element_column": {"0": 0.11700844206703521, "1": 0.16144819968165353, "2": 0.22234668461315163}, "density_observers": {"density_RMSE_e_A3": 0.0006737471040665656, "farfield_RMSE_e_A3": 0.00024443260741485566, "scope": "Different Gaussian resolutions of the same error; smaller farfield RMSE is not an accuracy gain."}, "potential_error_power_fractions": {"normal_reciprocal_line": 0.8969774116897516, "Gaussian_lowpass": 0.7833664740897818, "Gaussian_width_A": 1.5}, "observed_EF_vac_WF": 331, "EF_vac_WF_rmse_eV": [0.17859989962745504, 0.21433176841465496, 0.35322083741497834], "EF_vac_WF_relative_rmse_eV": [0.1785998678661575, 0.21430245095178976, 0.3532041015266615], "EF_vac_WF_bias_eV": [0.00010651351146774545, 0.003544921410837462, 0.0034384078993697246], "EF_vac_covariance_eV2": -0.02346484202475151, "WF_absolute_error_quantiles_eV": {"median": 0.17487037318428644, "p90": 0.5738633127014516, "p99": 1.0455173369971957, "max": 1.436355933709581}, "WF_identity_max_error_eV": 8.881784197001252e-16, "WF_variance_components_eV2": {"EF": 0.031897912801808904, "vacuum": 0.04592554048394424, "covariance_contribution": 0.04692968404950302}, "WF_centered_squared_error_share_largest_10_percent": 0.609056225239431, "independent_single_anchor_EF_vac_WF_RMSE_eV": [0.2525783553743627, 0.3030694325858161, 0.49950603066480825], "relative_error_scope": "One whole-split offset for RMSE_rel; no fitted offset is applied to predictions. Single-anchor expectation assumes independent configurations.", "spectral_minus_measured_vacuum_RMSE_eV": 0.018893168071070512, "spectral_minus_measured_vacuum_bias_eV": -0.012520879424160507, "spectral_minus_measured_vacuum_relative_RMSE_eV": 0.014148476179693427, "WF_squared_error_share_largest_10_percent": 0.6079182698039158, "largest_WF_errors": [{"index": 247, "atoms": 181, "composition": [61, 90, 30], "charge": -0.0, "weight": 1.0, "ef": -0.6742726510898007, "vac": 0.7620832826197805, "wf": 1.436355933709581, "vacuum_reference_gap": -0.029866708888463656, "force_rmse": 0.15188371648642202, "potential_error_power_eV2": 0.5627264725102136, "gaussian_lowpass_error_power_eV2": 0.5050258383313484, "planar_error_power_eV2": 0.5536731670338322}, {"index": 312, "atoms": 164, "composition": [40, 88, 36], "charge": -0.0, "weight": 1.0, "ef": 0.6781491070504366, "vac": -0.7229420227604093, "wf": -1.4010911298108457, "vacuum_reference_gap": -0.010186692218902227, "force_rmse": 0.19190317556916262, "potential_error_power_eV2": 0.702589376684608, "gaussian_lowpass_error_power_eV2": 0.6206793740214678, "planar_error_power_eV2": 0.6846113714771166}, {"index": 60, "atoms": 81, "composition": [19, 44, 18], "charge": -0.0, "weight": 1.0, "ef": 0.5983836811934675, "vac": -0.625804047967577, "wf": -1.224187729161045, "vacuum_reference_gap": -0.023676436989422456, "force_rmse": 0.16977739402666947, "potential_error_power_eV2": 0.4254271029944358, "gaussian_lowpass_error_power_eV2": 0.3712647797588151, "planar_error_power_eV2": 0.418134846576285}, {"index": 308, "atoms": 185, "composition": [65, 90, 30], "charge": -0.0, "weight": 1.0, "ef": 0.32159950990644603, "vac": -0.7446286309966066, "wf": -1.0662281409030525, "vacuum_reference_gap": -0.028949923607387795, "force_rmse": 0.11825311156257347, "potential_error_power_eV2": 0.22278768853657657, "gaussian_lowpass_error_power_eV2": 0.19759201713846344, "planar_error_power_eV2": 0.21413687950113525}, {"index": 295, "atoms": 180, "composition": [0, 120, 60], "charge": -0.0, "weight": 1.0, "ef": 0.21014082890614882, "vac": -0.7870512989773832, "wf": -0.9971921278835323, "vacuum_reference_gap": -0.009448698266001365, "force_rmse": 0.35816165770072567, "potential_error_power_eV2": 0.37635690945142475, "gaussian_lowpass_error_power_eV2": 0.3284234085149115, "planar_error_power_eV2": 0.37522233050442494}, {"index": 324, "atoms": 211, "composition": [23, 128, 60], "charge": -0.0, "weight": 1.0, "ef": 0.24668526332397822, "vac": -0.7326602682903731, "wf": -0.9793455316143511, "vacuum_reference_gap": -0.03492294252979988, "force_rmse": 0.13783918567737843, "potential_error_power_eV2": 0.23013181656605747, "gaussian_lowpass_error_power_eV2": 0.19619595554309885, "planar_error_power_eV2": 0.2104164802826935}, {"index": 232, "atoms": 186, "composition": [66, 90, 30], "charge": -0.0, "weight": 1.0, "ef": -0.4333494229040582, "vac": 0.5339385196613184, "wf": 0.9672879425653766, "vacuum_reference_gap": -0.018906561849262538, "force_rmse": 0.11098494035735942, "potential_error_power_eV2": 0.11611347617397556, "gaussian_lowpass_error_power_eV2": 0.10186074526475629, "planar_error_power_eV2": 0.11269649089990749}, {"index": 174, "atoms": 184, "composition": [64, 90, 30], "charge": -0.0, "weight": 1.0, "ef": -0.3650363441460468, "vac": 0.5708796352019485, "wf": 0.9359159793479952, "vacuum_reference_gap": -0.019617781846668514, "force_rmse": 0.246208142992077, "potential_error_power_eV2": 0.2705965052880787, "gaussian_lowpass_error_power_eV2": 0.2455500262004177, "planar_error_power_eV2": 0.2606557126035251}], "composition_cohorts": [{"element_counts": "(40, 88, 36)", "graphs": 1, "wf_rmse_eV": 1.4010911298108457}, {"element_counts": "(23, 128, 60)", "graphs": 1, "wf_rmse_eV": 0.9793455316143511}, {"element_counts": "(64, 90, 30)", "graphs": 1, "wf_rmse_eV": 0.9359159793479952}, {"element_counts": "(41, 135, 60)", "graphs": 1, "wf_rmse_eV": 0.9298358788501897}, {"element_counts": "(40, 111, 48)", "graphs": 1, "wf_rmse_eV": 0.9193693906109077}, {"element_counts": "(60, 90, 30)", "graphs": 1, "wf_rmse_eV": 0.8994542201584874}, {"element_counts": "(32, 87, 36)", "graphs": 1, "wf_rmse_eV": 0.8670392650241903}, {"element_counts": "(20, 44, 18)", "graphs": 1, "wf_rmse_eV": 0.7548492241873008}, {"element_counts": "(21, 127, 60)", "graphs": 1, "wf_rmse_eV": 0.7228581119621387}, {"element_counts": "(0, 120, 60)", "graphs": 2, "wf_rmse_eV": 0.7062376780777612}, {"element_counts": "(66, 90, 30)", "graphs": 10, "wf_rmse_eV": 0.696510023484545}, {"element_counts": "(62, 90, 30)", "graphs": 3, "wf_rmse_eV": 0.6589552159186133}], "scope": "Full supplied split; diagnostic only, no reference-dependent correction is installed.", "atomic_numbers": [1, 8, 77]}
2026-10-08 13:25:13.316 INFO: Epoch 5: loss=22.8856, RMSE_E_per_atom=24.7122 meV, RMSE_F=139.2947 meV/A, RMSE_dip_per_atom=1.2539 meA, RMSE_rho=0.2444 me/A^3, RMSE_EF(abs/rel)=178.5999/178.5999 meV, RMSE_ESP=215.1716 mV, RMSE_ESPvac(abs/rel)=214.3318/214.3025 mV, RMSE_WF(abs/rel)=353.2208/353.2041 meV
2026-10-08 13:25:13.321 INFO: 50-step electronic residual maximum: 2.2442e-05
2026-10-08 13:25:13.328 INFO: Optimizer epoch 5: lr=[0.003, 0.003, 0.003, 0.003, 0.003, 0.003, 0.003, 0.003, 0.003], mean gradient norm=278.69, clipped=174/174
2026-10-08 13:25:13.328 INFO: Epoch timing: train=63.898s, validation=44.501s, updates=174, train/update=0.36723s, peak allocated=6525.0 MiB, backbone=CuEq
2026-10-08 13:25:13.328 INFO: Optimization budget: graphs=1385/1385, updates=174, mean retained gradient=0.050137, min retained gradient=0.0038335
2026-10-08 13:25:13.328 INFO: Optimizer time scales {"updates_per_epoch": 174, "groups": [{"name": "embedding", "lr": 0.003, "parameter_update_range": [1044.0, 1044.0], "moment_memory_epochs": [0.057471264367816105, 5.747126436781604], "AdamW_decay_only_retention_per_epoch": 1.0}, {"name": "interactions_decay", "lr": 0.003, "parameter_update_range": [1044.0, 1044.0], "moment_memory_epochs": [0.057471264367816105, 5.747126436781604], "AdamW_decay_only_retention_per_epoch": 0.9994781354357083}, {"name": "interactions_no_decay", "lr": 0.003, "parameter_update_range": [1044.0, 1044.0], "moment_memory_epochs": [0.057471264367816105, 5.747126436781604], "AdamW_decay_only_retention_per_epoch": 1.0}, {"name": "products", "lr": 0.003, "parameter_update_range": [1044.0, 1044.0], "moment_memory_epochs": [0.057471264367816105, 5.747126436781604], "AdamW_decay_only_retention_per_epoch": 0.9994781354357083}, {"name": "readouts", "lr": 0.003, "parameter_update_range": [1044.0, 1044.0], "moment_memory_epochs": [0.057471264367816105, 5.747126436781604], "AdamW_decay_only_retention_per_epoch": 1.0}, {"name": "lr_source_maps", "lr": 0.003, "parameter_update_range": [1044.0, 1044.0], "moment_memory_epochs": [0.057471264367816105, 5.747126436781604], "AdamW_decay_only_retention_per_epoch": 1.0}, {"name": "field_dependent_charges_map", "lr": 0.003, "parameter_update_range": [1044.0, 1044.0], "moment_memory_epochs": [0.057471264367816105, 5.747126436781604], "AdamW_decay_only_retention_per_epoch": 0.9947935226309068}, {"name": "electronic_references", "lr": 0.003, "parameter_update_range": [1044.0, 1044.0], "moment_memory_epochs": [0.057471264367816105, 5.747126436781604], "AdamW_decay_only_retention_per_epoch": 1.0}, {"name": "layer_feature_mixer", "lr": 0.003, "parameter_update_range": [1044.0, 1044.0], "moment_memory_epochs": [0.057471264367816105, 5.747126436781604], "AdamW_decay_only_retention_per_epoch": 0.9994781354357083}], "EMA_asymptotic_memory_epochs": 0.5747126436781604}
2026-10-08 13:25:13.328 INFO: Batching: optimizer graphs=8, device graphs<=8; one clipping/Adam/EMA update per optimizer batch
2026-10-08 13:25:13.328 INFO: 50-step finite-budget validation residual 2.2442e-05 exceeds equilibrium tolerance 1e-06; metrics describe the exported finite trajectory, not a converged root
2026-10-08 13:30:42.551 INFO: Training-only scalar reference calibration {'fermi_level': {'observed_training_graphs': 60, 'shift_eV': -0.20751669865915334, 'reference_eV': -3.495181375464759, 'panel_RMSE_before_eV': 0.23382620314118577, 'panel_RMSE_after_eV': 0.10775673089431223}, 'vacuum_potential': {'observed_training_graphs': 60, 'shift_eV': -0.007842948584650575, 'reference_eV': -0.0003069460465291666, 'panel_RMSE_before_eV': 0.11931638133534722, 'panel_RMSE_after_eV': 0.1190583344938964}, 'seconds': 8.918327743012924}; constants saved with the model; relative errors and physical fixed-Q trajectory unchanged
2026-10-08 13:31:18.122 INFO: Full validation audit {"graphs": 351, "index_convention": "supplied loader order, zero based", "force_rmse_by_element_column_eV_A": {"0": 0.07390709494578783, "1": 0.10790177342731852, "2": 0.14707219519071935}, "force_target_rms_by_element_column_eV_A": {"0": 0.7584590607696344, "1": 0.8723013494869878, "2": 0.9590743569439976}, "force_rmse_over_target_rms_by_element_column": {"0": 0.09744374979289161, "1": 0.12369781783643577, "2": 0.15334806329235137}, "density_observers": {"density_RMSE_e_A3": 0.0005721981744279363, "farfield_RMSE_e_A3": 0.0001758912684411427, "scope": "Different Gaussian resolutions of the same error; smaller farfield RMSE is not an accuracy gain."}, "potential_error_power_fractions": {"normal_reciprocal_line": 0.8713856678331313, "Gaussian_lowpass": 0.7760173954413797, "Gaussian_width_A": 1.5}, "observed_EF_vac_WF": 331, "EF_vac_WF_rmse_eV": [0.14003351353508373, 0.15243254901694814, 0.2586493110167336], "EF_vac_WF_relative_rmse_eV": [0.13969313058570584, 0.1521308908070911, 0.2579250267486141], "EF_vac_WF_bias_eV": [-0.009757775368669463, 0.00958509582869089, 0.019342871197360372], "EF_vac_covariance_eV2": -0.01193367037633957, "WF_absolute_error_quantiles_eV": {"median": 0.1284720324699613, "p90": 0.35819209683224784, "p99": 0.9345055907556856, "max": 1.7169284342954199}, "WF_identity_max_error_eV": 8.881784197001252e-16, "WF_variance_components_eV2": {"EF": 0.019514170732835057, "vacuum": 0.02314380793775908, "covariance_contribution": 0.02386734075267914}, "WF_centered_squared_error_share_largest_10_percent": 0.6607977204140909, "independent_single_anchor_EF_vac_WF_RMSE_eV": [0.197555919844661, 0.21514556903528867, 0.3647610709033334], "relative_error_scope": "One whole-split offset for RMSE_rel; no fitted offset is applied to predictions. Single-anchor expectation assumes independent configurations.", "spectral_minus_measured_vacuum_RMSE_eV": 0.018893168071070512, "spectral_minus_measured_vacuum_bias_eV": -0.012520879424160507, "spectral_minus_measured_vacuum_relative_RMSE_eV": 0.014148476179693427, "WF_squared_error_share_largest_10_percent": 0.666096688910315, "largest_WF_errors": [{"index": 247, "atoms": 181, "composition": [61, 90, 30], "charge": -0.0, "weight": 1.0, "ef": -0.836781834712671, "vac": 0.8801465995827495, "wf": 1.7169284342954199, "vacuum_reference_gap": -0.029866708888463656, "force_rmse": 0.11957645633481225, "potential_error_power_eV2": 0.7306737924944812, "gaussian_lowpass_error_power_eV2": 0.6697724746127748, "planar_error_power_eV2": 0.7216208108097162}, {"index": 334, "atoms": 185, "composition": [65, 90, 30], "charge": -0.0, "weight": 1.0, "ef": -0.673825686447739, "vac": 0.33504919059206095, "wf": 1.0088748770398004, "vacuum_reference_gap": -0.028350907757834776, "force_rmse": 0.1579965290487562, "potential_error_power_eV2": 0.5771485678626546, "gaussian_lowpass_error_power_eV2": 0.5278778010648829, "planar_error_power_eV2": 0.5665368718403678}, {"index": 174, "atoms": 184, "composition": [64, 90, 30], "charge": -0.0, "weight": 1.0, "ef": -0.41840972499150697, "vac": 0.5632915352483678, "wf": 0.9817012602398751, "vacuum_reference_gap": -0.019617781846668514, "force_rmse": 0.20754959557680489, "potential_error_power_eV2": 0.2647382512273759, "gaussian_lowpass_error_power_eV2": 0.24174151408058017, "planar_error_power_eV2": 0.2550877466098119}, {"index": 249, "atoms": 181, "composition": [61, 90, 30], "charge": -0.0, "weight": 1.0, "ef": -0.6292136914487803, "vac": 0.3085364527268437, "wf": 0.9377501441756246, "vacuum_reference_gap": -0.023634629053334244, "force_rmse": 0.12220428426256953, "potential_error_power_eV2": 0.40240894568829333, "gaussian_lowpass_error_power_eV2": 0.3583375800782656, "planar_error_power_eV2": 0.39164654601687154}, {"index": 67, "atoms": 186, "composition": [66, 90, 30], "charge": -0.0, "weight": 1.0, "ef": -0.3686607313166259, "vac": 0.5582742347925365, "wf": 0.9269349661091617, "vacuum_reference_gap": -0.032858295786241776, "force_rmse": 0.09370733792534586, "potential_error_power_eV2": 0.12747739371130482, "gaussian_lowpass_error_power_eV2": 0.11245947609474503, "planar_error_power_eV2": 0.12282066937502047}, {"index": 312, "atoms": 164, "composition": [40, 88, 36], "charge": -0.0, "weight": 1.0, "ef": 0.4014906142970289, "vac": -0.48565745868220755, "wf": -0.8871480729792367, "vacuum_reference_gap": -0.010186692218902227, "force_rmse": 0.1659326209335206, "potential_error_power_eV2": 0.3082736280935387, "gaussian_lowpass_error_power_eV2": 0.25573614256431376, "planar_error_power_eV2": 0.274843228014683}, {"index": 134, "atoms": 180, "composition": [60, 90, 30], "charge": -0.0, "weight": 1.0, "ef": -0.2680631670894862, "vac": 0.5486877336233329, "wf": 0.8167509007128197, "vacuum_reference_gap": -0.0410481167446779, "force_rmse": 0.13222789598524054, "potential_error_power_eV2": 0.23835215674442775, "gaussian_lowpass_error_power_eV2": 0.2165203400655227, "planar_error_power_eV2": 0.23031569309867023}, {"index": 295, "atoms": 180, "composition": [0, 120, 60], "charge": -0.0, "weight": 1.0, "ef": 0.14373920072521273, "vac": -0.5969272243416306, "wf": -0.7406664250668431, "vacuum_reference_gap": -0.009448698266001365, "force_rmse": 0.20407857137727192, "potential_error_power_eV2": 0.21570937435569995, "gaussian_lowpass_error_power_eV2": 0.1911438175041715, "planar_error_power_eV2": 0.21528087781728106}], "composition_cohorts": [{"element_counts": "(64, 90, 30)", "graphs": 1, "wf_rmse_eV": 0.9817012602398751}, {"element_counts": "(40, 88, 36)", "graphs": 1, "wf_rmse_eV": 0.8871480729792367}, {"element_counts": "(60, 90, 30)", "graphs": 1, "wf_rmse_eV": 0.8167509007128197}, {"element_counts": "(61, 90, 30)", "graphs": 10, "wf_rmse_eV": 0.7005904995673042}, {"element_counts": "(32, 87, 36)", "graphs": 1, "wf_rmse_eV": 0.5877191140486842}, {"element_counts": "(0, 120, 60)", "graphs": 2, "wf_rmse_eV": 0.5364598542847034}, {"element_counts": "(65, 90, 30)", "graphs": 10, "wf_rmse_eV": 0.4924201893924785}, {"element_counts": "(41, 135, 60)", "graphs": 1, "wf_rmse_eV": 0.4798146635113403}, {"element_counts": "(66, 90, 30)", "graphs": 10, "wf_rmse_eV": 0.4485154171718557}, {"element_counts": "(4, 48, 24)", "graphs": 3, "wf_rmse_eV": 0.4435975060048417}, {"element_counts": "(4, 37, 18)", "graphs": 1, "wf_rmse_eV": 0.40641483125679567}, {"element_counts": "(31, 112, 48)", "graphs": 1, "wf_rmse_eV": 0.38261066156764656}], "scope": "Full supplied split; diagnostic only, no reference-dependent correction is installed.", "atomic_numbers": [1, 8, 77]}
2026-10-08 13:31:18.124 INFO: Epoch 10: loss=12.8424, RMSE_E_per_atom=21.6071 meV, RMSE_F=104.4926 meV/A, RMSE_dip_per_atom=0.8565 meA, RMSE_rho=0.1759 me/A^3, RMSE_EF(abs/rel)=140.0335/139.6931 meV, RMSE_ESP=164.5387 mV, RMSE_ESPvac(abs/rel)=152.4325/152.1309 mV, RMSE_WF(abs/rel)=258.6493/257.9250 meV
2026-10-08 13:31:18.124 INFO: 50-step electronic residual maximum: 1.0744e-05
2026-10-08 13:31:18.130 INFO: Optimizer epoch 10: lr=[0.003, 0.003, 0.003, 0.003, 0.003, 0.003, 0.003, 0.003, 0.003], mean gradient norm=194.61, clipped=174/174
2026-10-08 13:31:18.130 INFO: Epoch timing: train=64.184s, validation=44.498s, updates=174, train/update=0.36887s, peak allocated=6472.0 MiB, backbone=CuEq
2026-10-08 13:31:18.131 INFO: Optimization budget: graphs=1385/1385, updates=174, mean retained gradient=0.073254, min retained gradient=0.012525
2026-10-08 13:31:18.131 INFO: Optimizer time scales {"updates_per_epoch": 174, "groups": [{"name": "embedding", "lr": 0.003, "parameter_update_range": [1914.0, 1914.0], "moment_memory_epochs": [0.057471264367816105, 5.747126436781604], "AdamW_decay_only_retention_per_epoch": 1.0}, {"name": "interactions_decay", "lr": 0.003, "parameter_update_range": [1914.0, 1914.0], "moment_memory_epochs": [0.057471264367816105, 5.747126436781604], "AdamW_decay_only_retention_per_epoch": 0.9994781354357083}, {"name": "interactions_no_decay", "lr": 0.003, "parameter_update_range": [1914.0, 1914.0], "moment_memory_epochs": [0.057471264367816105, 5.747126436781604], "AdamW_decay_only_retention_per_epoch": 1.0}, {"name": "products", "lr": 0.003, "parameter_update_range": [1914.0, 1914.0], "moment_memory_epochs": [0.057471264367816105, 5.747126436781604], "AdamW_decay_only_retention_per_epoch": 0.9994781354357083}, {"name": "readouts", "lr": 0.003, "parameter_update_range": [1914.0, 1914.0], "moment_memory_epochs": [0.057471264367816105, 5.747126436781604], "AdamW_decay_only_retention_per_epoch": 1.0}, {"name": "lr_source_maps", "lr": 0.003, "parameter_update_range": [1914.0, 1914.0], "moment_memory_epochs": [0.057471264367816105, 5.747126436781604], "AdamW_decay_only_retention_per_epoch": 1.0}, {"name": "field_dependent_charges_map", "lr": 0.003, "parameter_update_range": [1914.0, 1914.0], "moment_memory_epochs": [0.057471264367816105, 5.747126436781604], "AdamW_decay_only_retention_per_epoch": 0.9947935226309068}, {"name": "electronic_references", "lr": 0.003, "parameter_update_range": [1914.0, 1914.0], "moment_memory_epochs": [0.057471264367816105, 5.747126436781604], "AdamW_decay_only_retention_per_epoch": 1.0}, {"name": "layer_feature_mixer", "lr": 0.003, "parameter_update_range": [1914.0, 1914.0], "moment_memory_epochs": [0.057471264367816105, 5.747126436781604], "AdamW_decay_only_retention_per_epoch": 0.9994781354357083}], "EMA_asymptotic_memory_epochs": 0.5747126436781604}
2026-10-08 13:31:18.131 INFO: Batching: optimizer graphs=8, device graphs<=8; one clipping/Adam/EMA update per optimizer batch
2026-10-08 13:31:18.131 INFO: 50-step finite-budget validation residual 1.0744e-05 exceeds equilibrium tolerance 1e-06; metrics describe the exported finite trajectory, not a converged root
2026-10-08 13:36:47.359 INFO: Training-only scalar reference calibration {'fermi_level': {'observed_training_graphs': 60, 'shift_eV': 0.0391210229957045, 'reference_eV': -3.4560603524690543, 'panel_RMSE_before_eV': 0.1030361488071196, 'panel_RMSE_after_eV': 0.09532047797180024}, 'vacuum_potential': {'observed_training_graphs': 60, 'shift_eV': 0.0032667506575751164, 'reference_eV': 0.00295980461104595, 'panel_RMSE_before_eV': 0.09885036971627603, 'panel_RMSE_after_eV': 0.09879637611362926}, 'seconds': 8.915835418010829}; constants saved with the model; relative errors and physical fixed-Q trajectory unchanged
2026-10-08 13:37:22.935 INFO: Full validation audit {"graphs": 351, "index_convention": "supplied loader order, zero based", "force_rmse_by_element_column_eV_A": {"0": 0.06421860924355365, "1": 0.08888085885029204, "2": 0.11719088325659717}, "force_target_rms_by_element_column_eV_A": {"0": 0.7584590607696344, "1": 0.8723013494869878, "2": 0.9590743569439976}, "force_rmse_over_target_rms_by_element_column": {"0": 0.08466984253360864, "1": 0.10189237802115526, "2": 0.12219165532692915}, "density_observers": {"density_RMSE_e_A3": 0.000530616512422284, "farfield_RMSE_e_A3": 0.00015011066034052454, "scope": "Different Gaussian resolutions of the same error; smaller farfield RMSE is not an accuracy gain."}, "potential_error_power_fractions": {"normal_reciprocal_line": 0.8771460373449432, "Gaussian_lowpass": 0.7998794866081265, "Gaussian_width_A": 1.5}, "observed_EF_vac_WF": 331, "EF_vac_WF_rmse_eV": [0.12583847994057043, 0.14247380942259133, 0.23542549424436213], "EF_vac_WF_relative_rmse_eV": [0.1256416898044894, 0.14247328712050722, 0.2353315820890962], "EF_vac_WF_bias_eV": [-0.007034828841259276, -0.0003857829213440515, 0.00664904591991524], "EF_vac_covariance_eV2": -0.00964824088435351, "WF_absolute_error_quantiles_eV": {"median": 0.10944014107288336, "p90": 0.32510802446159826, "p99": 0.9635246848464853, "max": 1.60570105810566}, "WF_identity_max_error_eV": 1.3322676295501878e-15, "WF_variance_components_eV2": {"EF": 0.01578583421692753, "vacuum": 0.02029863754292248, "covariance_contribution": 0.01929648176870702}, "WF_centered_squared_error_share_largest_10_percent": 0.6996863454172291, "independent_single_anchor_EF_vac_WF_RMSE_eV": [0.17768418172098233, 0.20148765492169732, 0.3328091150451172], "relative_error_scope": "One whole-split offset for RMSE_rel; no fitted offset is applied to predictions. Single-anchor expectation assumes independent configurations.", "spectral_minus_measured_vacuum_RMSE_eV": 0.018893168071070512, "spectral_minus_measured_vacuum_bias_eV": -0.012520879424160507, "spectral_minus_measured_vacuum_relative_RMSE_eV": 0.014148476179693427, "WF_squared_error_share_largest_10_percent": 0.7013768574330062, "largest_WF_errors": [{"index": 247, "atoms": 181, "composition": [61, 90, 30], "charge": -0.0, "weight": 1.0, "ef": -0.772713875307858, "vac": 0.8329871827978028, "wf": 1.60570105810566, "vacuum_reference_gap": -0.029866708888463656, "force_rmse": 0.11050019195282777, "potential_error_power_eV2": 0.625960864613359, "gaussian_lowpass_error_power_eV2": 0.5766825059088374, "planar_error_power_eV2": 0.6189814733232051}, {"index": 334, "atoms": 185, "composition": [65, 90, 30], "charge": -0.0, "weight": 1.0, "ef": -0.7005336605163204, "vac": 0.5111669480742833, "wf": 1.2117006085906032, "vacuum_reference_gap": -0.028350907757834776, "force_rmse": 0.13768405571704628, "potential_error_power_eV2": 0.5728322711079201, "gaussian_lowpass_error_power_eV2": 0.5286763726540828, "planar_error_power_eV2": 0.5649022207373983}, {"index": 174, "atoms": 184, "composition": [64, 90, 30], "charge": -0.0, "weight": 1.0, "ef": -0.4260822255868263, "vac": 0.6045621185138996, "wf": 1.0306443441007254, "vacuum_reference_gap": -0.019617781846668514, "force_rmse": 0.17540580165165773, "potential_error_power_eV2": 0.26051523500025575, "gaussian_lowpass_error_power_eV2": 0.23927345107186596, "planar_error_power_eV2": 0.25242518407743303}, {"index": 249, "atoms": 181, "composition": [61, 90, 30], "charge": -0.0, "weight": 1.0, "ef": -0.6201255877561096, "vac": 0.38161464552078694, "wf": 1.0017402332768972, "vacuum_reference_gap": -0.023634629053334244, "force_rmse": 0.11176521145287432, "potential_error_power_eV2": 0.36331320275075824, "gaussian_lowpass_error_power_eV2": 0.32722588021301613, "planar_error_power_eV2": 0.35488364185470983}, {"index": 67, "atoms": 186, "composition": [66, 90, 30], "charge": -0.0, "weight": 1.0, "ef": -0.38444608414896186, "vac": 0.48990898769323454, "wf": 0.8743550718421957, "vacuum_reference_gap": -0.032858295786241776, "force_rmse": 0.0825108149610187, "potential_error_power_eV2": 0.11601151098225063, "gaussian_lowpass_error_power_eV2": 0.10441337547816665, "planar_error_power_eV2": 0.11229909527654786}, {"index": 134, "atoms": 180, "composition": [60, 90, 30], "charge": -0.0, "weight": 1.0, "ef": -0.2534235136497831, "vac": 0.5726464253081174, "wf": 0.8260699389579012, "vacuum_reference_gap": -0.0410481167446779, "force_rmse": 0.10852713497156348, "potential_error_power_eV2": 0.228074597907069, "gaussian_lowpass_error_power_eV2": 0.20789121808575367, "planar_error_power_eV2": 0.22140797942436244}, {"index": 143, "atoms": 185, "composition": [65, 90, 30], "charge": -0.0, "weight": 1.0, "ef": 0.23297199916209854, "vac": -0.35239051451691594, "wf": -0.5853625136790144, "vacuum_reference_gap": -0.018373189317302252, "force_rmse": 0.0697861831501046, "potential_error_power_eV2": 0.09059741541058032, "gaussian_lowpass_error_power_eV2": 0.08024291805632867, "planar_error_power_eV2": 0.08523161544667875}, {"index": 21, "atoms": 181, "composition": [61, 90, 30], "charge": -0.0, "weight": 1.0, "ef": -0.4361642688216929, "vac": 0.14661839383266262, "wf": 0.5827826626543562, "vacuum_reference_gap": -0.034194967944236154, "force_rmse": 0.09084902234660949, "potential_error_power_eV2": 0.1699043669074883, "gaussian_lowpass_error_power_eV2": 0.15083817160135576, "planar_error_power_eV2": 0.16563963536243462}], "composition_cohorts": [{"element_counts": "(64, 90, 30)", "graphs": 1, "wf_rmse_eV": 1.0306443441007254}, {"element_counts": "(60, 90, 30)", "graphs": 1, "wf_rmse_eV": 0.8260699389579012}, {"element_counts": "(61, 90, 30)", "graphs": 10, "wf_rmse_eV": 0.6663299889191865}, {"element_counts": "(65, 90, 30)", "graphs": 10, "wf_rmse_eV": 0.5482673365240823}, {"element_counts": "(32, 87, 36)", "graphs": 1, "wf_rmse_eV": 0.5197981112827614}, {"element_counts": "(41, 135, 60)", "graphs": 1, "wf_rmse_eV": 0.5095260243056492}, {"element_counts": "(23, 128, 60)", "graphs": 1, "wf_rmse_eV": 0.4687082928145063}, {"element_counts": "(0, 120, 60)", "graphs": 2, "wf_rmse_eV": 0.41323897076918187}, {"element_counts": "(66, 90, 30)", "graphs": 10, "wf_rmse_eV": 0.37049649197285217}, {"element_counts": "(40, 88, 36)", "graphs": 1, "wf_rmse_eV": 0.3654326348313326}, {"element_counts": "(40, 111, 48)", "graphs": 1, "wf_rmse_eV": 0.3492454169992092}, {"element_counts": "(4, 48, 24)", "graphs": 3, "wf_rmse_eV": 0.3220288587831123}], "scope": "Full supplied split; diagnostic only, no reference-dependent correction is installed.", "atomic_numbers": [1, 8, 77]}
2026-10-08 13:37:22.960 INFO: Epoch 15: loss=9.69955, RMSE_E_per_atom=20.2732 meV, RMSE_F=86.1182 meV/A, RMSE_dip_per_atom=0.7042 meA, RMSE_rho=0.1501 me/A^3, RMSE_EF(abs/rel)=125.8385/125.6417 meV, RMSE_ESP=144.0261 mV, RMSE_ESPvac(abs/rel)=142.4738/142.4733 mV, RMSE_WF(abs/rel)=235.4255/235.3316 meV
2026-10-08 13:37:22.975 INFO: 50-step electronic residual maximum: 3.246e-05
2026-10-08 13:37:22.996 INFO: Optimizer epoch 15: lr=[0.003, 0.003, 0.003, 0.003, 0.003, 0.003, 0.003, 0.003, 0.003], mean gradient norm=130.13, clipped=174/174
2026-10-08 13:37:23.011 INFO: Epoch timing: train=64.162s, validation=44.568s, updates=174, train/update=0.36874s, peak allocated=6579.6 MiB, backbone=CuEq
2026-10-08 13:37:23.025 INFO: Optimization budget: graphs=1385/1385, updates=174, mean retained gradient=0.10036, min retained gradient=0.021659
2026-10-08 13:37:23.040 INFO: Optimizer time scales {"updates_per_epoch": 174, "groups": [{"name": "embedding", "lr": 0.003, "parameter_update_range": [2784.0, 2784.0], "moment_memory_epochs": [0.057471264367816105, 5.747126436781604], "AdamW_decay_only_retention_per_epoch": 1.0}, {"name": "interactions_decay", "lr": 0.003, "parameter_update_range": [2784.0, 2784.0], "moment_memory_epochs": [0.057471264367816105, 5.747126436781604], "AdamW_decay_only_retention_per_epoch": 0.9994781354357083}, {"name": "interactions_no_decay", "lr": 0.003, "parameter_update_range": [2784.0, 2784.0], "moment_memory_epochs": [0.057471264367816105, 5.747126436781604], "AdamW_decay_only_retention_per_epoch": 1.0}, {"name": "products", "lr": 0.003, "parameter_update_range": [2784.0, 2784.0], "moment_memory_epochs": [0.057471264367816105, 5.747126436781604], "AdamW_decay_only_retention_per_epoch": 0.9994781354357083}, {"name": "readouts", "lr": 0.003, "parameter_update_range": [2784.0, 2784.0], "moment_memory_epochs": [0.057471264367816105, 5.747126436781604], "AdamW_decay_only_retention_per_epoch": 1.0}, {"name": "lr_source_maps", "lr": 0.003, "parameter_update_range": [2784.0, 2784.0], "moment_memory_epochs": [0.057471264367816105, 5.747126436781604], "AdamW_decay_only_retention_per_epoch": 1.0}, {"name": "field_dependent_charges_map", "lr": 0.003, "parameter_update_range": [2784.0, 2784.0], "moment_memory_epochs": [0.057471264367816105, 5.747126436781604], "AdamW_decay_only_retention_per_epoch": 0.9947935226309068}, {"name": "electronic_references", "lr": 0.003, "parameter_update_range": [2784.0, 2784.0], "moment_memory_epochs": [0.057471264367816105, 5.747126436781604], "AdamW_decay_only_retention_per_epoch": 1.0}, {"name": "layer_feature_mixer", "lr": 0.003, "parameter_update_range": [2784.0, 2784.0], "moment_memory_epochs": [0.057471264367816105, 5.747126436781604], "AdamW_decay_only_retention_per_epoch": 0.9994781354357083}], "EMA_asymptotic_memory_epochs": 0.5747126436781604}
2026-10-08 13:37:23.061 INFO: Batching: optimizer graphs=8, device graphs<=8; one clipping/Adam/EMA update per optimizer batch
2026-10-08 13:37:23.085 INFO: 50-step finite-budget validation residual 3.246e-05 exceeds equilibrium tolerance 1e-06; metrics describe the exported finite trajectory, not a converged root
2026-10-08 13:42:51.947 INFO: Training-only scalar reference calibration {'fermi_level': {'observed_training_graphs': 60, 'shift_eV': 0.0393834250418674, 'reference_eV': -3.416676927427187, 'panel_RMSE_before_eV': 0.09723993010528784, 'panel_RMSE_after_eV': 0.08890753533223647}, 'vacuum_potential': {'observed_training_graphs': 60, 'shift_eV': -0.001576664784729905, 'reference_eV': 0.001383139826316045, 'panel_RMSE_before_eV': 0.08925344403649521, 'panel_RMSE_after_eV': 0.08923951703439667}, 'seconds': 8.846344651014078}; constants saved with the model; relative errors and physical fixed-Q trajectory unchanged
2026-10-08 13:43:27.259 INFO: Full validation audit {"graphs": 351, "index_convention": "supplied loader order, zero based", "force_rmse_by_element_column_eV_A": {"0": 0.05825786755891317, "1": 0.07918930264708429, "2": 0.10273558075532414}, "force_target_rms_by_element_column_eV_A": {"0": 0.7584590607696344, "1": 0.8723013494869878, "2": 0.9590743569439976}, "force_rmse_over_target_rms_by_element_column": {"0": 0.07681082680955371, "1": 0.09078204761881498, "2": 0.10711951582428043}, "density_observers": {"density_RMSE_e_A3": 0.0004913823214117019, "farfield_RMSE_e_A3": 0.00012333845501666678, "scope": "Different Gaussian resolutions of the same error; smaller farfield RMSE is not an accuracy gain."}, "potential_error_power_fractions": {"normal_reciprocal_line": 0.8819292413477375, "Gaussian_lowpass": 0.8102991532881595, "Gaussian_width_A": 1.5}, "observed_EF_vac_WF": 331, "EF_vac_WF_rmse_eV": [0.11799088882171739, 0.13598767127543646, 0.22623995976451164], "EF_vac_WF_relative_rmse_eV": [0.11791105572298356, 0.13594489136343937, 0.22623805272629907], "EF_vac_WF_bias_eV": [-0.004339675475232886, -0.0034107552094539027, 0.0009289202657789738], "EF_vac_covariance_eV2": -0.009399812975930897, "WF_absolute_error_quantiles_eV": {"median": 0.09887302542255139, "p90": 0.286631327583609, "p99": 0.9607617151582152, "max": 1.5391249905870779}, "WF_identity_max_error_eV": 8.881784197001252e-16, "WF_variance_components_eV2": {"EF": 0.013903017061708534, "vacuum": 0.018481013487817336, "covariance_contribution": 0.018799625951861795}, "WF_centered_squared_error_share_largest_10_percent": 0.7243030049257874, "independent_single_anchor_EF_vac_WF_RMSE_eV": [0.1667514141571731, 0.19225510910151303, 0.3199489224904115], "relative_error_scope": "One whole-split offset for RMSE_rel; no fitted offset is applied to predictions. Single-anchor expectation assumes independent configurations.", "spectral_minus_measured_vacuum_RMSE_eV": 0.018893168071070512, "spectral_minus_measured_vacuum_bias_eV": -0.012520879424160507, "spectral_minus_measured_vacuum_relative_RMSE_eV": 0.014148476179693427, "WF_squared_error_share_largest_10_percent": 0.7244899038339218, "largest_WF_errors": [{"index": 247, "atoms": 181, "composition": [61, 90, 30], "charge": -0.0, "weight": 1.0, "ef": -0.7303229726628457, "vac": 0.8088020179242328, "wf": 1.5391249905870779, "vacuum_reference_gap": -0.029866708888463656, "force_rmse": 0.10559523142006132, "potential_error_power_eV2": 0.5543565492213974, "gaussian_lowpass_error_power_eV2": 0.5124055879889581, "planar_error_power_eV2": 0.5481710688260275}, {"index": 334, "atoms": 185, "composition": [65, 90, 30], "charge": -0.0, "weight": 1.0, "ef": -0.7161462217957895, "vac": 0.5825787425052535, "wf": 1.2987249643010434, "vacuum_reference_gap": -0.028350907757834776, "force_rmse": 0.12920417400887566, "potential_error_power_eV2": 0.579898995295843, "gaussian_lowpass_error_power_eV2": 0.5371755404360656, "planar_error_power_eV2": 0.5733980630974119}, {"index": 249, "atoms": 181, "composition": [61, 90, 30], "charge": -0.0, "weight": 1.0, "ef": -0.6215969888819892, "vac": 0.4138902584480366, "wf": 1.0354872473300256, "vacuum_reference_gap": -0.023634629053334244, "force_rmse": 0.1057058103044953, "potential_error_power_eV2": 0.35169517766899694, "gaussian_lowpass_error_power_eV2": 0.3201849197584536, "planar_error_power_eV2": 0.3446017647957065}, {"index": 174, "atoms": 184, "composition": [64, 90, 30], "charge": -0.0, "weight": 1.0, "ef": -0.42919589840670336, "vac": 0.5988506147171302, "wf": 1.028046513123833, "vacuum_reference_gap": -0.019617781846668514, "force_rmse": 0.1668805511818425, "potential_error_power_eV2": 0.25407314828662036, "gaussian_lowpass_error_power_eV2": 0.2352741588127281, "planar_error_power_eV2": 0.24815548561733483}, {"index": 67, "atoms": 186, "composition": [66, 90, 30], "charge": -0.0, "weight": 1.0, "ef": -0.3670519547755704, "vac": 0.43671189846287817, "wf": 0.8037638532384488, "vacuum_reference_gap": -0.032858295786241776, "force_rmse": 0.07817398950032368, "potential_error_power_eV2": 0.09972638674366305, "gaussian_lowpass_error_power_eV2": 0.09121433785757783, "planar_error_power_eV2": 0.09730566945154728}, {"index": 143, "atoms": 185, "composition": [65, 90, 30], "charge": -0.0, "weight": 1.0, "ef": 0.3193244714605795, "vac": -0.48292898133215045, "wf": -0.8022534527927299, "vacuum_reference_gap": -0.018373189317302252, "force_rmse": 0.06572321046415258, "potential_error_power_eV2": 0.1338807599368732, "gaussian_lowpass_error_power_eV2": 0.12172339105383687, "planar_error_power_eV2": 0.12911749847277035}, {"index": 134, "atoms": 180, "composition": [60, 90, 30], "charge": -0.0, "weight": 1.0, "ef": -0.242197541964017, "vac": 0.47324991592646803, "wf": 0.7154474578904848, "vacuum_reference_gap": -0.0410481167446779, "force_rmse": 0.09617469790368437, "potential_error_power_eV2": 0.18745531015514075, "gaussian_lowpass_error_power_eV2": 0.16973229257587935, "planar_error_power_eV2": 0.18156723063284974}, {"index": 21, "atoms": 181, "composition": [61, 90, 30], "charge": -0.0, "weight": 1.0, "ef": -0.38996863490436007, "vac": 0.1490119121133322, "wf": 0.538980547017692, "vacuum_reference_gap": -0.034194967944236154, "force_rmse": 0.08793487099430942, "potential_error_power_eV2": 0.135378316636563, "gaussian_lowpass_error_power_eV2": 0.11948960269982294, "planar_error_power_eV2": 0.13089215226149084}], "composition_cohorts": [{"element_counts": "(64, 90, 30)", "graphs": 1, "wf_rmse_eV": 1.028046513123833}, {"element_counts": "(60, 90, 30)", "graphs": 1, "wf_rmse_eV": 0.7154474578904848}, {"element_counts": "(61, 90, 30)", "graphs": 10, "wf_rmse_eV": 0.6371250218999259}, {"element_counts": "(65, 90, 30)", "graphs": 10, "wf_rmse_eV": 0.5972892697786552}, {"element_counts": "(41, 135, 60)", "graphs": 1, "wf_rmse_eV": 0.5071642995235068}, {"element_counts": "(40, 88, 36)", "graphs": 1, "wf_rmse_eV": 0.49440518107373155}, {"element_counts": "(23, 128, 60)", "graphs": 1, "wf_rmse_eV": 0.45241311840617726}, {"element_counts": "(32, 87, 36)", "graphs": 1, "wf_rmse_eV": 0.40426553676449206}, {"element_counts": "(66, 90, 30)", "graphs": 10, "wf_rmse_eV": 0.36263631346921804}, {"element_counts": "(31, 112, 48)", "graphs": 1, "wf_rmse_eV": 0.32018025053939425}, {"element_counts": "(20, 44, 18)", "graphs": 1, "wf_rmse_eV": 0.3124990872263318}, {"element_counts": "(0, 120, 60)", "graphs": 2, "wf_rmse_eV": 0.3037857350754039}], "scope": "Full supplied split; diagnostic only, no reference-dependent correction is installed.", "atomic_numbers": [1, 8, 77]}
2026-10-08 13:43:27.262 INFO: Epoch 20: loss=8.15165, RMSE_E_per_atom=19.0779 meV, RMSE_F=76.6666 meV/A, RMSE_dip_per_atom=0.6309 meA, RMSE_rho=0.1233 me/A^3, RMSE_EF(abs/rel)=117.9909/117.9111 meV, RMSE_ESP=132.2672 mV, RMSE_ESPvac(abs/rel)=135.9877/135.9449 mV, RMSE_WF(abs/rel)=226.2400/226.2381 meV
2026-10-08 13:43:27.262 INFO: 50-step electronic residual maximum: 3.7728e-05
2026-10-08 13:43:27.273 INFO: Optimizer epoch 20: lr=[0.003, 0.003, 0.003, 0.003, 0.003, 0.003, 0.003, 0.003, 0.003], mean gradient norm=105.36, clipped=174/174
2026-10-08 13:43:27.273 INFO: Epoch timing: train=63.851s, validation=44.172s, updates=174, train/update=0.36696s, peak allocated=6216.5 MiB, backbone=CuEq
2026-10-08 13:43:27.273 INFO: Optimization budget: graphs=1385/1385, updates=174, mean retained gradient=0.12104, min retained gradient=0.036391
2026-10-08 13:43:27.273 INFO: Optimizer time scales {"updates_per_epoch": 174, "groups": [{"name": "embedding", "lr": 0.003, "parameter_update_range": [3654.0, 3654.0], "moment_memory_epochs": [0.057471264367816105, 5.747126436781604], "AdamW_decay_only_retention_per_epoch": 1.0}, {"name": "interactions_decay", "lr": 0.003, "parameter_update_range": [3654.0, 3654.0], "moment_memory_epochs": [0.057471264367816105, 5.747126436781604], "AdamW_decay_only_retention_per_epoch": 0.9994781354357083}, {"name": "interactions_no_decay", "lr": 0.003, "parameter_update_range": [3654.0, 3654.0], "moment_memory_epochs": [0.057471264367816105, 5.747126436781604], "AdamW_decay_only_retention_per_epoch": 1.0}, {"name": "products", "lr": 0.003, "parameter_update_range": [3654.0, 3654.0], "moment_memory_epochs": [0.057471264367816105, 5.747126436781604], "AdamW_decay_only_retention_per_epoch": 0.9994781354357083}, {"name": "readouts", "lr": 0.003, "parameter_update_range": [3654.0, 3654.0], "moment_memory_epochs": [0.057471264367816105, 5.747126436781604], "AdamW_decay_only_retention_per_epoch": 1.0}, {"name": "lr_source_maps", "lr": 0.003, "parameter_update_range": [3654.0, 3654.0], "moment_memory_epochs": [0.057471264367816105, 5.747126436781604], "AdamW_decay_only_retention_per_epoch": 1.0}, {"name": "field_dependent_charges_map", "lr": 0.003, "parameter_update_range": [3654.0, 3654.0], "moment_memory_epochs": [0.057471264367816105, 5.747126436781604], "AdamW_decay_only_retention_per_epoch": 0.9947935226309068}, {"name": "electronic_references", "lr": 0.003, "parameter_update_range": [3654.0, 3654.0], "moment_memory_epochs": [0.057471264367816105, 5.747126436781604], "AdamW_decay_only_retention_per_epoch": 1.0}, {"name": "layer_feature_mixer", "lr": 0.003, "parameter_update_range": [3654.0, 3654.0], "moment_memory_epochs": [0.057471264367816105, 5.747126436781604], "AdamW_decay_only_retention_per_epoch": 0.9994781354357083}], "EMA_asymptotic_memory_epochs": 0.5747126436781604}
2026-10-08 13:43:27.273 INFO: Batching: optimizer graphs=8, device graphs<=8; one clipping/Adam/EMA update per optimizer batch
2026-10-08 13:43:27.273 INFO: 50-step finite-budget validation residual 3.7728e-05 exceeds equilibrium tolerance 1e-06; metrics describe the exported finite trajectory, not a converged root
2026-10-08 13:48:54.050 INFO: Training-only scalar reference calibration {'fermi_level': {'observed_training_graphs': 60, 'shift_eV': -0.09332988882925196, 'reference_eV': -3.5100068162564386, 'panel_RMSE_before_eV': 0.128504489124534, 'panel_RMSE_after_eV': 0.08833422652786939}, 'vacuum_potential': {'observed_training_graphs': 60, 'shift_eV': 0.011539243289119554, 'reference_eV': 0.0129223831154356, 'panel_RMSE_before_eV': 0.0774789576622482, 'panel_RMSE_after_eV': 0.07661484676446831}, 'seconds': 8.813066587026697}; constants saved with the model; relative errors and physical fixed-Q trajectory unchanged
2026-10-08 13:49:29.326 INFO: Full validation audit {"graphs": 351, "index_convention": "supplied loader order, zero based", "force_rmse_by_element_column_eV_A": {"0": 0.053784557791067666, "1": 0.07293036626922152, "2": 0.0949038446746087}, "force_target_rms_by_element_column_eV_A": {"0": 0.7584590607696344, "1": 0.8723013494869878, "2": 0.9590743569439976}, "force_rmse_over_target_rms_by_element_column": {"0": 0.07091293462364419, "1": 0.08360684792258186, "2": 0.0989535837210903}, "density_observers": {"density_RMSE_e_A3": 0.00046367363167729663, "farfield_RMSE_e_A3": 0.00010618092551180091, "scope": "Different Gaussian resolutions of the same error; smaller farfield RMSE is not an accuracy gain."}, "potential_error_power_fractions": {"normal_reciprocal_line": 0.890285207165689, "Gaussian_lowpass": 0.8217986753748021, "Gaussian_width_A": 1.5}, "observed_EF_vac_WF": 331, "EF_vac_WF_rmse_eV": [0.11574201583155516, 0.13394053392928262, 0.22299660380435835], "EF_vac_WF_relative_rmse_eV": [0.11571325954639791, 0.13365478694776536, 0.2229113815306483], "EF_vac_WF_bias_eV": [-0.002579882536069997, -0.008744401363658784, -0.006164518827588784], "EF_vac_covariance_eV2": -0.009218161753498821, "WF_absolute_error_quantiles_eV": {"median": 0.08634335820645234, "p90": 0.29734918879198524, "p99": 0.9045778774398996, "max": 1.5148383580047287}, "WF_identity_max_error_eV": 8.881784197001252e-16, "WF_variance_components_eV2": {"EF": 0.013389558434852046, "vacuum": 0.017863602074052548, "covariance_contribution": 0.018436323506997643}, "WF_centered_squared_error_share_largest_10_percent": 0.7314317918758272, "independent_single_anchor_EF_vac_WF_RMSE_eV": [0.16364326099691393, 0.1890164123776163, 0.31524429896796624], "relative_error_scope": "One whole-split offset for RMSE_rel; no fitted offset is applied to predictions. Single-anchor expectation assumes independent configurations.", "spectral_minus_measured_vacuum_RMSE_eV": 0.018893168071070512, "spectral_minus_measured_vacuum_bias_eV": -0.012520879424160507, "spectral_minus_measured_vacuum_relative_RMSE_eV": 0.014148476179693427, "WF_squared_error_share_largest_10_percent": 0.7311496081217307, "largest_WF_errors": [{"index": 247, "atoms": 181, "composition": [61, 90, 30], "charge": -0.0, "weight": 1.0, "ef": -0.7211559653326411, "vac": 0.7936823926720882, "wf": 1.5148383580047287, "vacuum_reference_gap": -0.029866708888463656, "force_rmse": 0.09854017502863618, "potential_error_power_eV2": 0.5326359122612828, "gaussian_lowpass_error_power_eV2": 0.4957442105918515, "planar_error_power_eV2": 0.5277474685261917}, {"index": 334, "atoms": 185, "composition": [65, 90, 30], "charge": -0.0, "weight": 1.0, "ef": -0.7154374289387673, "vac": 0.6306204899901307, "wf": 1.3460579189288984, "vacuum_reference_gap": -0.028350907757834776, "force_rmse": 0.12253086565123789, "potential_error_power_eV2": 0.5730619319851512, "gaussian_lowpass_error_power_eV2": 0.5323822159496427, "planar_error_power_eV2": 0.5673033594705089}, {"index": 249, "atoms": 181, "composition": [61, 90, 30], "charge": -0.0, "weight": 1.0, "ef": -0.6324530167209963, "vac": 0.4152468171438617, "wf": 1.0476998338648587, "vacuum_reference_gap": -0.023634629053334244, "force_rmse": 0.09720130068639318, "potential_error_power_eV2": 0.34320515710991295, "gaussian_lowpass_error_power_eV2": 0.3153553430639415, "planar_error_power_eV2": 0.3378166852315269}, {"index": 174, "atoms": 184, "composition": [64, 90, 30], "charge": -0.0, "weight": 1.0, "ef": -0.427434827152427, "vac": 0.5180656189791826, "wf": 0.945500446131609, "vacuum_reference_gap": -0.019617781846668514, "force_rmse": 0.1539283985174651, "potential_error_power_eV2": 0.23595367885426816, "gaussian_lowpass_error_power_eV2": 0.21823096726373378, "planar_error_power_eV2": 0.22982467373114004}, {"index": 143, "atoms": 185, "composition": [65, 90, 30], "charge": -0.0, "weight": 1.0, "ef": 0.30415680517839017, "vac": -0.504935078647526, "wf": -0.809091883825916, "vacuum_reference_gap": -0.018373189317302252, "force_rmse": 0.06269303273017002, "potential_error_power_eV2": 0.1278720266307251, "gaussian_lowpass_error_power_eV2": 0.11694368412922358, "planar_error_power_eV2": 0.12397183280354893}, {"index": 134, "atoms": 180, "composition": [60, 90, 30], "charge": -0.0, "weight": 1.0, "ef": -0.24793875748162297, "vac": 0.42021433356647275, "wf": 0.6681530910480964, "vacuum_reference_gap": -0.0410481167446779, "force_rmse": 0.08857666340501272, "potential_error_power_eV2": 0.17452465465691236, "gaussian_lowpass_error_power_eV2": 0.15724620029815248, "planar_error_power_eV2": 0.16769338683476856}, {"index": 193, "atoms": 186, "composition": [66, 90, 30], "charge": -0.0, "weight": 1.0, "ef": 0.1109982331840611, "vac": -0.5450439455379679, "wf": -0.656042178722029, "vacuum_reference_gap": -0.028958271338110908, "force_rmse": 0.10282631041337419, "potential_error_power_eV2": 0.09630273999194958, "gaussian_lowpass_error_power_eV2": 0.08569153377992304, "planar_error_power_eV2": 0.09448959042260414}, {"index": 67, "atoms": 186, "composition": [66, 90, 30], "charge": -0.0, "weight": 1.0, "ef": -0.3111918011239856, "vac": 0.2973662540400861, "wf": 0.608558055164071, "vacuum_reference_gap": -0.032858295786241776, "force_rmse": 0.07231226475421235, "potential_error_power_eV2": 0.06070729709090094, "gaussian_lowpass_error_power_eV2": 0.054977519079913925, "planar_error_power_eV2": 0.05855393778553746}], "composition_cohorts": [{"element_counts": "(64, 90, 30)", "graphs": 1, "wf_rmse_eV": 0.945500446131609}, {"element_counts": "(60, 90, 30)", "graphs": 1, "wf_rmse_eV": 0.6681530910480964}, {"element_counts": "(61, 90, 30)", "graphs": 10, "wf_rmse_eV": 0.6345017576245595}, {"element_counts": "(65, 90, 30)", "graphs": 10, "wf_rmse_eV": 0.5910620105832932}, {"element_counts": "(41, 135, 60)", "graphs": 1, "wf_rmse_eV": 0.5108162983952651}, {"element_counts": "(23, 128, 60)", "graphs": 1, "wf_rmse_eV": 0.4448063152562476}, {"element_counts": "(66, 90, 30)", "graphs": 10, "wf_rmse_eV": 0.40286213539023186}, {"element_counts": "(19, 69, 30)", "graphs": 1, "wf_rmse_eV": 0.381859851927139}, {"element_counts": "(40, 88, 36)", "graphs": 1, "wf_rmse_eV": 0.375960235401962}, {"element_counts": "(32, 87, 36)", "graphs": 1, "wf_rmse_eV": 0.35523011223470924}, {"element_counts": "(19, 57, 24)", "graphs": 1, "wf_rmse_eV": 0.33264383812359455}, {"element_counts": "(31, 112, 48)", "graphs": 1, "wf_rmse_eV": 0.3314668318001761}], "scope": "Full supplied split; diagnostic only, no reference-dependent correction is installed.", "atomic_numbers": [1, 8, 77]}
2026-10-08 13:49:29.340 INFO: Epoch 25: loss=7.40856, RMSE_E_per_atom=18.1158 meV, RMSE_F=70.7029 meV/A, RMSE_dip_per_atom=0.5998 meA, RMSE_rho=0.1062 me/A^3, RMSE_EF(abs/rel)=115.7420/115.7133 meV, RMSE_ESP=126.6230 mV, RMSE_ESPvac(abs/rel)=133.9405/133.6548 mV, RMSE_WF(abs/rel)=222.9966/222.9114 meV
2026-10-08 13:49:29.346 INFO: 50-step electronic residual maximum: 2.1864e-05
2026-10-08 13:49:29.354 INFO: Optimizer epoch 25: lr=[0.003, 0.003, 0.003, 0.003, 0.003, 0.003, 0.003, 0.003, 0.003], mean gradient norm=111.28, clipped=174/174
2026-10-08 13:49:29.354 INFO: Epoch timing: train=63.625s, validation=44.118s, updates=174, train/update=0.36566s, peak allocated=6683.2 MiB, backbone=CuEq
2026-10-08 13:49:29.354 INFO: Optimization budget: graphs=1385/1385, updates=174, mean retained gradient=0.11933, min retained gradient=0.019706
2026-10-08 13:49:29.354 INFO: Optimizer time scales {"updates_per_epoch": 174, "groups": [{"name": "embedding", "lr": 0.003, "parameter_update_range": [4524.0, 4524.0], "moment_memory_epochs": [0.057471264367816105, 5.747126436781604], "AdamW_decay_only_retention_per_epoch": 1.0}, {"name": "interactions_decay", "lr": 0.003, "parameter_update_range": [4524.0, 4524.0], "moment_memory_epochs": [0.057471264367816105, 5.747126436781604], "AdamW_decay_only_retention_per_epoch": 0.9994781354357083}, {"name": "interactions_no_decay", "lr": 0.003, "parameter_update_range": [4524.0, 4524.0], "moment_memory_epochs": [0.057471264367816105, 5.747126436781604], "AdamW_decay_only_retention_per_epoch": 1.0}, {"name": "products", "lr": 0.003, "parameter_update_range": [4524.0, 4524.0], "moment_memory_epochs": [0.057471264367816105, 5.747126436781604], "AdamW_decay_only_retention_per_epoch": 0.9994781354357083}, {"name": "readouts", "lr": 0.003, "parameter_update_range": [4524.0, 4524.0], "moment_memory_epochs": [0.057471264367816105, 5.747126436781604], "AdamW_decay_only_retention_per_epoch": 1.0}, {"name": "lr_source_maps", "lr": 0.003, "parameter_update_range": [4524.0, 4524.0], "moment_memory_epochs": [0.057471264367816105, 5.747126436781604], "AdamW_decay_only_retention_per_epoch": 1.0}, {"name": "field_dependent_charges_map", "lr": 0.003, "parameter_update_range": [4524.0, 4524.0], "moment_memory_epochs": [0.057471264367816105, 5.747126436781604], "AdamW_decay_only_retention_per_epoch": 0.9947935226309068}, {"name": "electronic_references", "lr": 0.003, "parameter_update_range": [4524.0, 4524.0], "moment_memory_epochs": [0.057471264367816105, 5.747126436781604], "AdamW_decay_only_retention_per_epoch": 1.0}, {"name": "layer_feature_mixer", "lr": 0.003, "parameter_update_range": [4524.0, 4524.0], "moment_memory_epochs": [0.057471264367816105, 5.747126436781604], "AdamW_decay_only_retention_per_epoch": 0.9994781354357083}], "EMA_asymptotic_memory_epochs": 0.5747126436781604}
2026-10-08 13:49:29.354 INFO: Batching: optimizer graphs=8, device graphs<=8; one clipping/Adam/EMA update per optimizer batch
2026-10-08 13:49:29.354 INFO: 50-step finite-budget validation residual 2.1864e-05 exceeds equilibrium tolerance 1e-06; metrics describe the exported finite trajectory, not a converged root
2026-10-08 13:54:56.413 INFO: Training-only scalar reference calibration {'fermi_level': {'observed_training_graphs': 60, 'shift_eV': 0.044249020502293804, 'reference_eV': -3.4657577957541448, 'panel_RMSE_before_eV': 0.09225123182792257, 'panel_RMSE_after_eV': 0.08094636470130513}, 'vacuum_potential': {'observed_training_graphs': 60, 'shift_eV': -0.0066651139208942336, 'reference_eV': 0.006257269194541366, 'panel_RMSE_before_eV': 0.0728806890701354, 'panel_RMSE_after_eV': 0.07257527881971419}, 'seconds': 8.83507533298689}; constants saved with the model; relative errors and physical fixed-Q trajectory unchanged
2026-10-08 13:55:31.685 INFO: Full validation audit {"graphs": 351, "index_convention": "supplied loader order, zero based", "force_rmse_by_element_column_eV_A": {"0": 0.05064483048178309, "1": 0.06854295280810471, "2": 0.08891715186936981}, "force_target_rms_by_element_column_eV_A": {"0": 0.7584590607696344, "1": 0.8723013494869878, "2": 0.9590743569439976}, "force_rmse_over_target_rms_by_element_column": {"0": 0.06677332119994986, "1": 0.07857714865214382, "2": 0.0927114266225365}, "density_observers": {"density_RMSE_e_A3": 0.0004473101655752086, "farfield_RMSE_e_A3": 9.068981138914385e-05, "scope": "Different Gaussian resolutions of the same error; smaller farfield RMSE is not an accuracy gain."}, "potential_error_power_fractions": {"normal_reciprocal_line": 0.8840486363290508, "Gaussian_lowpass": 0.820001351312834, "Gaussian_width_A": 1.5}, "observed_EF_vac_WF": 331, "EF_vac_WF_rmse_eV": [0.10842107250359538, 0.128060674950758, 0.21160649087098793], "EF_vac_WF_relative_rmse_eV": [0.10827441506435322, 0.12795024757855383, 0.21160624836146083], "EF_vac_WF_bias_eV": [-0.005637375746040695, -0.0053170117011794, 0.0003203640448612928], "EF_vac_covariance_eV2": -0.008341294766335586, "WF_absolute_error_quantiles_eV": {"median": 0.07574806926095512, "p90": 0.28152052995340604, "p99": 0.8461498733277196, "max": 1.3679567823885317}, "WF_identity_max_error_eV": 8.881784197001252e-16, "WF_variance_components_eV2": {"EF": 0.011723348957527838, "vacuum": 0.016371265855413222, "covariance_contribution": 0.016682589532671172}, "WF_centered_squared_error_share_largest_10_percent": 0.7404539083226066, "independent_single_anchor_EF_vac_WF_RMSE_eV": [0.15312314624202206, 0.1809489754345861, 0.29925642631566746], "relative_error_scope": "One whole-split offset for RMSE_rel; no fitted offset is applied to predictions. Single-anchor expectation assumes independent configurations.", "spectral_minus_measured_vacuum_RMSE_eV": 0.018893168071070512, "spectral_minus_measured_vacuum_bias_eV": -0.012520879424160507, "spectral_minus_measured_vacuum_relative_RMSE_eV": 0.014148476179693427, "WF_squared_error_share_largest_10_percent": 0.7404338033534025, "largest_WF_errors": [{"index": 247, "atoms": 181, "composition": [61, 90, 30], "charge": -0.0, "weight": 1.0, "ef": -0.6482710598636594, "vac": 0.7196857225248721, "wf": 1.3679567823885317, "vacuum_reference_gap": -0.029866708888463656, "force_rmse": 0.09267932827668172, "potential_error_power_eV2": 0.4441559863823034, "gaussian_lowpass_error_power_eV2": 0.4138613089543804, "planar_error_power_eV2": 0.44059190764808837}, {"index": 334, "atoms": 185, "composition": [65, 90, 30], "charge": -0.0, "weight": 1.0, "ef": -0.683305915335692, "vac": 0.6123312096789881, "wf": 1.2956371250146796, "vacuum_reference_gap": -0.028350907757834776, "force_rmse": 0.12159563788022561, "potential_error_power_eV2": 0.5431038808630032, "gaussian_lowpass_error_power_eV2": 0.5058193255376102, "planar_error_power_eV2": 0.5387284566202809}, {"index": 249, "atoms": 181, "composition": [61, 90, 30], "charge": -0.0, "weight": 1.0, "ef": -0.5530713869941091, "vac": 0.37582326082717454, "wf": 0.9288946478212834, "vacuum_reference_gap": -0.023634629053334244, "force_rmse": 0.08925755088621663, "potential_error_power_eV2": 0.26693184825333377, "gaussian_lowpass_error_power_eV2": 0.244919393266782, "planar_error_power_eV2": 0.2628640880873845}, {"index": 174, "atoms": 184, "composition": [64, 90, 30], "charge": -0.0, "weight": 1.0, "ef": -0.3953285290084111, "vac": 0.5077468669204501, "wf": 0.9030753959288607, "vacuum_reference_gap": -0.019617781846668514, "force_rmse": 0.1516997136709668, "potential_error_power_eV2": 0.20519093347111608, "gaussian_lowpass_error_power_eV2": 0.19022032307874517, "planar_error_power_eV2": 0.20015874603621736}, {"index": 67, "atoms": 186, "composition": [66, 90, 30], "charge": -0.0, "weight": 1.0, "ef": -0.3439464379448187, "vac": 0.3693772159802462, "wf": 0.7133236539250642, "vacuum_reference_gap": -0.032858295786241776, "force_rmse": 0.07094373713995056, "potential_error_power_eV2": 0.08562754541109381, "gaussian_lowpass_error_power_eV2": 0.07871044947915179, "planar_error_power_eV2": 0.08398693603722192}, {"index": 134, "atoms": 180, "composition": [60, 90, 30], "charge": -0.0, "weight": 1.0, "ef": -0.2356335385182311, "vac": 0.46469941516444724, "wf": 0.7003329536826781, "vacuum_reference_gap": -0.0410481167446779, "force_rmse": 0.08555218463722784, "potential_error_power_eV2": 0.1615414276393551, "gaussian_lowpass_error_power_eV2": 0.14533032419574257, "planar_error_power_eV2": 0.15471310653132653}, {"index": 21, "atoms": 181, "composition": [61, 90, 30], "charge": -0.0, "weight": 1.0, "ef": -0.3488188628946658, "vac": 0.2252951213496157, "wf": 0.5741139842442813, "vacuum_reference_gap": -0.034194967944236154, "force_rmse": 0.07544897710392297, "potential_error_power_eV2": 0.0960800565530872, "gaussian_lowpass_error_power_eV2": 0.08514783485933668, "planar_error_power_eV2": 0.09217849440925492}, {"index": 143, "atoms": 185, "composition": [65, 90, 30], "charge": -0.0, "weight": 1.0, "ef": 0.2090502859747071, "vac": -0.36170785303185715, "wf": -0.5707581390065641, "vacuum_reference_gap": -0.018373189317302252, "force_rmse": 0.05866894556015171, "potential_error_power_eV2": 0.062302793372808314, "gaussian_lowpass_error_power_eV2": 0.056075567344578636, "planar_error_power_eV2": 0.059300781014822924}], "composition_cohorts": [{"element_counts": "(64, 90, 30)", "graphs": 1, "wf_rmse_eV": 0.9030753959288607}, {"element_counts": "(60, 90, 30)", "graphs": 1, "wf_rmse_eV": 0.7003329536826781}, {"element_counts": "(61, 90, 30)", "graphs": 10, "wf_rmse_eV": 0.5880075766319314}, {"element_counts": "(65, 90, 30)", "graphs": 10, "wf_rmse_eV": 0.5308344562062806}, {"element_counts": "(19, 69, 30)", "graphs": 1, "wf_rmse_eV": 0.48897188440012584}, {"element_counts": "(41, 135, 60)", "graphs": 1, "wf_rmse_eV": 0.4549013176062955}, {"element_counts": "(23, 128, 60)", "graphs": 1, "wf_rmse_eV": 0.42797911038306147}, {"element_counts": "(31, 112, 48)", "graphs": 1, "wf_rmse_eV": 0.4065208125408146}, {"element_counts": "(19, 57, 24)", "graphs": 1, "wf_rmse_eV": 0.4062607521738908}, {"element_counts": "(66, 90, 30)", "graphs": 10, "wf_rmse_eV": 0.39780796362981025}, {"element_counts": "(40, 88, 36)", "graphs": 1, "wf_rmse_eV": 0.32019708950146164}, {"element_counts": "(64, 91, 30)", "graphs": 5, "wf_rmse_eV": 0.3120921807761155}], "scope": "Full supplied split; diagnostic only, no reference-dependent correction is installed.", "atomic_numbers": [1, 8, 77]}
2026-10-08 13:55:31.687 INFO: Epoch 30: loss=6.53541, RMSE_E_per_atom=16.7471 meV, RMSE_F=66.4190 meV/A, RMSE_dip_per_atom=0.5155 meA, RMSE_rho=0.0907 me/A^3, RMSE_EF(abs/rel)=108.4211/108.2744 meV, RMSE_ESP=117.5330 mV, RMSE_ESPvac(abs/rel)=128.0607/127.9502 mV, RMSE_WF(abs/rel)=211.6065/211.6062 meV
2026-10-08 13:55:31.687 INFO: 50-step electronic residual maximum: 1.4072e-05
2026-10-08 13:55:31.696 INFO: Optimizer epoch 30: lr=[0.003, 0.003, 0.003, 0.003, 0.003, 0.003, 0.003, 0.003, 0.003], mean gradient norm=88.632, clipped=174/174
2026-10-08 13:55:31.696 INFO: Epoch timing: train=63.729s, validation=44.119s, updates=174, train/update=0.36626s, peak allocated=6314.5 MiB, backbone=CuEq
2026-10-08 13:55:31.696 INFO: Optimization budget: graphs=1385/1385, updates=174, mean retained gradient=0.1399, min retained gradient=0.031083
2026-10-08 13:55:31.696 INFO: Optimizer time scales {"updates_per_epoch": 174, "groups": [{"name": "embedding", "lr": 0.003, "parameter_update_range": [5394.0, 5394.0], "moment_memory_epochs": [0.057471264367816105, 5.747126436781604], "AdamW_decay_only_retention_per_epoch": 1.0}, {"name": "interactions_decay", "lr": 0.003, "parameter_update_range": [5394.0, 5394.0], "moment_memory_epochs": [0.057471264367816105, 5.747126436781604], "AdamW_decay_only_retention_per_epoch": 0.9994781354357083}, {"name": "interactions_no_decay", "lr": 0.003, "parameter_update_range": [5394.0, 5394.0], "moment_memory_epochs": [0.057471264367816105, 5.747126436781604], "AdamW_decay_only_retention_per_epoch": 1.0}, {"name": "products", "lr": 0.003, "parameter_update_range": [5394.0, 5394.0], "moment_memory_epochs": [0.057471264367816105, 5.747126436781604], "AdamW_decay_only_retention_per_epoch": 0.9994781354357083}, {"name": "readouts", "lr": 0.003, "parameter_update_range": [5394.0, 5394.0], "moment_memory_epochs": [0.057471264367816105, 5.747126436781604], "AdamW_decay_only_retention_per_epoch": 1.0}, {"name": "lr_source_maps", "lr": 0.003, "parameter_update_range": [5394.0, 5394.0], "moment_memory_epochs": [0.057471264367816105, 5.747126436781604], "AdamW_decay_only_retention_per_epoch": 1.0}, {"name": "field_dependent_charges_map", "lr": 0.003, "parameter_update_range": [5394.0, 5394.0], "moment_memory_epochs": [0.057471264367816105, 5.747126436781604], "AdamW_decay_only_retention_per_epoch": 0.9947935226309068}, {"name": "electronic_references", "lr": 0.003, "parameter_update_range": [5394.0, 5394.0], "moment_memory_epochs": [0.057471264367816105, 5.747126436781604], "AdamW_decay_only_retention_per_epoch": 1.0}, {"name": "layer_feature_mixer", "lr": 0.003, "parameter_update_range": [5394.0, 5394.0], "moment_memory_epochs": [0.057471264367816105, 5.747126436781604], "AdamW_decay_only_retention_per_epoch": 0.9994781354357083}], "EMA_asymptotic_memory_epochs": 0.5747126436781604}
2026-10-08 13:55:31.696 INFO: Batching: optimizer graphs=8, device graphs<=8; one clipping/Adam/EMA update per optimizer batch
2026-10-08 13:55:31.696 INFO: 50-step finite-budget validation residual 1.4072e-05 exceeds equilibrium tolerance 1e-06; metrics describe the exported finite trajectory, not a converged root
2026-10-08 14:00:58.919 INFO: Training-only scalar reference calibration {'fermi_level': {'observed_training_graphs': 60, 'shift_eV': -0.10074922119469297, 'reference_eV': -3.5665070169488375, 'panel_RMSE_before_eV': 0.12662112634765318, 'panel_RMSE_after_eV': 0.07669748409309904}, 'vacuum_potential': {'observed_training_graphs': 60, 'shift_eV': -0.0013405830730563331, 'reference_eV': 0.004916686121485033, 'panel_RMSE_before_eV': 0.07032790998312394, 'panel_RMSE_after_eV': 0.07031513179692277}, 'seconds': 8.807780488015851}; constants saved with the model; relative errors and physical fixed-Q trajectory unchanged
2026-10-08 14:01:34.169 INFO: Full validation audit {"graphs": 351, "index_convention": "supplied loader order, zero based", "force_rmse_by_element_column_eV_A": {"0": 0.04767904795115945, "1": 0.06425030905102559, "2": 0.08368881626810161}, "force_target_rms_by_element_column_eV_A": {"0": 0.7584590607696344, "1": 0.8723013494869878, "2": 0.9590743569439976}, "force_rmse_over_target_rms_by_element_column": {"0": 0.06286304748311385, "1": 0.07365609268954136, "2": 0.08725998736403331}, "density_observers": {"density_RMSE_e_A3": 0.00042584641070417555, "farfield_RMSE_e_A3": 7.698047660229367e-05, "scope": "Different Gaussian resolutions of the same error; smaller farfield RMSE is not an accuracy gain."}, "potential_error_power_fractions": {"normal_reciprocal_line": 0.8913583682002956, "Gaussian_lowpass": 0.8247004933649248, "Gaussian_width_A": 1.5}, "observed_EF_vac_WF": 331, "EF_vac_WF_rmse_eV": [0.10575147603428436, 0.12953611668900197, 0.21067108802055967], "EF_vac_WF_relative_rmse_eV": [0.10560445931217072, 0.12948002853791568, 0.2106637129336464], "EF_vac_WF_bias_eV": [-0.005574303258157348, -0.003811526818386426, 0.0017627764397709473], "EF_vac_covariance_eV2": -0.008230910165097215, "WF_absolute_error_quantiles_eV": {"median": 0.07032841240439636, "p90": 0.27081977451591177, "p99": 0.8523197189473999, "max": 1.4603568704072507}, "WF_identity_max_error_eV": 8.881784197001252e-16, "WF_variance_components_eV2": {"EF": 0.01115230182661592, "vacuum": 0.016765077790179463, "covariance_contribution": 0.01646182033019443}, "WF_centered_squared_error_share_largest_10_percent": 0.7848112563073117, "independent_single_anchor_EF_vac_WF_RMSE_eV": [0.1493472586063495, 0.18311241241477572, 0.2979234799306351], "relative_error_scope": "One whole-split offset for RMSE_rel; no fitted offset is applied to predictions. Single-anchor expectation assumes independent configurations.", "spectral_minus_measured_vacuum_RMSE_eV": 0.018893168071070512, "spectral_minus_measured_vacuum_bias_eV": -0.012520879424160507, "spectral_minus_measured_vacuum_relative_RMSE_eV": 0.014148476179693427, "WF_squared_error_share_largest_10_percent": 0.7850473613811008, "largest_WF_errors": [{"index": 247, "atoms": 181, "composition": [61, 90, 30], "charge": -0.0, "weight": 1.0, "ef": -0.68110272164703, "vac": 0.7792541487602209, "wf": 1.4603568704072507, "vacuum_reference_gap": -0.029866708888463656, "force_rmse": 0.0883740546826272, "potential_error_power_eV2": 0.4830096086323807, "gaussian_lowpass_error_power_eV2": 0.45006944111584124, "planar_error_power_eV2": 0.4792747471141816}, {"index": 334, "atoms": 185, "composition": [65, 90, 30], "charge": -0.0, "weight": 1.0, "ef": -0.6581520187728058, "vac": 0.6476271331366386, "wf": 1.3057791519094444, "vacuum_reference_gap": -0.028350907757834776, "force_rmse": 0.12501824638512957, "potential_error_power_eV2": 0.5030288634042013, "gaussian_lowpass_error_power_eV2": 0.4672661207023078, "planar_error_power_eV2": 0.4987217572259727}, {"index": 174, "atoms": 184, "composition": [64, 90, 30], "charge": -0.0, "weight": 1.0, "ef": -0.4346930456376016, "vac": 0.5616471900103681, "wf": 0.9963402356479696, "vacuum_reference_gap": -0.019617781846668514, "force_rmse": 0.1491356898917406, "potential_error_power_eV2": 0.2381214049827044, "gaussian_lowpass_error_power_eV2": 0.22195102310656392, "planar_error_power_eV2": 0.23364410967498725}, {"index": 249, "atoms": 181, "composition": [61, 90, 30], "charge": -0.0, "weight": 1.0, "ef": -0.5038605910962379, "vac": 0.4131452817754253, "wf": 0.9170058728716635, "vacuum_reference_gap": -0.023634629053334244, "force_rmse": 0.08091700440908665, "potential_error_power_eV2": 0.20620404686010252, "gaussian_lowpass_error_power_eV2": 0.18701151541860594, "planar_error_power_eV2": 0.20085176797818405}, {"index": 134, "atoms": 180, "composition": [60, 90, 30], "charge": -0.0, "weight": 1.0, "ef": -0.2661459511688775, "vac": 0.4352394086219151, "wf": 0.7013853597907929, "vacuum_reference_gap": -0.0410481167446779, "force_rmse": 0.08034970129827508, "potential_error_power_eV2": 0.16911939056243366, "gaussian_lowpass_error_power_eV2": 0.1526941145527929, "planar_error_power_eV2": 0.16269471914455513}, {"index": 26, "atoms": 186, "composition": [66, 90, 30], "charge": -0.0, "weight": 1.0, "ef": 0.13674771995351287, "vac": -0.5473518876658905, "wf": -0.684099607619403, "vacuum_reference_gap": -0.02453428234813604, "force_rmse": 0.08516900738429763, "potential_error_power_eV2": 0.09782551207373404, "gaussian_lowpass_error_power_eV2": 0.08838964485143734, "planar_error_power_eV2": 0.09547895052810358}, {"index": 213, "atoms": 186, "composition": [66, 90, 30], "charge": -0.0, "weight": 1.0, "ef": 0.061096682969672966, "vac": -0.6137312834610453, "wf": -0.6748279664307182, "vacuum_reference_gap": -0.013998135067152528, "force_rmse": 0.11489136499908563, "potential_error_power_eV2": 0.12021067263954745, "gaussian_lowpass_error_power_eV2": 0.108028899311195, "planar_error_power_eV2": 0.11547759880890243}, {"index": 21, "atoms": 181, "composition": [61, 90, 30], "charge": -0.0, "weight": 1.0, "ef": -0.3770824088786513, "vac": 0.24227637377425637, "wf": 0.6193587826529079, "vacuum_reference_gap": -0.034194967944236154, "force_rmse": 0.07493511476031876, "potential_error_power_eV2": 0.10867584282234535, "gaussian_lowpass_error_power_eV2": 0.0971642349305187, "planar_error_power_eV2": 0.10492055106075093}], "composition_cohorts": [{"element_counts": "(64, 90, 30)", "graphs": 1, "wf_rmse_eV": 0.9963402356479696}, {"element_counts": "(60, 90, 30)", "graphs": 1, "wf_rmse_eV": 0.7013853597907929}, {"element_counts": "(61, 90, 30)", "graphs": 10, "wf_rmse_eV": 0.6289582202701998}, {"element_counts": "(65, 90, 30)", "graphs": 10, "wf_rmse_eV": 0.5035841053059448}, {"element_counts": "(19, 69, 30)", "graphs": 1, "wf_rmse_eV": 0.49173843520343485}, {"element_counts": "(19, 57, 24)", "graphs": 1, "wf_rmse_eV": 0.4797009289815968}, {"element_counts": "(41, 135, 60)", "graphs": 1, "wf_rmse_eV": 0.4556153441150199}, {"element_counts": "(66, 90, 30)", "graphs": 10, "wf_rmse_eV": 0.4069130582525848}, {"element_counts": "(31, 112, 48)", "graphs": 1, "wf_rmse_eV": 0.40426308846257}, {"element_counts": "(14, 43, 18)", "graphs": 1, "wf_rmse_eV": 0.36494407560102715}, {"element_counts": "(23, 128, 60)", "graphs": 1, "wf_rmse_eV": 0.36388348633744805}, {"element_counts": "(40, 88, 36)", "graphs": 1, "wf_rmse_eV": 0.33258050941734574}], "scope": "Full supplied split; diagnostic only, no reference-dependent correction is installed.", "atomic_numbers": [1, 8, 77]}
2026-10-08 14:01:34.172 INFO: Epoch 35: loss=6.16245, RMSE_E_per_atom=16.1293 meV, RMSE_F=62.3869 meV/A, RMSE_dip_per_atom=0.5225 meA, RMSE_rho=0.0770 me/A^3, RMSE_EF(abs/rel)=105.7515/105.6045 meV, RMSE_ESP=114.4838 mV, RMSE_ESPvac(abs/rel)=129.5361/129.4800 mV, RMSE_WF(abs/rel)=210.6711/210.6637 meV
2026-10-08 14:01:34.172 INFO: 50-step electronic residual maximum: 1.8947e-05
2026-10-08 14:01:34.180 INFO: Optimizer epoch 35: lr=[0.003, 0.003, 0.003, 0.003, 0.003, 0.003, 0.003, 0.003, 0.003], mean gradient norm=83.127, clipped=174/174
2026-10-08 14:01:34.180 INFO: Epoch timing: train=63.704s, validation=44.069s, updates=174, train/update=0.36612s, peak allocated=6440.7 MiB, backbone=CuEq
2026-10-08 14:01:34.180 INFO: Optimization budget: graphs=1385/1385, updates=174, mean retained gradient=0.15968, min retained gradient=0.021602
2026-10-08 14:01:34.180 INFO: Optimizer time scales {"updates_per_epoch": 174, "groups": [{"name": "embedding", "lr": 0.003, "parameter_update_range": [6264.0, 6264.0], "moment_memory_epochs": [0.057471264367816105, 5.747126436781604], "AdamW_decay_only_retention_per_epoch": 1.0}, {"name": "interactions_decay", "lr": 0.003, "parameter_update_range": [6264.0, 6264.0], "moment_memory_epochs": [0.057471264367816105, 5.747126436781604], "AdamW_decay_only_retention_per_epoch": 0.9994781354357083}, {"name": "interactions_no_decay", "lr": 0.003, "parameter_update_range": [6264.0, 6264.0], "moment_memory_epochs": [0.057471264367816105, 5.747126436781604], "AdamW_decay_only_retention_per_epoch": 1.0}, {"name": "products", "lr": 0.003, "parameter_update_range": [6264.0, 6264.0], "moment_memory_epochs": [0.057471264367816105, 5.747126436781604], "AdamW_decay_only_retention_per_epoch": 0.9994781354357083}, {"name": "readouts", "lr": 0.003, "parameter_update_range": [6264.0, 6264.0], "moment_memory_epochs": [0.057471264367816105, 5.747126436781604], "AdamW_decay_only_retention_per_epoch": 1.0}, {"name": "lr_source_maps", "lr": 0.003, "parameter_update_range": [6264.0, 6264.0], "moment_memory_epochs": [0.057471264367816105, 5.747126436781604], "AdamW_decay_only_retention_per_epoch": 1.0}, {"name": "field_dependent_charges_map", "lr": 0.003, "parameter_update_range": [6264.0, 6264.0], "moment_memory_epochs": [0.057471264367816105, 5.747126436781604], "AdamW_decay_only_retention_per_epoch": 0.9947935226309068}, {"name": "electronic_references", "lr": 0.003, "parameter_update_range": [6264.0, 6264.0], "moment_memory_epochs": [0.057471264367816105, 5.747126436781604], "AdamW_decay_only_retention_per_epoch": 1.0}, {"name": "layer_feature_mixer", "lr": 0.003, "parameter_update_range": [6264.0, 6264.0], "moment_memory_epochs": [0.057471264367816105, 5.747126436781604], "AdamW_decay_only_retention_per_epoch": 0.9994781354357083}], "EMA_asymptotic_memory_epochs": 0.5747126436781604}
2026-10-08 14:01:34.180 INFO: Batching: optimizer graphs=8, device graphs<=8; one clipping/Adam/EMA update per optimizer batch
2026-10-08 14:01:34.180 INFO: 50-step finite-budget validation residual 1.8947e-05 exceeds equilibrium tolerance 1e-06; metrics describe the exported finite trajectory, not a converged root
2026-10-08 14:07:00.707 INFO: Training-only scalar reference calibration {'fermi_level': {'observed_training_graphs': 60, 'shift_eV': 0.017435624199109843, 'reference_eV': -3.5490713927497275, 'panel_RMSE_before_eV': 0.07059957637439633, 'panel_RMSE_after_eV': 0.06841271221806394}, 'vacuum_potential': {'observed_training_graphs': 60, 'shift_eV': -0.0006717622992033332, 'reference_eV': 0.0042449238222817, 'panel_RMSE_before_eV': 0.06331173019021767, 'panel_RMSE_after_eV': 0.06330816625911928}, 'seconds': 8.802581719995942}; constants saved with the model; relative errors and physical fixed-Q trajectory unchanged
2026-10-08 14:07:35.639 INFO: Full validation audit {"graphs": 351, "index_convention": "supplied loader order, zero based", "force_rmse_by_element_column_eV_A": {"0": 0.0448952788212885, "1": 0.06074052027712342, "2": 0.07874215596383204}, "force_target_rms_by_element_column_eV_A": {"0": 0.7584590607696344, "1": 0.8723013494869878, "2": 0.9590743569439976}, "force_rmse_over_target_rms_by_element_column": {"0": 0.05919275165060553, "1": 0.06963249605522878, "2": 0.08210224305729191}, "density_observers": {"density_RMSE_e_A3": 0.00041144725423956447, "farfield_RMSE_e_A3": 7.058904553965923e-05, "scope": "Different Gaussian resolutions of the same error; smaller farfield RMSE is not an accuracy gain."}, "potential_error_power_fractions": {"normal_reciprocal_line": 0.8862657650748307, "Gaussian_lowpass": 0.820327623741412, "Gaussian_width_A": 1.5}, "observed_EF_vac_WF": 331, "EF_vac_WF_rmse_eV": [0.09554290222362832, 0.12069669376594798, 0.19199616657102206], "EF_vac_WF_relative_rmse_eV": [0.0953607549659886, 0.12065337421723037, 0.19197769239688708], "EF_vac_WF_bias_eV": [-0.00589682775994707, -0.0032334464628300803, 0.002663381297117029], "EF_vac_covariance_eV2": -0.006602262040173728, "WF_absolute_error_quantiles_eV": {"median": 0.06532058835471943, "p90": 0.2566840977609246, "p99": 0.8018553787450658, "max": 1.2568728776091125}, "WF_identity_max_error_eV": 6.661338147750939e-16, "WF_variance_components_eV2": {"EF": 0.009093673587683317, "vacuum": 0.014557236710003032, "covariance_contribution": 0.013204524080347457}, "WF_centered_squared_error_share_largest_10_percent": 0.7740382808500981, "independent_single_anchor_EF_vac_WF_RMSE_eV": [0.13486047299103854, 0.1706296381640835, 0.27149745626076793], "relative_error_scope": "One whole-split offset for RMSE_rel; no fitted offset is applied to predictions. Single-anchor expectation assumes independent configurations.", "spectral_minus_measured_vacuum_RMSE_eV": 0.018893168071070512, "spectral_minus_measured_vacuum_bias_eV": -0.012520879424160507, "spectral_minus_measured_vacuum_relative_RMSE_eV": 0.014148476179693427, "WF_squared_error_share_largest_10_percent": 0.774461368313282, "largest_WF_errors": [{"index": 247, "atoms": 181, "composition": [61, 90, 30], "charge": -0.0, "weight": 1.0, "ef": -0.5809742261428512, "vac": 0.6758986514662615, "wf": 1.2568728776091125, "vacuum_reference_gap": -0.029866708888463656, "force_rmse": 0.0800110465491601, "potential_error_power_eV2": 0.35179258647920686, "gaussian_lowpass_error_power_eV2": 0.32856554497606044, "planar_error_power_eV2": 0.3485534262307482}, {"index": 334, "atoms": 185, "composition": [65, 90, 30], "charge": -0.0, "weight": 1.0, "ef": -0.5176283090328813, "vac": 0.5882962434038914, "wf": 1.1059245524367727, "vacuum_reference_gap": -0.028350907757834776, "force_rmse": 0.11901796875278416, "potential_error_power_eV2": 0.3137633307928762, "gaussian_lowpass_error_power_eV2": 0.29051228881941443, "planar_error_power_eV2": 0.31027314434473285}, {"index": 174, "atoms": 184, "composition": [64, 90, 30], "charge": -0.0, "weight": 1.0, "ef": -0.4332185625012298, "vac": 0.4959528677996037, "wf": 0.9291714303008334, "vacuum_reference_gap": -0.019617781846668514, "force_rmse": 0.14985663427697568, "potential_error_power_eV2": 0.22704043350805392, "gaussian_lowpass_error_power_eV2": 0.2120048380969328, "planar_error_power_eV2": 0.2230804688847483}, {"index": 249, "atoms": 181, "composition": [61, 90, 30], "charge": -0.0, "weight": 1.0, "ef": -0.4368453040956328, "vac": 0.41528371679669185, "wf": 0.8521290208923249, "vacuum_reference_gap": -0.023634629053334244, "force_rmse": 0.07105424541244959, "potential_error_power_eV2": 0.1509434391932457, "gaussian_lowpass_error_power_eV2": 0.13730132864800143, "planar_error_power_eV2": 0.1459514264531922}, {"index": 134, "atoms": 180, "composition": [60, 90, 30], "charge": -0.0, "weight": 1.0, "ef": -0.258525453779862, "vac": 0.42602475995493894, "wf": 0.6845502137348012, "vacuum_reference_gap": -0.0410481167446779, "force_rmse": 0.07555422417830326, "potential_error_power_eV2": 0.14914560813221292, "gaussian_lowpass_error_power_eV2": 0.1351079635764768, "planar_error_power_eV2": 0.14347513666005055}, {"index": 36, "atoms": 181, "composition": [61, 90, 30], "charge": -0.0, "weight": 1.0, "ef": 0.23381204931467137, "vac": -0.40456129844448885, "wf": -0.6383733477591607, "vacuum_reference_gap": -0.02853873035558152, "force_rmse": 0.059346720933957264, "potential_error_power_eV2": 0.10119783867059949, "gaussian_lowpass_error_power_eV2": 0.09120369897825897, "planar_error_power_eV2": 0.09740786077616614}, {"index": 213, "atoms": 186, "composition": [66, 90, 30], "charge": -0.0, "weight": 1.0, "ef": 0.04165625480408164, "vac": -0.5725840035621186, "wf": -0.6142402583662001, "vacuum_reference_gap": -0.013998135067152528, "force_rmse": 0.11049877570133226, "potential_error_power_eV2": 0.10786228306053881, "gaussian_lowpass_error_power_eV2": 0.0973379604628816, "planar_error_power_eV2": 0.10379729809361479}, {"index": 143, "atoms": 185, "composition": [65, 90, 30], "charge": -0.0, "weight": 1.0, "ef": 0.19365348655172643, "vac": -0.3613091117305238, "wf": -0.5549625982822501, "vacuum_reference_gap": -0.018373189317302252, "force_rmse": 0.05319940044481655, "potential_error_power_eV2": 0.05702988084564165, "gaussian_lowpass_error_power_eV2": 0.05093632887103127, "planar_error_power_eV2": 0.05397362435171106}], "composition_cohorts": [{"element_counts": "(64, 90, 30)", "graphs": 1, "wf_rmse_eV": 0.9291714303008334}, {"element_counts": "(60, 90, 30)", "graphs": 1, "wf_rmse_eV": 0.6845502137348012}, {"element_counts": "(61, 90, 30)", "graphs": 10, "wf_rmse_eV": 0.5689231354432498}, {"element_counts": "(19, 57, 24)", "graphs": 1, "wf_rmse_eV": 0.5006844745060732}, {"element_counts": "(19, 69, 30)", "graphs": 1, "wf_rmse_eV": 0.48599318885973997}, {"element_counts": "(31, 112, 48)", "graphs": 1, "wf_rmse_eV": 0.44709352254946744}, {"element_counts": "(65, 90, 30)", "graphs": 10, "wf_rmse_eV": 0.4285856789196393}, {"element_counts": "(23, 128, 60)", "graphs": 1, "wf_rmse_eV": 0.4002743258524548}, {"element_counts": "(41, 135, 60)", "graphs": 1, "wf_rmse_eV": 0.38147143149512}, {"element_counts": "(66, 90, 30)", "graphs": 10, "wf_rmse_eV": 0.3369483313354908}, {"element_counts": "(20, 44, 18)", "graphs": 1, "wf_rmse_eV": 0.31543381928487957}, {"element_counts": "(14, 43, 18)", "graphs": 1, "wf_rmse_eV": 0.2756645506485542}], "scope": "Full supplied split; diagnostic only, no reference-dependent correction is installed.", "atomic_numbers": [1, 8, 77]}
2026-10-08 14:07:35.641 INFO: Epoch 40: loss=5.25617, RMSE_E_per_atom=15.3633 meV, RMSE_F=58.8517 meV/A, RMSE_dip_per_atom=0.4756 meA, RMSE_rho=0.0706 me/A^3, RMSE_EF(abs/rel)=95.5429/95.3608 meV, RMSE_ESP=103.0516 mV, RMSE_ESPvac(abs/rel)=120.6967/120.6534 mV, RMSE_WF(abs/rel)=191.9962/191.9777 meV
2026-10-08 14:07:35.641 INFO: 50-step electronic residual maximum: 7.7287e-06
2026-10-08 14:07:35.651 INFO: Optimizer epoch 40: lr=[0.003, 0.003, 0.003, 0.003, 0.003, 0.003, 0.003, 0.003, 0.003], mean gradient norm=70.642, clipped=174/174
2026-10-08 14:07:35.652 INFO: Epoch timing: train=63.596s, validation=43.748s, updates=174, train/update=0.36549s, peak allocated=6992.6 MiB, backbone=CuEq
2026-10-08 14:07:35.652 INFO: Optimization budget: graphs=1385/1385, updates=174, mean retained gradient=0.18478, min retained gradient=0.033774
2026-10-08 14:07:35.652 INFO: Optimizer time scales {"updates_per_epoch": 174, "groups": [{"name": "embedding", "lr": 0.003, "parameter_update_range": [7134.0, 7134.0], "moment_memory_epochs": [0.057471264367816105, 5.747126436781604], "AdamW_decay_only_retention_per_epoch": 1.0}, {"name": "interactions_decay", "lr": 0.003, "parameter_update_range": [7134.0, 7134.0], "moment_memory_epochs": [0.057471264367816105, 5.747126436781604], "AdamW_decay_only_retention_per_epoch": 0.9994781354357083}, {"name": "interactions_no_decay", "lr": 0.003, "parameter_update_range": [7134.0, 7134.0], "moment_memory_epochs": [0.057471264367816105, 5.747126436781604], "AdamW_decay_only_retention_per_epoch": 1.0}, {"name": "products", "lr": 0.003, "parameter_update_range": [7134.0, 7134.0], "moment_memory_epochs": [0.057471264367816105, 5.747126436781604], "AdamW_decay_only_retention_per_epoch": 0.9994781354357083}, {"name": "readouts", "lr": 0.003, "parameter_update_range": [7134.0, 7134.0], "moment_memory_epochs": [0.057471264367816105, 5.747126436781604], "AdamW_decay_only_retention_per_epoch": 1.0}, {"name": "lr_source_maps", "lr": 0.003, "parameter_update_range": [7134.0, 7134.0], "moment_memory_epochs": [0.057471264367816105, 5.747126436781604], "AdamW_decay_only_retention_per_epoch": 1.0}, {"name": "field_dependent_charges_map", "lr": 0.003, "parameter_update_range": [7134.0, 7134.0], "moment_memory_epochs": [0.057471264367816105, 5.747126436781604], "AdamW_decay_only_retention_per_epoch": 0.9947935226309068}, {"name": "electronic_references", "lr": 0.003, "parameter_update_range": [7134.0, 7134.0], "moment_memory_epochs": [0.057471264367816105, 5.747126436781604], "AdamW_decay_only_retention_per_epoch": 1.0}, {"name": "layer_feature_mixer", "lr": 0.003, "parameter_update_range": [7134.0, 7134.0], "moment_memory_epochs": [0.057471264367816105, 5.747126436781604], "AdamW_decay_only_retention_per_epoch": 0.9994781354357083}], "EMA_asymptotic_memory_epochs": 0.5747126436781604}
2026-10-08 14:07:35.652 INFO: Batching: optimizer graphs=8, device graphs<=8; one clipping/Adam/EMA update per optimizer batch
2026-10-08 14:07:35.652 INFO: 50-step finite-budget validation residual 7.7287e-06 exceeds equilibrium tolerance 1e-06; metrics describe the exported finite trajectory, not a converged root
2026-10-08 14:13:07.784 INFO: Training-only scalar reference calibration {'fermi_level': {'observed_training_graphs': 60, 'shift_eV': 0.003786953851801784, 'reference_eV': -3.5452844388979257, 'panel_RMSE_before_eV': 0.06712212603756722, 'panel_RMSE_after_eV': 0.06701521308126523}, 'vacuum_potential': {'observed_training_graphs': 60, 'shift_eV': -0.002113131396201899, 'reference_eV': 0.0021317924260798008, 'panel_RMSE_before_eV': 0.061379727038638164, 'panel_RMSE_after_eV': 0.06134334166835154}, 'seconds': 8.791882661986165}; constants saved with the model; relative errors and physical fixed-Q trajectory unchanged
2026-10-08 14:13:43.162 INFO: Full validation audit {"graphs": 351, "index_convention": "supplied loader order, zero based", "force_rmse_by_element_column_eV_A": {"0": 0.042726370146768895, "1": 0.057972148415263325, "2": 0.0747629064332079}, "force_target_rms_by_element_column_eV_A": {"0": 0.7584590607696344, "1": 0.8723013494869878, "2": 0.9590743569439976}, "force_rmse_over_target_rms_by_element_column": {"0": 0.05633312640950322, "1": 0.06645885444216901, "2": 0.0779531908990175}, "density_observers": {"density_RMSE_e_A3": 0.00041058296874376256, "farfield_RMSE_e_A3": 6.791691344912796e-05, "scope": "Different Gaussian resolutions of the same error; smaller farfield RMSE is not an accuracy gain."}, "potential_error_power_fractions": {"normal_reciprocal_line": 0.8908888173864825, "Gaussian_lowpass": 0.8234349943924778, "Gaussian_width_A": 1.5}, "observed_EF_vac_WF": 331, "EF_vac_WF_rmse_eV": [0.09350739691140715, 0.11880197205549763, 0.189125060225584], "EF_vac_WF_relative_rmse_eV": [0.09339578632458913, 0.11870434001224599, 0.1891248974933849], "EF_vac_WF_bias_eV": [-0.004567315837460605, -0.004815415509832027, -0.0002480996723713992], "EF_vac_covariance_eV2": -0.0064773668054760635, "WF_absolute_error_quantiles_eV": {"median": 0.06252623494931608, "p90": 0.23413692126711894, "p99": 0.9009433641392895, "max": 1.1359033192445902}, "WF_identity_max_error_eV": 1.1102230246251565e-15, "WF_variance_components_eV2": {"EF": 0.008722772903188312, "vacuum": 0.014090720337742908, "covariance_contribution": 0.012954733610952127}, "WF_centered_squared_error_share_largest_10_percent": 0.7967162517160464, "independent_single_anchor_EF_vac_WF_RMSE_eV": [0.1320815876887336, 0.1678732875578655, 0.2674629950175663], "relative_error_scope": "One whole-split offset for RMSE_rel; no fitted offset is applied to predictions. Single-anchor expectation assumes independent configurations.", "spectral_minus_measured_vacuum_RMSE_eV": 0.018893168071070512, "spectral_minus_measured_vacuum_bias_eV": -0.012520879424160507, "spectral_minus_measured_vacuum_relative_RMSE_eV": 0.014148476179693427, "WF_squared_error_share_largest_10_percent": 0.7967064341244476, "largest_WF_errors": [{"index": 247, "atoms": 181, "composition": [61, 90, 30], "charge": -0.0, "weight": 1.0, "ef": -0.5137092777285284, "vac": 0.6221940415160621, "wf": 1.1359033192445902, "vacuum_reference_gap": -0.029866708888463656, "force_rmse": 0.07346439749715684, "potential_error_power_eV2": 0.2796430101445179, "gaussian_lowpass_error_power_eV2": 0.26010574082123855, "planar_error_power_eV2": 0.27672468897473107}, {"index": 36, "atoms": 181, "composition": [61, 90, 30], "charge": -0.0, "weight": 1.0, "ef": 0.4317489557801344, "vac": -0.6114419541660312, "wf": -1.043190909946166, "vacuum_reference_gap": -0.02853873035558152, "force_rmse": 0.06102275295807412, "potential_error_power_eV2": 0.2665837419588283, "gaussian_lowpass_error_power_eV2": 0.2482060570327142, "planar_error_power_eV2": 0.2632536147232606}, {"index": 174, "atoms": 184, "composition": [64, 90, 30], "charge": -0.0, "weight": 1.0, "ef": -0.45282584914767476, "vac": 0.5305062233587581, "wf": 0.9833320725064327, "vacuum_reference_gap": -0.019617781846668514, "force_rmse": 0.14138889086636733, "potential_error_power_eV2": 0.23902087863868357, "gaussian_lowpass_error_power_eV2": 0.2227321023076817, "planar_error_power_eV2": 0.23488901065162449}, {"index": 334, "atoms": 185, "composition": [65, 90, 30], "charge": -0.0, "weight": 1.0, "ef": -0.41393224543504564, "vac": 0.5385581054959365, "wf": 0.9524903509309821, "vacuum_reference_gap": -0.028350907757834776, "force_rmse": 0.12057260401247731, "potential_error_power_eV2": 0.20924578965674576, "gaussian_lowpass_error_power_eV2": 0.1908305413742117, "planar_error_power_eV2": 0.2052227413583237}, {"index": 249, "atoms": 181, "composition": [61, 90, 30], "charge": -0.0, "weight": 1.0, "ef": -0.38875634616995813, "vac": 0.39191071545538847, "wf": 0.7806670616253468, "vacuum_reference_gap": -0.023634629053334244, "force_rmse": 0.06842342984715621, "potential_error_power_eV2": 0.11968530589479626, "gaussian_lowpass_error_power_eV2": 0.10810108739481784, "planar_error_power_eV2": 0.11537944739732421}, {"index": 134, "atoms": 180, "composition": [60, 90, 30], "charge": -0.0, "weight": 1.0, "ef": -0.28059381312366916, "vac": 0.39722378428022953, "wf": 0.6778175974038989, "vacuum_reference_gap": -0.0410481167446779, "force_rmse": 0.07377187975648773, "potential_error_power_eV2": 0.1555938156094864, "gaussian_lowpass_error_power_eV2": 0.14158485719300043, "planar_error_power_eV2": 0.14995422867686764}, {"index": 213, "atoms": 186, "composition": [66, 90, 30], "charge": -0.0, "weight": 1.0, "ef": 0.0731238729521203, "vac": -0.5827985345352005, "wf": -0.6559224074873207, "vacuum_reference_gap": -0.013998135067152528, "force_rmse": 0.10387803899059977, "potential_error_power_eV2": 0.10725768145333049, "gaussian_lowpass_error_power_eV2": 0.0970848860013199, "planar_error_power_eV2": 0.10357108462097672}, {"index": 143, "atoms": 185, "composition": [65, 90, 30], "charge": -0.0, "weight": 1.0, "ef": 0.199965667160524, "vac": -0.3541382941732216, "wf": -0.5541039613337455, "vacuum_reference_gap": -0.018373189317302252, "force_rmse": 0.05137680653744739, "potential_error_power_eV2": 0.0587715103531867, "gaussian_lowpass_error_power_eV2": 0.053376819560305024, "planar_error_power_eV2": 0.056677703001398724}], "composition_cohorts": [{"element_counts": "(64, 90, 30)", "graphs": 1, "wf_rmse_eV": 0.9833320725064327}, {"element_counts": "(60, 90, 30)", "graphs": 1, "wf_rmse_eV": 0.6778175974038989}, {"element_counts": "(61, 90, 30)", "graphs": 10, "wf_rmse_eV": 0.5912189802706462}, {"element_counts": "(19, 69, 30)", "graphs": 1, "wf_rmse_eV": 0.5313222710448064}, {"element_counts": "(19, 57, 24)", "graphs": 1, "wf_rmse_eV": 0.4710821797011455}, {"element_counts": "(31, 112, 48)", "graphs": 1, "wf_rmse_eV": 0.3960225729190068}, {"element_counts": "(41, 135, 60)", "graphs": 1, "wf_rmse_eV": 0.38762605444869624}, {"element_counts": "(65, 90, 30)", "graphs": 10, "wf_rmse_eV": 0.3785105621220718}, {"element_counts": "(23, 128, 60)", "graphs": 1, "wf_rmse_eV": 0.3732385635176163}, {"element_counts": "(66, 90, 30)", "graphs": 10, "wf_rmse_eV": 0.332509968134926}, {"element_counts": "(20, 44, 18)", "graphs": 1, "wf_rmse_eV": 0.3084274667863909}, {"element_counts": "(0, 120, 60)", "graphs": 2, "wf_rmse_eV": 0.28037740422891716}], "scope": "Full supplied split; diagnostic only, no reference-dependent correction is installed.", "atomic_numbers": [1, 8, 77]}
2026-10-08 14:13:43.164 INFO: Epoch 45: loss=4.95411, RMSE_E_per_atom=14.7484 meV, RMSE_F=56.0551 meV/A, RMSE_dip_per_atom=0.4575 meA, RMSE_rho=0.0679 me/A^3, RMSE_EF(abs/rel)=93.5074/93.3958 meV, RMSE_ESP=100.5608 mV, RMSE_ESPvac(abs/rel)=118.8020/118.7043 mV, RMSE_WF(abs/rel)=189.1251/189.1249 meV
2026-10-08 14:13:43.164 INFO: 50-step electronic residual maximum: 4.5427e-06
2026-10-08 14:13:43.171 INFO: Optimizer epoch 45: lr=[0.003, 0.003, 0.003, 0.003, 0.003, 0.003, 0.003, 0.003, 0.003], mean gradient norm=70.471, clipped=174/174
2026-10-08 14:13:43.171 INFO: Epoch timing: train=64.878s, validation=44.180s, updates=174, train/update=0.37286s, peak allocated=6158.5 MiB, backbone=CuEq
2026-10-08 14:13:43.171 INFO: Optimization budget: graphs=1385/1385, updates=174, mean retained gradient=0.17641, min retained gradient=0.039955
2026-10-08 14:13:43.171 INFO: Optimizer time scales {"updates_per_epoch": 174, "groups": [{"name": "embedding", "lr": 0.003, "parameter_update_range": [8004.0, 8004.0], "moment_memory_epochs": [0.057471264367816105, 5.747126436781604], "AdamW_decay_only_retention_per_epoch": 1.0}, {"name": "interactions_decay", "lr": 0.003, "parameter_update_range": [8004.0, 8004.0], "moment_memory_epochs": [0.057471264367816105, 5.747126436781604], "AdamW_decay_only_retention_per_epoch": 0.9994781354357083}, {"name": "interactions_no_decay", "lr": 0.003, "parameter_update_range": [8004.0, 8004.0], "moment_memory_epochs": [0.057471264367816105, 5.747126436781604], "AdamW_decay_only_retention_per_epoch": 1.0}, {"name": "products", "lr": 0.003, "parameter_update_range": [8004.0, 8004.0], "moment_memory_epochs": [0.057471264367816105, 5.747126436781604], "AdamW_decay_only_retention_per_epoch": 0.9994781354357083}, {"name": "readouts", "lr": 0.003, "parameter_update_range": [8004.0, 8004.0], "moment_memory_epochs": [0.057471264367816105, 5.747126436781604], "AdamW_decay_only_retention_per_epoch": 1.0}, {"name": "lr_source_maps", "lr": 0.003, "parameter_update_range": [8004.0, 8004.0], "moment_memory_epochs": [0.057471264367816105, 5.747126436781604], "AdamW_decay_only_retention_per_epoch": 1.0}, {"name": "field_dependent_charges_map", "lr": 0.003, "parameter_update_range": [8004.0, 8004.0], "moment_memory_epochs": [0.057471264367816105, 5.747126436781604], "AdamW_decay_only_retention_per_epoch": 0.9947935226309068}, {"name": "electronic_references", "lr": 0.003, "parameter_update_range": [8004.0, 8004.0], "moment_memory_epochs": [0.057471264367816105, 5.747126436781604], "AdamW_decay_only_retention_per_epoch": 1.0}, {"name": "layer_feature_mixer", "lr": 0.003, "parameter_update_range": [8004.0, 8004.0], "moment_memory_epochs": [0.057471264367816105, 5.747126436781604], "AdamW_decay_only_retention_per_epoch": 0.9994781354357083}], "EMA_asymptotic_memory_epochs": 0.5747126436781604}
2026-10-08 14:13:43.172 INFO: Batching: optimizer graphs=8, device graphs<=8; one clipping/Adam/EMA update per optimizer batch
2026-10-08 14:13:43.172 INFO: 50-step finite-budget validation residual 4.5427e-06 exceeds equilibrium tolerance 1e-06; metrics describe the exported finite trajectory, not a converged root
2026-10-08 14:18:11.275 INFO: Training-only scalar reference calibration {'fermi_level': {'observed_training_graphs': 60, 'shift_eV': -0.01153104660067561, 'reference_eV': -3.556815485498601, 'panel_RMSE_before_eV': 0.06433691209958664, 'panel_RMSE_after_eV': 0.063295127954709}, 'vacuum_potential': {'observed_training_graphs': 60, 'shift_eV': -0.007148728165721304, 'reference_eV': -0.005016935739641503, 'panel_RMSE_before_eV': 0.05811277004973336, 'panel_RMSE_after_eV': 0.0576713943690094}, 'seconds': 8.79752620900399}; constants saved with the model; relative errors and physical fixed-Q trajectory unchanged
2026-10-08 14:18:46.647 INFO: Full validation audit {"graphs": 351, "index_convention": "supplied loader order, zero based", "force_rmse_by_element_column_eV_A": {"0": 0.04112251492744548, "1": 0.05599171438014114, "2": 0.07214994877239457}, "force_target_rms_by_element_column_eV_A": {"0": 0.7584590607696344, "1": 0.8723013494869878, "2": 0.9590743569439976}, "force_rmse_over_target_rms_by_element_column": {"0": 0.05421850308666239, "1": 0.06418849909273971, "2": 0.075228733048701}, "density_observers": {"density_RMSE_e_A3": 0.00040733331629289754, "farfield_RMSE_e_A3": 6.460953443074482e-05, "scope": "Different Gaussian resolutions of the same error; smaller farfield RMSE is not an accuracy gain."}, "potential_error_power_fractions": {"normal_reciprocal_line": 0.8964202748222294, "Gaussian_lowpass": 0.8277154689133306, "Gaussian_width_A": 1.5}, "observed_EF_vac_WF": 331, "EF_vac_WF_rmse_eV": [0.08987630469283796, 0.11832514715136785, 0.18669333051354897], "EF_vac_WF_relative_rmse_eV": [0.08986832852168047, 0.11783171589277286, 0.18644647837347011], "EF_vac_WF_bias_eV": [-0.0011973612483931547, -0.0107947755028867, -0.009597414254493522], "EF_vac_covariance_eV2": -0.00640082977817653, "WF_absolute_error_quantiles_eV": {"median": 0.060514418664606495, "p90": 0.24575337058456626, "p99": 0.8829219093301229, "max": 1.0250009840852918}, "WF_identity_max_error_eV": 8.881784197001252e-16, "WF_variance_components_eV2": {"EF": 0.008076316471280692, "vacuum": 0.013884313270235132, "covariance_contribution": 0.01280165955635306}, "WF_centered_squared_error_share_largest_10_percent": 0.800269735186036, "independent_single_anchor_EF_vac_WF_RMSE_eV": [0.12709300902316137, 0.16663921069325274, 0.26367513837246337], "relative_error_scope": "One whole-split offset for RMSE_rel; no fitted offset is applied to predictions. Single-anchor expectation assumes independent configurations.", "spectral_minus_measured_vacuum_RMSE_eV": 0.018893168071070512, "spectral_minus_measured_vacuum_bias_eV": -0.012520879424160507, "spectral_minus_measured_vacuum_relative_RMSE_eV": 0.014148476179693427, "WF_squared_error_share_largest_10_percent": 0.7972487813689599, "largest_WF_errors": [{"index": 174, "atoms": 184, "composition": [64, 90, 30], "charge": -0.0, "weight": 1.0, "ef": -0.4658608646124188, "vac": 0.5591401194728736, "wf": 1.0250009840852918, "vacuum_reference_gap": -0.019617781846668514, "force_rmse": 0.14546085024941574, "potential_error_power_eV2": 0.2597815428825654, "gaussian_lowpass_error_power_eV2": 0.24271454883759236, "planar_error_power_eV2": 0.25589731747245675}, {"index": 247, "atoms": 181, "composition": [61, 90, 30], "charge": -0.0, "weight": 1.0, "ef": -0.4458514699899452, "vac": 0.5392013802701596, "wf": 0.985052850260105, "vacuum_reference_gap": -0.029866708888463656, "force_rmse": 0.0724193336743232, "potential_error_power_eV2": 0.21389023101127158, "gaussian_lowpass_error_power_eV2": 0.1989099631584322, "planar_error_power_eV2": 0.21167914215472758}, {"index": 36, "atoms": 181, "composition": [61, 90, 30], "charge": -0.0, "weight": 1.0, "ef": 0.3608613857812797, "vac": -0.5472104445506223, "wf": -0.9080718303319024, "vacuum_reference_gap": -0.02853873035558152, "force_rmse": 0.05760189521449472, "potential_error_power_eV2": 0.1888912403352158, "gaussian_lowpass_error_power_eV2": 0.17635123538520786, "planar_error_power_eV2": 0.1864811356039008}, {"index": 249, "atoms": 181, "composition": [61, 90, 30], "charge": -0.0, "weight": 1.0, "ef": -0.44545195034262286, "vac": 0.4495045574716139, "wf": 0.8949565078142365, "vacuum_reference_gap": -0.023634629053334244, "force_rmse": 0.06766604725988894, "potential_error_power_eV2": 0.16629153413571948, "gaussian_lowpass_error_power_eV2": 0.1532748225924046, "planar_error_power_eV2": 0.1637887783071268}, {"index": 334, "atoms": 185, "composition": [65, 90, 30], "charge": -0.0, "weight": 1.0, "ef": -0.36534705472285506, "vac": 0.48949412481100474, "wf": 0.8548411795338593, "vacuum_reference_gap": -0.028350907757834776, "force_rmse": 0.12013195917760616, "potential_error_power_eV2": 0.1790168041116013, "gaussian_lowpass_error_power_eV2": 0.1631389713933591, "planar_error_power_eV2": 0.17596370029325814}, {"index": 213, "atoms": 186, "composition": [66, 90, 30], "charge": -0.0, "weight": 1.0, "ef": 0.15568960261641396, "vac": -0.672528049967033, "wf": -0.8282176525834468, "vacuum_reference_gap": -0.013998135067152528, "force_rmse": 0.10198454544125793, "potential_error_power_eV2": 0.13814242180681235, "gaussian_lowpass_error_power_eV2": 0.12671934276078423, "planar_error_power_eV2": 0.13505171054091258}, {"index": 134, "atoms": 180, "composition": [60, 90, 30], "charge": -0.0, "weight": 1.0, "ef": -0.30368577749377157, "vac": 0.42699679764255727, "wf": 0.7306825751363286, "vacuum_reference_gap": -0.0410481167446779, "force_rmse": 0.07189460977451516, "potential_error_power_eV2": 0.1725049655179966, "gaussian_lowpass_error_power_eV2": 0.15752443701454066, "planar_error_power_eV2": 0.16675676841811723}, {"index": 193, "atoms": 186, "composition": [66, 90, 30], "charge": -0.0, "weight": 1.0, "ef": 0.16106852020057727, "vac": -0.4890678178473111, "wf": -0.6501363380478884, "vacuum_reference_gap": -0.028958271338110908, "force_rmse": 0.0786300253111555, "potential_error_power_eV2": 0.08079449126864133, "gaussian_lowpass_error_power_eV2": 0.0724172847942063, "planar_error_power_eV2": 0.07922563253765894}], "composition_cohorts": [{"element_counts": "(64, 90, 30)", "graphs": 1, "wf_rmse_eV": 1.0250009840852918}, {"element_counts": "(60, 90, 30)", "graphs": 1, "wf_rmse_eV": 0.7306825751363286}, {"element_counts": "(61, 90, 30)", "graphs": 10, "wf_rmse_eV": 0.5552653202680568}, {"element_counts": "(19, 69, 30)", "graphs": 1, "wf_rmse_eV": 0.4603925921519192}, {"element_counts": "(19, 57, 24)", "graphs": 1, "wf_rmse_eV": 0.4160113619485539}, {"element_counts": "(41, 135, 60)", "graphs": 1, "wf_rmse_eV": 0.40660487891516883}, {"element_counts": "(23, 128, 60)", "graphs": 1, "wf_rmse_eV": 0.40274589996458054}, {"element_counts": "(66, 90, 30)", "graphs": 10, "wf_rmse_eV": 0.39251692744953937}, {"element_counts": "(31, 112, 48)", "graphs": 1, "wf_rmse_eV": 0.37157142032853585}, {"element_counts": "(65, 90, 30)", "graphs": 10, "wf_rmse_eV": 0.35667031518826375}, {"element_counts": "(20, 44, 18)", "graphs": 1, "wf_rmse_eV": 0.31879017100998475}, {"element_counts": "(44, 88, 36)", "graphs": 2, "wf_rmse_eV": 0.3110170186109849}], "scope": "Full supplied split; diagnostic only, no reference-dependent correction is installed.", "atomic_numbers": [1, 8, 77]}
2026-10-08 14:18:46.650 INFO: Epoch 49: loss=4.70166, RMSE_E_per_atom=14.1033 meV, RMSE_F=54.0880 meV/A, RMSE_dip_per_atom=0.4495 meA, RMSE_rho=0.0646 me/A^3, RMSE_EF(abs/rel)=89.8763/89.8683 meV, RMSE_ESP=97.9146 mV, RMSE_ESPvac(abs/rel)=118.3251/117.8317 mV, RMSE_WF(abs/rel)=186.6933/186.4465 meV
2026-10-08 14:18:46.650 INFO: 50-step electronic residual maximum: 4.7293e-06
2026-10-08 14:18:46.657 INFO: Optimizer epoch 49: lr=[0.003, 0.003, 0.003, 0.003, 0.003, 0.003, 0.003, 0.003, 0.003], mean gradient norm=62.983, clipped=174/174
2026-10-08 14:18:46.657 INFO: Epoch timing: train=64.736s, validation=44.180s, updates=174, train/update=0.37204s, peak allocated=6181.3 MiB, backbone=CuEq
2026-10-08 14:18:46.657 INFO: Optimization budget: graphs=1385/1385, updates=174, mean retained gradient=0.20774, min retained gradient=0.024887
2026-10-08 14:18:46.658 INFO: Optimizer time scales {"updates_per_epoch": 174, "groups": [{"name": "embedding", "lr": 0.003, "parameter_update_range": [8700.0, 8700.0], "moment_memory_epochs": [0.057471264367816105, 5.747126436781604], "AdamW_decay_only_retention_per_epoch": 1.0}, {"name": "interactions_decay", "lr": 0.003, "parameter_update_range": [8700.0, 8700.0], "moment_memory_epochs": [0.057471264367816105, 5.747126436781604], "AdamW_decay_only_retention_per_epoch": 0.9994781354357083}, {"name": "interactions_no_decay", "lr": 0.003, "parameter_update_range": [8700.0, 8700.0], "moment_memory_epochs": [0.057471264367816105, 5.747126436781604], "AdamW_decay_only_retention_per_epoch": 1.0}, {"name": "products", "lr": 0.003, "parameter_update_range": [8700.0, 8700.0], "moment_memory_epochs": [0.057471264367816105, 5.747126436781604], "AdamW_decay_only_retention_per_epoch": 0.9994781354357083}, {"name": "readouts", "lr": 0.003, "parameter_update_range": [8700.0, 8700.0], "moment_memory_epochs": [0.057471264367816105, 5.747126436781604], "AdamW_decay_only_retention_per_epoch": 1.0}, {"name": "lr_source_maps", "lr": 0.003, "parameter_update_range": [8700.0, 8700.0], "moment_memory_epochs": [0.057471264367816105, 5.747126436781604], "AdamW_decay_only_retention_per_epoch": 1.0}, {"name": "field_dependent_charges_map", "lr": 0.003, "parameter_update_range": [8700.0, 8700.0], "moment_memory_epochs": [0.057471264367816105, 5.747126436781604], "AdamW_decay_only_retention_per_epoch": 0.9947935226309068}, {"name": "electronic_references", "lr": 0.003, "parameter_update_range": [8700.0, 8700.0], "moment_memory_epochs": [0.057471264367816105, 5.747126436781604], "AdamW_decay_only_retention_per_epoch": 1.0}, {"name": "layer_feature_mixer", "lr": 0.003, "parameter_update_range": [8700.0, 8700.0], "moment_memory_epochs": [0.057471264367816105, 5.747126436781604], "AdamW_decay_only_retention_per_epoch": 0.9994781354357083}], "EMA_asymptotic_memory_epochs": 0.5747126436781604}
2026-10-08 14:18:46.658 INFO: Batching: optimizer graphs=8, device graphs<=8; one clipping/Adam/EMA update per optimizer batch
2026-10-08 14:18:46.658 INFO: 50-step finite-budget validation residual 4.7293e-06 exceeds equilibrium tolerance 1e-06; metrics describe the exported finite trajectory, not a converged root
2026-10-08 14:18:46.773 INFO: WeightedLoss(energy_per_atom_weight=100, forces_weight=500, dipole_weight=10, fourier_density_weight=10, fourier_density options: reference=farfield, fourier_potential_weight=100, vacuum_potential_weight=100, vacuum_potential options: relative=True, fermi_level_weight=100, fermi_level options: relative=True, )
2026-10-08 14:18:46.773 INFO: FixedPointWrapper: mode=unroll_scf, scf_options=FixedPointSCFOptions(num_scf_steps=25, scf_tolerance=1e-06, mixing_parameter=0.5, constant_charge=True, use_autograd_forces=True, initial_density='local_guess', initial_fermi_level='zero'), linear_solve=inverse, fixedpoint_scf_stability=False
2026-10-08 14:18:46.773 INFO: Setting global learning rate to 0.001
2026-10-08 14:18:46.775 INFO: Runtime inventory {"parameters": 291038, "parameter_MiB": 2.2204437255859375, "optimizer_MiB": 4.4412994384765625, "batch_size": 8, "layout": "ir_mul", "blocks": {"node_embedding": 192, "radial_embedding": 0, "spherical_harmonics": 0, "atomic_energies_fn": 0, "interactions": 181248, "products": 49408, "readouts": 4224, "electric_potential_descriptor": 0, "lr_source_maps": 16512, "field_dependent_charges_map": 23070, "local_electron_energy": 0, "external_field_contribution": 0, "external_field_contribution_internal": 0, "coulomb_energy": 0, "layer_feature_mixer": 16384}, "optimizer_groups": [{"name": "embedding", "lr": 0.001, "weight_decay": 0.0, "parameters": 192}, {"name": "interactions_decay", "lr": 0.001, "weight_decay": 0.001, "parameters": 57344}, {"name": "interactions_no_decay", "lr": 0.001, "weight_decay": 0.0, "parameters": 123904}, {"name": "products", "lr": 0.001, "weight_decay": 0.001, "parameters": 49408}, {"name": "readouts", "lr": 0.001, "weight_decay": 0.0, "parameters": 4224}, {"name": "lr_source_maps", "lr": 0.001, "weight_decay": 0.0, "parameters": 16512}, {"name": "field_dependent_charges_map", "lr": 0.001, "weight_decay": 0.01, "parameters": 22768}, {"name": "electronic_references", "lr": 0.001, "weight_decay": 0.0, "parameters": 302}, {"name": "layer_feature_mixer", "lr": 0.001, "weight_decay": 0.001, "parameters": 16384}], "gpu": "NVIDIA H100 NVL", "device_MiB": 95319.4375}
2026-10-08 14:18:46.787 INFO: CoupledResponse mode=unroll_scf: 25 training steps; 50 validation/deployment steps
2026-10-08 14:18:46.788 INFO: Observation convention: RMSE_ESP is the real-space error of the retained zero-mean deformation spectrum; proto supplies the atomic reference field. EF and vacuum include saved training-only scalar references [-3.556815485498601, -0.005016935739641503] eV; WF is their difference. Relative RMSE removes one whole-split bias.
2026-10-08 14:20:31.567 WARNING: A relative scalar loss needs at least two observed labels in an optimizer batch; singleton batches contribute no scalar pair loss. Device microbatch size may still be one.
2026-10-08 14:20:40.395 INFO: Training-only scalar reference calibration {'fermi_level': {'observed_training_graphs': 60, 'shift_eV': 0.04121056120174392, 'reference_eV': -3.5156049242968574, 'panel_RMSE_before_eV': 0.07397297945768218, 'panel_RMSE_after_eV': 0.06143037795166158}, 'vacuum_potential': {'observed_training_graphs': 60, 'shift_eV': 0.005278164307782265, 'reference_eV': 0.00026122856814076237, 'panel_RMSE_before_eV': 0.05639558638242463, 'panel_RMSE_after_eV': 0.05614804667090007}, 'seconds': 8.80293898799573}; constants saved with the model; relative errors and physical fixed-Q trajectory unchanged
2026-10-08 14:21:16.006 INFO: Full validation audit {"graphs": 351, "index_convention": "supplied loader order, zero based", "force_rmse_by_element_column_eV_A": {"0": 0.040562550929071656, "1": 0.055479443266383065, "2": 0.07106268633035909}, "force_target_rms_by_element_column_eV_A": {"0": 0.7584590607696344, "1": 0.8723013494869878, "2": 0.9590743569439976}, "force_rmse_over_target_rms_by_element_column": {"0": 0.053480211427511255, "1": 0.06360123516834094, "2": 0.07409507491868911}, "density_observers": {"density_RMSE_e_A3": 0.0004007788755694234, "farfield_RMSE_e_A3": 6.263121670330422e-05, "scope": "Different Gaussian resolutions of the same error; smaller farfield RMSE is not an accuracy gain."}, "potential_error_power_fractions": {"normal_reciprocal_line": 0.8960045050616733, "Gaussian_lowpass": 0.8293783787749678, "Gaussian_width_A": 1.5}, "observed_EF_vac_WF": 331, "EF_vac_WF_rmse_eV": [0.08910037404246089, 0.1162825030790662, 0.18449177020603136], "EF_vac_WF_relative_rmse_eV": [0.08904795416293503, 0.11590129260095801, 0.1843823846932116], "EF_vac_WF_bias_eV": [-0.003055898215297604, -0.00940802294640899, -0.006352124731111387], "EF_vac_covariance_eV2": -0.006317108008989204, "WF_absolute_error_quantiles_eV": {"median": 0.05478436950635057, "p90": 0.23422271406155115, "p99": 0.8904793405383058, "max": 1.133422870511708}, "WF_identity_max_error_eV": 1.3322676295501878e-15, "WF_variance_components_eV2": {"EF": 0.00792953814060418, "vacuum": 0.013433109626572882, "covariance_contribution": 0.012634216017978407}, "WF_centered_squared_error_share_largest_10_percent": 0.8214122549718262, "independent_single_anchor_EF_vac_WF_RMSE_eV": [0.12593282447880041, 0.16390917989284728, 0.2607560690958332], "relative_error_scope": "One whole-split offset for RMSE_rel; no fitted offset is applied to predictions. Single-anchor expectation assumes independent configurations.", "spectral_minus_measured_vacuum_RMSE_eV": 0.018893168071070512, "spectral_minus_measured_vacuum_bias_eV": -0.012520879424160507, "spectral_minus_measured_vacuum_relative_RMSE_eV": 0.014148476179693427, "WF_squared_error_share_largest_10_percent": 0.820585856528547, "largest_WF_errors": [{"index": 247, "atoms": 181, "composition": [61, 90, 30], "charge": -0.0, "weight": 1.0, "ef": -0.5267956468712016, "vac": 0.6066272236405066, "wf": 1.133422870511708, "vacuum_reference_gap": -0.029866708888463656, "force_rmse": 0.07095330462486606, "potential_error_power_eV2": 0.28541637761508, "gaussian_lowpass_error_power_eV2": 0.26685121710655674, "planar_error_power_eV2": 0.2832727151492144}, {"index": 174, "atoms": 184, "composition": [64, 90, 30], "charge": -0.0, "weight": 1.0, "ef": -0.4525828441573002, "vac": 0.5237313510030939, "wf": 0.976314195160394, "vacuum_reference_gap": -0.019617781846668514, "force_rmse": 0.1438750477922797, "potential_error_power_eV2": 0.2372793960665451, "gaussian_lowpass_error_power_eV2": 0.22124937706530326, "planar_error_power_eV2": 0.23330199881273284}, {"index": 334, "atoms": 185, "composition": [65, 90, 30], "charge": -0.0, "weight": 1.0, "ef": -0.3998807813044883, "vac": 0.5048866984284723, "wf": 0.9047674797329606, "vacuum_reference_gap": -0.028350907757834776, "force_rmse": 0.11829947123656286, "potential_error_power_eV2": 0.1926277026573182, "gaussian_lowpass_error_power_eV2": 0.17574944161342837, "planar_error_power_eV2": 0.1893398640581429}, {"index": 213, "atoms": 186, "composition": [66, 90, 30], "charge": -0.0, "weight": 1.0, "ef": 0.19371331742752773, "vac": -0.7046624465101461, "wf": -0.8983757639376737, "vacuum_reference_gap": -0.013998135067152528, "force_rmse": 0.1005091870750702, "potential_error_power_eV2": 0.15412704179843142, "gaussian_lowpass_error_power_eV2": 0.14196747361092843, "planar_error_power_eV2": 0.15114383227081016}, {"index": 249, "atoms": 181, "composition": [61, 90, 30], "charge": -0.0, "weight": 1.0, "ef": -0.45100904645555917, "vac": 0.421045306150889, "wf": 0.8720543526064484, "vacuum_reference_gap": -0.023634629053334244, "force_rmse": 0.06773694305651423, "potential_error_power_eV2": 0.16566003610924493, "gaussian_lowpass_error_power_eV2": 0.15279446568275454, "planar_error_power_eV2": 0.16327264342750863}, {"index": 36, "atoms": 181, "composition": [61, 90, 30], "charge": -0.0, "weight": 1.0, "ef": 0.3114967189752078, "vac": -0.500046820769728, "wf": -0.8115435397449362, "vacuum_reference_gap": -0.02853873035558152, "force_rmse": 0.05494210469146587, "potential_error_power_eV2": 0.15479922778819882, "gaussian_lowpass_error_power_eV2": 0.1436905158118618, "planar_error_power_eV2": 0.15232451902478736}, {"index": 193, "atoms": 186, "composition": [66, 90, 30], "charge": -0.0, "weight": 1.0, "ef": 0.17934985406135495, "vac": -0.5025795608186359, "wf": -0.6819294148799908, "vacuum_reference_gap": -0.028958271338110908, "force_rmse": 0.07774524503488844, "potential_error_power_eV2": 0.08732053018246877, "gaussian_lowpass_error_power_eV2": 0.07857012369126107, "planar_error_power_eV2": 0.08566979600761229}, {"index": 134, "atoms": 180, "composition": [60, 90, 30], "charge": -0.0, "weight": 1.0, "ef": -0.280189177667032, "vac": 0.3880946404995145, "wf": 0.6682838181665467, "vacuum_reference_gap": -0.0410481167446779, "force_rmse": 0.07019156340497756, "potential_error_power_eV2": 0.14519278930099486, "gaussian_lowpass_error_power_eV2": 0.13175365596936875, "planar_error_power_eV2": 0.13930607367727346}], "composition_cohorts": [{"element_counts": "(64, 90, 30)", "graphs": 1, "wf_rmse_eV": 0.976314195160394}, {"element_counts": "(60, 90, 30)", "graphs": 1, "wf_rmse_eV": 0.6682838181665467}, {"element_counts": "(61, 90, 30)", "graphs": 10, "wf_rmse_eV": 0.5603265227270307}, {"element_counts": "(41, 135, 60)", "graphs": 1, "wf_rmse_eV": 0.4561845355606575}, {"element_counts": "(23, 128, 60)", "graphs": 1, "wf_rmse_eV": 0.4282759903319526}, {"element_counts": "(19, 69, 30)", "graphs": 1, "wf_rmse_eV": 0.4211298599796143}, {"element_counts": "(66, 90, 30)", "graphs": 10, "wf_rmse_eV": 0.4204076124686819}, {"element_counts": "(20, 44, 18)", "graphs": 1, "wf_rmse_eV": 0.3971227761046441}, {"element_counts": "(65, 90, 30)", "graphs": 10, "wf_rmse_eV": 0.3585986665905737}, {"element_counts": "(19, 57, 24)", "graphs": 1, "wf_rmse_eV": 0.3569362882777867}, {"element_counts": "(31, 112, 48)", "graphs": 1, "wf_rmse_eV": 0.34888672812974875}, {"element_counts": "(17, 68, 30)", "graphs": 2, "wf_rmse_eV": 0.3023481948101635}], "scope": "Full supplied split; diagnostic only, no reference-dependent correction is installed.", "atomic_numbers": [1, 8, 77]}
2026-10-08 14:21:16.028 INFO: Epoch 50: loss=4.55979, RMSE_E_per_atom=13.7456 meV, RMSE_F=53.4548 meV/A, RMSE_dip_per_atom=0.4105 meA, RMSE_rho=0.0626 me/A^3, RMSE_EF(abs/rel)=89.1004/89.0480 meV, RMSE_ESP=95.7239 mV, RMSE_ESPvac(abs/rel)=116.2825/115.9013 mV, RMSE_WF(abs/rel)=184.4918/184.3824 meV
2026-10-08 14:21:16.037 INFO: 50-step electronic residual maximum: 5.4586e-06
2026-10-08 14:21:16.045 INFO: Optimizer epoch 50: lr=[0.001, 0.001, 0.001, 0.001, 0.001, 0.001, 0.001, 0.001, 0.001], mean gradient norm=53.163, clipped=174/174
2026-10-08 14:21:16.045 INFO: Epoch timing: train=104.817s, validation=44.453s, updates=174, train/update=0.60240s, peak allocated=7559.9 MiB, backbone=CuEq
2026-10-08 14:21:16.045 INFO: Optimization budget: graphs=1385/1385, updates=174, mean retained gradient=0.25434, min retained gradient=0.058324
2026-10-08 14:21:16.045 INFO: Optimizer time scales {"updates_per_epoch": 174, "groups": [{"name": "embedding", "lr": 0.001, "parameter_update_range": [8874.0, 8874.0], "moment_memory_epochs": [0.057471264367816105, 5.747126436781604], "AdamW_decay_only_retention_per_epoch": 1.0}, {"name": "interactions_decay", "lr": 0.001, "parameter_update_range": [8874.0, 8874.0], "moment_memory_epochs": [0.057471264367816105, 5.747126436781604], "AdamW_decay_only_retention_per_epoch": 0.9998260150501321}, {"name": "interactions_no_decay", "lr": 0.001, "parameter_update_range": [8874.0, 8874.0], "moment_memory_epochs": [0.057471264367816105, 5.747126436781604], "AdamW_decay_only_retention_per_epoch": 1.0}, {"name": "products", "lr": 0.001, "parameter_update_range": [8874.0, 8874.0], "moment_memory_epochs": [0.057471264367816105, 5.747126436781604], "AdamW_decay_only_retention_per_epoch": 0.9998260150501321}, {"name": "readouts", "lr": 0.001, "parameter_update_range": [8874.0, 8874.0], "moment_memory_epochs": [0.057471264367816105, 5.747126436781604], "AdamW_decay_only_retention_per_epoch": 1.0}, {"name": "lr_source_maps", "lr": 0.001, "parameter_update_range": [8874.0, 8874.0], "moment_memory_epochs": [0.057471264367816105, 5.747126436781604], "AdamW_decay_only_retention_per_epoch": 1.0}, {"name": "field_dependent_charges_map", "lr": 0.001, "parameter_update_range": [8874.0, 8874.0], "moment_memory_epochs": [0.057471264367816105, 5.747126436781604], "AdamW_decay_only_retention_per_epoch": 0.9982615042374526}, {"name": "electronic_references", "lr": 0.001, "parameter_update_range": [8874.0, 8874.0], "moment_memory_epochs": [0.057471264367816105, 5.747126436781604], "AdamW_decay_only_retention_per_epoch": 1.0}, {"name": "layer_feature_mixer", "lr": 0.001, "parameter_update_range": [8874.0, 8874.0], "moment_memory_epochs": [0.057471264367816105, 5.747126436781604], "AdamW_decay_only_retention_per_epoch": 0.9998260150501321}], "EMA_asymptotic_memory_epochs": 0.5747126436781604}
2026-10-08 14:21:16.045 INFO: Batching: optimizer graphs=8, device graphs<=8; one clipping/Adam/EMA update per optimizer batch
2026-10-08 14:21:16.045 INFO: 50-step finite-budget validation residual 5.4586e-06 exceeds equilibrium tolerance 1e-06; metrics describe the exported finite trajectory, not a converged root
2026-10-08 14:23:35.256 INFO: Full training audit {"graphs": 1385, "index_convention": "supplied loader order, zero based", "force_rmse_by_element_column_eV_A": {"0": 0.039700940758764396, "1": 0.053922922406163865, "2": 0.07145322693236646}, "force_target_rms_by_element_column_eV_A": {"0": 0.7573264491735692, "1": 0.8678911240069728, "2": 0.9536206914917966}, "force_rmse_over_target_rms_by_element_column": {"0": 0.05242249336740842, "1": 0.06213097578093291, "2": 0.07492835208995789}, "density_observers": {"density_RMSE_e_A3": 0.0004011052815262468, "farfield_RMSE_e_A3": 6.318589313689682e-05, "scope": "Different Gaussian resolutions of the same error; smaller farfield RMSE is not an accuracy gain."}, "potential_error_power_fractions": {"normal_reciprocal_line": 0.7904207854543702, "Gaussian_lowpass": 0.7162680298040631, "Gaussian_width_A": 1.5}, "observed_EF_vac_WF": 1308, "EF_vac_WF_rmse_eV": [0.0588477883367273, 0.05771433632284169, 0.08436049659990329], "EF_vac_WF_relative_rmse_eV": [0.05835322909626774, 0.057199366187923005, 0.0843604592968567], "EF_vac_WF_bias_eV": [-0.007613333446181754, -0.007692666955352752, -7.933350917097948e-05], "EF_vac_covariance_eV2": -0.00021991012725749976, "WF_absolute_error_quantiles_eV": {"median": 0.04448824107961702, "p90": 0.13487743527583368, "p99": 0.2852707284815053, "max": 0.6411913949364676}, "WF_identity_max_error_eV": 8.881784197001252e-16, "WF_variance_components_eV2": {"EF": 0.0034050993459615094, "vacuum": 0.003271767492300107, "covariance_contribution": 0.0004398202545149995}, "WF_centered_squared_error_share_largest_10_percent": 0.5807028536866672, "independent_single_anchor_EF_vac_WF_RMSE_eV": [0.08252392799620614, 0.08089211942210575, 0.11930370566563821], "relative_error_scope": "One whole-split offset for RMSE_rel; no fitted offset is applied to predictions. Single-anchor expectation assumes independent configurations.", "spectral_minus_measured_vacuum_RMSE_eV": 0.01993836079990492, "spectral_minus_measured_vacuum_bias_eV": -0.013947753090286202, "spectral_minus_measured_vacuum_relative_RMSE_eV": 0.014247751230267771, "WF_squared_error_share_largest_10_percent": 0.5806419638375863, "largest_WF_errors": [{"index": 1280, "atoms": 185, "composition": [65, 90, 30], "charge": -0.0, "weight": 1.0, "ef": -0.42966317953746336, "vac": 0.2115282153990039, "wf": 0.6411913949364676, "vacuum_reference_gap": -0.032811470182617875, "force_rmse": 0.10344631978736568, "potential_error_power_eV2": 0.2356925870172903, "gaussian_lowpass_error_power_eV2": 0.2140892202773481, "planar_error_power_eV2": 0.23157032966343072}, {"index": 750, "atoms": 180, "composition": [60, 90, 30], "charge": -0.0, "weight": 1.0, "ef": -0.10540383428135036, "vac": -0.5677592275170653, "wf": -0.46235539323571473, "vacuum_reference_gap": -0.023398964741980777, "force_rmse": 0.10584040345920173, "potential_error_power_eV2": 0.2521492559725344, "gaussian_lowpass_error_power_eV2": 0.23671965423620972, "planar_error_power_eV2": 0.251202905817426}, {"index": 637, "atoms": 180, "composition": [60, 90, 30], "charge": -0.0, "weight": 1.0, "ef": -0.09612967639615122, "vac": 0.30698475792730395, "wf": 0.40311443432345495, "vacuum_reference_gap": -0.01315835527469389, "force_rmse": 0.05165578947674997, "potential_error_power_eV2": 0.045086429333019304, "gaussian_lowpass_error_power_eV2": 0.03921403992146606, "planar_error_power_eV2": 0.0433518606031222}, {"index": 214, "atoms": 200, "composition": [38, 114, 48], "charge": -0.0, "weight": 1.0, "ef": 0.16635986550255932, "vac": 0.5430447718528706, "wf": 0.37668490635031127, "vacuum_reference_gap": -0.032293810294810044, "force_rmse": 0.13814720375573353, "potential_error_power_eV2": 0.16981670833236956, "gaussian_lowpass_error_power_eV2": 0.15314209758537117, "planar_error_power_eV2": 0.1671475612868631}, {"index": 1119, "atoms": 213, "composition": [24, 129, 60], "charge": -0.0, "weight": 1.0, "ef": 0.03785730981431823, "vac": -0.2726690150759614, "wf": -0.3105263248902794, "vacuum_reference_gap": -0.03571448097329988, "force_rmse": 0.06512067936698511, "potential_error_power_eV2": 0.0269024697898235, "gaussian_lowpass_error_power_eV2": 0.02302009371453958, "planar_error_power_eV2": 0.02338154334258115}, {"index": 314, "atoms": 180, "composition": [60, 90, 30], "charge": -0.0, "weight": 1.0, "ef": -0.11656321849147777, "vac": 0.19257849001288196, "wf": 0.3091417085043595, "vacuum_reference_gap": -0.015512806922949096, "force_rmse": 0.046978357462258216, "potential_error_power_eV2": 0.024650176066691856, "gaussian_lowpass_error_power_eV2": 0.020727974569686402, "planar_error_power_eV2": 0.02322114249370834}, {"index": 408, "atoms": 186, "composition": [66, 90, 30], "charge": -0.0, "weight": 1.0, "ef": 0.07766051161038634, "vac": -0.22720785060353954, "wf": -0.3048683622139259, "vacuum_reference_gap": -0.01660010659738198, "force_rmse": 0.0584868665932423, "potential_error_power_eV2": 0.01476067960117669, "gaussian_lowpass_error_power_eV2": 0.01207567923046725, "planar_error_power_eV2": 0.013876006320229716}, {"index": 1303, "atoms": 185, "composition": [65, 90, 30], "charge": -0.0, "weight": 1.0, "ef": 0.15823790143468397, "vac": -0.1425336044345329, "wf": -0.30077150586921686, "vacuum_reference_gap": -0.025581886972313228, "force_rmse": 0.0527796175082342, "potential_error_power_eV2": 0.014856643968431036, "gaussian_lowpass_error_power_eV2": 0.01266662471756908, "planar_error_power_eV2": 0.01346639966789135}], "composition_cohorts": [{"element_counts": "(38, 114, 48)", "graphs": 1, "wf_rmse_eV": 0.37668490635031127}, {"element_counts": "(24, 129, 60)", "graphs": 1, "wf_rmse_eV": 0.3105263248902794}, {"element_counts": "(13, 43, 18)", "graphs": 1, "wf_rmse_eV": 0.28343359544198954}, {"element_counts": "(33, 136, 60)", "graphs": 1, "wf_rmse_eV": 0.2671946683787363}, {"element_counts": "(60, 90, 30)", "graphs": 10, "wf_rmse_eV": 0.24391513831000153}, {"element_counts": "(0, 30, 18)", "graphs": 1, "wf_rmse_eV": 0.2128648958761925}, {"element_counts": "(14, 67, 30)", "graphs": 1, "wf_rmse_eV": 0.21157216558666114}, {"element_counts": "(0, 60, 36)", "graphs": 1, "wf_rmse_eV": 0.20651917737468262}, {"element_counts": "(24, 131, 60)", "graphs": 1, "wf_rmse_eV": 0.1914178143927705}, {"element_counts": "(22, 130, 60)", "graphs": 1, "wf_rmse_eV": 0.1897318941727777}, {"element_counts": "(43, 88, 36)", "graphs": 1, "wf_rmse_eV": 0.18242447977187481}, {"element_counts": "(65, 90, 30)", "graphs": 28, "wf_rmse_eV": 0.17292330302675393}], "scope": "Full supplied split; diagnostic only, no reference-dependent correction is installed.", "atomic_numbers": [1, 8, 77]}
2026-10-08 14:23:35.281 INFO: Full-split generalization {"epoch": 50, "training_graphs": 1385, "validation_graphs": 351, "train": {"rmse_e_per_atom": 0.013805339481288021, "rmse_f": 0.05282897023497083, "rmse_mu_per_atom": 0.000309647145400335, "rmse_fermi_level": 0.05884778833672733, "rmse_fermi_level_rel": 0.05835322909626777, "rmse_rho": 6.318589313689682e-05, "rmse_esp": 0.06601625363899298, "rmse_esp_vac": 0.05771433632284169, "rmse_esp_vac_rel": 0.057199366187922984, "rmse_wf_abs": 0.08436049659990327, "rmse_wf_rel": 0.08436045929685669}, "validation": {"rmse_e_per_atom": 0.01374557104721216, "rmse_f": 0.05345477520002048, "rmse_mu_per_atom": 0.0004104720645817913, "rmse_fermi_level": 0.0891003740424609, "rmse_fermi_level_rel": 0.08904795416293505, "rmse_rho": 6.263121670330422e-05, "rmse_esp": 0.09572393516038911, "rmse_esp_vac": 0.11628250307906622, "rmse_esp_vac_rel": 0.11590129260095802, "rmse_wf_abs": 0.18449177020603133, "rmse_wf_rel": 0.1843823846932116}, "weighted_training_objectives": {"energy_per_atom": 0.019058739819360977, "forces": 1.395450048043717, "dipole": 0.004563615775786291, "fourier_density": 0.03992457091507346, "fourier_potential/spatial": 0.43581457445278526, "vacuum_potential": 0.3274270757405157, "fermi_level": 0.3407704624726593}, "weighted_validation_objectives": {"energy_per_atom": 0.01889407234139571, "forces": 1.4287064958423628, "dipole": 0.013917567873036094, "fourier_density": 0.03922669305736254, "fourier_potential/spatial": 0.9163071762590378, "vacuum_potential": 1.3473816019380687, "fermi_level": 0.7953567044060559}, "seconds": 139.18617510297918, "scope": "Whole splits at the same EMA parameters and deployment step count; read-only, native units."}
2026-10-08 14:23:58.272 INFO: Electronic diagnostic {"train": {"graphs": 32, "charge_span": [-0.0, -0.0], "step_comparison": [[{"steps": 25, "WF_eV": 3.4432763909842685, "EF_eV": -2.57192754046959, "residual": 9.96521314711174e-06}, {"steps": 50, "WF_eV": 3.4432411838726185, "EF_eV": -2.5719230983634853, "residual": 4.5851145102915325e-10}, {"steps": 100, "WF_eV": 3.443241182262269, "EF_eV": -2.5719230981603456, "residual": 1.7763568394002505e-15}], [{"steps": 25, "WF_eV": 7.77698215523567, "EF_eV": -1.1419436261714342, "residual": 6.3252646063105544e-06}, {"steps": 50, "WF_eV": 7.776979080414553, "EF_eV": -1.1419425648390567, "residual": 5.6516791246963294e-11}, {"steps": 100, "WF_eV": 7.776979080390634, "EF_eV": -1.141942564830254, "residual": 2.220446049250313e-15}]], "dEF_dQ_and_dWF_dQ_eV_per_e": [[-12.83843760519967, 15.035798430494696], [-1.8837545132883715, 3.3845982571961475]], "force_RMSE_by_atomic_number_eV_A": {"1": 0.03404561152243118, "8": 0.04915064262450474, "77": 0.06656580797794909}, "force_RMSE_eV_A": 0.047710085465818314, "charge_response_identifiability": "Single-charge data do not determine capacitance; slopes above are predictions, not validation.", "EF_vac_WF_RMSE": [0.04923106288124797, 0.04873785709996928, 0.08074982463669793], "EF_vac_WF_bias": [-0.008688775591288934, -0.019682228865286217, -0.010993453273997263], "EF_vac_covariance": -0.0010317434256183864, "WF_relative_RMSE_eV": 0.07999798849952358, "WF_error_variance_from_EF_vac_covariance": 0.006399678163969905, "reference_WF_identity_max_error_eV": 4.440892098500626e-16, "spectral_minus_measured_vacuum_RMSE_eV": 0.017911616927492383, "Gaussian_lowpass_potential_error_power_fraction": 0.6435762363584026, "reference_conditioning": {"EF_given_DFT_field_eV_RMSE": 0.038244370785371906, "charge_error_e_RMSE": 0.01776650402877631, "vacuum_given_DFT_EF_eV_RMSE": 0.057063795732390725, "scope": "Oracle conditional errors, not deployment metrics; charge error measures the departure from the prescribed fixed-Q ensemble.", "dmu_dQ_eV_per_e_range": [-13.580425285219548, -1.0032709512297895]}}, "validation": {"graphs": 16, "charge_span": [-0.0, -0.0], "step_comparison": [[{"steps": 25, "WF_eV": 7.24820904057162, "EF_eV": -1.0363421563467146, "residual": 4.82224130182729e-06}, {"steps": 50, "WF_eV": 7.248206716401867, "EF_eV": -1.0363414419247352, "residual": 5.6989968300058536e-11}, {"steps": 100, "WF_eV": 7.248206716379061, "EF_eV": -1.0363414419166066, "residual": 3.1086244689504383e-15}], [{"steps": 25, "WF_eV": 6.452234809046467, "EF_eV": -0.16507881757764764, "residual": 7.587995439095607e-06}, {"steps": 50, "WF_eV": 6.452237294011155, "EF_eV": -0.165079861007281, "residual": 3.021227712451946e-11}, {"steps": 100, "WF_eV": 6.452237294005042, "EF_eV": -0.1650798610061086, "residual": 4.440892098500626e-15}]], "dEF_dQ_and_dWF_dQ_eV_per_e": [[-1.8902632876246273, 3.430526224220909], [-0.7988112491057908, 1.6351020850664977]], "force_RMSE_by_atomic_number_eV_A": {"8": 0.04677558730125776, "77": 0.06568664761872434, "1": 0.03213797460862892}, "force_RMSE_eV_A": 0.04590014739448974, "charge_response_identifiability": "Single-charge data do not determine capacitance; slopes above are predictions, not validation.", "EF_vac_WF_RMSE": [0.07904767104203067, 0.04780894202481738, 0.09213685110491646], "EF_vac_WF_bias": [0.028689901610557494, -0.010963314805623792, -0.03965321641618124], "EF_vac_covariance": 0.00033705137468486684, "WF_relative_RMSE_eV": 0.08316743208360493, "WF_error_variance_from_EF_vac_covariance": 0.00691682175938103, "reference_WF_identity_max_error_eV": 6.661338147750939e-16, "spectral_minus_measured_vacuum_RMSE_eV": 0.013575822888915484, "Gaussian_lowpass_potential_error_power_fraction": 0.6521322883833196, "reference_conditioning": {"EF_given_DFT_field_eV_RMSE": 0.0699529294257555, "charge_error_e_RMSE": 0.014040451610297192, "vacuum_given_DFT_EF_eV_RMSE": 0.04123805129803584, "scope": "Oracle conditional errors, not deployment metrics; charge error measures the departure from the prescribed fixed-Q ensemble.", "dmu_dQ_eV_per_e_range": [-14.908855541801247, -0.9381318964544582]}}, "model_field_EF_readout_probe": {"selected": "no correction", "relative": true, "inner_RMSE": 0.03374613634811618, "development_RMSE": 0.07365747648912244}, "epoch": 50, "WF_generalization": {"panel_relative_gap_eV": 0.0031694435840813467, "validation_covariance_amplification_eV2": -0.0006741027493697337, "bias_only_correction_is_insufficient": true}, "response_weight_norms": {"vector_out.weight": 14.028963448244927, "scalar_out.weight": 3.503739830897871, "state_scalar.weight": 4.303050240481365, "state_vector.weight": 2.359033877893708, "neighbor_scalar.weight": 0.8460163248538989, "neighbor_vector.weight": 2.8651890544194156, "common_level.weight": 1.096983261263835}, "regularization": {"field_weight_decay": 0.01}, "objective_gradients": {"training_indices": [346, 1038], "atoms": 386, "terms": {"energy_per_atom": {"weighted_loss": 0.007375356020862924, "gradient_norm": 0.6878045961453496}, "forces": {"weighted_loss": 1.6962653418264673, "gradient_norm": 3.37829258920627}, "dipole": {"weighted_loss": 0.005137744874702055, "gradient_norm": 0.9699704216831987}, "fourier_density": {"weighted_loss": 0.04062588278760912, "gradient_norm": 0.8273542290058225}, "fourier_potential": {"weighted_loss": 0.22070007066896702, "gradient_norm": 9.494274251889472}, "vacuum_potential": {"weighted_loss": 0.4281746032604821, "gradient_norm": 81.21100531969012, "relative": true, "observed_labels": 2, "pair_weight": 1.0}, "fermi_level": {"weighted_loss": 0.3780577221652272, "gradient_norm": 27.41292018988534, "relative": true, "observed_labels": 2, "pair_weight": 1.0}, "density_observer_density": {"weighted_loss": 1.4060692632576028, "gradient_norm": 4.593469883807634}}, "cosines": {"energy_per_atom / forces": 0.11149842343309813, "energy_per_atom / dipole": 0.007258543345423827, "energy_per_atom / fourier_density": 0.02843769062092108, "energy_per_atom / fourier_potential": 0.027879197165649187, "energy_per_atom / vacuum_potential": 0.00045664733674063594, "energy_per_atom / fermi_level": -0.011843233022360261, "energy_per_atom / density_observer_density": -0.029714398588533305, "forces / dipole": 0.14229360843462352, "forces / fourier_density": -0.1111288621316214, "forces / fourier_potential": -0.004340431191312934, "forces / vacuum_potential": 0.13616428067506486, "forces / fermi_level": 0.11302788249089132, "forces / density_observer_density": -0.17118667898891443, "dipole / fourier_density": -0.2219936423920948, "dipole / fourier_potential": 0.5345835988758691, "dipole / vacuum_potential": 0.9745175619983497, "dipole / fermi_level": 0.9062996968032431, "dipole / density_observer_density": -0.19584764649224687, "fourier_density / fourier_potential": 0.2075074279063703, "fourier_density / vacuum_potential": -0.264652644270661, "fourier_density / fermi_level": -0.16040031999661186, "fourier_density / density_observer_density": 0.4101339640430904, "fourier_potential / vacuum_potential": 0.4969251175768924, "fourier_potential / fermi_level": 0.5845699998935877, "fourier_potential / density_observer_density": 0.031584979630121454, "vacuum_potential / fermi_level": 0.909931809342801, "vacuum_potential / density_observer_density": -0.17687577145837127, "fermi_level / density_observer_density": -0.13443009501858383}, "scope": "Training pair for relative losses, otherwise one graph; before clipping, diagnostic only.", "parameter_state": "EMA"}, "scope": "Deterministic panels, not whole-dataset metrics. Validation is development data, never used for fitting or selecting the probe."}
2026-10-08 14:32:50.831 INFO: Training-only scalar reference calibration {'fermi_level': {'observed_training_graphs': 60, 'shift_eV': 0.1219248798190921, 'reference_eV': -3.3936800444777653, 'panel_RMSE_before_eV': 0.13318532520898305, 'panel_RMSE_after_eV': 0.05359715041046977}, 'vacuum_potential': {'observed_training_graphs': 60, 'shift_eV': 0.00615960889077763, 'reference_eV': 0.006420837458918392, 'panel_RMSE_before_eV': 0.051856211321746316, 'panel_RMSE_after_eV': 0.05148908496912975}, 'seconds': 8.764816013979726}; constants saved with the model; relative errors and physical fixed-Q trajectory unchanged
2026-10-08 14:33:25.489 INFO: Full validation audit {"graphs": 351, "index_convention": "supplied loader order, zero based", "force_rmse_by_element_column_eV_A": {"0": 0.03875845826505783, "1": 0.05349051271874536, "2": 0.06827348511006465}, "force_target_rms_by_element_column_eV_A": {"0": 0.7584590607696344, "1": 0.8723013494869878, "2": 0.9590743569439976}, "force_rmse_over_target_rms_by_element_column": {"0": 0.051101582497713585, "1": 0.061321139478007054, "2": 0.07118685283966077}, "density_observers": {"density_RMSE_e_A3": 0.0003937830914737414, "farfield_RMSE_e_A3": 5.70813881152463e-05, "scope": "Different Gaussian resolutions of the same error; smaller farfield RMSE is not an accuracy gain."}, "potential_error_power_fractions": {"normal_reciprocal_line": 0.9000483453954968, "Gaussian_lowpass": 0.8333953292978795, "Gaussian_width_A": 1.5}, "observed_EF_vac_WF": 331, "EF_vac_WF_rmse_eV": [0.0816353308321082, 0.1134460658936891, 0.17754667156192722], "EF_vac_WF_relative_rmse_eV": [0.08159958560120524, 0.11315754919813278, 0.17745610636373596], "EF_vac_WF_bias_eV": [-0.0024155475112974814, -0.008085723605677548, -0.005670176094380034], "EF_vac_covariance_eV2": -0.0060137731874806595, "WF_absolute_error_quantiles_eV": {"median": 0.0502348761649527, "p90": 0.2154035512058643, "p99": 0.875998192472816, "max": 1.0066944532564404}, "WF_identity_max_error_eV": 8.881784197001252e-16, "WF_variance_components_eV2": {"EF": 0.006658492370288422, "vacuum": 0.012804630940527835, "covariance_contribution": 0.012027546374961319}, "WF_centered_squared_error_share_largest_10_percent": 0.8392811674162848, "independent_single_anchor_EF_vac_WF_RMSE_eV": [0.11539924064124878, 0.16002894076090013, 0.25096083234551786], "relative_error_scope": "One whole-split offset for RMSE_rel; no fitted offset is applied to predictions. Single-anchor expectation assumes independent configurations.", "spectral_minus_measured_vacuum_RMSE_eV": 0.018893168071070512, "spectral_minus_measured_vacuum_bias_eV": -0.012520879424160507, "spectral_minus_measured_vacuum_relative_RMSE_eV": 0.014148476179693427, "WF_squared_error_share_largest_10_percent": 0.8382074294415914, "largest_WF_errors": [{"index": 247, "atoms": 181, "composition": [61, 90, 30], "charge": -0.0, "weight": 1.0, "ef": -0.4534502541905219, "vac": 0.5532441990659187, "wf": 1.0066944532564404, "vacuum_reference_gap": -0.029866708888463656, "force_rmse": 0.06520636203859251, "potential_error_power_eV2": 0.22626703118384844, "gaussian_lowpass_error_power_eV2": 0.21074592223770766, "planar_error_power_eV2": 0.22424269986589307}, {"index": 36, "atoms": 181, "composition": [61, 90, 30], "charge": -0.0, "weight": 1.0, "ef": 0.4080311857120562, "vac": -0.5461108104879862, "wf": -0.9541419962000428, "vacuum_reference_gap": -0.02853873035558152, "force_rmse": 0.05357022972851368, "potential_error_power_eV2": 0.21269173612187406, "gaussian_lowpass_error_power_eV2": 0.19856748228919388, "planar_error_power_eV2": 0.20970455757929662}, {"index": 174, "atoms": 184, "composition": [64, 90, 30], "charge": -0.0, "weight": 1.0, "ef": -0.4439041601024992, "vac": 0.5041297883570861, "wf": 0.9480339484595852, "vacuum_reference_gap": -0.019617781846668514, "force_rmse": 0.13829938722887206, "potential_error_power_eV2": 0.22228776023645092, "gaussian_lowpass_error_power_eV2": 0.20746279216694705, "planar_error_power_eV2": 0.21862653268342716}, {"index": 213, "atoms": 186, "composition": [66, 90, 30], "charge": -0.0, "weight": 1.0, "ef": 0.21580954245387762, "vac": -0.685233671725924, "wf": -0.9010432141798015, "vacuum_reference_gap": -0.013998135067152528, "force_rmse": 0.0946569334524839, "potential_error_power_eV2": 0.15264933156290922, "gaussian_lowpass_error_power_eV2": 0.14136583903839467, "planar_error_power_eV2": 0.15044340668759637}, {"index": 249, "atoms": 181, "composition": [61, 90, 30], "charge": -0.0, "weight": 1.0, "ef": -0.37697548127273506, "vac": 0.4405843272171177, "wf": 0.817559808489853, "vacuum_reference_gap": -0.023634629053334244, "force_rmse": 0.06123395915369556, "potential_error_power_eV2": 0.13860233557895454, "gaussian_lowpass_error_power_eV2": 0.1265751415393669, "planar_error_power_eV2": 0.13574699741497004}, {"index": 334, "atoms": 185, "composition": [65, 90, 30], "charge": -0.0, "weight": 1.0, "ef": -0.3381971957792614, "vac": 0.45201678970857806, "wf": 0.7902139854878394, "vacuum_reference_gap": -0.028350907757834776, "force_rmse": 0.11641378042231412, "potential_error_power_eV2": 0.14136468483181866, "gaussian_lowpass_error_power_eV2": 0.1273035631354639, "planar_error_power_eV2": 0.13780378814955238}, {"index": 193, "atoms": 186, "composition": [66, 90, 30], "charge": -0.0, "weight": 1.0, "ef": 0.1742546042387756, "vac": -0.46289073045366425, "wf": -0.6371453346924398, "vacuum_reference_gap": -0.028958271338110908, "force_rmse": 0.07419315637074238, "potential_error_power_eV2": 0.07902456972325927, "gaussian_lowpass_error_power_eV2": 0.07103094863521738, "planar_error_power_eV2": 0.07735954532269036}, {"index": 134, "atoms": 180, "composition": [60, 90, 30], "charge": -0.0, "weight": 1.0, "ef": -0.23887741923218342, "vac": 0.35402282216583103, "wf": 0.5929002413980147, "vacuum_reference_gap": -0.0410481167446779, "force_rmse": 0.06878999862501727, "potential_error_power_eV2": 0.11808723740850743, "gaussian_lowpass_error_power_eV2": 0.10638084296510358, "planar_error_power_eV2": 0.11238286221282176}], "composition_cohorts": [{"element_counts": "(64, 90, 30)", "graphs": 1, "wf_rmse_eV": 0.9480339484595852}, {"element_counts": "(60, 90, 30)", "graphs": 1, "wf_rmse_eV": 0.5929002413980147}, {"element_counts": "(61, 90, 30)", "graphs": 10, "wf_rmse_eV": 0.5470639178164262}, {"element_counts": "(19, 69, 30)", "graphs": 1, "wf_rmse_eV": 0.5203792438739567}, {"element_counts": "(19, 57, 24)", "graphs": 1, "wf_rmse_eV": 0.4899407728696161}, {"element_counts": "(41, 135, 60)", "graphs": 1, "wf_rmse_eV": 0.4016918381439174}, {"element_counts": "(66, 90, 30)", "graphs": 10, "wf_rmse_eV": 0.40077158851307265}, {"element_counts": "(31, 112, 48)", "graphs": 1, "wf_rmse_eV": 0.3864794725671672}, {"element_counts": "(23, 128, 60)", "graphs": 1, "wf_rmse_eV": 0.3559564532695605}, {"element_counts": "(20, 44, 18)", "graphs": 1, "wf_rmse_eV": 0.34719863120377426}, {"element_counts": "(65, 90, 30)", "graphs": 10, "wf_rmse_eV": 0.3287170239610507}, {"element_counts": "(17, 68, 30)", "graphs": 2, "wf_rmse_eV": 0.2767253802515123}], "scope": "Full supplied split; diagnostic only, no reference-dependent correction is installed.", "atomic_numbers": [1, 8, 77]}
2026-10-08 14:33:25.491 INFO: Epoch 55: loss=4.17115, RMSE_E_per_atom=12.7696 meV, RMSE_F=51.3924 meV/A, RMSE_dip_per_atom=0.3907 meA, RMSE_rho=0.0571 me/A^3, RMSE_EF(abs/rel)=81.6353/81.5996 meV, RMSE_ESP=91.5034 mV, RMSE_ESPvac(abs/rel)=113.4461/113.1575 mV, RMSE_WF(abs/rel)=177.5467/177.4561 meV
2026-10-08 14:33:25.491 INFO: 50-step electronic residual maximum: 5.8175e-06
2026-10-08 14:33:25.500 INFO: Optimizer epoch 55: lr=[0.001, 0.001, 0.001, 0.001, 0.001, 0.001, 0.001, 0.001, 0.001], mean gradient norm=38.235, clipped=172/174
2026-10-08 14:33:25.500 INFO: Epoch timing: train=104.399s, validation=43.435s, updates=174, train/update=0.60000s, peak allocated=7046.7 MiB, backbone=CuEq
2026-10-08 14:33:25.500 INFO: Optimization budget: graphs=1385/1385, updates=174, mean retained gradient=0.33823, min retained gradient=0.094626
2026-10-08 14:33:25.500 INFO: Optimizer time scales {"updates_per_epoch": 174, "groups": [{"name": "embedding", "lr": 0.001, "parameter_update_range": [9744.0, 9744.0], "moment_memory_epochs": [0.057471264367816105, 5.747126436781604], "AdamW_decay_only_retention_per_epoch": 1.0}, {"name": "interactions_decay", "lr": 0.001, "parameter_update_range": [9744.0, 9744.0], "moment_memory_epochs": [0.057471264367816105, 5.747126436781604], "AdamW_decay_only_retention_per_epoch": 0.9998260150501321}, {"name": "interactions_no_decay", "lr": 0.001, "parameter_update_range": [9744.0, 9744.0], "moment_memory_epochs": [0.057471264367816105, 5.747126436781604], "AdamW_decay_only_retention_per_epoch": 1.0}, {"name": "products", "lr": 0.001, "parameter_update_range": [9744.0, 9744.0], "moment_memory_epochs": [0.057471264367816105, 5.747126436781604], "AdamW_decay_only_retention_per_epoch": 0.9998260150501321}, {"name": "readouts", "lr": 0.001, "parameter_update_range": [9744.0, 9744.0], "moment_memory_epochs": [0.057471264367816105, 5.747126436781604], "AdamW_decay_only_retention_per_epoch": 1.0}, {"name": "lr_source_maps", "lr": 0.001, "parameter_update_range": [9744.0, 9744.0], "moment_memory_epochs": [0.057471264367816105, 5.747126436781604], "AdamW_decay_only_retention_per_epoch": 1.0}, {"name": "field_dependent_charges_map", "lr": 0.001, "parameter_update_range": [9744.0, 9744.0], "moment_memory_epochs": [0.057471264367816105, 5.747126436781604], "AdamW_decay_only_retention_per_epoch": 0.9982615042374526}, {"name": "electronic_references", "lr": 0.001, "parameter_update_range": [9744.0, 9744.0], "moment_memory_epochs": [0.057471264367816105, 5.747126436781604], "AdamW_decay_only_retention_per_epoch": 1.0}, {"name": "layer_feature_mixer", "lr": 0.001, "parameter_update_range": [9744.0, 9744.0], "moment_memory_epochs": [0.057471264367816105, 5.747126436781604], "AdamW_decay_only_retention_per_epoch": 0.9998260150501321}], "EMA_asymptotic_memory_epochs": 0.5747126436781604}
2026-10-08 14:33:25.500 INFO: Batching: optimizer graphs=8, device graphs<=8; one clipping/Adam/EMA update per optimizer batch
2026-10-08 14:33:25.500 INFO: 50-step finite-budget validation residual 5.8175e-06 exceeds equilibrium tolerance 1e-06; metrics describe the exported finite trajectory, not a converged root
2026-10-08 14:42:09.577 INFO: Training-only scalar reference calibration {'fermi_level': {'observed_training_graphs': 60, 'shift_eV': 0.063250331993036, 'reference_eV': -3.330429712484729, 'panel_RMSE_before_eV': 0.07960357830939094, 'panel_RMSE_after_eV': 0.0483334788984826}, 'vacuum_potential': {'observed_training_graphs': 60, 'shift_eV': -0.001448290296359552, 'reference_eV': 0.00497254716255884, 'panel_RMSE_before_eV': 0.04806485649296903, 'panel_RMSE_after_eV': 0.048043031595718204}, 'seconds': 8.769433560984908}; constants saved with the model; relative errors and physical fixed-Q trajectory unchanged
2026-10-08 14:42:44.458 INFO: Full validation audit {"graphs": 351, "index_convention": "supplied loader order, zero based", "force_rmse_by_element_column_eV_A": {"0": 0.03722930520603879, "1": 0.051885457406625195, "2": 0.06635782073369195}, "force_target_rms_by_element_column_eV_A": {"0": 0.7584590607696344, "1": 0.8723013494869878, "2": 0.9590743569439976}, "force_rmse_over_target_rms_by_element_column": {"0": 0.04908545118870481, "1": 0.0594811155997176, "2": 0.06918944318888376}, "density_observers": {"density_RMSE_e_A3": 0.00038809166609465444, "farfield_RMSE_e_A3": 5.586289594122352e-05, "scope": "Different Gaussian resolutions of the same error; smaller farfield RMSE is not an accuracy gain."}, "potential_error_power_fractions": {"normal_reciprocal_line": 0.9026030361713223, "Gaussian_lowpass": 0.836293639352774, "Gaussian_width_A": 1.5}, "observed_EF_vac_WF": 331, "EF_vac_WF_rmse_eV": [0.0770428431915838, 0.11066904464215038, 0.1717278613053019], "EF_vac_WF_relative_rmse_eV": [0.07704283984722075, 0.11003027405103738, 0.17131847729740415], "EF_vac_WF_bias_eV": [-2.2700627046626417e-05, -0.011873341326681617, -0.011850640699634946], "EF_vac_covariance_eV2": -0.005653880142015138, "WF_absolute_error_quantiles_eV": {"median": 0.04974720102204788, "p90": 0.2126751644314835, "p99": 0.8143461904536331, "max": 1.0567153614248381}, "WF_identity_max_error_eV": 1.1102230246251565e-15, "WF_variance_components_eV2": {"EF": 0.005935599171724506, "vacuum": 0.012106661207746387, "covariance_contribution": 0.011307760284030277}, "WF_centered_squared_error_share_largest_10_percent": 0.8325897039233119, "independent_single_anchor_EF_vac_WF_RMSE_eV": [0.1089550289956779, 0.1556063058346055, 0.24228091407909613], "relative_error_scope": "One whole-split offset for RMSE_rel; no fitted offset is applied to predictions. Single-anchor expectation assumes independent configurations.", "spectral_minus_measured_vacuum_RMSE_eV": 0.018893168071070512, "spectral_minus_measured_vacuum_bias_eV": -0.012520879424160507, "spectral_minus_measured_vacuum_relative_RMSE_eV": 0.014148476179693427, "WF_squared_error_share_largest_10_percent": 0.8284884986027693, "largest_WF_errors": [{"index": 36, "atoms": 181, "composition": [61, 90, 30], "charge": -0.0, "weight": 1.0, "ef": 0.4461349255925384, "vac": -0.6105804358322993, "wf": -1.0567153614248381, "vacuum_reference_gap": -0.02853873035558152, "force_rmse": 0.05193024302703129, "potential_error_power_eV2": 0.25561047066656833, "gaussian_lowpass_error_power_eV2": 0.2394063770133625, "planar_error_power_eV2": 0.25307535858585944}, {"index": 174, "atoms": 184, "composition": [64, 90, 30], "charge": -0.0, "weight": 1.0, "ef": -0.43901485897236336, "vac": 0.4948160509901349, "wf": 0.9338309099624986, "vacuum_reference_gap": -0.019617781846668514, "force_rmse": 0.13541585545250423, "potential_error_power_eV2": 0.21048454235143754, "gaussian_lowpass_error_power_eV2": 0.1966320518505412, "planar_error_power_eV2": 0.2074052297752892}, {"index": 213, "atoms": 186, "composition": [66, 90, 30], "charge": -0.0, "weight": 1.0, "ef": 0.1993233930746806, "vac": -0.6550199630558375, "wf": -0.854343356130518, "vacuum_reference_gap": -0.013998135067152528, "force_rmse": 0.0942085998468187, "potential_error_power_eV2": 0.1377767489872409, "gaussian_lowpass_error_power_eV2": 0.12758863412704413, "planar_error_power_eV2": 0.13568646548854818}, {"index": 247, "atoms": 181, "composition": [61, 90, 30], "charge": -0.0, "weight": 1.0, "ef": -0.3866892694812496, "vac": 0.45711499120948407, "wf": 0.843804260690733, "vacuum_reference_gap": -0.029866708888463656, "force_rmse": 0.06259616837805676, "potential_error_power_eV2": 0.15822553788728297, "gaussian_lowpass_error_power_eV2": 0.1475245713636573, "planar_error_power_eV2": 0.15661671648775766}, {"index": 249, "atoms": 181, "composition": [61, 90, 30], "charge": -0.0, "weight": 1.0, "ef": -0.33154657691585787, "vac": 0.41406411631787954, "wf": 0.7456106932337372, "vacuum_reference_gap": -0.023634629053334244, "force_rmse": 0.05836192983836167, "potential_error_power_eV2": 0.10668804894976053, "gaussian_lowpass_error_power_eV2": 0.09747709886239318, "planar_error_power_eV2": 0.10452198588317074}, {"index": 334, "atoms": 185, "composition": [65, 90, 30], "charge": -0.0, "weight": 1.0, "ef": -0.2906851764796295, "vac": 0.35391903896508126, "wf": 0.6446042154447111, "vacuum_reference_gap": -0.028350907757834776, "force_rmse": 0.10574544452970246, "potential_error_power_eV2": 0.10151178035139077, "gaussian_lowpass_error_power_eV2": 0.09056339258802422, "planar_error_power_eV2": 0.09864334893519444}, {"index": 193, "atoms": 186, "composition": [66, 90, 30], "charge": -0.0, "weight": 1.0, "ef": 0.1796297259029942, "vac": -0.4552217737800126, "wf": -0.6348514996830068, "vacuum_reference_gap": -0.028958271338110908, "force_rmse": 0.07151033885323994, "potential_error_power_eV2": 0.07294671913460166, "gaussian_lowpass_error_power_eV2": 0.06605981139743018, "planar_error_power_eV2": 0.07158137861431178}, {"index": 143, "atoms": 185, "composition": [65, 90, 30], "charge": -0.0, "weight": 1.0, "ef": 0.22962872063876338, "vac": -0.36238926904867785, "wf": -0.5920179896874411, "vacuum_reference_gap": -0.018373189317302252, "force_rmse": 0.047192841339079576, "potential_error_power_eV2": 0.06378010726999331, "gaussian_lowpass_error_power_eV2": 0.058756312692250484, "planar_error_power_eV2": 0.06250650466438433}], "composition_cohorts": [{"element_counts": "(64, 90, 30)", "graphs": 1, "wf_rmse_eV": 0.9338309099624986}, {"element_counts": "(60, 90, 30)", "graphs": 1, "wf_rmse_eV": 0.5558136096974069}, {"element_counts": "(61, 90, 30)", "graphs": 10, "wf_rmse_eV": 0.5192923299652062}, {"element_counts": "(19, 57, 24)", "graphs": 1, "wf_rmse_eV": 0.5147443704199262}, {"element_counts": "(19, 69, 30)", "graphs": 1, "wf_rmse_eV": 0.5067900231663245}, {"element_counts": "(31, 112, 48)", "graphs": 1, "wf_rmse_eV": 0.4098712135237781}, {"element_counts": "(20, 44, 18)", "graphs": 1, "wf_rmse_eV": 0.3836686292031777}, {"element_counts": "(66, 90, 30)", "graphs": 10, "wf_rmse_eV": 0.3822810193781425}, {"element_counts": "(41, 135, 60)", "graphs": 1, "wf_rmse_eV": 0.361874179540826}, {"element_counts": "(23, 128, 60)", "graphs": 1, "wf_rmse_eV": 0.35646478476755306}, {"element_counts": "(65, 90, 30)", "graphs": 10, "wf_rmse_eV": 0.3209410901207582}, {"element_counts": "(17, 68, 30)", "graphs": 2, "wf_rmse_eV": 0.2642808837500651}], "scope": "Full supplied split; diagnostic only, no reference-dependent correction is installed.", "atomic_numbers": [1, 8, 77]}
2026-10-08 14:42:44.460 INFO: Epoch 60: loss=3.87885, RMSE_E_per_atom=11.9698 meV, RMSE_F=49.7770 meV/A, RMSE_dip_per_atom=0.3845 meA, RMSE_rho=0.0559 me/A^3, RMSE_EF(abs/rel)=77.0428/77.0428 meV, RMSE_ESP=87.9201 mV, RMSE_ESPvac(abs/rel)=110.6690/110.0303 mV, RMSE_WF(abs/rel)=171.7279/171.3185 meV
2026-10-08 14:42:44.460 INFO: 50-step electronic residual maximum: 1.5956e-05
2026-10-08 14:42:44.467 INFO: Optimizer epoch 60: lr=[0.001, 0.001, 0.001, 0.001, 0.001, 0.001, 0.001, 0.001, 0.001], mean gradient norm=42.689, clipped=174/174
2026-10-08 14:42:44.467 INFO: Epoch timing: train=103.079s, validation=43.661s, updates=174, train/update=0.59241s, peak allocated=7362.5 MiB, backbone=CuEq
2026-10-08 14:42:44.467 INFO: Optimization budget: graphs=1385/1385, updates=174, mean retained gradient=0.29716, min retained gradient=0.066385
2026-10-08 14:42:44.468 INFO: Optimizer time scales {"updates_per_epoch": 174, "groups": [{"name": "embedding", "lr": 0.001, "parameter_update_range": [10614.0, 10614.0], "moment_memory_epochs": [0.057471264367816105, 5.747126436781604], "AdamW_decay_only_retention_per_epoch": 1.0}, {"name": "interactions_decay", "lr": 0.001, "parameter_update_range": [10614.0, 10614.0], "moment_memory_epochs": [0.057471264367816105, 5.747126436781604], "AdamW_decay_only_retention_per_epoch": 0.9998260150501321}, {"name": "interactions_no_decay", "lr": 0.001, "parameter_update_range": [10614.0, 10614.0], "moment_memory_epochs": [0.057471264367816105, 5.747126436781604], "AdamW_decay_only_retention_per_epoch": 1.0}, {"name": "products", "lr": 0.001, "parameter_update_range": [10614.0, 10614.0], "moment_memory_epochs": [0.057471264367816105, 5.747126436781604], "AdamW_decay_only_retention_per_epoch": 0.9998260150501321}, {"name": "readouts", "lr": 0.001, "parameter_update_range": [10614.0, 10614.0], "moment_memory_epochs": [0.057471264367816105, 5.747126436781604], "AdamW_decay_only_retention_per_epoch": 1.0}, {"name": "lr_source_maps", "lr": 0.001, "parameter_update_range": [10614.0, 10614.0], "moment_memory_epochs": [0.057471264367816105, 5.747126436781604], "AdamW_decay_only_retention_per_epoch": 1.0}, {"name": "field_dependent_charges_map", "lr": 0.001, "parameter_update_range": [10614.0, 10614.0], "moment_memory_epochs": [0.057471264367816105, 5.747126436781604], "AdamW_decay_only_retention_per_epoch": 0.9982615042374526}, {"name": "electronic_references", "lr": 0.001, "parameter_update_range": [10614.0, 10614.0], "moment_memory_epochs": [0.057471264367816105, 5.747126436781604], "AdamW_decay_only_retention_per_epoch": 1.0}, {"name": "layer_feature_mixer", "lr": 0.001, "parameter_update_range": [10614.0, 10614.0], "moment_memory_epochs": [0.057471264367816105, 5.747126436781604], "AdamW_decay_only_retention_per_epoch": 0.9998260150501321}], "EMA_asymptotic_memory_epochs": 0.5747126436781604}
2026-10-08 14:42:44.468 INFO: Batching: optimizer graphs=8, device graphs<=8; one clipping/Adam/EMA update per optimizer batch
2026-10-08 14:42:44.468 INFO: 50-step finite-budget validation residual 1.5956e-05 exceeds equilibrium tolerance 1e-06; metrics describe the exported finite trajectory, not a converged root
2026-10-08 14:51:36.292 INFO: Training-only scalar reference calibration {'fermi_level': {'observed_training_graphs': 60, 'shift_eV': 0.020724822372773125, 'reference_eV': -3.309704890111956, 'panel_RMSE_before_eV': 0.05120879905902235, 'panel_RMSE_after_eV': 0.04682758630000409}, 'vacuum_potential': {'observed_training_graphs': 60, 'shift_eV': 4.987254978641165e-05, 'reference_eV': 0.005022419712345252, 'panel_RMSE_before_eV': 0.046707154003503164, 'panel_RMSE_after_eV': 0.04670712737726159}, 'seconds': 8.802713537006639}; constants saved with the model; relative errors and physical fixed-Q trajectory unchanged
2026-10-08 14:52:11.737 INFO: Full validation audit {"graphs": 351, "index_convention": "supplied loader order, zero based", "force_rmse_by_element_column_eV_A": {"0": 0.036105363702491046, "1": 0.0504629617918691, "2": 0.0647363942218776}, "force_target_rms_by_element_column_eV_A": {"0": 0.7584590607696344, "1": 0.8723013494869878, "2": 0.9590743569439976}, "force_rmse_over_target_rms_by_element_column": {"0": 0.047603576211290424, "1": 0.057850376846885584, "2": 0.0674988271276006}, "density_observers": {"density_RMSE_e_A3": 0.00038155555568370576, "farfield_RMSE_e_A3": 5.4436933904875144e-05, "scope": "Different Gaussian resolutions of the same error; smaller farfield RMSE is not an accuracy gain."}, "potential_error_power_fractions": {"normal_reciprocal_line": 0.907722792974967, "Gaussian_lowpass": 0.8404864922366805, "Gaussian_width_A": 1.5}, "observed_EF_vac_WF": 331, "EF_vac_WF_rmse_eV": [0.07496862262090898, 0.10871582741753774, 0.16822978885846296], "EF_vac_WF_relative_rmse_eV": [0.07496535056882792, 0.10800501170617106, 0.16782165969451254], "EF_vac_WF_bias_eV": [-0.0007004225645979941, -0.012411630732087616, -0.011711208167489627], "EF_vac_covariance_eV2": -0.005439611561531679, "WF_absolute_error_quantiles_eV": {"median": 0.04463627351826327, "p90": 0.2178427699642329, "p99": 0.7643278779780592, "max": 0.951312331835247}, "WF_identity_max_error_eV": 1.3322676295501878e-15, "WF_variance_components_eV2": {"EF": 0.0056198037859072686, "vacuum": 0.011665082553650152, "covariance_contribution": 0.010879223123063358}, "WF_centered_squared_error_share_largest_10_percent": 0.8451342413752185, "independent_single_anchor_EF_vac_WF_RMSE_eV": [0.10601701548249005, 0.15274215235913202, 0.23733566719994184], "relative_error_scope": "One whole-split offset for RMSE_rel; no fitted offset is applied to predictions. Single-anchor expectation assumes independent configurations.", "spectral_minus_measured_vacuum_RMSE_eV": 0.018893168071070512, "spectral_minus_measured_vacuum_bias_eV": -0.012520879424160507, "spectral_minus_measured_vacuum_relative_RMSE_eV": 0.014148476179693427, "WF_squared_error_share_largest_10_percent": 0.8432459195997949, "largest_WF_errors": [{"index": 174, "atoms": 184, "composition": [64, 90, 30], "charge": -0.0, "weight": 1.0, "ef": -0.4493843530363387, "vac": 0.5019279787989079, "wf": 0.951312331835247, "vacuum_reference_gap": -0.019617781846668514, "force_rmse": 0.13134474109948802, "potential_error_power_eV2": 0.22346312226072443, "gaussian_lowpass_error_power_eV2": 0.2090405753289378, "planar_error_power_eV2": 0.220326774151975}, {"index": 247, "atoms": 181, "composition": [61, 90, 30], "charge": -0.0, "weight": 1.0, "ef": -0.4238681805441653, "vac": 0.49955273952976853, "wf": 0.9234209200739332, "vacuum_reference_gap": -0.029866708888463656, "force_rmse": 0.06126102409528612, "potential_error_power_eV2": 0.1884451088004364, "gaussian_lowpass_error_power_eV2": 0.1760686793341986, "planar_error_power_eV2": 0.1870126097038032}, {"index": 249, "atoms": 181, "composition": [61, 90, 30], "charge": -0.0, "weight": 1.0, "ef": -0.39612349890211385, "vac": 0.4711776875726814, "wf": 0.867301186474795, "vacuum_reference_gap": -0.023634629053334244, "force_rmse": 0.059003368415153246, "potential_error_power_eV2": 0.15567412929319063, "gaussian_lowpass_error_power_eV2": 0.1433831318339069, "planar_error_power_eV2": 0.15372604748382118}, {"index": 213, "atoms": 186, "composition": [66, 90, 30], "charge": -0.0, "weight": 1.0, "ef": 0.17995578493493414, "vac": -0.5963154196143119, "wf": -0.7762712045492459, "vacuum_reference_gap": -0.013998135067152528, "force_rmse": 0.09014620163315543, "potential_error_power_eV2": 0.11547558451787557, "gaussian_lowpass_error_power_eV2": 0.10683850400631191, "planar_error_power_eV2": 0.1135540766044823}, {"index": 36, "atoms": 181, "composition": [61, 90, 30], "charge": -0.0, "weight": 1.0, "ef": 0.3019662893742865, "vac": -0.4344938266043381, "wf": -0.736460115978625, "vacuum_reference_gap": -0.02853873035558152, "force_rmse": 0.04783304579592958, "potential_error_power_eV2": 0.1260324959963453, "gaussian_lowpass_error_power_eV2": 0.11705736123991645, "planar_error_power_eV2": 0.12368106665186712}, {"index": 193, "atoms": 186, "composition": [66, 90, 30], "charge": -0.0, "weight": 1.0, "ef": 0.17892380455450962, "vac": -0.46670648789721225, "wf": -0.6456302924517219, "vacuum_reference_gap": -0.028958271338110908, "force_rmse": 0.0687860897692558, "potential_error_power_eV2": 0.07341836895447958, "gaussian_lowpass_error_power_eV2": 0.06672284040798358, "planar_error_power_eV2": 0.07218218945604998}, {"index": 334, "atoms": 185, "composition": [65, 90, 30], "charge": -0.0, "weight": 1.0, "ef": -0.30373689779300644, "vac": 0.3367583606063942, "wf": 0.6404952583994001, "vacuum_reference_gap": -0.028350907757834776, "force_rmse": 0.10455602823324833, "potential_error_power_eV2": 0.10719395948764597, "gaussian_lowpass_error_power_eV2": 0.09658448788052776, "planar_error_power_eV2": 0.10507107889496706}, {"index": 143, "atoms": 185, "composition": [65, 90, 30], "charge": -0.0, "weight": 1.0, "ef": 0.23904672695057594, "vac": -0.3581990617389441, "wf": -0.5972457886895199, "vacuum_reference_gap": -0.018373189317302252, "force_rmse": 0.04720519764536329, "potential_error_power_eV2": 0.06399036403069037, "gaussian_lowpass_error_power_eV2": 0.059064192778607055, "planar_error_power_eV2": 0.06270570158372032}], "composition_cohorts": [{"element_counts": "(64, 90, 30)", "graphs": 1, "wf_rmse_eV": 0.951312331835247}, {"element_counts": "(60, 90, 30)", "graphs": 1, "wf_rmse_eV": 0.5492825510088268}, {"element_counts": "(61, 90, 30)", "graphs": 10, "wf_rmse_eV": 0.5053555646740517}, {"element_counts": "(41, 135, 60)", "graphs": 1, "wf_rmse_eV": 0.4467830238526007}, {"element_counts": "(19, 69, 30)", "graphs": 1, "wf_rmse_eV": 0.44219923839124764}, {"element_counts": "(20, 44, 18)", "graphs": 1, "wf_rmse_eV": 0.4312651127810394}, {"element_counts": "(19, 57, 24)", "graphs": 1, "wf_rmse_eV": 0.4005746838772204}, {"element_counts": "(66, 90, 30)", "graphs": 10, "wf_rmse_eV": 0.3674518955580787}, {"element_counts": "(23, 128, 60)", "graphs": 1, "wf_rmse_eV": 0.3551335623100371}, {"element_counts": "(31, 112, 48)", "graphs": 1, "wf_rmse_eV": 0.3491905976802343}, {"element_counts": "(65, 90, 30)", "graphs": 10, "wf_rmse_eV": 0.335676555318435}, {"element_counts": "(17, 68, 30)", "graphs": 2, "wf_rmse_eV": 0.28034879508773747}], "scope": "Full supplied split; diagnostic only, no reference-dependent correction is installed.", "atomic_numbers": [1, 8, 77]}
2026-10-08 14:52:11.755 INFO: Epoch 65: loss=3.70066, RMSE_E_per_atom=11.3722 meV, RMSE_F=48.4247 meV/A, RMSE_dip_per_atom=0.3671 meA, RMSE_rho=0.0544 me/A^3, RMSE_EF(abs/rel)=74.9686/74.9654 meV, RMSE_ESP=86.0855 mV, RMSE_ESPvac(abs/rel)=108.7158/108.0050 mV, RMSE_WF(abs/rel)=168.2298/167.8217 meV
2026-10-08 14:52:11.777 INFO: 50-step electronic residual maximum: 5.788e-05
2026-10-08 14:52:11.796 INFO: Optimizer epoch 65: lr=[0.001, 0.001, 0.001, 0.001, 0.001, 0.001, 0.001, 0.001, 0.001], mean gradient norm=41.217, clipped=172/174
2026-10-08 14:52:11.810 INFO: Epoch timing: train=104.772s, validation=44.321s, updates=174, train/update=0.60214s, peak allocated=7623.1 MiB, backbone=CuEq
2026-10-08 14:52:11.823 INFO: Optimization budget: graphs=1385/1385, updates=174, mean retained gradient=0.3097, min retained gradient=0.035387
2026-10-08 14:52:11.837 INFO: Optimizer time scales {"updates_per_epoch": 174, "groups": [{"name": "embedding", "lr": 0.001, "parameter_update_range": [11484.0, 11484.0], "moment_memory_epochs": [0.057471264367816105, 5.747126436781604], "AdamW_decay_only_retention_per_epoch": 1.0}, {"name": "interactions_decay", "lr": 0.001, "parameter_update_range": [11484.0, 11484.0], "moment_memory_epochs": [0.057471264367816105, 5.747126436781604], "AdamW_decay_only_retention_per_epoch": 0.9998260150501321}, {"name": "interactions_no_decay", "lr": 0.001, "parameter_update_range": [11484.0, 11484.0], "moment_memory_epochs": [0.057471264367816105, 5.747126436781604], "AdamW_decay_only_retention_per_epoch": 1.0}, {"name": "products", "lr": 0.001, "parameter_update_range": [11484.0, 11484.0], "moment_memory_epochs": [0.057471264367816105, 5.747126436781604], "AdamW_decay_only_retention_per_epoch": 0.9998260150501321}, {"name": "readouts", "lr": 0.001, "parameter_update_range": [11484.0, 11484.0], "moment_memory_epochs": [0.057471264367816105, 5.747126436781604], "AdamW_decay_only_retention_per_epoch": 1.0}, {"name": "lr_source_maps", "lr": 0.001, "parameter_update_range": [11484.0, 11484.0], "moment_memory_epochs": [0.057471264367816105, 5.747126436781604], "AdamW_decay_only_retention_per_epoch": 1.0}, {"name": "field_dependent_charges_map", "lr": 0.001, "parameter_update_range": [11484.0, 11484.0], "moment_memory_epochs": [0.057471264367816105, 5.747126436781604], "AdamW_decay_only_retention_per_epoch": 0.9982615042374526}, {"name": "electronic_references", "lr": 0.001, "parameter_update_range": [11484.0, 11484.0], "moment_memory_epochs": [0.057471264367816105, 5.747126436781604], "AdamW_decay_only_retention_per_epoch": 1.0}, {"name": "layer_feature_mixer", "lr": 0.001, "parameter_update_range": [11484.0, 11484.0], "moment_memory_epochs": [0.057471264367816105, 5.747126436781604], "AdamW_decay_only_retention_per_epoch": 0.9998260150501321}], "EMA_asymptotic_memory_epochs": 0.5747126436781604}
2026-10-08 14:52:11.851 INFO: Batching: optimizer graphs=8, device graphs<=8; one clipping/Adam/EMA update per optimizer batch
2026-10-08 14:52:11.888 INFO: 50-step finite-budget validation residual 5.788e-05 exceeds equilibrium tolerance 1e-06; metrics describe the exported finite trajectory, not a converged root
2026-10-08 15:01:05.173 INFO: Training-only scalar reference calibration {'fermi_level': {'observed_training_graphs': 60, 'shift_eV': 0.0012350477613573968, 'reference_eV': -3.3084698423505987, 'panel_RMSE_before_eV': 0.04735613505094177, 'panel_RMSE_after_eV': 0.04734002729181936}, 'vacuum_potential': {'observed_training_graphs': 60, 'shift_eV': -0.003440280163048821, 'reference_eV': 0.0015821395492964315, 'panel_RMSE_before_eV': 0.042602372968747755, 'panel_RMSE_after_eV': 0.04246323886572975}, 'seconds': 8.779799287003698}; constants saved with the model; relative errors and physical fixed-Q trajectory unchanged
2026-10-08 15:01:40.595 INFO: Full validation audit {"graphs": 351, "index_convention": "supplied loader order, zero based", "force_rmse_by_element_column_eV_A": {"0": 0.035143811270460575, "1": 0.04942670276921275, "2": 0.0633403914420711}, "force_target_rms_by_element_column_eV_A": {"0": 0.7584590607696344, "1": 0.8723013494869878, "2": 0.9590743569439976}, "force_rmse_over_target_rms_by_element_column": {"0": 0.04633580517160537, "1": 0.056662416948318674, "2": 0.06604325408501113}, "density_observers": {"density_RMSE_e_A3": 0.0003745621804076748, "farfield_RMSE_e_A3": 5.241444563090652e-05, "scope": "Different Gaussian resolutions of the same error; smaller farfield RMSE is not an accuracy gain."}, "potential_error_power_fractions": {"normal_reciprocal_line": 0.9084259837722307, "Gaussian_lowpass": 0.8418692047947008, "Gaussian_width_A": 1.5}, "observed_EF_vac_WF": 331, "EF_vac_WF_rmse_eV": [0.0724096236566525, 0.10642596188787096, 0.1639464467134308], "EF_vac_WF_relative_rmse_eV": [0.07240398815338821, 0.10557141601496196, 0.16331607840383003], "EF_vac_WF_bias_eV": [0.0009033811942204064, -0.013459624227830163, -0.01436300542205055], "EF_vac_covariance_eV2": -0.005142240042642903, "WF_absolute_error_quantiles_eV": {"median": 0.039707336027285045, "p90": 0.21139116693129445, "p99": 0.7712258846778933, "max": 0.927184688068218}, "WF_identity_max_error_eV": 1.1102230246251565e-15, "WF_variance_components_eV2": {"EF": 0.005242337500515979, "vacuum": 0.011145323879404168, "covariance_contribution": 0.010284480085285807}, "WF_centered_squared_error_share_largest_10_percent": 0.8379981546637881, "independent_single_anchor_EF_vac_WF_RMSE_eV": [0.1023947020164225, 0.14930052832729138, 0.23096381303228417], "relative_error_scope": "One whole-split offset for RMSE_rel; no fitted offset is applied to predictions. Single-anchor expectation assumes independent configurations.", "spectral_minus_measured_vacuum_RMSE_eV": 0.018893168071070512, "spectral_minus_measured_vacuum_bias_eV": -0.012520879424160507, "spectral_minus_measured_vacuum_relative_RMSE_eV": 0.014148476179693427, "WF_squared_error_share_largest_10_percent": 0.8348926312911668, "largest_WF_errors": [{"index": 174, "atoms": 184, "composition": [64, 90, 30], "charge": -0.0, "weight": 1.0, "ef": -0.4486275147704132, "vac": 0.4785571732978049, "wf": 0.927184688068218, "vacuum_reference_gap": -0.019617781846668514, "force_rmse": 0.12971322814987116, "potential_error_power_eV2": 0.21741047464541827, "gaussian_lowpass_error_power_eV2": 0.20330076939795355, "planar_error_power_eV2": 0.21446038660244116}, {"index": 247, "atoms": 181, "composition": [61, 90, 30], "charge": -0.0, "weight": 1.0, "ef": -0.3949089828896237, "vac": 0.46206874691460165, "wf": 0.8569777298042252, "vacuum_reference_gap": -0.029866708888463656, "force_rmse": 0.06028770429559609, "potential_error_power_eV2": 0.1641053092433604, "gaussian_lowpass_error_power_eV2": 0.15307910391829077, "planar_error_power_eV2": 0.16264198553250833}, {"index": 213, "atoms": 186, "composition": [66, 90, 30], "charge": -0.0, "weight": 1.0, "ef": 0.2162194741473843, "vac": -0.6225575809112733, "wf": -0.8387770550586575, "vacuum_reference_gap": -0.013998135067152528, "force_rmse": 0.08736494225915845, "potential_error_power_eV2": 0.12971324270878637, "gaussian_lowpass_error_power_eV2": 0.12035543515676836, "planar_error_power_eV2": 0.12775751915102046}, {"index": 249, "atoms": 181, "composition": [61, 90, 30], "charge": -0.0, "weight": 1.0, "ef": -0.36513221308568933, "vac": 0.4135764702646618, "wf": 0.7787086833503514, "vacuum_reference_gap": -0.023634629053334244, "force_rmse": 0.057324904678228386, "potential_error_power_eV2": 0.12530475002565486, "gaussian_lowpass_error_power_eV2": 0.1154061024963384, "planar_error_power_eV2": 0.12366859187469462}, {"index": 36, "atoms": 181, "composition": [61, 90, 30], "charge": -0.0, "weight": 1.0, "ef": 0.31003602852548395, "vac": -0.4437299925833411, "wf": -0.7537660211088255, "vacuum_reference_gap": -0.02853873035558152, "force_rmse": 0.04737897942932709, "potential_error_power_eV2": 0.13074242349442494, "gaussian_lowpass_error_power_eV2": 0.12193276108687805, "planar_error_power_eV2": 0.12876132984019348}, {"index": 193, "atoms": 186, "composition": [66, 90, 30], "charge": -0.0, "weight": 1.0, "ef": 0.2051436603090051, "vac": -0.49236032044837685, "wf": -0.697503980757382, "vacuum_reference_gap": -0.028958271338110908, "force_rmse": 0.06615413620631427, "potential_error_power_eV2": 0.08633310149250294, "gaussian_lowpass_error_power_eV2": 0.07882153364129209, "planar_error_power_eV2": 0.08502971578593327}, {"index": 143, "atoms": 185, "composition": [65, 90, 30], "charge": -0.0, "weight": 1.0, "ef": 0.22111168240564638, "vac": -0.3372304754813156, "wf": -0.5583421578869618, "vacuum_reference_gap": -0.018373189317302252, "force_rmse": 0.046636725520013494, "potential_error_power_eV2": 0.054560518911366804, "gaussian_lowpass_error_power_eV2": 0.05023492606915034, "planar_error_power_eV2": 0.053351559388129896}, {"index": 134, "atoms": 180, "composition": [60, 90, 30], "charge": -0.0, "weight": 1.0, "ef": -0.21054571764488883, "vac": 0.31840062199670083, "wf": 0.5289463396415899, "vacuum_reference_gap": -0.0410481167446779, "force_rmse": 0.06611209386339395, "potential_error_power_eV2": 0.09164495056660579, "gaussian_lowpass_error_power_eV2": 0.08262162917378234, "planar_error_power_eV2": 0.0871285610995156}], "composition_cohorts": [{"element_counts": "(64, 90, 30)", "graphs": 1, "wf_rmse_eV": 0.927184688068218}, {"element_counts": "(60, 90, 30)", "graphs": 1, "wf_rmse_eV": 0.5289463396415899}, {"element_counts": "(61, 90, 30)", "graphs": 10, "wf_rmse_eV": 0.47387000541803387}, {"element_counts": "(19, 69, 30)", "graphs": 1, "wf_rmse_eV": 0.46589533307004594}, {"element_counts": "(19, 57, 24)", "graphs": 1, "wf_rmse_eV": 0.4569553909179973}, {"element_counts": "(66, 90, 30)", "graphs": 10, "wf_rmse_eV": 0.3911137391310302}, {"element_counts": "(20, 44, 18)", "graphs": 1, "wf_rmse_eV": 0.3847959860715955}, {"element_counts": "(31, 112, 48)", "graphs": 1, "wf_rmse_eV": 0.3844239294530958}, {"element_counts": "(41, 135, 60)", "graphs": 1, "wf_rmse_eV": 0.3824093327507194}, {"element_counts": "(23, 128, 60)", "graphs": 1, "wf_rmse_eV": 0.3181674130759271}, {"element_counts": "(65, 90, 30)", "graphs": 10, "wf_rmse_eV": 0.2998270226058299}, {"element_counts": "(17, 68, 30)", "graphs": 2, "wf_rmse_eV": 0.28206316518991587}], "scope": "Full supplied split; diagnostic only, no reference-dependent correction is installed.", "atomic_numbers": [1, 8, 77]}
2026-10-08 15:01:40.598 INFO: Epoch 70: loss=3.51595, RMSE_E_per_atom=10.7273 meV, RMSE_F=47.3568 meV/A, RMSE_dip_per_atom=0.3563 meA, RMSE_rho=0.0524 me/A^3, RMSE_EF(abs/rel)=72.4096/72.4040 meV, RMSE_ESP=83.7643 mV, RMSE_ESPvac(abs/rel)=106.4260/105.5714 mV, RMSE_WF(abs/rel)=163.9464/163.3161 meV
2026-10-08 15:01:40.598 INFO: 50-step electronic residual maximum: 3.9667e-05
2026-10-08 15:01:40.606 INFO: Optimizer epoch 70: lr=[0.001, 0.001, 0.001, 0.001, 0.001, 0.001, 0.001, 0.001, 0.001], mean gradient norm=36.595, clipped=173/174
2026-10-08 15:01:40.606 INFO: Epoch timing: train=104.862s, validation=44.213s, updates=174, train/update=0.60266s, peak allocated=7045.9 MiB, backbone=CuEq
2026-10-08 15:01:40.606 INFO: Optimization budget: graphs=1385/1385, updates=174, mean retained gradient=0.34291, min retained gradient=0.091756
2026-10-08 15:01:40.606 INFO: Optimizer time scales {"updates_per_epoch": 174, "groups": [{"name": "embedding", "lr": 0.001, "parameter_update_range": [12354.0, 12354.0], "moment_memory_epochs": [0.057471264367816105, 5.747126436781604], "AdamW_decay_only_retention_per_epoch": 1.0}, {"name": "interactions_decay", "lr": 0.001, "parameter_update_range": [12354.0, 12354.0], "moment_memory_epochs": [0.057471264367816105, 5.747126436781604], "AdamW_decay_only_retention_per_epoch": 0.9998260150501321}, {"name": "interactions_no_decay", "lr": 0.001, "parameter_update_range": [12354.0, 12354.0], "moment_memory_epochs": [0.057471264367816105, 5.747126436781604], "AdamW_decay_only_retention_per_epoch": 1.0}, {"name": "products", "lr": 0.001, "parameter_update_range": [12354.0, 12354.0], "moment_memory_epochs": [0.057471264367816105, 5.747126436781604], "AdamW_decay_only_retention_per_epoch": 0.9998260150501321}, {"name": "readouts", "lr": 0.001, "parameter_update_range": [12354.0, 12354.0], "moment_memory_epochs": [0.057471264367816105, 5.747126436781604], "AdamW_decay_only_retention_per_epoch": 1.0}, {"name": "lr_source_maps", "lr": 0.001, "parameter_update_range": [12354.0, 12354.0], "moment_memory_epochs": [0.057471264367816105, 5.747126436781604], "AdamW_decay_only_retention_per_epoch": 1.0}, {"name": "field_dependent_charges_map", "lr": 0.001, "parameter_update_range": [12354.0, 12354.0], "moment_memory_epochs": [0.057471264367816105, 5.747126436781604], "AdamW_decay_only_retention_per_epoch": 0.9982615042374526}, {"name": "electronic_references", "lr": 0.001, "parameter_update_range": [12354.0, 12354.0], "moment_memory_epochs": [0.057471264367816105, 5.747126436781604], "AdamW_decay_only_retention_per_epoch": 1.0}, {"name": "layer_feature_mixer", "lr": 0.001, "parameter_update_range": [12354.0, 12354.0], "moment_memory_epochs": [0.057471264367816105, 5.747126436781604], "AdamW_decay_only_retention_per_epoch": 0.9998260150501321}], "EMA_asymptotic_memory_epochs": 0.5747126436781604}
2026-10-08 15:01:40.606 INFO: Batching: optimizer graphs=8, device graphs<=8; one clipping/Adam/EMA update per optimizer batch
2026-10-08 15:01:40.606 INFO: 50-step finite-budget validation residual 3.9667e-05 exceeds equilibrium tolerance 1e-06; metrics describe the exported finite trajectory, not a converged root
2026-10-08 15:10:33.523 INFO: Training-only scalar reference calibration {'fermi_level': {'observed_training_graphs': 60, 'shift_eV': -0.005679599748061887, 'reference_eV': -3.314149442098661, 'panel_RMSE_before_eV': 0.044335220389394026, 'panel_RMSE_after_eV': 0.0439699205557385}, 'vacuum_potential': {'observed_training_graphs': 60, 'shift_eV': 0.005504325312839098, 'reference_eV': 0.00708646486213553, 'panel_RMSE_before_eV': 0.04182829904573323, 'panel_RMSE_after_eV': 0.04146455117217267}, 'seconds': 8.785991728014778}; constants saved with the model; relative errors and physical fixed-Q trajectory unchanged
2026-10-08 15:11:08.787 INFO: Full validation audit {"graphs": 351, "index_convention": "supplied loader order, zero based", "force_rmse_by_element_column_eV_A": {"0": 0.034384344928898455, "1": 0.04830840401745688, "2": 0.06205211565764041}, "force_target_rms_by_element_column_eV_A": {"0": 0.7584590607696344, "1": 0.8723013494869878, "2": 0.9590743569439976}, "force_rmse_over_target_rms_by_element_column": {"0": 0.045334477109426945, "1": 0.055380407293726765, "2": 0.06470000496662613}, "density_observers": {"density_RMSE_e_A3": 0.0003795936733284437, "farfield_RMSE_e_A3": 5.254136729985782e-05, "scope": "Different Gaussian resolutions of the same error; smaller farfield RMSE is not an accuracy gain."}, "potential_error_power_fractions": {"normal_reciprocal_line": 0.9113263891816108, "Gaussian_lowpass": 0.8449465202910377, "Gaussian_width_A": 1.5}, "observed_EF_vac_WF": 331, "EF_vac_WF_rmse_eV": [0.07165772878690965, 0.10402994838366068, 0.16165686890041417], "EF_vac_WF_relative_rmse_eV": [0.07165180608147577, 0.10356493675181384, 0.16141147470617373], "EF_vac_WF_bias_eV": [-0.0009212926575697801, -0.009825173601514886, -0.008903880943945088], "EF_vac_covariance_eV2": -0.005096993363838567, "WF_absolute_error_quantiles_eV": {"median": 0.03667868445096012, "p90": 0.21546644244899404, "p99": 0.8150911565230482, "max": 0.9126782967210669}, "WF_identity_max_error_eV": 8.881784197001252e-16, "WF_variance_components_eV2": {"EF": 0.005133981314737409, "vacuum": 0.010725696124407208, "covariance_contribution": 0.010193986727677134}, "WF_centered_squared_error_share_largest_10_percent": 0.8507247549670667, "independent_single_anchor_EF_vac_WF_RMSE_eV": [0.10133095592895004, 0.14646293814072694, 0.22827029665211265], "relative_error_scope": "One whole-split offset for RMSE_rel; no fitted offset is applied to predictions. Single-anchor expectation assumes independent configurations.", "spectral_minus_measured_vacuum_RMSE_eV": 0.018893168071070512, "spectral_minus_measured_vacuum_bias_eV": -0.012520879424160507, "spectral_minus_measured_vacuum_relative_RMSE_eV": 0.014148476179693427, "WF_squared_error_share_largest_10_percent": 0.8498735894410574, "largest_WF_errors": [{"index": 174, "atoms": 184, "composition": [64, 90, 30], "charge": -0.0, "weight": 1.0, "ef": -0.4492712411871512, "vac": 0.46340705553391626, "wf": 0.9126782967210669, "vacuum_reference_gap": -0.019617781846668514, "force_rmse": 0.1275322487712712, "potential_error_power_eV2": 0.21594354283598727, "gaussian_lowpass_error_power_eV2": 0.20210224175655103, "planar_error_power_eV2": 0.21306048617228765}, {"index": 213, "atoms": 186, "composition": [66, 90, 30], "charge": -0.0, "weight": 1.0, "ef": 0.25502475205772746, "vac": -0.6501133869726177, "wf": -0.905138139030345, "vacuum_reference_gap": -0.013998135067152528, "force_rmse": 0.08399824996813518, "potential_error_power_eV2": 0.14895588875011068, "gaussian_lowpass_error_power_eV2": 0.1386977701111132, "planar_error_power_eV2": 0.1471974699456153}, {"index": 247, "atoms": 181, "composition": [61, 90, 30], "charge": -0.0, "weight": 1.0, "ef": -0.3957237990054028, "vac": 0.4704532872477545, "wf": 0.8661770862531575, "vacuum_reference_gap": -0.029866708888463656, "force_rmse": 0.060619337009238355, "potential_error_power_eV2": 0.1599392022359916, "gaussian_lowpass_error_power_eV2": 0.1492001730142046, "planar_error_power_eV2": 0.1584727261804035}, {"index": 249, "atoms": 181, "composition": [61, 90, 30], "charge": -0.0, "weight": 1.0, "ef": -0.40026771536555317, "vac": 0.46204262513928374, "wf": 0.8623103405048367, "vacuum_reference_gap": -0.023634629053334244, "force_rmse": 0.05622513507320305, "potential_error_power_eV2": 0.1495600490326254, "gaussian_lowpass_error_power_eV2": 0.13805639271904552, "planar_error_power_eV2": 0.1477333762744693}, {"index": 36, "atoms": 181, "composition": [61, 90, 30], "charge": -0.0, "weight": 1.0, "ef": 0.2897531304618264, "vac": -0.41515993010372076, "wf": -0.7049130605655476, "vacuum_reference_gap": -0.02853873035558152, "force_rmse": 0.04655523840029498, "potential_error_power_eV2": 0.11764554387795832, "gaussian_lowpass_error_power_eV2": 0.10958926048081694, "planar_error_power_eV2": 0.1158165741523129}, {"index": 193, "atoms": 186, "composition": [66, 90, 30], "charge": -0.0, "weight": 1.0, "ef": 0.21107790721689335, "vac": -0.48948888565508253, "wf": -0.7005667928719759, "vacuum_reference_gap": -0.028958271338110908, "force_rmse": 0.06408466046155259, "potential_error_power_eV2": 0.0876746740400797, "gaussian_lowpass_error_power_eV2": 0.0805713151762287, "planar_error_power_eV2": 0.08646814846100377}, {"index": 131, "atoms": 181, "composition": [61, 90, 30], "charge": -0.0, "weight": 1.0, "ef": -0.2162195401856331, "vac": 0.33160540799838945, "wf": 0.5478249481840223, "vacuum_reference_gap": -0.020395759261505386, "force_rmse": 0.05124428480872895, "potential_error_power_eV2": 0.05145136759823024, "gaussian_lowpass_error_power_eV2": 0.0471215469066586, "planar_error_power_eV2": 0.050288186280763245}, {"index": 143, "atoms": 185, "composition": [65, 90, 30], "charge": -0.0, "weight": 1.0, "ef": 0.21995127759543165, "vac": -0.3143472411159052, "wf": -0.5342985187113367, "vacuum_reference_gap": -0.018373189317302252, "force_rmse": 0.046540100244488736, "potential_error_power_eV2": 0.05146989251694668, "gaussian_lowpass_error_power_eV2": 0.04739812778001458, "planar_error_power_eV2": 0.050387005478591956}], "composition_cohorts": [{"element_counts": "(64, 90, 30)", "graphs": 1, "wf_rmse_eV": 0.9126782967210669}, {"element_counts": "(60, 90, 30)", "graphs": 1, "wf_rmse_eV": 0.5275008409393633}, {"element_counts": "(61, 90, 30)", "graphs": 10, "wf_rmse_eV": 0.48979292924886086}, {"element_counts": "(19, 57, 24)", "graphs": 1, "wf_rmse_eV": 0.42499273819076144}, {"element_counts": "(19, 69, 30)", "graphs": 1, "wf_rmse_eV": 0.42486853231970745}, {"element_counts": "(20, 44, 18)", "graphs": 1, "wf_rmse_eV": 0.4073833284057464}, {"element_counts": "(31, 112, 48)", "graphs": 1, "wf_rmse_eV": 0.3947005262362602}, {"element_counts": "(66, 90, 30)", "graphs": 10, "wf_rmse_eV": 0.3934958781434027}, {"element_counts": "(41, 135, 60)", "graphs": 1, "wf_rmse_eV": 0.3890554611611483}, {"element_counts": "(23, 128, 60)", "graphs": 1, "wf_rmse_eV": 0.3178673638430318}, {"element_counts": "(65, 90, 30)", "graphs": 10, "wf_rmse_eV": 0.27708946896168835}, {"element_counts": "(17, 68, 30)", "graphs": 2, "wf_rmse_eV": 0.24954414315896534}], "scope": "Full supplied split; diagnostic only, no reference-dependent correction is installed.", "atomic_numbers": [1, 8, 77]}
2026-10-08 15:11:08.789 INFO: Epoch 75: loss=3.39328, RMSE_E_per_atom=10.2293 meV, RMSE_F=46.3248 meV/A, RMSE_dip_per_atom=0.3479 meA, RMSE_rho=0.0525 me/A^3, RMSE_EF(abs/rel)=71.6577/71.6518 meV, RMSE_ESP=82.5605 mV, RMSE_ESPvac(abs/rel)=104.0299/103.5649 mV, RMSE_WF(abs/rel)=161.6569/161.4115 meV
2026-10-08 15:11:08.789 INFO: 50-step electronic residual maximum: 0.00058358
2026-10-08 15:11:08.796 INFO: Optimizer epoch 75: lr=[0.001, 0.001, 0.001, 0.001, 0.001, 0.001, 0.001, 0.001, 0.001], mean gradient norm=39.51, clipped=172/174
2026-10-08 15:11:08.797 INFO: Epoch timing: train=105.155s, validation=44.060s, updates=174, train/update=0.60434s, peak allocated=7113.2 MiB, backbone=CuEq
2026-10-08 15:11:08.797 INFO: Optimization budget: graphs=1385/1385, updates=174, mean retained gradient=0.33084, min retained gradient=0.052024
2026-10-08 15:11:08.797 INFO: Optimizer time scales {"updates_per_epoch": 174, "groups": [{"name": "embedding", "lr": 0.001, "parameter_update_range": [13224.0, 13224.0], "moment_memory_epochs": [0.057471264367816105, 5.747126436781604], "AdamW_decay_only_retention_per_epoch": 1.0}, {"name": "interactions_decay", "lr": 0.001, "parameter_update_range": [13224.0, 13224.0], "moment_memory_epochs": [0.057471264367816105, 5.747126436781604], "AdamW_decay_only_retention_per_epoch": 0.9998260150501321}, {"name": "interactions_no_decay", "lr": 0.001, "parameter_update_range": [13224.0, 13224.0], "moment_memory_epochs": [0.057471264367816105, 5.747126436781604], "AdamW_decay_only_retention_per_epoch": 1.0}, {"name": "products", "lr": 0.001, "parameter_update_range": [13224.0, 13224.0], "moment_memory_epochs": [0.057471264367816105, 5.747126436781604], "AdamW_decay_only_retention_per_epoch": 0.9998260150501321}, {"name": "readouts", "lr": 0.001, "parameter_update_range": [13224.0, 13224.0], "moment_memory_epochs": [0.057471264367816105, 5.747126436781604], "AdamW_decay_only_retention_per_epoch": 1.0}, {"name": "lr_source_maps", "lr": 0.001, "parameter_update_range": [13224.0, 13224.0], "moment_memory_epochs": [0.057471264367816105, 5.747126436781604], "AdamW_decay_only_retention_per_epoch": 1.0}, {"name": "field_dependent_charges_map", "lr": 0.001, "parameter_update_range": [13224.0, 13224.0], "moment_memory_epochs": [0.057471264367816105, 5.747126436781604], "AdamW_decay_only_retention_per_epoch": 0.9982615042374526}, {"name": "electronic_references", "lr": 0.001, "parameter_update_range": [13224.0, 13224.0], "moment_memory_epochs": [0.057471264367816105, 5.747126436781604], "AdamW_decay_only_retention_per_epoch": 1.0}, {"name": "layer_feature_mixer", "lr": 0.001, "parameter_update_range": [13224.0, 13224.0], "moment_memory_epochs": [0.057471264367816105, 5.747126436781604], "AdamW_decay_only_retention_per_epoch": 0.9998260150501321}], "EMA_asymptotic_memory_epochs": 0.5747126436781604}
2026-10-08 15:11:08.797 INFO: Batching: optimizer graphs=8, device graphs<=8; one clipping/Adam/EMA update per optimizer batch
2026-10-08 15:11:08.797 INFO: 50-step finite-budget validation residual 0.00058358 exceeds equilibrium tolerance 1e-06; metrics describe the exported finite trajectory, not a converged root
2026-10-08 15:20:03.574 INFO: Training-only scalar reference calibration {'fermi_level': {'observed_training_graphs': 60, 'shift_eV': 0.019127028022416195, 'reference_eV': -3.2950224140762447, 'panel_RMSE_before_eV': 0.04825599930703576, 'panel_RMSE_after_eV': 0.04430347918787351}, 'vacuum_potential': {'observed_training_graphs': 60, 'shift_eV': -0.0029998760179710537, 'reference_eV': 0.0040865888441644765, 'panel_RMSE_before_eV': 0.04003694615062483, 'panel_RMSE_after_eV': 0.03992440107183619}, 'seconds': 8.782441611023387}; constants saved with the model; relative errors and physical fixed-Q trajectory unchanged
2026-10-08 15:20:39.023 INFO: Full validation audit {"graphs": 351, "index_convention": "supplied loader order, zero based", "force_rmse_by_element_column_eV_A": {"0": 0.03386605706501388, "1": 0.04764722080502179, "2": 0.06097372312504471}, "force_target_rms_by_element_column_eV_A": {"0": 0.7584590607696344, "1": 0.8723013494869878, "2": 0.9590743569439976}, "force_rmse_over_target_rms_by_element_column": {"0": 0.0446511338801185, "1": 0.05462243160926412, "2": 0.06357559524303401}, "density_observers": {"density_RMSE_e_A3": 0.0003714748485489571, "farfield_RMSE_e_A3": 5.124731428358294e-05, "scope": "Different Gaussian resolutions of the same error; smaller farfield RMSE is not an accuracy gain."}, "potential_error_power_fractions": {"normal_reciprocal_line": 0.9114597101949974, "Gaussian_lowpass": 0.8458216626585812, "Gaussian_width_A": 1.5}, "observed_EF_vac_WF": 331, "EF_vac_WF_rmse_eV": [0.0708287575124253, 0.1025487610149906, 0.15878717882584079], "EF_vac_WF_relative_rmse_eV": [0.07078874398634563, 0.10193706634938167, 0.1585429441019602], "EF_vac_WF_bias_eV": [-0.00238046541448521, -0.01118404621733164, -0.008803580802846413], "EF_vac_covariance_eV2": -0.004866826676717335, "WF_absolute_error_quantiles_eV": {"median": 0.040623636484486525, "p90": 0.205288666316072, "p99": 0.7928209245409354, "max": 0.9448499358222926}, "WF_identity_max_error_eV": 8.881784197001252e-16, "WF_variance_components_eV2": {"EF": 0.005011046275164381, "vacuum": 0.010391165495918236, "covariance_contribution": 0.00973365335343467}, "WF_centered_squared_error_share_largest_10_percent": 0.8537056277222447, "independent_single_anchor_EF_vac_WF_RMSE_eV": [0.10011040180884685, 0.14416078173982158, 0.2242135817675516], "relative_error_scope": "One whole-split offset for RMSE_rel; no fitted offset is applied to predictions. Single-anchor expectation assumes independent configurations.", "spectral_minus_measured_vacuum_RMSE_eV": 0.018893168071070512, "spectral_minus_measured_vacuum_bias_eV": -0.012520879424160507, "spectral_minus_measured_vacuum_relative_RMSE_eV": 0.014148476179693427, "WF_squared_error_share_largest_10_percent": 0.8519488517358481, "largest_WF_errors": [{"index": 247, "atoms": 181, "composition": [61, 90, 30], "charge": -0.0, "weight": 1.0, "ef": -0.43351239365857785, "vac": 0.511337542163715, "wf": 0.9448499358222926, "vacuum_reference_gap": -0.029866708888463656, "force_rmse": 0.05947590356858192, "potential_error_power_eV2": 0.18949232487779274, "gaussian_lowpass_error_power_eV2": 0.17738953762120582, "planar_error_power_eV2": 0.18820676132529623}, {"index": 174, "atoms": 184, "composition": [64, 90, 30], "charge": -0.0, "weight": 1.0, "ef": -0.45786163813679626, "vac": 0.4671188413132059, "wf": 0.9249804794500021, "vacuum_reference_gap": -0.019617781846668514, "force_rmse": 0.1260625353005949, "potential_error_power_eV2": 0.2182529788452317, "gaussian_lowpass_error_power_eV2": 0.20432647519813824, "planar_error_power_eV2": 0.21554220617899925}, {"index": 249, "atoms": 181, "composition": [61, 90, 30], "charge": -0.0, "weight": 1.0, "ef": -0.4129266642196894, "vac": 0.4670609379701247, "wf": 0.8799876021898143, "vacuum_reference_gap": -0.023634629053334244, "force_rmse": 0.05571732408294086, "potential_error_power_eV2": 0.16176019700486483, "gaussian_lowpass_error_power_eV2": 0.1497762828885869, "planar_error_power_eV2": 0.16014964853976413}, {"index": 213, "atoms": 186, "composition": [66, 90, 30], "charge": -0.0, "weight": 1.0, "ef": 0.2253582621393121, "vac": -0.6226775631201265, "wf": -0.8480358252594384, "vacuum_reference_gap": -0.013998135067152528, "force_rmse": 0.08385920511746982, "potential_error_power_eV2": 0.13324416227257307, "gaussian_lowpass_error_power_eV2": 0.12389418141481616, "planar_error_power_eV2": 0.13155740696744386}, {"index": 193, "atoms": 186, "composition": [66, 90, 30], "charge": -0.0, "weight": 1.0, "ef": 0.1896686231140945, "vac": -0.4743175330836742, "wf": -0.6639861561977687, "vacuum_reference_gap": -0.028958271338110908, "force_rmse": 0.06375943966798028, "potential_error_power_eV2": 0.07906184437652804, "gaussian_lowpass_error_power_eV2": 0.0723334894763424, "planar_error_power_eV2": 0.07787185496123693}, {"index": 36, "atoms": 181, "composition": [61, 90, 30], "charge": -0.0, "weight": 1.0, "ef": 0.22603367550828102, "vac": -0.3448007443774421, "wf": -0.570834419885724, "vacuum_reference_gap": -0.02853873035558152, "force_rmse": 0.0442189980230737, "potential_error_power_eV2": 0.07823181311788187, "gaussian_lowpass_error_power_eV2": 0.07233946010152768, "planar_error_power_eV2": 0.07630926368683164}, {"index": 131, "atoms": 181, "composition": [61, 90, 30], "charge": -0.0, "weight": 1.0, "ef": -0.21641784520325374, "vac": 0.33096748955568955, "wf": 0.5473853347589435, "vacuum_reference_gap": -0.020395759261505386, "force_rmse": 0.04956208622724894, "potential_error_power_eV2": 0.05194147008364047, "gaussian_lowpass_error_power_eV2": 0.04774662110446632, "planar_error_power_eV2": 0.05094369107460914}, {"index": 334, "atoms": 185, "composition": [65, 90, 30], "charge": -0.0, "weight": 1.0, "ef": -0.25217166633597016, "vac": 0.2636238536986353, "wf": 0.5157955200346054, "vacuum_reference_gap": -0.028350907757834776, "force_rmse": 0.09944041816335784, "potential_error_power_eV2": 0.07448343133998986, "gaussian_lowpass_error_power_eV2": 0.06690256283804508, "planar_error_power_eV2": 0.0725957690957157}], "composition_cohorts": [{"element_counts": "(64, 90, 30)", "graphs": 1, "wf_rmse_eV": 0.9249804794500021}, {"element_counts": "(60, 90, 30)", "graphs": 1, "wf_rmse_eV": 0.509125486436572}, {"element_counts": "(61, 90, 30)", "graphs": 10, "wf_rmse_eV": 0.48895244049373243}, {"element_counts": "(19, 57, 24)", "graphs": 1, "wf_rmse_eV": 0.46325455936253057}, {"element_counts": "(31, 112, 48)", "graphs": 1, "wf_rmse_eV": 0.4094473424819389}, {"element_counts": "(20, 44, 18)", "graphs": 1, "wf_rmse_eV": 0.3973409723370471}, {"element_counts": "(19, 69, 30)", "graphs": 1, "wf_rmse_eV": 0.3940097750791871}, {"element_counts": "(66, 90, 30)", "graphs": 10, "wf_rmse_eV": 0.3729723523153827}, {"element_counts": "(41, 135, 60)", "graphs": 1, "wf_rmse_eV": 0.3715485143426065}, {"element_counts": "(23, 128, 60)", "graphs": 1, "wf_rmse_eV": 0.3216091301646138}, {"element_counts": "(65, 90, 30)", "graphs": 10, "wf_rmse_eV": 0.263282023404171}, {"element_counts": "(17, 68, 30)", "graphs": 2, "wf_rmse_eV": 0.24950014188689362}], "scope": "Full supplied split; diagnostic only, no reference-dependent correction is installed.", "atomic_numbers": [1, 8, 77]}
2026-10-08 15:20:39.025 INFO: Epoch 80: loss=3.29147, RMSE_E_per_atom=9.9150 meV, RMSE_F=45.6307 meV/A, RMSE_dip_per_atom=0.3380 meA, RMSE_rho=0.0512 me/A^3, RMSE_EF(abs/rel)=70.8288/70.7887 meV, RMSE_ESP=81.2445 mV, RMSE_ESPvac(abs/rel)=102.5488/101.9371 mV, RMSE_WF(abs/rel)=158.7872/158.5429 meV
2026-10-08 15:20:39.025 INFO: 50-step electronic residual maximum: 0.00024627
2026-10-08 15:20:39.033 INFO: Optimizer epoch 80: lr=[0.001, 0.001, 0.001, 0.001, 0.001, 0.001, 0.001, 0.001, 0.001], mean gradient norm=40.005, clipped=174/174
2026-10-08 15:20:39.033 INFO: Epoch timing: train=105.200s, validation=44.242s, updates=174, train/update=0.60460s, peak allocated=7241.0 MiB, backbone=CuEq
2026-10-08 15:20:39.033 INFO: Optimization budget: graphs=1385/1385, updates=174, mean retained gradient=0.32377, min retained gradient=0.085016
2026-10-08 15:20:39.033 INFO: Optimizer time scales {"updates_per_epoch": 174, "groups": [{"name": "embedding", "lr": 0.001, "parameter_update_range": [14094.0, 14094.0], "moment_memory_epochs": [0.057471264367816105, 5.747126436781604], "AdamW_decay_only_retention_per_epoch": 1.0}, {"name": "interactions_decay", "lr": 0.001, "parameter_update_range": [14094.0, 14094.0], "moment_memory_epochs": [0.057471264367816105, 5.747126436781604], "AdamW_decay_only_retention_per_epoch": 0.9998260150501321}, {"name": "interactions_no_decay", "lr": 0.001, "parameter_update_range": [14094.0, 14094.0], "moment_memory_epochs": [0.057471264367816105, 5.747126436781604], "AdamW_decay_only_retention_per_epoch": 1.0}, {"name": "products", "lr": 0.001, "parameter_update_range": [14094.0, 14094.0], "moment_memory_epochs": [0.057471264367816105, 5.747126436781604], "AdamW_decay_only_retention_per_epoch": 0.9998260150501321}, {"name": "readouts", "lr": 0.001, "parameter_update_range": [14094.0, 14094.0], "moment_memory_epochs": [0.057471264367816105, 5.747126436781604], "AdamW_decay_only_retention_per_epoch": 1.0}, {"name": "lr_source_maps", "lr": 0.001, "parameter_update_range": [14094.0, 14094.0], "moment_memory_epochs": [0.057471264367816105, 5.747126436781604], "AdamW_decay_only_retention_per_epoch": 1.0}, {"name": "field_dependent_charges_map", "lr": 0.001, "parameter_update_range": [14094.0, 14094.0], "moment_memory_epochs": [0.057471264367816105, 5.747126436781604], "AdamW_decay_only_retention_per_epoch": 0.9982615042374526}, {"name": "electronic_references", "lr": 0.001, "parameter_update_range": [14094.0, 14094.0], "moment_memory_epochs": [0.057471264367816105, 5.747126436781604], "AdamW_decay_only_retention_per_epoch": 1.0}, {"name": "layer_feature_mixer", "lr": 0.001, "parameter_update_range": [14094.0, 14094.0], "moment_memory_epochs": [0.057471264367816105, 5.747126436781604], "AdamW_decay_only_retention_per_epoch": 0.9998260150501321}], "EMA_asymptotic_memory_epochs": 0.5747126436781604}
2026-10-08 15:20:39.033 INFO: Batching: optimizer graphs=8, device graphs<=8; one clipping/Adam/EMA update per optimizer batch
2026-10-08 15:20:39.033 INFO: 50-step finite-budget validation residual 0.00024627 exceeds equilibrium tolerance 1e-06; metrics describe the exported finite trajectory, not a converged root
2026-10-08 15:29:28.402 INFO: Training-only scalar reference calibration {'fermi_level': {'observed_training_graphs': 60, 'shift_eV': -0.01949242867995776, 'reference_eV': -3.3145148427562026, 'panel_RMSE_before_eV': 0.0466812789420766, 'panel_RMSE_after_eV': 0.042416824820166864}, 'vacuum_potential': {'observed_training_graphs': 60, 'shift_eV': -0.0015097070989010734, 'reference_eV': 0.002576881745263403, 'panel_RMSE_before_eV': 0.039745758716503626, 'panel_RMSE_after_eV': 0.03971707592995803}, 'seconds': 8.796574922977015}; constants saved with the model; relative errors and physical fixed-Q trajectory unchanged
2026-10-08 15:30:03.877 INFO: Full validation audit {"graphs": 351, "index_convention": "supplied loader order, zero based", "force_rmse_by_element_column_eV_A": {"0": 0.03305613802644174, "1": 0.04658339377973398, "2": 0.059876700382022426}, "force_target_rms_by_element_column_eV_A": {"0": 0.7584590607696344, "1": 0.8723013494869878, "2": 0.9590743569439976}, "force_rmse_over_target_rms_by_element_column": {"0": 0.043583285817560866, "1": 0.053402867950542894, "2": 0.062431760320246735}, "density_observers": {"density_RMSE_e_A3": 0.00037098943035060016, "farfield_RMSE_e_A3": 5.076321895704767e-05, "scope": "Different Gaussian resolutions of the same error; smaller farfield RMSE is not an accuracy gain."}, "potential_error_power_fractions": {"normal_reciprocal_line": 0.915226834333997, "Gaussian_lowpass": 0.8477881126858801, "Gaussian_width_A": 1.5}, "observed_EF_vac_WF": 331, "EF_vac_WF_rmse_eV": [0.06926204805857662, 0.1035848527984811, 0.1587779316286309], "EF_vac_WF_relative_rmse_eV": [0.06925201423182425, 0.10279947042119618, 0.15835709534934336], "EF_vac_WF_bias_eV": [-0.0011789088615281249, -0.012731481076630923, -0.011552572215102795], "EF_vac_covariance_eV2": -0.004856698526718926, "WF_absolute_error_quantiles_eV": {"median": 0.03675980128194212, "p90": 0.18104946591653626, "p99": 0.7872116840680807, "max": 0.9047485903505983}, "WF_identity_max_error_eV": 8.881784197001252e-16, "WF_variance_components_eV2": {"EF": 0.00479584147516479, "vacuum": 0.010567731118878394, "covariance_contribution": 0.009713397053437852}, "WF_centered_squared_error_share_largest_10_percent": 0.8663596477123954, "independent_single_anchor_EF_vac_WF_RMSE_eV": [0.09793713774830046, 0.14538040527442747, 0.22395075194105077], "relative_error_scope": "One whole-split offset for RMSE_rel; no fitted offset is applied to predictions. Single-anchor expectation assumes independent configurations.", "spectral_minus_measured_vacuum_RMSE_eV": 0.018893168071070512, "spectral_minus_measured_vacuum_bias_eV": -0.012520879424160507, "spectral_minus_measured_vacuum_relative_RMSE_eV": 0.014148476179693427, "WF_squared_error_share_largest_10_percent": 0.8629060618388078, "largest_WF_errors": [{"index": 174, "atoms": 184, "composition": [64, 90, 30], "charge": -0.0, "weight": 1.0, "ef": -0.4458781932060206, "vac": 0.4588703971445778, "wf": 0.9047485903505983, "vacuum_reference_gap": -0.019617781846668514, "force_rmse": 0.1216741370749159, "potential_error_power_eV2": 0.20733781825037412, "gaussian_lowpass_error_power_eV2": 0.1940080698119619, "planar_error_power_eV2": 0.20471592461025417}, {"index": 213, "atoms": 186, "composition": [66, 90, 30], "charge": -0.0, "weight": 1.0, "ef": 0.24452426713591546, "vac": -0.6232137786704106, "wf": -0.867738045806326, "vacuum_reference_gap": -0.013998135067152528, "force_rmse": 0.08047604941313014, "potential_error_power_eV2": 0.1368097378708085, "gaussian_lowpass_error_power_eV2": 0.12719048187765505, "planar_error_power_eV2": 0.1351286147544962}, {"index": 249, "atoms": 181, "composition": [61, 90, 30], "charge": -0.0, "weight": 1.0, "ef": -0.3700695396099245, "vac": 0.46677755646667407, "wf": 0.8368470960765988, "vacuum_reference_gap": -0.023634629053334244, "force_rmse": 0.053056007054890233, "potential_error_power_eV2": 0.14302214108911185, "gaussian_lowpass_error_power_eV2": 0.13137471195188408, "planar_error_power_eV2": 0.14105196536930764}, {"index": 247, "atoms": 181, "composition": [61, 90, 30], "charge": -0.0, "weight": 1.0, "ef": -0.3720815207768877, "vac": 0.44351933251567566, "wf": 0.8156008532925632, "vacuum_reference_gap": -0.029866708888463656, "force_rmse": 0.0564882170018344, "potential_error_power_eV2": 0.14501173426487413, "gaussian_lowpass_error_power_eV2": 0.13547888563317403, "planar_error_power_eV2": 0.1437609308931361}, {"index": 36, "atoms": 181, "composition": [61, 90, 30], "charge": -0.0, "weight": 1.0, "ef": 0.2967047225873647, "vac": -0.42426556662359305, "wf": -0.7209702892109586, "vacuum_reference_gap": -0.02853873035558152, "force_rmse": 0.046019023756407235, "potential_error_power_eV2": 0.11851664318039738, "gaussian_lowpass_error_power_eV2": 0.1102022771705804, "planar_error_power_eV2": 0.11663501105720982}, {"index": 193, "atoms": 186, "composition": [66, 90, 30], "charge": -0.0, "weight": 1.0, "ef": 0.20990513414324918, "vac": -0.49657740730721067, "wf": -0.7064825414504599, "vacuum_reference_gap": -0.028958271338110908, "force_rmse": 0.06137370998356154, "potential_error_power_eV2": 0.08638210080658157, "gaussian_lowpass_error_power_eV2": 0.0793035888605981, "planar_error_power_eV2": 0.08521611267293074}, {"index": 131, "atoms": 181, "composition": [61, 90, 30], "charge": -0.0, "weight": 1.0, "ef": -0.22340203820596188, "vac": 0.346793597557288, "wf": 0.57019563576325, "vacuum_reference_gap": -0.020395759261505386, "force_rmse": 0.04922557785009858, "potential_error_power_eV2": 0.05605640634869347, "gaussian_lowpass_error_power_eV2": 0.051472442651770756, "planar_error_power_eV2": 0.054934913190465576}, {"index": 143, "atoms": 185, "composition": [65, 90, 30], "charge": -0.0, "weight": 1.0, "ef": 0.2118300241752228, "vac": -0.3221396050797609, "wf": -0.5339696292549836, "vacuum_reference_gap": -0.018373189317302252, "force_rmse": 0.04494860366331952, "potential_error_power_eV2": 0.05018934095637491, "gaussian_lowpass_error_power_eV2": 0.0462505408565708, "planar_error_power_eV2": 0.04915960773066351}], "composition_cohorts": [{"element_counts": "(64, 90, 30)", "graphs": 1, "wf_rmse_eV": 0.9047485903505983}, {"element_counts": "(60, 90, 30)", "graphs": 1, "wf_rmse_eV": 0.5298547905571782}, {"element_counts": "(61, 90, 30)", "graphs": 10, "wf_rmse_eV": 0.4807662477321828}, {"element_counts": "(19, 57, 24)", "graphs": 1, "wf_rmse_eV": 0.4667825126715961}, {"element_counts": "(19, 69, 30)", "graphs": 1, "wf_rmse_eV": 0.4334012493353132}, {"element_counts": "(31, 112, 48)", "graphs": 1, "wf_rmse_eV": 0.4084817574406019}, {"element_counts": "(66, 90, 30)", "graphs": 10, "wf_rmse_eV": 0.39116048943737836}, {"element_counts": "(20, 44, 18)", "graphs": 1, "wf_rmse_eV": 0.3832458517646229}, {"element_counts": "(41, 135, 60)", "graphs": 1, "wf_rmse_eV": 0.3737609420606267}, {"element_counts": "(23, 128, 60)", "graphs": 1, "wf_rmse_eV": 0.3064419388637454}, {"element_counts": "(65, 90, 30)", "graphs": 10, "wf_rmse_eV": 0.27907735676752293}, {"element_counts": "(17, 68, 30)", "graphs": 2, "wf_rmse_eV": 0.22555838454713134}], "scope": "Full supplied split; diagnostic only, no reference-dependent correction is installed.", "atomic_numbers": [1, 8, 77]}
2026-10-08 15:30:03.880 INFO: Epoch 85: loss=3.23644, RMSE_E_per_atom=9.6368 meV, RMSE_F=44.6517 meV/A, RMSE_dip_per_atom=0.3432 meA, RMSE_rho=0.0508 me/A^3, RMSE_EF(abs/rel)=69.2620/69.2520 meV, RMSE_ESP=80.8701 mV, RMSE_ESPvac(abs/rel)=103.5849/102.7995 mV, RMSE_WF(abs/rel)=158.7779/158.3571 meV
2026-10-08 15:30:03.880 INFO: 50-step electronic residual maximum: 0.00023355
2026-10-08 15:30:03.887 INFO: Optimizer epoch 85: lr=[0.001, 0.001, 0.001, 0.001, 0.001, 0.001, 0.001, 0.001, 0.001], mean gradient norm=38.149, clipped=174/174
2026-10-08 15:30:03.888 INFO: Epoch timing: train=105.223s, validation=44.282s, updates=174, train/update=0.60473s, peak allocated=7613.6 MiB, backbone=CuEq
2026-10-08 15:30:03.888 INFO: Optimization budget: graphs=1385/1385, updates=174, mean retained gradient=0.32786, min retained gradient=0.08472
2026-10-08 15:30:03.888 INFO: Optimizer time scales {"updates_per_epoch": 174, "groups": [{"name": "embedding", "lr": 0.001, "parameter_update_range": [14964.0, 14964.0], "moment_memory_epochs": [0.057471264367816105, 5.747126436781604], "AdamW_decay_only_retention_per_epoch": 1.0}, {"name": "interactions_decay", "lr": 0.001, "parameter_update_range": [14964.0, 14964.0], "moment_memory_epochs": [0.057471264367816105, 5.747126436781604], "AdamW_decay_only_retention_per_epoch": 0.9998260150501321}, {"name": "interactions_no_decay", "lr": 0.001, "parameter_update_range": [14964.0, 14964.0], "moment_memory_epochs": [0.057471264367816105, 5.747126436781604], "AdamW_decay_only_retention_per_epoch": 1.0}, {"name": "products", "lr": 0.001, "parameter_update_range": [14964.0, 14964.0], "moment_memory_epochs": [0.057471264367816105, 5.747126436781604], "AdamW_decay_only_retention_per_epoch": 0.9998260150501321}, {"name": "readouts", "lr": 0.001, "parameter_update_range": [14964.0, 14964.0], "moment_memory_epochs": [0.057471264367816105, 5.747126436781604], "AdamW_decay_only_retention_per_epoch": 1.0}, {"name": "lr_source_maps", "lr": 0.001, "parameter_update_range": [14964.0, 14964.0], "moment_memory_epochs": [0.057471264367816105, 5.747126436781604], "AdamW_decay_only_retention_per_epoch": 1.0}, {"name": "field_dependent_charges_map", "lr": 0.001, "parameter_update_range": [14964.0, 14964.0], "moment_memory_epochs": [0.057471264367816105, 5.747126436781604], "AdamW_decay_only_retention_per_epoch": 0.9982615042374526}, {"name": "electronic_references", "lr": 0.001, "parameter_update_range": [14964.0, 14964.0], "moment_memory_epochs": [0.057471264367816105, 5.747126436781604], "AdamW_decay_only_retention_per_epoch": 1.0}, {"name": "layer_feature_mixer", "lr": 0.001, "parameter_update_range": [14964.0, 14964.0], "moment_memory_epochs": [0.057471264367816105, 5.747126436781604], "AdamW_decay_only_retention_per_epoch": 0.9998260150501321}], "EMA_asymptotic_memory_epochs": 0.5747126436781604}
2026-10-08 15:30:03.888 INFO: Batching: optimizer graphs=8, device graphs<=8; one clipping/Adam/EMA update per optimizer batch
2026-10-08 15:30:03.888 INFO: 50-step finite-budget validation residual 0.00023355 exceeds equilibrium tolerance 1e-06; metrics describe the exported finite trajectory, not a converged root
2026-10-08 15:38:59.336 INFO: Training-only scalar reference calibration {'fermi_level': {'observed_training_graphs': 60, 'shift_eV': -0.010959664594141461, 'reference_eV': -3.3254745073503442, 'panel_RMSE_before_eV': 0.04270276894118458, 'panel_RMSE_after_eV': 0.04127241484609448}, 'vacuum_potential': {'observed_training_graphs': 60, 'shift_eV': -6.302600795700664e-05, 'reference_eV': 0.0025138557373063967, 'panel_RMSE_before_eV': 0.037834562948163494, 'panel_RMSE_after_eV': 0.037834510452771385}, 'seconds': 8.8188792669971}; constants saved with the model; relative errors and physical fixed-Q trajectory unchanged
2026-10-08 15:39:34.822 INFO: Full validation audit {"graphs": 351, "index_convention": "supplied loader order, zero based", "force_rmse_by_element_column_eV_A": {"0": 0.03263392452829901, "1": 0.04596306341583182, "2": 0.05901258512000122}, "force_target_rms_by_element_column_eV_A": {"0": 0.7584590607696344, "1": 0.8723013494869878, "2": 0.9590743569439976}, "force_rmse_over_target_rms_by_element_column": {"0": 0.043026613058303034, "1": 0.05269172567813097, "2": 0.061530771511855875}, "density_observers": {"density_RMSE_e_A3": 0.00036637941539550257, "farfield_RMSE_e_A3": 5.0695897950875645e-05, "scope": "Different Gaussian resolutions of the same error; smaller farfield RMSE is not an accuracy gain."}, "potential_error_power_fractions": {"normal_reciprocal_line": 0.917011810631473, "Gaussian_lowpass": 0.8496904703472269, "Gaussian_width_A": 1.5}, "observed_EF_vac_WF": 331, "EF_vac_WF_rmse_eV": [0.06788890416939275, 0.10185573911383713, 0.15539060081915765], "EF_vac_WF_relative_rmse_eV": [0.06782830850823081, 0.10118620902390722, 0.15514169181639417], "EF_vac_WF_bias_eV": [-0.0028677298047863078, -0.011659446547594193, -0.008791716742807884], "EF_vac_covariance_eV2": -0.004614808103967725, "WF_absolute_error_quantiles_eV": {"median": 0.03603849533095538, "p90": 0.20544944139549592, "p99": 0.7188772535439593, "max": 0.9319686448594968}, "WF_identity_max_error_eV": 8.881784197001252e-16, "WF_variance_components_eV2": {"EF": 0.004600679435087736, "vacuum": 0.010238648896629846, "covariance_contribution": 0.00922961620793545}, "WF_centered_squared_error_share_largest_10_percent": 0.8582107688803087, "independent_single_anchor_EF_vac_WF_RMSE_eV": [0.0959237138051664, 0.14309890912672846, 0.21940348465625165], "relative_error_scope": "One whole-split offset for RMSE_rel; no fitted offset is applied to predictions. Single-anchor expectation assumes independent configurations.", "spectral_minus_measured_vacuum_RMSE_eV": 0.018893168071070512, "spectral_minus_measured_vacuum_bias_eV": -0.012520879424160507, "spectral_minus_measured_vacuum_relative_RMSE_eV": 0.014148476179693427, "WF_squared_error_share_largest_10_percent": 0.8564958738743719, "largest_WF_errors": [{"index": 174, "atoms": 184, "composition": [64, 90, 30], "charge": -0.0, "weight": 1.0, "ef": -0.4568435006770134, "vac": 0.47512514418248397, "wf": 0.9319686448594968, "vacuum_reference_gap": -0.019617781846668514, "force_rmse": 0.12431926790320608, "potential_error_power_eV2": 0.21602466924581176, "gaussian_lowpass_error_power_eV2": 0.2023253838353791, "planar_error_power_eV2": 0.2134968248154689}, {"index": 249, "atoms": 181, "composition": [61, 90, 30], "charge": -0.0, "weight": 1.0, "ef": -0.4037492558659672, "vac": 0.4724975907599047, "wf": 0.8762468466258726, "vacuum_reference_gap": -0.023634629053334244, "force_rmse": 0.05591801268064058, "potential_error_power_eV2": 0.15863622244694, "gaussian_lowpass_error_power_eV2": 0.1466410919114892, "planar_error_power_eV2": 0.15711233300367333}, {"index": 213, "atoms": 186, "composition": [66, 90, 30], "charge": -0.0, "weight": 1.0, "ef": 0.2221546373109421, "vac": -0.6080906129281334, "wf": -0.8302452502390754, "vacuum_reference_gap": -0.013998135067152528, "force_rmse": 0.08005779892102712, "potential_error_power_eV2": 0.12966786089519144, "gaussian_lowpass_error_power_eV2": 0.12065734992746761, "planar_error_power_eV2": 0.12804308686087135}, {"index": 247, "atoms": 181, "composition": [61, 90, 30], "charge": -0.0, "weight": 1.0, "ef": -0.3370329429667367, "vac": 0.3856640760748986, "wf": 0.7226970190416355, "vacuum_reference_gap": -0.029866708888463656, "force_rmse": 0.05992146921434341, "potential_error_power_eV2": 0.11631859711335694, "gaussian_lowpass_error_power_eV2": 0.10812779673014075, "planar_error_power_eV2": 0.11513565990668663}, {"index": 36, "atoms": 181, "composition": [61, 90, 30], "charge": -0.0, "weight": 1.0, "ef": 0.2922649204730483, "vac": -0.4176995469096667, "wf": -0.709964467382715, "vacuum_reference_gap": -0.02853873035558152, "force_rmse": 0.045294688563802254, "potential_error_power_eV2": 0.11533420167832566, "gaussian_lowpass_error_power_eV2": 0.10725896697951515, "planar_error_power_eV2": 0.11339162373483305}, {"index": 193, "atoms": 186, "composition": [66, 90, 30], "charge": -0.0, "weight": 1.0, "ef": 0.1880677544805247, "vac": -0.4808707409481452, "wf": -0.6689384954286699, "vacuum_reference_gap": -0.028958271338110908, "force_rmse": 0.061436484166206486, "potential_error_power_eV2": 0.08114066128148932, "gaussian_lowpass_error_power_eV2": 0.07455234839760583, "planar_error_power_eV2": 0.08008704497993956}, {"index": 131, "atoms": 181, "composition": [61, 90, 30], "charge": -0.0, "weight": 1.0, "ef": -0.21894047489575402, "vac": 0.32150565576883494, "wf": 0.5404461306645896, "vacuum_reference_gap": -0.020395759261505386, "force_rmse": 0.048069255035111905, "potential_error_power_eV2": 0.04915906218210143, "gaussian_lowpass_error_power_eV2": 0.04511727616425222, "planar_error_power_eV2": 0.04820153277654313}, {"index": 134, "atoms": 180, "composition": [60, 90, 30], "charge": -0.0, "weight": 1.0, "ef": -0.2018229136822065, "vac": 0.29871165529642063, "wf": 0.5005345689786269, "vacuum_reference_gap": -0.0410481167446779, "force_rmse": 0.06231254873644398, "potential_error_power_eV2": 0.0787751165899659, "gaussian_lowpass_error_power_eV2": 0.0712299538369336, "planar_error_power_eV2": 0.07520531200157371}], "composition_cohorts": [{"element_counts": "(64, 90, 30)", "graphs": 1, "wf_rmse_eV": 0.9319686448594968}, {"element_counts": "(60, 90, 30)", "graphs": 1, "wf_rmse_eV": 0.5005345689786269}, {"element_counts": "(61, 90, 30)", "graphs": 10, "wf_rmse_eV": 0.4677152563805821}, {"element_counts": "(19, 57, 24)", "graphs": 1, "wf_rmse_eV": 0.41781248715758146}, {"element_counts": "(20, 44, 18)", "graphs": 1, "wf_rmse_eV": 0.4060674998277891}, {"element_counts": "(19, 69, 30)", "graphs": 1, "wf_rmse_eV": 0.4050734008514443}, {"element_counts": "(31, 112, 48)", "graphs": 1, "wf_rmse_eV": 0.4015178717384851}, {"element_counts": "(41, 135, 60)", "graphs": 1, "wf_rmse_eV": 0.38584526194664104}, {"element_counts": "(66, 90, 30)", "graphs": 10, "wf_rmse_eV": 0.3735607775989362}, {"element_counts": "(23, 128, 60)", "graphs": 1, "wf_rmse_eV": 0.2872419096369807}, {"element_counts": "(65, 90, 30)", "graphs": 10, "wf_rmse_eV": 0.2609801761702746}, {"element_counts": "(17, 68, 30)", "graphs": 2, "wf_rmse_eV": 0.24601915289547382}], "scope": "Full supplied split; diagnostic only, no reference-dependent correction is installed.", "atomic_numbers": [1, 8, 77]}
2026-10-08 15:39:34.824 INFO: Epoch 90: loss=3.14184, RMSE_E_per_atom=9.0719 meV, RMSE_F=44.0482 meV/A, RMSE_dip_per_atom=0.3272 meA, RMSE_rho=0.0507 me/A^3, RMSE_EF(abs/rel)=67.8889/67.8283 meV, RMSE_ESP=80.0357 mV, RMSE_ESPvac(abs/rel)=101.8557/101.1862 mV, RMSE_WF(abs/rel)=155.3906/155.1417 meV
2026-10-08 15:39:34.824 INFO: 50-step electronic residual maximum: 0.00038352
2026-10-08 15:39:34.832 INFO: Optimizer epoch 90: lr=[0.001, 0.001, 0.001, 0.001, 0.001, 0.001, 0.001, 0.001, 0.001], mean gradient norm=33.971, clipped=173/174
2026-10-08 15:39:34.832 INFO: Epoch timing: train=105.277s, validation=44.316s, updates=174, train/update=0.60504s, peak allocated=7010.7 MiB, backbone=CuEq
2026-10-08 15:39:34.832 INFO: Optimization budget: graphs=1385/1385, updates=174, mean retained gradient=0.38045, min retained gradient=0.062099
2026-10-08 15:39:34.832 INFO: Optimizer time scales {"updates_per_epoch": 174, "groups": [{"name": "embedding", "lr": 0.001, "parameter_update_range": [15834.0, 15834.0], "moment_memory_epochs": [0.057471264367816105, 5.747126436781604], "AdamW_decay_only_retention_per_epoch": 1.0}, {"name": "interactions_decay", "lr": 0.001, "parameter_update_range": [15834.0, 15834.0], "moment_memory_epochs": [0.057471264367816105, 5.747126436781604], "AdamW_decay_only_retention_per_epoch": 0.9998260150501321}, {"name": "interactions_no_decay", "lr": 0.001, "parameter_update_range": [15834.0, 15834.0], "moment_memory_epochs": [0.057471264367816105, 5.747126436781604], "AdamW_decay_only_retention_per_epoch": 1.0}, {"name": "products", "lr": 0.001, "parameter_update_range": [15834.0, 15834.0], "moment_memory_epochs": [0.057471264367816105, 5.747126436781604], "AdamW_decay_only_retention_per_epoch": 0.9998260150501321}, {"name": "readouts", "lr": 0.001, "parameter_update_range": [15834.0, 15834.0], "moment_memory_epochs": [0.057471264367816105, 5.747126436781604], "AdamW_decay_only_retention_per_epoch": 1.0}, {"name": "lr_source_maps", "lr": 0.001, "parameter_update_range": [15834.0, 15834.0], "moment_memory_epochs": [0.057471264367816105, 5.747126436781604], "AdamW_decay_only_retention_per_epoch": 1.0}, {"name": "field_dependent_charges_map", "lr": 0.001, "parameter_update_range": [15834.0, 15834.0], "moment_memory_epochs": [0.057471264367816105, 5.747126436781604], "AdamW_decay_only_retention_per_epoch": 0.9982615042374526}, {"name": "electronic_references", "lr": 0.001, "parameter_update_range": [15834.0, 15834.0], "moment_memory_epochs": [0.057471264367816105, 5.747126436781604], "AdamW_decay_only_retention_per_epoch": 1.0}, {"name": "layer_feature_mixer", "lr": 0.001, "parameter_update_range": [15834.0, 15834.0], "moment_memory_epochs": [0.057471264367816105, 5.747126436781604], "AdamW_decay_only_retention_per_epoch": 0.9998260150501321}], "EMA_asymptotic_memory_epochs": 0.5747126436781604}
2026-10-08 15:39:34.832 INFO: Batching: optimizer graphs=8, device graphs<=8; one clipping/Adam/EMA update per optimizer batch
2026-10-08 15:39:34.832 INFO: 50-step finite-budget validation residual 0.00038352 exceeds equilibrium tolerance 1e-06; metrics describe the exported finite trajectory, not a converged root
2026-10-08 15:48:29.990 INFO: Training-only scalar reference calibration {'fermi_level': {'observed_training_graphs': 60, 'shift_eV': -0.007745206849869238, 'reference_eV': -3.3332197142002133, 'panel_RMSE_before_eV': 0.04251693239738985, 'panel_RMSE_after_eV': 0.04180551771401662}, 'vacuum_potential': {'observed_training_graphs': 60, 'shift_eV': -0.0013913760509451534, 'reference_eV': 0.0011224796863612432, 'panel_RMSE_before_eV': 0.038417703035938576, 'panel_RMSE_after_eV': 0.038392498997101246}, 'seconds': 8.793646141013596}; constants saved with the model; relative errors and physical fixed-Q trajectory unchanged
2026-10-08 15:49:05.432 INFO: Full validation audit {"graphs": 351, "index_convention": "supplied loader order, zero based", "force_rmse_by_element_column_eV_A": {"0": 0.03199638578913109, "1": 0.045119669127434814, "2": 0.058086651345853384}, "force_target_rms_by_element_column_eV_A": {"0": 0.7584590607696344, "1": 0.8723013494869878, "2": 0.9590743569439976}, "force_rmse_over_target_rms_by_element_column": {"0": 0.04218604199501982, "1": 0.05172486452528166, "2": 0.06056532627036465}, "density_observers": {"density_RMSE_e_A3": 0.00037004806519903285, "farfield_RMSE_e_A3": 4.903762798767289e-05, "scope": "Different Gaussian resolutions of the same error; smaller farfield RMSE is not an accuracy gain."}, "potential_error_power_fractions": {"normal_reciprocal_line": 0.9186359673648312, "Gaussian_lowpass": 0.8516942824440369, "Gaussian_width_A": 1.5}, "observed_EF_vac_WF": 331, "EF_vac_WF_rmse_eV": [0.06862280094248337, 0.10046993095869186, 0.15550733910798525], "EF_vac_WF_relative_rmse_eV": [0.06860833588710046, 0.09988848124534025, 0.15522391345605946], "EF_vac_WF_bias_eV": [-0.0014089201519245696, -0.010793439736414664, -0.00938451958449008], "EF_vac_covariance_eV2": -0.004704825434958174, "WF_absolute_error_quantiles_eV": {"median": 0.03698884003255465, "p90": 0.2026022197301316, "p99": 0.7457058863153889, "max": 0.9471515453663333}, "WF_identity_max_error_eV": 1.1102230246251565e-15, "WF_variance_components_eV2": {"EF": 0.004707103753197197, "vacuum": 0.009977708685500698, "covariance_contribution": 0.009409650869916348}, "WF_centered_squared_error_share_largest_10_percent": 0.8540125990166128, "independent_single_anchor_EF_vac_WF_RMSE_eV": [0.09702683910338619, 0.14126364490201074, 0.21951976361418685], "relative_error_scope": "One whole-split offset for RMSE_rel; no fitted offset is applied to predictions. Single-anchor expectation assumes independent configurations.", "spectral_minus_measured_vacuum_RMSE_eV": 0.018893168071070512, "spectral_minus_measured_vacuum_bias_eV": -0.012520879424160507, "spectral_minus_measured_vacuum_relative_RMSE_eV": 0.014148476179693427, "WF_squared_error_share_largest_10_percent": 0.8508071858474391, "largest_WF_errors": [{"index": 174, "atoms": 184, "composition": [64, 90, 30], "charge": -0.0, "weight": 1.0, "ef": -0.4666205519644927, "vac": 0.4805309934018407, "wf": 0.9471515453663333, "vacuum_reference_gap": -0.019617781846668514, "force_rmse": 0.12390329745224438, "potential_error_power_eV2": 0.22292880336835244, "gaussian_lowpass_error_power_eV2": 0.2091110996343535, "planar_error_power_eV2": 0.22063250136953405}, {"index": 249, "atoms": 181, "composition": [61, 90, 30], "charge": -0.0, "weight": 1.0, "ef": -0.4257953199222697, "vac": 0.48132594736266743, "wf": 0.9071212672849374, "vacuum_reference_gap": -0.023634629053334244, "force_rmse": 0.05353922711733576, "potential_error_power_eV2": 0.17302302209213533, "gaussian_lowpass_error_power_eV2": 0.16052070728923123, "planar_error_power_eV2": 0.17147470217020175}, {"index": 213, "atoms": 186, "composition": [66, 90, 30], "charge": -0.0, "weight": 1.0, "ef": 0.24399095848358787, "vac": -0.6200380091272515, "wf": -0.8640289676108392, "vacuum_reference_gap": -0.013998135067152528, "force_rmse": 0.07662181564808651, "potential_error_power_eV2": 0.13575343329383407, "gaussian_lowpass_error_power_eV2": 0.12618336815710235, "planar_error_power_eV2": 0.1340883560412604}, {"index": 247, "atoms": 181, "composition": [61, 90, 30], "charge": -0.0, "weight": 1.0, "ef": -0.36561777040843757, "vac": 0.43227483108868636, "wf": 0.7978926014971237, "vacuum_reference_gap": -0.029866708888463656, "force_rmse": 0.05837995551689899, "potential_error_power_eV2": 0.13497312910419773, "gaussian_lowpass_error_power_eV2": 0.12583182629860265, "planar_error_power_eV2": 0.13374149578800387}, {"index": 193, "atoms": 186, "composition": [66, 90, 30], "charge": -0.0, "weight": 1.0, "ef": 0.1742609494806755, "vac": -0.44967593474400536, "wf": -0.6239368842246809, "vacuum_reference_gap": -0.028958271338110908, "force_rmse": 0.05962984168643245, "potential_error_power_eV2": 0.06955024888629248, "gaussian_lowpass_error_power_eV2": 0.0636245049911945, "planar_error_power_eV2": 0.06850865065382339}, {"index": 36, "atoms": 181, "composition": [61, 90, 30], "charge": -0.0, "weight": 1.0, "ef": 0.24835661282922894, "vac": -0.36519723837228124, "wf": -0.6135538512015106, "vacuum_reference_gap": -0.02853873035558152, "force_rmse": 0.04537898545346147, "potential_error_power_eV2": 0.08880595585258559, "gaussian_lowpass_error_power_eV2": 0.08238749133682936, "planar_error_power_eV2": 0.08682545825330433}, {"index": 334, "atoms": 185, "composition": [65, 90, 30], "charge": -0.0, "weight": 1.0, "ef": -0.27469482348363977, "vac": 0.27540947975668306, "wf": 0.5501043032403228, "vacuum_reference_gap": -0.028350907757834776, "force_rmse": 0.09319227153229358, "potential_error_power_eV2": 0.08596173087702955, "gaussian_lowpass_error_power_eV2": 0.07776282314944671, "planar_error_power_eV2": 0.08381267177158813}, {"index": 134, "atoms": 180, "composition": [60, 90, 30], "charge": -0.0, "weight": 1.0, "ef": -0.20663437228979364, "vac": 0.3131635597273563, "wf": 0.5197979320171502, "vacuum_reference_gap": -0.0410481167446779, "force_rmse": 0.061886294272209985, "potential_error_power_eV2": 0.07925074326280018, "gaussian_lowpass_error_power_eV2": 0.0718387094278621, "planar_error_power_eV2": 0.07581676381431461}], "composition_cohorts": [{"element_counts": "(64, 90, 30)", "graphs": 1, "wf_rmse_eV": 0.9471515453663333}, {"element_counts": "(60, 90, 30)", "graphs": 1, "wf_rmse_eV": 0.5197979320171502}, {"element_counts": "(61, 90, 30)", "graphs": 10, "wf_rmse_eV": 0.4673917303045669}, {"element_counts": "(20, 44, 18)", "graphs": 1, "wf_rmse_eV": 0.4202379896181556}, {"element_counts": "(19, 57, 24)", "graphs": 1, "wf_rmse_eV": 0.40930844738324623}, {"element_counts": "(31, 112, 48)", "graphs": 1, "wf_rmse_eV": 0.4034582374449842}, {"element_counts": "(19, 69, 30)", "graphs": 1, "wf_rmse_eV": 0.3979809297915198}, {"element_counts": "(41, 135, 60)", "graphs": 1, "wf_rmse_eV": 0.3856225100260966}, {"element_counts": "(66, 90, 30)", "graphs": 10, "wf_rmse_eV": 0.361996808192809}, {"element_counts": "(23, 128, 60)", "graphs": 1, "wf_rmse_eV": 0.28488699989496347}, {"element_counts": "(65, 90, 30)", "graphs": 10, "wf_rmse_eV": 0.2629075011629677}, {"element_counts": "(17, 68, 30)", "graphs": 2, "wf_rmse_eV": 0.24524378288987222}], "scope": "Full supplied split; diagnostic only, no reference-dependent correction is installed.", "atomic_numbers": [1, 8, 77]}
2026-10-08 15:49:05.435 INFO: Epoch 95: loss=3.08436, RMSE_E_per_atom=8.8107 meV, RMSE_F=43.2618 meV/A, RMSE_dip_per_atom=0.3246 meA, RMSE_rho=0.0490 me/A^3, RMSE_EF(abs/rel)=68.6228/68.6083 meV, RMSE_ESP=79.6932 mV, RMSE_ESPvac(abs/rel)=100.4699/99.8885 mV, RMSE_WF(abs/rel)=155.5073/155.2239 meV
2026-10-08 15:49:05.435 INFO: 50-step electronic residual maximum: 0.00057189
2026-10-08 15:49:05.442 INFO: Optimizer epoch 95: lr=[0.001, 0.001, 0.001, 0.001, 0.001, 0.001, 0.001, 0.001, 0.001], mean gradient norm=36.911, clipped=174/174
2026-10-08 15:49:05.443 INFO: Epoch timing: train=105.141s, validation=44.247s, updates=174, train/update=0.60426s, peak allocated=7631.4 MiB, backbone=CuEq
2026-10-08 15:49:05.443 INFO: Optimization budget: graphs=1385/1385, updates=174, mean retained gradient=0.35427, min retained gradient=0.065861
2026-10-08 15:49:05.443 INFO: Optimizer time scales {"updates_per_epoch": 174, "groups": [{"name": "embedding", "lr": 0.001, "parameter_update_range": [16704.0, 16704.0], "moment_memory_epochs": [0.057471264367816105, 5.747126436781604], "AdamW_decay_only_retention_per_epoch": 1.0}, {"name": "interactions_decay", "lr": 0.001, "parameter_update_range": [16704.0, 16704.0], "moment_memory_epochs": [0.057471264367816105, 5.747126436781604], "AdamW_decay_only_retention_per_epoch": 0.9998260150501321}, {"name": "interactions_no_decay", "lr": 0.001, "parameter_update_range": [16704.0, 16704.0], "moment_memory_epochs": [0.057471264367816105, 5.747126436781604], "AdamW_decay_only_retention_per_epoch": 1.0}, {"name": "products", "lr": 0.001, "parameter_update_range": [16704.0, 16704.0], "moment_memory_epochs": [0.057471264367816105, 5.747126436781604], "AdamW_decay_only_retention_per_epoch": 0.9998260150501321}, {"name": "readouts", "lr": 0.001, "parameter_update_range": [16704.0, 16704.0], "moment_memory_epochs": [0.057471264367816105, 5.747126436781604], "AdamW_decay_only_retention_per_epoch": 1.0}, {"name": "lr_source_maps", "lr": 0.001, "parameter_update_range": [16704.0, 16704.0], "moment_memory_epochs": [0.057471264367816105, 5.747126436781604], "AdamW_decay_only_retention_per_epoch": 1.0}, {"name": "field_dependent_charges_map", "lr": 0.001, "parameter_update_range": [16704.0, 16704.0], "moment_memory_epochs": [0.057471264367816105, 5.747126436781604], "AdamW_decay_only_retention_per_epoch": 0.9982615042374526}, {"name": "electronic_references", "lr": 0.001, "parameter_update_range": [16704.0, 16704.0], "moment_memory_epochs": [0.057471264367816105, 5.747126436781604], "AdamW_decay_only_retention_per_epoch": 1.0}, {"name": "layer_feature_mixer", "lr": 0.001, "parameter_update_range": [16704.0, 16704.0], "moment_memory_epochs": [0.057471264367816105, 5.747126436781604], "AdamW_decay_only_retention_per_epoch": 0.9998260150501321}], "EMA_asymptotic_memory_epochs": 0.5747126436781604}
2026-10-08 15:49:05.443 INFO: Batching: optimizer graphs=8, device graphs<=8; one clipping/Adam/EMA update per optimizer batch
2026-10-08 15:49:05.443 INFO: 50-step finite-budget validation residual 0.00057189 exceeds equilibrium tolerance 1e-06; metrics describe the exported finite trajectory, not a converged root
2026-10-08 15:58:00.353 INFO: Training-only scalar reference calibration {'fermi_level': {'observed_training_graphs': 60, 'shift_eV': 0.017339527904776667, 'reference_eV': -3.315880186295437, 'panel_RMSE_before_eV': 0.043497085941096, 'panel_RMSE_after_eV': 0.03989156875088472}, 'vacuum_potential': {'observed_training_graphs': 60, 'shift_eV': 0.0026445066799185993, 'reference_eV': 0.0037669863662798423, 'panel_RMSE_before_eV': 0.03616892230870874, 'panel_RMSE_after_eV': 0.03607211562125619}, 'seconds': 8.816320068988716}; constants saved with the model; relative errors and physical fixed-Q trajectory unchanged
2026-10-08 15:58:35.840 INFO: Full validation audit {"graphs": 351, "index_convention": "supplied loader order, zero based", "force_rmse_by_element_column_eV_A": {"0": 0.03143053398538937, "1": 0.04448158959063305, "2": 0.05728526848368828}, "force_target_rms_by_element_column_eV_A": {"0": 0.7584590607696344, "1": 0.8723013494869878, "2": 0.9590743569439976}, "force_rmse_over_target_rms_by_element_column": {"0": 0.04143998748395955, "1": 0.050993374728576624, "2": 0.059729746780241864}, "density_observers": {"density_RMSE_e_A3": 0.0003640872052476595, "farfield_RMSE_e_A3": 4.931837644071574e-05, "scope": "Different Gaussian resolutions of the same error; smaller farfield RMSE is not an accuracy gain."}, "potential_error_power_fractions": {"normal_reciprocal_line": 0.9200568269522762, "Gaussian_lowpass": 0.8530013833227006, "Gaussian_width_A": 1.5}, "observed_EF_vac_WF": 331, "EF_vac_WF_rmse_eV": [0.06629529126222959, 0.10056312616513048, 0.1533639895085311], "EF_vac_WF_relative_rmse_eV": [0.06629472392899693, 0.10000506762333394, 0.15301736034496904], "EF_vac_WF_bias_eV": [-0.00027426761007534194, -0.010579640530582982, -0.010305372920507629], "EF_vac_covariance_eV2": -0.0045091542978862986, "WF_absolute_error_quantiles_eV": {"median": 0.03467597094883157, "p90": 0.19616340852937153, "p99": 0.7562617591094812, "max": 0.9538394158822783}, "WF_identity_max_error_eV": 8.881784197001252e-16, "WF_variance_components_eV2": {"EF": 0.00439499042082192, "vacuum": 0.010001013550347599, "covariance_contribution": 0.009018308595772597}, "WF_centered_squared_error_share_largest_10_percent": 0.8625993950536098, "independent_single_anchor_EF_vac_WF_RMSE_eV": [0.09375489769416763, 0.14142852293895736, 0.21639922627838626], "relative_error_scope": "One whole-split offset for RMSE_rel; no fitted offset is applied to predictions. Single-anchor expectation assumes independent configurations.", "spectral_minus_measured_vacuum_RMSE_eV": 0.018893168071070512, "spectral_minus_measured_vacuum_bias_eV": -0.012520879424160507, "spectral_minus_measured_vacuum_relative_RMSE_eV": 0.014148476179693427, "WF_squared_error_share_largest_10_percent": 0.8593110267547366, "largest_WF_errors": [{"index": 174, "atoms": 184, "composition": [64, 90, 30], "charge": -0.0, "weight": 1.0, "ef": -0.4771680358623912, "vac": 0.4766713800198872, "wf": 0.9538394158822783, "vacuum_reference_gap": -0.019617781846668514, "force_rmse": 0.1205541231877593, "potential_error_power_eV2": 0.2297186661373603, "gaussian_lowpass_error_power_eV2": 0.21511585357763552, "planar_error_power_eV2": 0.22709831781498244}, {"index": 213, "atoms": 186, "composition": [66, 90, 30], "charge": -0.0, "weight": 1.0, "ef": 0.24014463769123762, "vac": -0.6033507374435736, "wf": -0.8434953751348111, "vacuum_reference_gap": -0.013998135067152528, "force_rmse": 0.07624011407034792, "potential_error_power_eV2": 0.13465915377679388, "gaussian_lowpass_error_power_eV2": 0.12553842028060147, "planar_error_power_eV2": 0.1331211161416673}, {"index": 247, "atoms": 181, "composition": [61, 90, 30], "charge": -0.0, "weight": 1.0, "ef": -0.36976630467961136, "vac": 0.44568658382083637, "wf": 0.8154528885004475, "vacuum_reference_gap": -0.029866708888463656, "force_rmse": 0.056732475404577744, "potential_error_power_eV2": 0.137604682277467, "gaussian_lowpass_error_power_eV2": 0.12841747862929154, "planar_error_power_eV2": 0.13644322506320333}, {"index": 249, "atoms": 181, "composition": [61, 90, 30], "charge": -0.0, "weight": 1.0, "ef": -0.3371562702831621, "vac": 0.4395068155622788, "wf": 0.7766630858454411, "vacuum_reference_gap": -0.023634629053334244, "force_rmse": 0.05114121538460551, "potential_error_power_eV2": 0.11936179727901176, "gaussian_lowpass_error_power_eV2": 0.10920806244288214, "planar_error_power_eV2": 0.11746075930999665}, {"index": 193, "atoms": 186, "composition": [66, 90, 30], "charge": -0.0, "weight": 1.0, "ef": 0.2030520660863384, "vac": -0.5056065973059058, "wf": -0.7086586633922443, "vacuum_reference_gap": -0.028958271338110908, "force_rmse": 0.05894836347384884, "potential_error_power_eV2": 0.0909120707737225, "gaussian_lowpass_error_power_eV2": 0.08384474709400222, "planar_error_power_eV2": 0.0898735510867599}, {"index": 36, "atoms": 181, "composition": [61, 90, 30], "charge": -0.0, "weight": 1.0, "ef": 0.24868391648343424, "vac": -0.35010636815130214, "wf": -0.5987902846347364, "vacuum_reference_gap": -0.02853873035558152, "force_rmse": 0.04376498922694095, "potential_error_power_eV2": 0.08623011283345383, "gaussian_lowpass_error_power_eV2": 0.07974559096945712, "planar_error_power_eV2": 0.08397525226101532}, {"index": 131, "atoms": 181, "composition": [61, 90, 30], "charge": -0.0, "weight": 1.0, "ef": -0.20203731220484028, "vac": 0.34751069430921433, "wf": 0.5495480065140548, "vacuum_reference_gap": -0.020395759261505386, "force_rmse": 0.0455534318021841, "potential_error_power_eV2": 0.04837967725277033, "gaussian_lowpass_error_power_eV2": 0.044389658252728115, "planar_error_power_eV2": 0.047520325650217535}, {"index": 134, "atoms": 180, "composition": [60, 90, 30], "charge": -0.0, "weight": 1.0, "ef": -0.20822948677783404, "vac": 0.29121134624113587, "wf": 0.49944083301897013, "vacuum_reference_gap": -0.0410481167446779, "force_rmse": 0.061812544794876884, "potential_error_power_eV2": 0.07720874427811084, "gaussian_lowpass_error_power_eV2": 0.07039852323850186, "planar_error_power_eV2": 0.07433221072401733}], "composition_cohorts": [{"element_counts": "(64, 90, 30)", "graphs": 1, "wf_rmse_eV": 0.9538394158822783}, {"element_counts": "(60, 90, 30)", "graphs": 1, "wf_rmse_eV": 0.49944083301897013}, {"element_counts": "(19, 69, 30)", "graphs": 1, "wf_rmse_eV": 0.45495084762293203}, {"element_counts": "(61, 90, 30)", "graphs": 10, "wf_rmse_eV": 0.4489599045755199}, {"element_counts": "(20, 44, 18)", "graphs": 1, "wf_rmse_eV": 0.4412463080573774}, {"element_counts": "(19, 57, 24)", "graphs": 1, "wf_rmse_eV": 0.4374894800164153}, {"element_counts": "(31, 112, 48)", "graphs": 1, "wf_rmse_eV": 0.3974937483175962}, {"element_counts": "(66, 90, 30)", "graphs": 10, "wf_rmse_eV": 0.3716623911071642}, {"element_counts": "(41, 135, 60)", "graphs": 1, "wf_rmse_eV": 0.3646931197589156}, {"element_counts": "(23, 128, 60)", "graphs": 1, "wf_rmse_eV": 0.3109920439908498}, {"element_counts": "(65, 90, 30)", "graphs": 10, "wf_rmse_eV": 0.251938397094743}, {"element_counts": "(17, 68, 30)", "graphs": 2, "wf_rmse_eV": 0.24967061981942038}], "scope": "Full supplied split; diagnostic only, no reference-dependent correction is installed.", "atomic_numbers": [1, 8, 77]}
2026-10-08 15:58:35.842 INFO: Epoch 100: loss=3.0112, RMSE_E_per_atom=8.5874 meV, RMSE_F=42.6236 meV/A, RMSE_dip_per_atom=0.3195 meA, RMSE_rho=0.0493 me/A^3, RMSE_EF(abs/rel)=66.2953/66.2947 meV, RMSE_ESP=78.6606 mV, RMSE_ESPvac(abs/rel)=100.5631/100.0051 mV, RMSE_WF(abs/rel)=153.3640/153.0174 meV
2026-10-08 15:58:35.842 INFO: 50-step electronic residual maximum: 0.00019114
2026-10-08 15:58:35.856 INFO: Optimizer epoch 100: lr=[0.001, 0.001, 0.001, 0.001, 0.001, 0.001, 0.001, 0.001, 0.001], mean gradient norm=35.781, clipped=172/174
2026-10-08 15:58:35.856 INFO: Epoch timing: train=105.180s, validation=44.319s, updates=174, train/update=0.60448s, peak allocated=7350.1 MiB, backbone=CuEq
2026-10-08 15:58:35.856 INFO: Optimization budget: graphs=1385/1385, updates=174, mean retained gradient=0.37652, min retained gradient=0.04813
2026-10-08 15:58:35.856 INFO: Optimizer time scales {"updates_per_epoch": 174, "groups": [{"name": "embedding", "lr": 0.001, "parameter_update_range": [17574.0, 17574.0], "moment_memory_epochs": [0.057471264367816105, 5.747126436781604], "AdamW_decay_only_retention_per_epoch": 1.0}, {"name": "interactions_decay", "lr": 0.001, "parameter_update_range": [17574.0, 17574.0], "moment_memory_epochs": [0.057471264367816105, 5.747126436781604], "AdamW_decay_only_retention_per_epoch": 0.9998260150501321}, {"name": "interactions_no_decay", "lr": 0.001, "parameter_update_range": [17574.0, 17574.0], "moment_memory_epochs": [0.057471264367816105, 5.747126436781604], "AdamW_decay_only_retention_per_epoch": 1.0}, {"name": "products", "lr": 0.001, "parameter_update_range": [17574.0, 17574.0], "moment_memory_epochs": [0.057471264367816105, 5.747126436781604], "AdamW_decay_only_retention_per_epoch": 0.9998260150501321}, {"name": "readouts", "lr": 0.001, "parameter_update_range": [17574.0, 17574.0], "moment_memory_epochs": [0.057471264367816105, 5.747126436781604], "AdamW_decay_only_retention_per_epoch": 1.0}, {"name": "lr_source_maps", "lr": 0.001, "parameter_update_range": [17574.0, 17574.0], "moment_memory_epochs": [0.057471264367816105, 5.747126436781604], "AdamW_decay_only_retention_per_epoch": 1.0}, {"name": "field_dependent_charges_map", "lr": 0.001, "parameter_update_range": [17574.0, 17574.0], "moment_memory_epochs": [0.057471264367816105, 5.747126436781604], "AdamW_decay_only_retention_per_epoch": 0.9982615042374526}, {"name": "electronic_references", "lr": 0.001, "parameter_update_range": [17574.0, 17574.0], "moment_memory_epochs": [0.057471264367816105, 5.747126436781604], "AdamW_decay_only_retention_per_epoch": 1.0}, {"name": "layer_feature_mixer", "lr": 0.001, "parameter_update_range": [17574.0, 17574.0], "moment_memory_epochs": [0.057471264367816105, 5.747126436781604], "AdamW_decay_only_retention_per_epoch": 0.9998260150501321}], "EMA_asymptotic_memory_epochs": 0.5747126436781604}
2026-10-08 15:58:35.856 INFO: Batching: optimizer graphs=8, device graphs<=8; one clipping/Adam/EMA update per optimizer batch
2026-10-08 15:58:35.856 INFO: 50-step finite-budget validation residual 0.00019114 exceeds equilibrium tolerance 1e-06; metrics describe the exported finite trajectory, not a converged root
2026-10-08 16:00:55.215 INFO: Full training audit {"graphs": 1385, "index_convention": "supplied loader order, zero based", "force_rmse_by_element_column_eV_A": {"0": 0.029983981443161754, "1": 0.04234177557918367, "2": 0.0572705013774921}, "force_target_rms_by_element_column_eV_A": {"0": 0.7573264491735692, "1": 0.8678911240069728, "2": 0.9536206914917966}, "force_rmse_over_target_rms_by_element_column": {"0": 0.03959188468312668, "1": 0.048786966945456964, "2": 0.06005585018074743}, "density_observers": {"density_RMSE_e_A3": 0.00036441707395023446, "farfield_RMSE_e_A3": 4.884516657973029e-05, "scope": "Different Gaussian resolutions of the same error; smaller farfield RMSE is not an accuracy gain."}, "potential_error_power_fractions": {"normal_reciprocal_line": 0.7867347932614696, "Gaussian_lowpass": 0.7160234552423442, "Gaussian_width_A": 1.5}, "observed_EF_vac_WF": 1308, "EF_vac_WF_rmse_eV": [0.03637356784770011, 0.04276428752406657, 0.055147549141697706], "EF_vac_WF_relative_rmse_eV": [0.03627376191447419, 0.04193213937899777, 0.054851921305987116], "EF_vac_WF_bias_eV": [-0.0026927002327187736, -0.008395235228469699, -0.005702534995750906], "EF_vac_covariance_eV2": 3.267842268472723e-05, "WF_absolute_error_quantiles_eV": {"median": 0.0264742078582465, "p90": 0.07505054851321126, "p99": 0.15814812110597698, "max": 0.8806262832927416}, "WF_identity_max_error_eV": 1.3322676295501878e-15, "WF_variance_components_eV2": {"EF": 0.0013157858034279586, "vacuum": 0.0017583043128996962, "covariance_contribution": -6.535684536945445e-05}, "WF_centered_squared_error_share_largest_10_percent": 0.6823949137286753, "independent_single_anchor_EF_vac_WF_RMSE_eV": [0.05129884605774205, 0.05930100020909757, 0.07757233103314871], "relative_error_scope": "One whole-split offset for RMSE_rel; no fitted offset is applied to predictions. Single-anchor expectation assumes independent configurations.", "spectral_minus_measured_vacuum_RMSE_eV": 0.01993836079990492, "spectral_minus_measured_vacuum_bias_eV": -0.013947753090286202, "spectral_minus_measured_vacuum_relative_RMSE_eV": 0.014247751230267771, "WF_squared_error_share_largest_10_percent": 0.6808932630840288, "largest_WF_errors": [{"index": 750, "atoms": 180, "composition": [60, 90, 30], "charge": -0.0, "weight": 1.0, "ef": 0.040457571515956525, "vac": -0.8401687117767853, "wf": -0.8806262832927416, "vacuum_reference_gap": -0.023398964741980777, "force_rmse": 0.09843218725389674, "potential_error_power_eV2": 0.4538465977009983, "gaussian_lowpass_error_power_eV2": 0.42821163834400844, "planar_error_power_eV2": 0.4532349178865553}, {"index": 521, "atoms": 74, "composition": [13, 43, 18], "charge": -0.0, "weight": 1.0, "ef": -0.48946581339387274, "vac": -0.12125177076285176, "wf": 0.36821404263102053, "vacuum_reference_gap": -0.03135572134522757, "force_rmse": 0.224327521332849, "potential_error_power_eV2": 0.1796383918237591, "gaussian_lowpass_error_power_eV2": 0.163664979073475, "planar_error_power_eV2": 0.17777351994612406}, {"index": 214, "atoms": 200, "composition": [38, 114, 48], "charge": -0.0, "weight": 1.0, "ef": 0.16527373231763298, "vac": 0.4998733786629348, "wf": 0.3345996463453016, "vacuum_reference_gap": -0.032293810294810044, "force_rmse": 0.12760206803984311, "potential_error_power_eV2": 0.16301930185892657, "gaussian_lowpass_error_power_eV2": 0.148593654684832, "planar_error_power_eV2": 0.16135838955050844}, {"index": 496, "atoms": 97, "composition": [17, 56, 24], "charge": -0.0, "weight": 1.0, "ef": -0.006745828597209069, "vac": -0.3135429221142747, "wf": -0.30679709351706563, "vacuum_reference_gap": -0.029710436216816127, "force_rmse": 0.05802809776024904, "potential_error_power_eV2": 0.0399863776041405, "gaussian_lowpass_error_power_eV2": 0.03635538145429945, "planar_error_power_eV2": 0.03963243196522507}, {"index": 266, "atoms": 180, "composition": [60, 90, 30], "charge": -0.0, "weight": 1.0, "ef": -0.11718320542667049, "vac": 0.13529691752819328, "wf": 0.25248012295486344, "vacuum_reference_gap": -0.01638793581352438, "force_rmse": 0.09343900832613247, "potential_error_power_eV2": 0.016438181674385054, "gaussian_lowpass_error_power_eV2": 0.012040679698795879, "planar_error_power_eV2": 0.011927336873372371}, {"index": 147, "atoms": 111, "composition": [14, 67, 30], "charge": -0.0, "weight": 1.0, "ef": 0.039320015330114755, "vac": -0.1962462490463288, "wf": -0.2355662643764438, "vacuum_reference_gap": -0.029608425264260774, "force_rmse": 0.04188302383258469, "potential_error_power_eV2": 0.01872064279640418, "gaussian_lowpass_error_power_eV2": 0.016832981464665456, "planar_error_power_eV2": 0.018297936912361795}, {"index": 744, "atoms": 181, "composition": [61, 90, 30], "charge": -0.0, "weight": 1.0, "ef": 0.06364446231067533, "vac": -0.15671510815930834, "wf": -0.22035957046998345, "vacuum_reference_gap": -0.01704383567154455, "force_rmse": 0.04192759097505353, "potential_error_power_eV2": 0.006886625109532415, "gaussian_lowpass_error_power_eV2": 0.005405937626803137, "planar_error_power_eV2": 0.00602292787662329}, {"index": 298, "atoms": 228, "composition": [32, 136, 60], "charge": -0.0, "weight": 1.0, "ef": 0.027263405504645455, "vac": 0.24135217982884694, "wf": 0.21408877432420148, "vacuum_reference_gap": -0.02072752022299973, "force_rmse": 0.0600768416726031, "potential_error_power_eV2": 0.04059806780839421, "gaussian_lowpass_error_power_eV2": 0.036750637414550584, "planar_error_power_eV2": 0.039957313718401305}], "composition_cohorts": [{"element_counts": "(13, 43, 18)", "graphs": 1, "wf_rmse_eV": 0.36821404263102053}, {"element_counts": "(38, 114, 48)", "graphs": 1, "wf_rmse_eV": 0.3345996463453016}, {"element_counts": "(60, 90, 30)", "graphs": 10, "wf_rmse_eV": 0.3065810265036076}, {"element_counts": "(14, 67, 30)", "graphs": 1, "wf_rmse_eV": 0.2355662643764438}, {"element_counts": "(0, 30, 18)", "graphs": 1, "wf_rmse_eV": 0.16318218669467388}, {"element_counts": "(0, 60, 36)", "graphs": 1, "wf_rmse_eV": 0.15829204822541554}, {"element_counts": "(17, 56, 24)", "graphs": 5, "wf_rmse_eV": 0.14478726811974948}, {"element_counts": "(24, 129, 60)", "graphs": 1, "wf_rmse_eV": 0.1428294596896036}, {"element_counts": "(32, 136, 60)", "graphs": 7, "wf_rmse_eV": 0.10110719554408089}, {"element_counts": "(39, 114, 48)", "graphs": 3, "wf_rmse_eV": 0.09680346231784698}, {"element_counts": "(0, 42, 24)", "graphs": 1, "wf_rmse_eV": 0.09420011357364366}, {"element_counts": "(21, 56, 24)", "graphs": 1, "wf_rmse_eV": 0.0889691689668517}], "scope": "Full supplied split; diagnostic only, no reference-dependent correction is installed.", "atomic_numbers": [1, 8, 77]}
2026-10-08 16:00:55.248 INFO: Full-split generalization {"epoch": 100, "training_graphs": 1385, "validation_graphs": 351, "train": {"rmse_e_per_atom": 0.008337427579727332, "rmse_f": 0.04142847208034873, "rmse_mu_per_atom": 0.0003168911042359161, "rmse_fermi_level": 0.0363735678477001, "rmse_fermi_level_rel": 0.03627376191447419, "rmse_rho": 4.884516657973028e-05, "rmse_esp": 0.0475932544900009, "rmse_esp_vac": 0.04276428752406658, "rmse_esp_vac_rel": 0.0419321393789978, "rmse_wf_abs": 0.055147549141697706, "rmse_wf_rel": 0.05485192130598709}, "validation": {"rmse_e_per_atom": 0.008587385603912426, "rmse_f": 0.042623557798835046, "rmse_mu_per_atom": 0.000319502293385948, "rmse_fermi_level": 0.0662952912622296, "rmse_fermi_level_rel": 0.06629472392899693, "rmse_rho": 4.931837644071574e-05, "rmse_esp": 0.07866055749108564, "rmse_esp_vac": 0.10056312616513048, "rmse_esp_vac_rel": 0.10000506762333394, "rmse_wf_abs": 0.1533639895085311, "rmse_wf_rel": 0.15301736034496904}, "weighted_training_objectives": {"energy_per_atom": 0.006951269864719793, "forces": 0.8581591494561165, "dipole": 0.0036073129765464185, "fourier_density": 0.02385850298201599, "fourier_potential/spatial": 0.22651178729499902, "vacuum_potential": 0.17596496107672566, "fermi_level": 0.13167925255422874}, "weighted_validation_objectives": {"energy_per_atom": 0.007374319151028238, "forces": 0.9083838397153157, "dipole": 0.00840660457760113, "fourier_density": 0.024323022547481452, "fourier_potential/spatial": 0.6187483304808389, "vacuum_potential": 1.0031319652015316, "fermi_level": 0.44083085736122896}, "seconds": 139.33682031198987, "scope": "Whole splits at the same EMA parameters and deployment step count; read-only, native units."}
2026-10-08 16:01:18.031 INFO: Electronic diagnostic {"train": {"graphs": 32, "charge_span": [-0.0, -0.0], "step_comparison": [[{"steps": 25, "WF_eV": 3.452465555942839, "EF_eV": -2.578774133278177, "residual": 2.231438740452063e-06}, {"steps": 50, "WF_eV": 3.4524619985381766, "EF_eV": -2.578773738033113, "residual": 1.1473488825686218e-11}, {"steps": 100, "WF_eV": 3.452461998521122, "EF_eV": -2.57877373803122, "residual": 1.7763568394002505e-15}], [{"steps": 25, "WF_eV": 7.784926132955015, "EF_eV": -1.1583325660096921, "residual": 4.345649819992303e-06}, {"steps": 50, "WF_eV": 7.784923151049175, "EF_eV": -1.1583315885807215, "residual": 4.983968793226268e-11}, {"steps": 100, "WF_eV": 7.784923151018741, "EF_eV": -1.1583315885709133, "residual": 1.7763568394002505e-15}]], "dEF_dQ_and_dWF_dQ_eV_per_e": [[-20.949040673633768, 22.356226479492], [-1.8153245382646954, 3.388303289934491]], "force_RMSE_by_atomic_number_eV_A": {"1": 0.02641255515020545, "8": 0.03982325699672033, "77": 0.052903258357990125}, "force_RMSE_eV_A": 0.03813655116215685, "charge_response_identifiability": "Single-charge data do not determine capacitance; slopes above are predictions, not validation.", "EF_vac_WF_RMSE": [0.024010725003272698, 0.03263717368958278, 0.03861824021505793], "EF_vac_WF_bias": [-0.0032038623937179654, -0.02017029665861975, -0.01696643426490179], "EF_vac_covariance": 1.0542917224746271e-05, "WF_relative_RMSE_eV": 0.0346916212599337, "WF_error_variance_from_EF_vac_covariance": 0.0012035085856426794, "reference_WF_identity_max_error_eV": 4.440892098500626e-16, "spectral_minus_measured_vacuum_RMSE_eV": 0.017911616927492383, "Gaussian_lowpass_potential_error_power_fraction": 0.5893716801290183, "reference_conditioning": {"EF_given_DFT_field_eV_RMSE": 0.028324336700048202, "charge_error_e_RMSE": 0.009903665431033782, "vacuum_given_DFT_EF_eV_RMSE": 0.040612152542900785, "scope": "Oracle conditional errors, not deployment metrics; charge error measures the departure from the prescribed fixed-Q ensemble.", "dmu_dQ_eV_per_e_range": [-20.428102575930854, -0.9689430692591975]}}, "validation": {"graphs": 16, "charge_span": [-0.0, -0.0], "step_comparison": [[{"steps": 25, "WF_eV": 7.249117666857417, "EF_eV": -1.0455649457390574, "residual": 3.4311384244367638e-06}, {"steps": 50, "WF_eV": 7.24911535841796, "EF_eV": -1.045564174700238, "residual": 3.867434150706117e-11}, {"steps": 100, "WF_eV": 7.2491153583958665, "EF_eV": -1.045564174692852, "residual": 1.7763568394002505e-15}], [{"steps": 25, "WF_eV": 6.43586584481321, "EF_eV": -0.16012241646458047, "residual": 5.2459722041930945e-06}, {"steps": 50, "WF_eV": 6.435866900911924, "EF_eV": -0.1601228362233016, "residual": 6.705036526000185e-11}, {"steps": 100, "WF_eV": 6.435866900881391, "EF_eV": -0.1601228362147351, "residual": 4.440892098500626e-15}]], "dEF_dQ_and_dWF_dQ_eV_per_e": [[-1.8219197430478395, 3.4482321501302593], [-0.7703763220789916, 1.6471255250075423]], "force_RMSE_by_atomic_number_eV_A": {"8": 0.03756010193511576, "77": 0.052466381609422845, "1": 0.023634208035444092}, "force_RMSE_eV_A": 0.03626783071139887, "charge_response_identifiability": "Single-charge data do not determine capacitance; slopes above are predictions, not validation.", "EF_vac_WF_RMSE": [0.02819395804321357, 0.03259083991144218, 0.05460002169912324], "EF_vac_WF_bias": [0.009890184787633352, -0.013734287485266975, -0.023624472272900328], "EF_vac_covariance": -0.000426215485478729, "WF_relative_RMSE_eV": 0.04922445204744987, "WF_error_variance_from_EF_vac_covariance": 0.0024230466793717024, "reference_WF_identity_max_error_eV": 6.661338147750939e-16, "spectral_minus_measured_vacuum_RMSE_eV": 0.013575822888915484, "Gaussian_lowpass_potential_error_power_fraction": 0.6443823048121272, "reference_conditioning": {"EF_given_DFT_field_eV_RMSE": 0.017696398781623046, "charge_error_e_RMSE": 0.008829998351084669, "vacuum_given_DFT_EF_eV_RMSE": 0.022521203676533895, "scope": "Oracle conditional errors, not deployment metrics; charge error measures the departure from the prescribed fixed-Q ensemble.", "dmu_dQ_eV_per_e_range": [-21.652234977811105, -0.885902000987591]}}, "model_field_EF_readout_probe": {"selected": "no correction", "relative": true, "inner_RMSE": 0.026133792997012767, "development_RMSE": 0.026402339195778717}, "epoch": 100, "WF_generalization": {"panel_relative_gap_eV": 0.014532830787516174, "validation_covariance_amplification_eV2": 0.000852430970957458, "bias_only_correction_is_insufficient": true}, "response_weight_norms": {"vector_out.weight": 14.255595051807564, "scalar_out.weight": 3.521304404307015, "state_scalar.weight": 4.294855839853884, "state_vector.weight": 2.2560392383101657, "neighbor_scalar.weight": 0.9382890372746854, "neighbor_vector.weight": 2.8913572313373472, "common_level.weight": 1.2477003297775462}, "regularization": {"field_weight_decay": 0.01}, "objective_gradients": {"training_indices": [692, 1384], "atoms": 164, "terms": {"energy_per_atom": {"weighted_loss": 0.000191127226597528, "gradient_norm": 0.1158935147418581}, "forces": {"weighted_loss": 0.5000148908588053, "gradient_norm": 2.083843035101695}, "dipole": {"weighted_loss": 0.00024948214768998446, "gradient_norm": 0.04477505288174281}, "fourier_density": {"weighted_loss": 0.014137105335644138, "gradient_norm": 0.16159422318570996}, "fourier_potential": {"weighted_loss": 0.04013298671532814, "gradient_norm": 3.4078676718865646}, "vacuum_potential": {"weighted_loss": 0.0023784020164332865, "gradient_norm": 6.511589265482937, "relative": true, "observed_labels": 2, "pair_weight": 1.0}, "fermi_level": {"weighted_loss": 0.012443718151543819, "gradient_norm": 11.174199455581048, "relative": true, "observed_labels": 2, "pair_weight": 1.0}, "density_observer_density": {"weighted_loss": 1.0021475625964258, "gradient_norm": 3.5505875899616117}}, "cosines": {"energy_per_atom / forces": -0.034160200883709024, "energy_per_atom / dipole": -0.034947607622680205, "energy_per_atom / fourier_density": -0.020121369824799385, "energy_per_atom / fourier_potential": -0.034767700937097905, "energy_per_atom / vacuum_potential": 0.003340764066863412, "energy_per_atom / fermi_level": -0.01637328233790564, "energy_per_atom / density_observer_density": 0.01762787255578814, "forces / dipole": -0.11425481182636398, "forces / fourier_density": 0.2916441834853919, "forces / fourier_potential": 0.28617521330590223, "forces / vacuum_potential": -0.12688275847311986, "forces / fermi_level": -0.03859601258534465, "forces / density_observer_density": 0.25615667320416446, "dipole / fourier_density": -0.20580085820461985, "dipole / fourier_potential": -0.10547229503721693, "dipole / vacuum_potential": 0.6129770900005368, "dipole / fermi_level": -0.09134782008989843, "dipole / density_observer_density": -0.26284210417439186, "fourier_density / fourier_potential": 0.4401108430889148, "fourier_density / vacuum_potential": -0.4532319651417932, "fourier_density / fermi_level": 0.31295351487747664, "fourier_density / density_observer_density": 0.43110769072283317, "fourier_potential / vacuum_potential": -0.47449006546538247, "fourier_potential / fermi_level": 0.3610265535939987, "fourier_potential / density_observer_density": 0.012344150050417163, "vacuum_potential / fermi_level": -0.699317319082198, "vacuum_potential / density_observer_density": -0.11284323500016377, "fermi_level / density_observer_density": -0.07821394164406179}, "scope": "Training pair for relative losses, otherwise one graph; before clipping, diagnostic only.", "parameter_state": "EMA"}, "scope": "Deterministic panels, not whole-dataset metrics. Validation is development data, never used for fitting or selecting the probe."}
2026-10-08 16:10:14.482 INFO: Training-only scalar reference calibration {'fermi_level': {'observed_training_graphs': 60, 'shift_eV': -0.0023839369401109523, 'reference_eV': -3.3182641232355476, 'panel_RMSE_before_eV': 0.0397969866511964, 'panel_RMSE_after_eV': 0.03972552065336689}, 'vacuum_potential': {'observed_training_graphs': 60, 'shift_eV': -0.00299393025843283, 'reference_eV': 0.0007730561078470124, 'panel_RMSE_before_eV': 0.036769707678051836, 'panel_RMSE_after_eV': 0.03664761635273192}, 'seconds': 8.797086594015127}; constants saved with the model; relative errors and physical fixed-Q trajectory unchanged
2026-10-08 16:10:49.989 INFO: Full validation audit {"graphs": 351, "index_convention": "supplied loader order, zero based", "force_rmse_by_element_column_eV_A": {"0": 0.03126698641568357, "1": 0.04403276665275867, "2": 0.05661872460313692}, "force_target_rms_by_element_column_eV_A": {"0": 0.7584590607696344, "1": 0.8723013494869878, "2": 0.9590743569439976}, "force_rmse_over_target_rms_by_element_column": {"0": 0.04122435610955175, "1": 0.05047884733716729, "2": 0.059034760123862856}, "density_observers": {"density_RMSE_e_A3": 0.000367308352519764, "farfield_RMSE_e_A3": 4.873603712536812e-05, "scope": "Different Gaussian resolutions of the same error; smaller farfield RMSE is not an accuracy gain."}, "potential_error_power_fractions": {"normal_reciprocal_line": 0.9216185843929501, "Gaussian_lowpass": 0.8553210784959304, "Gaussian_width_A": 1.5}, "observed_EF_vac_WF": 331, "EF_vac_WF_rmse_eV": [0.06682171699507464, 0.100867154968775, 0.1547711895906185], "EF_vac_WF_relative_rmse_eV": [0.06679215046214486, 0.10047657174964704, 0.15461817806697423], "EF_vac_WF_bias_eV": [-0.001987586177262751, -0.008868003210018889, -0.006880417032756121], "EF_vac_covariance_eV2": -0.004675024077415387, "WF_absolute_error_quantiles_eV": {"median": 0.03291496827931706, "p90": 0.18943728370471113, "p99": 0.8024347468338761, "max": 0.9360685076394901}, "WF_identity_max_error_eV": 8.881784197001252e-16, "WF_variance_components_eV2": {"EF": 0.004461191363357799, "vacuum": 0.010095541470561971, "covariance_contribution": 0.009350048154830775}, "WF_centered_squared_error_share_largest_10_percent": 0.8679782640841295, "independent_single_anchor_EF_vac_WF_RMSE_eV": [0.09445836504362964, 0.14209533046910422, 0.21866312441173316], "relative_error_scope": "One whole-split offset for RMSE_rel; no fitted offset is applied to predictions. Single-anchor expectation assumes independent configurations.", "spectral_minus_measured_vacuum_RMSE_eV": 0.018893168071070512, "spectral_minus_measured_vacuum_bias_eV": -0.012520879424160507, "spectral_minus_measured_vacuum_relative_RMSE_eV": 0.014148476179693427, "WF_squared_error_share_largest_10_percent": 0.865594020025971, "largest_WF_errors": [{"index": 174, "atoms": 184, "composition": [64, 90, 30], "charge": -0.0, "weight": 1.0, "ef": -0.46003209804145195, "vac": 0.47603640959803784, "wf": 0.9360685076394901, "vacuum_reference_gap": -0.019617781846668514, "force_rmse": 0.12009551222586846, "potential_error_power_eV2": 0.22673390601113733, "gaussian_lowpass_error_power_eV2": 0.21266428540862647, "planar_error_power_eV2": 0.22416382795528567}, {"index": 249, "atoms": 181, "composition": [61, 90, 30], "charge": -0.0, "weight": 1.0, "ef": -0.4038059422037572, "vac": 0.4810681368929721, "wf": 0.88487407909673, "vacuum_reference_gap": -0.023634629053334244, "force_rmse": 0.0516971492223908, "potential_error_power_eV2": 0.16715903416073108, "gaussian_lowpass_error_power_eV2": 0.1547452299162288, "planar_error_power_eV2": 0.1654954623069381}, {"index": 247, "atoms": 181, "composition": [61, 90, 30], "charge": -0.0, "weight": 1.0, "ef": -0.3738349791359943, "vac": 0.4637202329198997, "wf": 0.8375552120558942, "vacuum_reference_gap": -0.029866708888463656, "force_rmse": 0.056218568110368926, "potential_error_power_eV2": 0.14650346379775256, "gaussian_lowpass_error_power_eV2": 0.1367537595751415, "planar_error_power_eV2": 0.14534912282416093}, {"index": 213, "atoms": 186, "composition": [66, 90, 30], "charge": -0.0, "weight": 1.0, "ef": 0.24154713556157914, "vac": -0.5948778048207908, "wf": -0.8364249403823698, "vacuum_reference_gap": -0.013998135067152528, "force_rmse": 0.07608590980374999, "potential_error_power_eV2": 0.12590391886722224, "gaussian_lowpass_error_power_eV2": 0.11705886538975235, "planar_error_power_eV2": 0.1245475978868675}, {"index": 193, "atoms": 186, "composition": [66, 90, 30], "charge": -0.0, "weight": 1.0, "ef": 0.20941119467297242, "vac": -0.5137131005477558, "wf": -0.7231242952207282, "vacuum_reference_gap": -0.028958271338110908, "force_rmse": 0.05856656545249221, "potential_error_power_eV2": 0.08844305321941089, "gaussian_lowpass_error_power_eV2": 0.08174373255091119, "planar_error_power_eV2": 0.0875548452300725}, {"index": 131, "atoms": 181, "composition": [61, 90, 30], "charge": -0.0, "weight": 1.0, "ef": -0.21934781777150764, "vac": 0.35197380657691646, "wf": 0.5713216243484247, "vacuum_reference_gap": -0.020395759261505386, "force_rmse": 0.04457073391842164, "potential_error_power_eV2": 0.053019485668322534, "gaussian_lowpass_error_power_eV2": 0.04879751923873654, "planar_error_power_eV2": 0.0521257166006562}, {"index": 143, "atoms": 185, "composition": [65, 90, 30], "charge": -0.0, "weight": 1.0, "ef": 0.21555253707820266, "vac": -0.2989969429652559, "wf": -0.5145494800434585, "vacuum_reference_gap": -0.018373189317302252, "force_rmse": 0.042038565837565586, "potential_error_power_eV2": 0.04586165967941114, "gaussian_lowpass_error_power_eV2": 0.0423740957234075, "planar_error_power_eV2": 0.04493364681280811}, {"index": 134, "atoms": 180, "composition": [60, 90, 30], "charge": -0.0, "weight": 1.0, "ef": -0.20268957609950022, "vac": 0.2999861859958468, "wf": 0.5026757620953477, "vacuum_reference_gap": -0.0410481167446779, "force_rmse": 0.06115091118858931, "potential_error_power_eV2": 0.08128339111248122, "gaussian_lowpass_error_power_eV2": 0.07399020380784167, "planar_error_power_eV2": 0.07804848489112118}], "composition_cohorts": [{"element_counts": "(64, 90, 30)", "graphs": 1, "wf_rmse_eV": 0.9360685076394901}, {"element_counts": "(60, 90, 30)", "graphs": 1, "wf_rmse_eV": 0.5026757620953477}, {"element_counts": "(61, 90, 30)", "graphs": 10, "wf_rmse_eV": 0.4632038556826375}, {"element_counts": "(19, 57, 24)", "graphs": 1, "wf_rmse_eV": 0.4419241209824083}, {"element_counts": "(19, 69, 30)", "graphs": 1, "wf_rmse_eV": 0.43410423897410055}, {"element_counts": "(31, 112, 48)", "graphs": 1, "wf_rmse_eV": 0.4160561257747508}, {"element_counts": "(20, 44, 18)", "graphs": 1, "wf_rmse_eV": 0.3847875605931126}, {"element_counts": "(66, 90, 30)", "graphs": 10, "wf_rmse_eV": 0.37942278413134745}, {"element_counts": "(41, 135, 60)", "graphs": 1, "wf_rmse_eV": 0.37591218096442436}, {"element_counts": "(23, 128, 60)", "graphs": 1, "wf_rmse_eV": 0.32141770061151576}, {"element_counts": "(65, 90, 30)", "graphs": 10, "wf_rmse_eV": 0.2681216732380537}, {"element_counts": "(17, 68, 30)", "graphs": 2, "wf_rmse_eV": 0.24244145254657035}], "scope": "Full supplied split; diagnostic only, no reference-dependent correction is installed.", "atomic_numbers": [1, 8, 77]}
2026-10-08 16:10:49.991 INFO: Epoch 105: loss=3.0167, RMSE_E_per_atom=8.2261 meV, RMSE_F=42.2167 meV/A, RMSE_dip_per_atom=0.3287 meA, RMSE_rho=0.0487 me/A^3, RMSE_EF(abs/rel)=66.8217/66.7922 meV, RMSE_ESP=79.1165 mV, RMSE_ESPvac(abs/rel)=100.8672/100.4766 mV, RMSE_WF(abs/rel)=154.7712/154.6182 meV
2026-10-08 16:10:49.991 INFO: 50-step electronic residual maximum: 2.8282e-05
2026-10-08 16:10:49.996 INFO: Optimizer epoch 105: lr=[0.001, 0.001, 0.001, 0.001, 0.001, 0.001, 0.001, 0.001, 0.001], mean gradient norm=38.89, clipped=173/174
2026-10-08 16:10:49.997 INFO: Epoch timing: train=105.418s, validation=44.312s, updates=174, train/update=0.60585s, peak allocated=6781.7 MiB, backbone=CuEq
2026-10-08 16:10:49.997 INFO: Optimization budget: graphs=1385/1385, updates=174, mean retained gradient=0.33805, min retained gradient=0.057859
2026-10-08 16:10:49.997 INFO: Optimizer time scales {"updates_per_epoch": 174, "groups": [{"name": "embedding", "lr": 0.001, "parameter_update_range": [18444.0, 18444.0], "moment_memory_epochs": [0.057471264367816105, 5.747126436781604], "AdamW_decay_only_retention_per_epoch": 1.0}, {"name": "interactions_decay", "lr": 0.001, "parameter_update_range": [18444.0, 18444.0], "moment_memory_epochs": [0.057471264367816105, 5.747126436781604], "AdamW_decay_only_retention_per_epoch": 0.9998260150501321}, {"name": "interactions_no_decay", "lr": 0.001, "parameter_update_range": [18444.0, 18444.0], "moment_memory_epochs": [0.057471264367816105, 5.747126436781604], "AdamW_decay_only_retention_per_epoch": 1.0}, {"name": "products", "lr": 0.001, "parameter_update_range": [18444.0, 18444.0], "moment_memory_epochs": [0.057471264367816105, 5.747126436781604], "AdamW_decay_only_retention_per_epoch": 0.9998260150501321}, {"name": "readouts", "lr": 0.001, "parameter_update_range": [18444.0, 18444.0], "moment_memory_epochs": [0.057471264367816105, 5.747126436781604], "AdamW_decay_only_retention_per_epoch": 1.0}, {"name": "lr_source_maps", "lr": 0.001, "parameter_update_range": [18444.0, 18444.0], "moment_memory_epochs": [0.057471264367816105, 5.747126436781604], "AdamW_decay_only_retention_per_epoch": 1.0}, {"name": "field_dependent_charges_map", "lr": 0.001, "parameter_update_range": [18444.0, 18444.0], "moment_memory_epochs": [0.057471264367816105, 5.747126436781604], "AdamW_decay_only_retention_per_epoch": 0.9982615042374526}, {"name": "electronic_references", "lr": 0.001, "parameter_update_range": [18444.0, 18444.0], "moment_memory_epochs": [0.057471264367816105, 5.747126436781604], "AdamW_decay_only_retention_per_epoch": 1.0}, {"name": "layer_feature_mixer", "lr": 0.001, "parameter_update_range": [18444.0, 18444.0], "moment_memory_epochs": [0.057471264367816105, 5.747126436781604], "AdamW_decay_only_retention_per_epoch": 0.9998260150501321}], "EMA_asymptotic_memory_epochs": 0.5747126436781604}
2026-10-08 16:10:49.997 INFO: Batching: optimizer graphs=8, device graphs<=8; one clipping/Adam/EMA update per optimizer batch
2026-10-08 16:10:49.997 INFO: 50-step finite-budget validation residual 2.8282e-05 exceeds equilibrium tolerance 1e-06; metrics describe the exported finite trajectory, not a converged root
